method,scenario,seed,row_index,station_id,date,y_true,y_pred,evaluation_mask,source_file
KNN,10pct,deterministic,17,17704,2021-02-27,0.0,0.0400000017718412,1,"C:\Users\yasemin.bozkurt\Desktop\article\DLPIF-repo-update\src\baseline_results.pkl::all_scenarios[(""knn"", ""10pct"")]"
KNN,10pct,deterministic,21,17704,2021-02-28,0.0,0.0400000017718412,1,"C:\Users\yasemin.bozkurt\Desktop\article\DLPIF-repo-update\src\baseline_results.pkl::all_scenarios[(""knn"", ""10pct"")]"
KNN,10pct,deterministic,22,17748,2021-02-28,0.20000000470317902,0.0,1,"C:\Users\yasemin.bozkurt\Desktop\article\DLPIF-repo-update\src\baseline_results.pkl::all_scenarios[(""knn"", ""10pct"")]"
KNN,10pct,deterministic,30,17748,2021-03-02,0.0,3.840000037103892,1,"C:\Users\yasemin.bozkurt\Desktop\article\DLPIF-repo-update\src\baseline_results.pkl::all_scenarios[(""knn"", ""10pct"")]"
KNN,10pct,deterministic,45,17704,2021-03-06,0.0,0.0,1,"C:\Users\yasemin.bozkurt\Desktop\article\DLPIF-repo-update\src\baseline_results.pkl::all_scenarios[(""knn"", ""10pct"")]"
KNN,10pct,deterministic,76,17155,2021-03-14,0.0,0.0,1,"C:\Users\yasemin.bozkurt\Desktop\article\DLPIF-repo-update\src\baseline_results.pkl::all_scenarios[(""knn"", ""10pct"")]"
KNN,10pct,deterministic,78,17748,2021-03-14,0.0,0.1200000094715506,1,"C:\Users\yasemin.bozkurt\Desktop\article\DLPIF-repo-update\src\baseline_results.pkl::all_scenarios[(""knn"", ""10pct"")]"
KNN,10pct,deterministic,96,17155,2021-03-19,3.4000000633299354,4.560000260174275,1,"C:\Users\yasemin.bozkurt\Desktop\article\DLPIF-repo-update\src\baseline_results.pkl::all_scenarios[(""knn"", ""10pct"")]"
KNN,10pct,deterministic,98,17748,2021-03-19,1.8000000257045032,5.080000229179859,1,"C:\Users\yasemin.bozkurt\Desktop\article\DLPIF-repo-update\src\baseline_results.pkl::all_scenarios[(""knn"", ""10pct"")]"
KNN,10pct,deterministic,104,17155,2021-03-21,14.000000229477884,2.8400000967085366,1,"C:\Users\yasemin.bozkurt\Desktop\article\DLPIF-repo-update\src\baseline_results.pkl::all_scenarios[(""knn"", ""10pct"")]"
KNN,10pct,deterministic,117,17704,2021-03-24,1.0000000068917871,0.6800000259652734,1,"C:\Users\yasemin.bozkurt\Desktop\article\DLPIF-repo-update\src\baseline_results.pkl::all_scenarios[(""knn"", ""10pct"")]"
KNN,10pct,deterministic,118,17748,2021-03-24,7.000000114738942,2.3200001277029516,1,"C:\Users\yasemin.bozkurt\Desktop\article\DLPIF-repo-update\src\baseline_results.pkl::all_scenarios[(""knn"", ""10pct"")]"
KNN,10pct,deterministic,119,17750,2021-03-24,8.800000007450581,4.4400000013411045,1,"C:\Users\yasemin.bozkurt\Desktop\article\DLPIF-repo-update\src\baseline_results.pkl::all_scenarios[(""knn"", ""10pct"")]"
KNN,10pct,deterministic,121,17704,2021-03-25,1.0000000068917871,0.0,1,"C:\Users\yasemin.bozkurt\Desktop\article\DLPIF-repo-update\src\baseline_results.pkl::all_scenarios[(""knn"", ""10pct"")]"
KNN,10pct,deterministic,140,17155,2021-03-30,4.000000027567149,1.0800000686198474,1,"C:\Users\yasemin.bozkurt\Desktop\article\DLPIF-repo-update\src\baseline_results.pkl::all_scenarios[(""knn"", ""10pct"")]"
KNN,10pct,deterministic,147,17750,2021-03-31,0.0,2.2800001300871373,1,"C:\Users\yasemin.bozkurt\Desktop\article\DLPIF-repo-update\src\baseline_results.pkl::all_scenarios[(""knn"", ""10pct"")]"
KNN,10pct,deterministic,149,17704,2021-04-01,1.20000006146729,6.700000132620335,1,"C:\Users\yasemin.bozkurt\Desktop\article\DLPIF-repo-update\src\baseline_results.pkl::all_scenarios[(""knn"", ""10pct"")]"
KNN,10pct,deterministic,160,17155,2021-04-04,0.0,1.6800000328570606,1,"C:\Users\yasemin.bozkurt\Desktop\article\DLPIF-repo-update\src\baseline_results.pkl::all_scenarios[(""knn"", ""10pct"")]"
KNN,10pct,deterministic,168,17155,2021-04-06,19.800000947713855,0.0,1,"C:\Users\yasemin.bozkurt\Desktop\article\DLPIF-repo-update\src\baseline_results.pkl::all_scenarios[(""knn"", ""10pct"")]"
KNN,10pct,deterministic,188,17155,2021-04-11,0.0,0.2800000165589154,1,"C:\Users\yasemin.bozkurt\Desktop\article\DLPIF-repo-update\src\baseline_results.pkl::all_scenarios[(""knn"", ""10pct"")]"
KNN,10pct,deterministic,202,17748,2021-04-14,0.0,0.7200000235810876,1,"C:\Users\yasemin.bozkurt\Desktop\article\DLPIF-repo-update\src\baseline_results.pkl::all_scenarios[(""knn"", ""10pct"")]"
KNN,10pct,deterministic,211,17750,2021-04-16,0.0,3.4800000585615636,1,"C:\Users\yasemin.bozkurt\Desktop\article\DLPIF-repo-update\src\baseline_results.pkl::all_scenarios[(""knn"", ""10pct"")]"
KNN,10pct,deterministic,217,17704,2021-04-18,0.40000000940635805,0.8000000188127161,1,"C:\Users\yasemin.bozkurt\Desktop\article\DLPIF-repo-update\src\baseline_results.pkl::all_scenarios[(""knn"", ""10pct"")]"
KNN,10pct,deterministic,229,17704,2021-04-21,10.800000420212747,1.2400000590831042,1,"C:\Users\yasemin.bozkurt\Desktop\article\DLPIF-repo-update\src\baseline_results.pkl::all_scenarios[(""knn"", ""10pct"")]"
KNN,10pct,deterministic,242,17748,2021-04-24,0.0,8.600000551342966,1,"C:\Users\yasemin.bozkurt\Desktop\article\DLPIF-repo-update\src\baseline_results.pkl::all_scenarios[(""knn"", ""10pct"")]"
KNN,10pct,deterministic,243,17750,2021-04-24,0.0,0.0,1,"C:\Users\yasemin.bozkurt\Desktop\article\DLPIF-repo-update\src\baseline_results.pkl::all_scenarios[(""knn"", ""10pct"")]"
KNN,10pct,deterministic,250,17748,2021-04-26,0.40000000940635805,10.64000042974949,1,"C:\Users\yasemin.bozkurt\Desktop\article\DLPIF-repo-update\src\baseline_results.pkl::all_scenarios[(""knn"", ""10pct"")]"
KNN,10pct,deterministic,264,17155,2021-04-30,0.0,0.0,1,"C:\Users\yasemin.bozkurt\Desktop\article\DLPIF-repo-update\src\baseline_results.pkl::all_scenarios[(""knn"", ""10pct"")]"
KNN,10pct,deterministic,275,17750,2021-05-02,0.0,0.0800000035436824,1,"C:\Users\yasemin.bozkurt\Desktop\article\DLPIF-repo-update\src\baseline_results.pkl::all_scenarios[(""knn"", ""10pct"")]"
KNN,10pct,deterministic,282,17748,2021-05-04,0.0,2.0800001420080663,1,"C:\Users\yasemin.bozkurt\Desktop\article\DLPIF-repo-update\src\baseline_results.pkl::all_scenarios[(""knn"", ""10pct"")]"
KNN,10pct,deterministic,301,17704,2021-05-09,0.600000030733645,0.0,1,"C:\Users\yasemin.bozkurt\Desktop\article\DLPIF-repo-update\src\baseline_results.pkl::all_scenarios[(""knn"", ""10pct"")]"
KNN,10pct,deterministic,302,17748,2021-05-09,0.40000000940635805,0.0800000035436824,1,"C:\Users\yasemin.bozkurt\Desktop\article\DLPIF-repo-update\src\baseline_results.pkl::all_scenarios[(""knn"", ""10pct"")]"
KNN,10pct,deterministic,304,17155,2021-05-10,0.0,0.0,1,"C:\Users\yasemin.bozkurt\Desktop\article\DLPIF-repo-update\src\baseline_results.pkl::all_scenarios[(""knn"", ""10pct"")]"
KNN,10pct,deterministic,311,17750,2021-05-11,0.0,0.0,1,"C:\Users\yasemin.bozkurt\Desktop\article\DLPIF-repo-update\src\baseline_results.pkl::all_scenarios[(""knn"", ""10pct"")]"
KNN,10pct,deterministic,316,17155,2021-05-13,0.0,0.0,1,"C:\Users\yasemin.bozkurt\Desktop\article\DLPIF-repo-update\src\baseline_results.pkl::all_scenarios[(""knn"", ""10pct"")]"
KNN,10pct,deterministic,326,17748,2021-05-15,0.0,1.4400000471621752,1,"C:\Users\yasemin.bozkurt\Desktop\article\DLPIF-repo-update\src\baseline_results.pkl::all_scenarios[(""knn"", ""10pct"")]"
KNN,10pct,deterministic,331,17750,2021-05-16,0.0,0.0,1,"C:\Users\yasemin.bozkurt\Desktop\article\DLPIF-repo-update\src\baseline_results.pkl::all_scenarios[(""knn"", ""10pct"")]"
KNN,10pct,deterministic,335,17750,2021-05-17,0.0,0.0,1,"C:\Users\yasemin.bozkurt\Desktop\article\DLPIF-repo-update\src\baseline_results.pkl::all_scenarios[(""knn"", ""10pct"")]"
KNN,10pct,deterministic,354,17748,2021-05-22,2.8000000990927223,3.9600000299513343,1,"C:\Users\yasemin.bozkurt\Desktop\article\DLPIF-repo-update\src\baseline_results.pkl::all_scenarios[(""knn"", ""10pct"")]"
KNN,10pct,deterministic,378,17748,2021-05-28,0.0,0.7600000211969019,1,"C:\Users\yasemin.bozkurt\Desktop\article\DLPIF-repo-update\src\baseline_results.pkl::all_scenarios[(""knn"", ""10pct"")]"
KNN,10pct,deterministic,379,17750,2021-05-28,0.0,0.0,1,"C:\Users\yasemin.bozkurt\Desktop\article\DLPIF-repo-update\src\baseline_results.pkl::all_scenarios[(""knn"", ""10pct"")]"
KNN,10pct,deterministic,409,17704,2021-06-05,0.0,0.5600000331178308,1,"C:\Users\yasemin.bozkurt\Desktop\article\DLPIF-repo-update\src\baseline_results.pkl::all_scenarios[(""knn"", ""10pct"")]"
KNN,10pct,deterministic,418,17748,2021-06-07,0.0,0.0,1,"C:\Users\yasemin.bozkurt\Desktop\article\DLPIF-repo-update\src\baseline_results.pkl::all_scenarios[(""knn"", ""10pct"")]"
KNN,10pct,deterministic,439,17750,2021-06-12,0.600000030733645,1.3200000543147328,1,"C:\Users\yasemin.bozkurt\Desktop\article\DLPIF-repo-update\src\baseline_results.pkl::all_scenarios[(""knn"", ""10pct"")]"
KNN,10pct,deterministic,446,17748,2021-06-14,4.400000003725291,8.12000004798174,1,"C:\Users\yasemin.bozkurt\Desktop\article\DLPIF-repo-update\src\baseline_results.pkl::all_scenarios[(""knn"", ""10pct"")]"
KNN,10pct,deterministic,449,17704,2021-06-15,0.600000030733645,2.40000012293458,1,"C:\Users\yasemin.bozkurt\Desktop\article\DLPIF-repo-update\src\baseline_results.pkl::all_scenarios[(""knn"", ""10pct"")]"
KNN,10pct,deterministic,454,17748,2021-06-16,0.8000000188127161,7.120000107586384,1,"C:\Users\yasemin.bozkurt\Desktop\article\DLPIF-repo-update\src\baseline_results.pkl::all_scenarios[(""knn"", ""10pct"")]"
KNN,10pct,deterministic,456,17155,2021-06-17,0.20000000470317902,1.560000040009618,1,"C:\Users\yasemin.bozkurt\Desktop\article\DLPIF-repo-update\src\baseline_results.pkl::all_scenarios[(""knn"", ""10pct"")]"
KNN,10pct,deterministic,458,17748,2021-06-17,0.600000030733645,23.08000075221062,1,"C:\Users\yasemin.bozkurt\Desktop\article\DLPIF-repo-update\src\baseline_results.pkl::all_scenarios[(""knn"", ""10pct"")]"
KNN,10pct,deterministic,467,17750,2021-06-19,0.20000000470317902,0.0,1,"C:\Users\yasemin.bozkurt\Desktop\article\DLPIF-repo-update\src\baseline_results.pkl::all_scenarios[(""knn"", ""10pct"")]"
KNN,10pct,deterministic,472,17155,2021-06-21,8.800000007450581,7.7200000718235975,1,"C:\Users\yasemin.bozkurt\Desktop\article\DLPIF-repo-update\src\baseline_results.pkl::all_scenarios[(""knn"", ""10pct"")]"
KNN,10pct,deterministic,496,17155,2021-06-27,0.0,0.0800000035436824,1,"C:\Users\yasemin.bozkurt\Desktop\article\DLPIF-repo-update\src\baseline_results.pkl::all_scenarios[(""knn"", ""10pct"")]"
KNN,10pct,deterministic,500,17155,2021-06-28,0.0,0.0400000017718412,1,"C:\Users\yasemin.bozkurt\Desktop\article\DLPIF-repo-update\src\baseline_results.pkl::all_scenarios[(""knn"", ""10pct"")]"
KNN,10pct,deterministic,502,17748,2021-06-28,0.0,0.0,1,"C:\Users\yasemin.bozkurt\Desktop\article\DLPIF-repo-update\src\baseline_results.pkl::all_scenarios[(""knn"", ""10pct"")]"
KNN,10pct,deterministic,514,17748,2021-07-01,0.0,0.0,1,"C:\Users\yasemin.bozkurt\Desktop\article\DLPIF-repo-update\src\baseline_results.pkl::all_scenarios[(""knn"", ""10pct"")]"
KNN,10pct,deterministic,525,17704,2021-07-04,0.20000000470317902,0.0,1,"C:\Users\yasemin.bozkurt\Desktop\article\DLPIF-repo-update\src\baseline_results.pkl::all_scenarios[(""knn"", ""10pct"")]"
KNN,10pct,deterministic,536,17155,2021-07-07,0.20000000470317902,1.000000073388219,1,"C:\Users\yasemin.bozkurt\Desktop\article\DLPIF-repo-update\src\baseline_results.pkl::all_scenarios[(""knn"", ""10pct"")]"
KNN,10pct,deterministic,539,17750,2021-07-07,0.0,0.5200000022538007,1,"C:\Users\yasemin.bozkurt\Desktop\article\DLPIF-repo-update\src\baseline_results.pkl::all_scenarios[(""knn"", ""10pct"")]"
KNN,10pct,deterministic,541,17704,2021-07-08,0.20000000470317902,0.4800000378862024,1,"C:\Users\yasemin.bozkurt\Desktop\article\DLPIF-repo-update\src\baseline_results.pkl::all_scenarios[(""knn"", ""10pct"")]"
KNN,10pct,deterministic,545,17704,2021-07-09,0.0,0.0,1,"C:\Users\yasemin.bozkurt\Desktop\article\DLPIF-repo-update\src\baseline_results.pkl::all_scenarios[(""knn"", ""10pct"")]"
KNN,10pct,deterministic,556,17155,2021-07-12,0.0,0.44000000702217223,1,"C:\Users\yasemin.bozkurt\Desktop\article\DLPIF-repo-update\src\baseline_results.pkl::all_scenarios[(""knn"", ""10pct"")]"
KNN,10pct,deterministic,563,17750,2021-07-13,0.0,0.0,1,"C:\Users\yasemin.bozkurt\Desktop\article\DLPIF-repo-update\src\baseline_results.pkl::all_scenarios[(""knn"", ""10pct"")]"
KNN,10pct,deterministic,566,17748,2021-07-14,0.0,0.0,1,"C:\Users\yasemin.bozkurt\Desktop\article\DLPIF-repo-update\src\baseline_results.pkl::all_scenarios[(""knn"", ""10pct"")]"
KNN,10pct,deterministic,571,17750,2021-07-15,0.0,0.0,1,"C:\Users\yasemin.bozkurt\Desktop\article\DLPIF-repo-update\src\baseline_results.pkl::all_scenarios[(""knn"", ""10pct"")]"
KNN,10pct,deterministic,575,17750,2021-07-16,0.0,0.0,1,"C:\Users\yasemin.bozkurt\Desktop\article\DLPIF-repo-update\src\baseline_results.pkl::all_scenarios[(""knn"", ""10pct"")]"
KNN,10pct,deterministic,588,17155,2021-07-20,0.0,0.0,1,"C:\Users\yasemin.bozkurt\Desktop\article\DLPIF-repo-update\src\baseline_results.pkl::all_scenarios[(""knn"", ""10pct"")]"
KNN,10pct,deterministic,621,17704,2021-07-28,0.0,0.0,1,"C:\Users\yasemin.bozkurt\Desktop\article\DLPIF-repo-update\src\baseline_results.pkl::all_scenarios[(""knn"", ""10pct"")]"
KNN,10pct,deterministic,623,17750,2021-07-28,0.0,0.0,1,"C:\Users\yasemin.bozkurt\Desktop\article\DLPIF-repo-update\src\baseline_results.pkl::all_scenarios[(""knn"", ""10pct"")]"
KNN,10pct,deterministic,625,17704,2021-07-29,0.0,0.0,1,"C:\Users\yasemin.bozkurt\Desktop\article\DLPIF-repo-update\src\baseline_results.pkl::all_scenarios[(""knn"", ""10pct"")]"
KNN,10pct,deterministic,632,17155,2021-07-31,0.0,0.0,1,"C:\Users\yasemin.bozkurt\Desktop\article\DLPIF-repo-update\src\baseline_results.pkl::all_scenarios[(""knn"", ""10pct"")]"
KNN,10pct,deterministic,634,17748,2021-07-31,0.0,0.0,1,"C:\Users\yasemin.bozkurt\Desktop\article\DLPIF-repo-update\src\baseline_results.pkl::all_scenarios[(""knn"", ""10pct"")]"
KNN,10pct,deterministic,639,17750,2021-08-01,0.0,0.0,1,"C:\Users\yasemin.bozkurt\Desktop\article\DLPIF-repo-update\src\baseline_results.pkl::all_scenarios[(""knn"", ""10pct"")]"
KNN,10pct,deterministic,646,17748,2021-08-03,0.0,0.0,1,"C:\Users\yasemin.bozkurt\Desktop\article\DLPIF-repo-update\src\baseline_results.pkl::all_scenarios[(""knn"", ""10pct"")]"
KNN,10pct,deterministic,679,17750,2021-08-11,0.0,0.0,1,"C:\Users\yasemin.bozkurt\Desktop\article\DLPIF-repo-update\src\baseline_results.pkl::all_scenarios[(""knn"", ""10pct"")]"
KNN,10pct,deterministic,699,17750,2021-08-16,0.0,0.0,1,"C:\Users\yasemin.bozkurt\Desktop\article\DLPIF-repo-update\src\baseline_results.pkl::all_scenarios[(""knn"", ""10pct"")]"
KNN,10pct,deterministic,731,17750,2021-08-24,0.0,0.0,1,"C:\Users\yasemin.bozkurt\Desktop\article\DLPIF-repo-update\src\baseline_results.pkl::all_scenarios[(""knn"", ""10pct"")]"
KNN,10pct,deterministic,753,17704,2021-08-30,0.0,0.0,1,"C:\Users\yasemin.bozkurt\Desktop\article\DLPIF-repo-update\src\baseline_results.pkl::all_scenarios[(""knn"", ""10pct"")]"
KNN,10pct,deterministic,756,17155,2021-08-31,0.0,0.0400000017718412,1,"C:\Users\yasemin.bozkurt\Desktop\article\DLPIF-repo-update\src\baseline_results.pkl::all_scenarios[(""knn"", ""10pct"")]"
KNN,10pct,deterministic,774,17748,2021-09-04,0.0,0.0,1,"C:\Users\yasemin.bozkurt\Desktop\article\DLPIF-repo-update\src\baseline_results.pkl::all_scenarios[(""knn"", ""10pct"")]"
KNN,10pct,deterministic,787,17750,2021-09-07,0.0,0.0,1,"C:\Users\yasemin.bozkurt\Desktop\article\DLPIF-repo-update\src\baseline_results.pkl::all_scenarios[(""knn"", ""10pct"")]"
KNN,10pct,deterministic,793,17704,2021-09-09,0.0,0.0400000017718412,1,"C:\Users\yasemin.bozkurt\Desktop\article\DLPIF-repo-update\src\baseline_results.pkl::all_scenarios[(""knn"", ""10pct"")]"
KNN,10pct,deterministic,808,17155,2021-09-13,0.0,0.0,1,"C:\Users\yasemin.bozkurt\Desktop\article\DLPIF-repo-update\src\baseline_results.pkl::all_scenarios[(""knn"", ""10pct"")]"
KNN,10pct,deterministic,833,17704,2021-09-19,0.0,0.0400000017718412,1,"C:\Users\yasemin.bozkurt\Desktop\article\DLPIF-repo-update\src\baseline_results.pkl::all_scenarios[(""knn"", ""10pct"")]"
KNN,10pct,deterministic,843,17750,2021-09-21,0.20000000470317902,0.2800000165589154,1,"C:\Users\yasemin.bozkurt\Desktop\article\DLPIF-repo-update\src\baseline_results.pkl::all_scenarios[(""knn"", ""10pct"")]"
KNN,10pct,deterministic,850,17748,2021-09-23,1.6000000376254322,8.640000016987324,1,"C:\Users\yasemin.bozkurt\Desktop\article\DLPIF-repo-update\src\baseline_results.pkl::all_scenarios[(""knn"", ""10pct"")]"
KNN,10pct,deterministic,857,17704,2021-09-25,0.0,0.0,1,"C:\Users\yasemin.bozkurt\Desktop\article\DLPIF-repo-update\src\baseline_results.pkl::all_scenarios[(""knn"", ""10pct"")]"
KNN,10pct,deterministic,895,17750,2021-10-04,0.0,0.0,1,"C:\Users\yasemin.bozkurt\Desktop\article\DLPIF-repo-update\src\baseline_results.pkl::all_scenarios[(""knn"", ""10pct"")]"
KNN,10pct,deterministic,902,17748,2021-10-06,0.0,0.0,1,"C:\Users\yasemin.bozkurt\Desktop\article\DLPIF-repo-update\src\baseline_results.pkl::all_scenarios[(""knn"", ""10pct"")]"
KNN,10pct,deterministic,903,17750,2021-10-06,0.0,1.4800000447779895,1,"C:\Users\yasemin.bozkurt\Desktop\article\DLPIF-repo-update\src\baseline_results.pkl::all_scenarios[(""knn"", ""10pct"")]"
KNN,10pct,deterministic,917,17704,2021-10-10,0.0,0.8800000140443445,1,"C:\Users\yasemin.bozkurt\Desktop\article\DLPIF-repo-update\src\baseline_results.pkl::all_scenarios[(""knn"", ""10pct"")]"
KNN,10pct,deterministic,930,17748,2021-10-13,18.60000101923943,4.240000279247761,1,"C:\Users\yasemin.bozkurt\Desktop\article\DLPIF-repo-update\src\baseline_results.pkl::all_scenarios[(""knn"", ""10pct"")]"
KNN,10pct,deterministic,937,17704,2021-10-15,0.0,0.9200000116601588,1,"C:\Users\yasemin.bozkurt\Desktop\article\DLPIF-repo-update\src\baseline_results.pkl::all_scenarios[(""knn"", ""10pct"")]"
KNN,10pct,deterministic,943,17750,2021-10-16,3.8000000394880775,2.3200001277029516,1,"C:\Users\yasemin.bozkurt\Desktop\article\DLPIF-repo-update\src\baseline_results.pkl::all_scenarios[(""knn"", ""10pct"")]"
KNN,10pct,deterministic,947,17750,2021-10-17,10.000000467896463,6.920000119507313,1,"C:\Users\yasemin.bozkurt\Desktop\article\DLPIF-repo-update\src\baseline_results.pkl::all_scenarios[(""knn"", ""10pct"")]"
KNN,10pct,deterministic,950,17748,2021-10-18,0.600000030733645,4.4400000013411045,1,"C:\Users\yasemin.bozkurt\Desktop\article\DLPIF-repo-update\src\baseline_results.pkl::all_scenarios[(""knn"", ""10pct"")]"
KNN,10pct,deterministic,951,17750,2021-10-18,0.8000000188127161,0.5200000022538007,1,"C:\Users\yasemin.bozkurt\Desktop\article\DLPIF-repo-update\src\baseline_results.pkl::all_scenarios[(""knn"", ""10pct"")]"
KNN,10pct,deterministic,959,17750,2021-10-20,0.0,2.8000000990927223,1,"C:\Users\yasemin.bozkurt\Desktop\article\DLPIF-repo-update\src\baseline_results.pkl::all_scenarios[(""knn"", ""10pct"")]"
KNN,10pct,deterministic,1002,17748,2021-10-31,0.20000000470317902,0.4800000046379865,1,"C:\Users\yasemin.bozkurt\Desktop\article\DLPIF-repo-update\src\baseline_results.pkl::all_scenarios[(""knn"", ""10pct"")]"
KNN,10pct,deterministic,1015,17750,2021-11-03,10.000000467896463,4.480000264942646,1,"C:\Users\yasemin.bozkurt\Desktop\article\DLPIF-repo-update\src\baseline_results.pkl::all_scenarios[(""knn"", ""10pct"")]"
KNN,10pct,deterministic,1016,17155,2021-11-04,0.0,0.3600000117905438,1,"C:\Users\yasemin.bozkurt\Desktop\article\DLPIF-repo-update\src\baseline_results.pkl::all_scenarios[(""knn"", ""10pct"")]"
KNN,10pct,deterministic,1034,17748,2021-11-08,0.0,0.0,1,"C:\Users\yasemin.bozkurt\Desktop\article\DLPIF-repo-update\src\baseline_results.pkl::all_scenarios[(""knn"", ""10pct"")]"
KNN,10pct,deterministic,1056,17155,2021-11-14,0.0,0.0,1,"C:\Users\yasemin.bozkurt\Desktop\article\DLPIF-repo-update\src\baseline_results.pkl::all_scenarios[(""knn"", ""10pct"")]"
KNN,10pct,deterministic,1072,17155,2021-11-18,0.0,0.0400000017718412,1,"C:\Users\yasemin.bozkurt\Desktop\article\DLPIF-repo-update\src\baseline_results.pkl::all_scenarios[(""knn"", ""10pct"")]"
KNN,10pct,deterministic,1074,17748,2021-11-18,0.20000000470317902,0.0400000017718412,1,"C:\Users\yasemin.bozkurt\Desktop\article\DLPIF-repo-update\src\baseline_results.pkl::all_scenarios[(""knn"", ""10pct"")]"
KNN,10pct,deterministic,1077,17704,2021-11-19,0.20000000470317902,1.6800000328570606,1,"C:\Users\yasemin.bozkurt\Desktop\article\DLPIF-repo-update\src\baseline_results.pkl::all_scenarios[(""knn"", ""10pct"")]"
KNN,10pct,deterministic,1096,17155,2021-11-24,10.200000455975534,1.6800000328570606,1,"C:\Users\yasemin.bozkurt\Desktop\article\DLPIF-repo-update\src\baseline_results.pkl::all_scenarios[(""knn"", ""10pct"")]"
KNN,10pct,deterministic,1106,17748,2021-11-26,0.0,1.8000000257045032,1,"C:\Users\yasemin.bozkurt\Desktop\article\DLPIF-repo-update\src\baseline_results.pkl::all_scenarios[(""knn"", ""10pct"")]"
KNN,10pct,deterministic,1107,17750,2021-11-26,0.0,0.0800000035436824,1,"C:\Users\yasemin.bozkurt\Desktop\article\DLPIF-repo-update\src\baseline_results.pkl::all_scenarios[(""knn"", ""10pct"")]"
KNN,10pct,deterministic,1122,17748,2021-11-30,22.40000079274178,3.6000000514090065,1,"C:\Users\yasemin.bozkurt\Desktop\article\DLPIF-repo-update\src\baseline_results.pkl::all_scenarios[(""knn"", ""10pct"")]"
KNN,10pct,deterministic,1132,17155,2021-12-03,0.20000000470317902,2.080000009015203,1,"C:\Users\yasemin.bozkurt\Desktop\article\DLPIF-repo-update\src\baseline_results.pkl::all_scenarios[(""knn"", ""10pct"")]"
KNN,10pct,deterministic,1161,17704,2021-12-10,0.0,0.0400000017718412,1,"C:\Users\yasemin.bozkurt\Desktop\article\DLPIF-repo-update\src\baseline_results.pkl::all_scenarios[(""knn"", ""10pct"")]"
KNN,10pct,deterministic,1174,17748,2021-12-13,7.600000078976155,14.64000019133091,1,"C:\Users\yasemin.bozkurt\Desktop\article\DLPIF-repo-update\src\baseline_results.pkl::all_scenarios[(""knn"", ""10pct"")]"
KNN,10pct,deterministic,1177,17704,2021-12-14,4.400000003725291,3.0800000824034215,1,"C:\Users\yasemin.bozkurt\Desktop\article\DLPIF-repo-update\src\baseline_results.pkl::all_scenarios[(""knn"", ""10pct"")]"
KNN,10pct,deterministic,1190,17748,2021-12-17,0.20000000470317902,3.120000080019236,1,"C:\Users\yasemin.bozkurt\Desktop\article\DLPIF-repo-update\src\baseline_results.pkl::all_scenarios[(""knn"", ""10pct"")]"
KNN,10pct,deterministic,1191,17750,2021-12-17,0.0,0.0800000035436824,1,"C:\Users\yasemin.bozkurt\Desktop\article\DLPIF-repo-update\src\baseline_results.pkl::all_scenarios[(""knn"", ""10pct"")]"
KNN,10pct,deterministic,1206,17748,2021-12-21,0.20000000470317902,0.5200000355020166,1,"C:\Users\yasemin.bozkurt\Desktop\article\DLPIF-repo-update\src\baseline_results.pkl::all_scenarios[(""knn"", ""10pct"")]"
KNN,10pct,deterministic,1211,17750,2021-12-22,3.4000000633299354,1.5200000423938038,1,"C:\Users\yasemin.bozkurt\Desktop\article\DLPIF-repo-update\src\baseline_results.pkl::all_scenarios[(""knn"", ""10pct"")]"
KNN,10pct,deterministic,1220,17155,2021-12-25,0.0,0.0,1,"C:\Users\yasemin.bozkurt\Desktop\article\DLPIF-repo-update\src\baseline_results.pkl::all_scenarios[(""knn"", ""10pct"")]"
KNN,10pct,deterministic,1224,17155,2021-12-26,0.0,3.2400000728666787,1,"C:\Users\yasemin.bozkurt\Desktop\article\DLPIF-repo-update\src\baseline_results.pkl::all_scenarios[(""knn"", ""10pct"")]"
KNN,10pct,deterministic,1234,17748,2021-12-28,0.0,4.240000279247761,1,"C:\Users\yasemin.bozkurt\Desktop\article\DLPIF-repo-update\src\baseline_results.pkl::all_scenarios[(""knn"", ""10pct"")]"
KNN,10pct,deterministic,1235,17750,2021-12-28,0.0,0.0,1,"C:\Users\yasemin.bozkurt\Desktop\article\DLPIF-repo-update\src\baseline_results.pkl::all_scenarios[(""knn"", ""10pct"")]"
KNN,10pct,deterministic,1258,17748,2022-01-03,0.0,0.0400000017718412,1,"C:\Users\yasemin.bozkurt\Desktop\article\DLPIF-repo-update\src\baseline_results.pkl::all_scenarios[(""knn"", ""10pct"")]"
KNN,10pct,deterministic,1293,17704,2022-01-12,2.2000000018626453,1.4400000471621752,1,"C:\Users\yasemin.bozkurt\Desktop\article\DLPIF-repo-update\src\baseline_results.pkl::all_scenarios[(""knn"", ""10pct"")]"
KNN,10pct,deterministic,1296,17155,2022-01-13,0.20000000470317902,3.0800000824034215,1,"C:\Users\yasemin.bozkurt\Desktop\article\DLPIF-repo-update\src\baseline_results.pkl::all_scenarios[(""knn"", ""10pct"")]"
KNN,10pct,deterministic,1301,17704,2022-01-14,0.0,0.7200000235810876,1,"C:\Users\yasemin.bozkurt\Desktop\article\DLPIF-repo-update\src\baseline_results.pkl::all_scenarios[(""knn"", ""10pct"")]"
KNN,10pct,deterministic,1328,17155,2022-01-21,0.0,0.12000000115949662,1,"C:\Users\yasemin.bozkurt\Desktop\article\DLPIF-repo-update\src\baseline_results.pkl::all_scenarios[(""knn"", ""10pct"")]"
KNN,10pct,deterministic,1332,17155,2022-01-22,12.200000336766244,5.760000188648701,1,"C:\Users\yasemin.bozkurt\Desktop\article\DLPIF-repo-update\src\baseline_results.pkl::all_scenarios[(""knn"", ""10pct"")]"
KNN,10pct,deterministic,1339,17750,2022-01-23,1.4000000495463611,1.0800000686198474,1,"C:\Users\yasemin.bozkurt\Desktop\article\DLPIF-repo-update\src\baseline_results.pkl::all_scenarios[(""knn"", ""10pct"")]"
KNN,10pct,deterministic,1355,17750,2022-01-27,0.0,1.0400000710040331,1,"C:\Users\yasemin.bozkurt\Desktop\article\DLPIF-repo-update\src\baseline_results.pkl::all_scenarios[(""knn"", ""10pct"")]"
KNN,10pct,deterministic,1379,17750,2022-02-02,0.0,6.480000145733357,1,"C:\Users\yasemin.bozkurt\Desktop\article\DLPIF-repo-update\src\baseline_results.pkl::all_scenarios[(""knn"", ""10pct"")]"
KNN,10pct,deterministic,1399,17750,2022-02-07,0.20000000470317902,0.0800000035436824,1,"C:\Users\yasemin.bozkurt\Desktop\article\DLPIF-repo-update\src\baseline_results.pkl::all_scenarios[(""knn"", ""10pct"")]"
KNN,10pct,deterministic,1400,17155,2022-02-08,5.600000198185445,3.4800000585615636,1,"C:\Users\yasemin.bozkurt\Desktop\article\DLPIF-repo-update\src\baseline_results.pkl::all_scenarios[(""knn"", ""10pct"")]"
KNN,10pct,deterministic,1420,17155,2022-02-13,0.0,0.1600000070873648,1,"C:\Users\yasemin.bozkurt\Desktop\article\DLPIF-repo-update\src\baseline_results.pkl::all_scenarios[(""knn"", ""10pct"")]"
KNN,10pct,deterministic,1425,17704,2022-02-14,0.0,1.760000028088689,1,"C:\Users\yasemin.bozkurt\Desktop\article\DLPIF-repo-update\src\baseline_results.pkl::all_scenarios[(""knn"", ""10pct"")]"
KNN,10pct,deterministic,1430,17748,2022-02-15,0.0,1.6400000352412463,1,"C:\Users\yasemin.bozkurt\Desktop\article\DLPIF-repo-update\src\baseline_results.pkl::all_scenarios[(""knn"", ""10pct"")]"
KNN,10pct,deterministic,1438,17748,2022-02-17,0.0,0.8000000188127161,1,"C:\Users\yasemin.bozkurt\Desktop\article\DLPIF-repo-update\src\baseline_results.pkl::all_scenarios[(""knn"", ""10pct"")]"
KNN,10pct,deterministic,1440,17155,2022-02-18,0.0,0.20000000470317902,1,"C:\Users\yasemin.bozkurt\Desktop\article\DLPIF-repo-update\src\baseline_results.pkl::all_scenarios[(""knn"", ""10pct"")]"
KNN,10pct,deterministic,1443,17750,2022-02-18,0.0,0.0800000035436824,1,"C:\Users\yasemin.bozkurt\Desktop\article\DLPIF-repo-update\src\baseline_results.pkl::all_scenarios[(""knn"", ""10pct"")]"
KNN,10pct,deterministic,1454,17748,2022-02-21,0.0,0.0,1,"C:\Users\yasemin.bozkurt\Desktop\article\DLPIF-repo-update\src\baseline_results.pkl::all_scenarios[(""knn"", ""10pct"")]"
KNN,10pct,deterministic,1466,17748,2022-02-24,2.40000012293458,7.36000009328127,1,"C:\Users\yasemin.bozkurt\Desktop\article\DLPIF-repo-update\src\baseline_results.pkl::all_scenarios[(""knn"", ""10pct"")]"
KNN,10pct,deterministic,1467,17750,2022-02-24,3.4000000633299354,8.440000028908253,1,"C:\Users\yasemin.bozkurt\Desktop\article\DLPIF-repo-update\src\baseline_results.pkl::all_scenarios[(""knn"", ""10pct"")]"
KNN,10pct,deterministic,1470,17748,2022-02-25,6.200000162422658,11.640000370144845,1,"C:\Users\yasemin.bozkurt\Desktop\article\DLPIF-repo-update\src\baseline_results.pkl::all_scenarios[(""knn"", ""10pct"")]"
KNN,10pct,deterministic,1474,17748,2022-02-26,0.600000030733645,1.4400000471621752,1,"C:\Users\yasemin.bozkurt\Desktop\article\DLPIF-repo-update\src\baseline_results.pkl::all_scenarios[(""knn"", ""10pct"")]"
KNN,10pct,deterministic,1489,17704,2022-03-02,0.0,3.760000041872263,1,"C:\Users\yasemin.bozkurt\Desktop\article\DLPIF-repo-update\src\baseline_results.pkl::all_scenarios[(""knn"", ""10pct"")]"
KNN,10pct,deterministic,1496,17155,2022-03-04,1.6000000376254322,0.40000000940635805,1,"C:\Users\yasemin.bozkurt\Desktop\article\DLPIF-repo-update\src\baseline_results.pkl::all_scenarios[(""knn"", ""10pct"")]"
KNN,10pct,deterministic,1502,17748,2022-03-05,0.40000000940635805,2.000000146776438,1,"C:\Users\yasemin.bozkurt\Desktop\article\DLPIF-repo-update\src\baseline_results.pkl::all_scenarios[(""knn"", ""10pct"")]"
KNN,10pct,deterministic,1530,17748,2022-03-12,0.0,0.40000000940635805,1,"C:\Users\yasemin.bozkurt\Desktop\article\DLPIF-repo-update\src\baseline_results.pkl::all_scenarios[(""knn"", ""10pct"")]"
KNN,10pct,deterministic,1547,17750,2022-03-16,0.0,0.0800000035436824,1,"C:\Users\yasemin.bozkurt\Desktop\article\DLPIF-repo-update\src\baseline_results.pkl::all_scenarios[(""knn"", ""10pct"")]"
KNN,10pct,deterministic,1548,17155,2022-03-17,0.0,1.6000000376254322,1,"C:\Users\yasemin.bozkurt\Desktop\article\DLPIF-repo-update\src\baseline_results.pkl::all_scenarios[(""knn"", ""10pct"")]"
KNN,10pct,deterministic,1549,17704,2022-03-17,0.0,5.720000191032887,1,"C:\Users\yasemin.bozkurt\Desktop\article\DLPIF-repo-update\src\baseline_results.pkl::all_scenarios[(""knn"", ""10pct"")]"
KNN,10pct,deterministic,1564,17155,2022-03-21,0.0,0.0,1,"C:\Users\yasemin.bozkurt\Desktop\article\DLPIF-repo-update\src\baseline_results.pkl::all_scenarios[(""knn"", ""10pct"")]"
KNN,10pct,deterministic,1569,17704,2022-03-22,0.0,1.6800000328570606,1,"C:\Users\yasemin.bozkurt\Desktop\article\DLPIF-repo-update\src\baseline_results.pkl::all_scenarios[(""knn"", ""10pct"")]"
KNN,10pct,deterministic,1576,17155,2022-03-24,0.0,0.0,1,"C:\Users\yasemin.bozkurt\Desktop\article\DLPIF-repo-update\src\baseline_results.pkl::all_scenarios[(""knn"", ""10pct"")]"
KNN,10pct,deterministic,1596,17155,2022-03-29,0.0,0.0,1,"C:\Users\yasemin.bozkurt\Desktop\article\DLPIF-repo-update\src\baseline_results.pkl::all_scenarios[(""knn"", ""10pct"")]"
KNN,10pct,deterministic,1607,17750,2022-03-31,0.0,0.0,1,"C:\Users\yasemin.bozkurt\Desktop\article\DLPIF-repo-update\src\baseline_results.pkl::all_scenarios[(""knn"", ""10pct"")]"
KNN,10pct,deterministic,1609,17704,2022-04-01,0.0,0.0,1,"C:\Users\yasemin.bozkurt\Desktop\article\DLPIF-repo-update\src\baseline_results.pkl::all_scenarios[(""knn"", ""10pct"")]"
KNN,10pct,deterministic,1634,17748,2022-04-07,0.0,1.560000040009618,1,"C:\Users\yasemin.bozkurt\Desktop\article\DLPIF-repo-update\src\baseline_results.pkl::all_scenarios[(""knn"", ""10pct"")]"
KNN,10pct,deterministic,1641,17704,2022-04-09,0.0,0.0,1,"C:\Users\yasemin.bozkurt\Desktop\article\DLPIF-repo-update\src\baseline_results.pkl::all_scenarios[(""knn"", ""10pct"")]"
KNN,10pct,deterministic,1643,17750,2022-04-09,0.40000000940635805,0.1600000070873648,1,"C:\Users\yasemin.bozkurt\Desktop\article\DLPIF-repo-update\src\baseline_results.pkl::all_scenarios[(""knn"", ""10pct"")]"
KNN,10pct,deterministic,1650,17748,2022-04-11,2.2000000018626453,6.120000167191029,1,"C:\Users\yasemin.bozkurt\Desktop\article\DLPIF-repo-update\src\baseline_results.pkl::all_scenarios[(""knn"", ""10pct"")]"
KNN,10pct,deterministic,1664,17155,2022-04-15,0.0,0.0,1,"C:\Users\yasemin.bozkurt\Desktop\article\DLPIF-repo-update\src\baseline_results.pkl::all_scenarios[(""knn"", ""10pct"")]"
KNN,10pct,deterministic,1678,17748,2022-04-18,5.800000186264516,14.760000184178354,1,"C:\Users\yasemin.bozkurt\Desktop\article\DLPIF-repo-update\src\baseline_results.pkl::all_scenarios[(""knn"", ""10pct"")]"
KNN,10pct,deterministic,1681,17704,2022-04-19,0.0,12.760000303387644,1,"C:\Users\yasemin.bozkurt\Desktop\article\DLPIF-repo-update\src\baseline_results.pkl::all_scenarios[(""knn"", ""10pct"")]"
KNN,10pct,deterministic,1685,17704,2022-04-20,1.0000000068917871,5.320000214874745,1,"C:\Users\yasemin.bozkurt\Desktop\article\DLPIF-repo-update\src\baseline_results.pkl::all_scenarios[(""knn"", ""10pct"")]"
KNN,10pct,deterministic,1687,17750,2022-04-20,0.20000000470317902,0.0,1,"C:\Users\yasemin.bozkurt\Desktop\article\DLPIF-repo-update\src\baseline_results.pkl::all_scenarios[(""knn"", ""10pct"")]"
KNN,10pct,deterministic,1702,17748,2022-04-24,0.0,0.0,1,"C:\Users\yasemin.bozkurt\Desktop\article\DLPIF-repo-update\src\baseline_results.pkl::all_scenarios[(""knn"", ""10pct"")]"
KNN,10pct,deterministic,1710,17748,2022-04-26,0.0,0.0,1,"C:\Users\yasemin.bozkurt\Desktop\article\DLPIF-repo-update\src\baseline_results.pkl::all_scenarios[(""knn"", ""10pct"")]"
KNN,10pct,deterministic,1726,17748,2022-04-30,0.0,5.520000202953816,1,"C:\Users\yasemin.bozkurt\Desktop\article\DLPIF-repo-update\src\baseline_results.pkl::all_scenarios[(""knn"", ""10pct"")]"
KNN,10pct,deterministic,1727,17750,2022-04-30,0.20000000470317902,0.8800000140443445,1,"C:\Users\yasemin.bozkurt\Desktop\article\DLPIF-repo-update\src\baseline_results.pkl::all_scenarios[(""knn"", ""10pct"")]"
KNN,10pct,deterministic,1738,17748,2022-05-03,0.0,9.080000522732735,1,"C:\Users\yasemin.bozkurt\Desktop\article\DLPIF-repo-update\src\baseline_results.pkl::all_scenarios[(""knn"", ""10pct"")]"
KNN,10pct,deterministic,1741,17704,2022-05-04,4.400000003725291,4.200000281631947,1,"C:\Users\yasemin.bozkurt\Desktop\article\DLPIF-repo-update\src\baseline_results.pkl::all_scenarios[(""knn"", ""10pct"")]"
KNN,10pct,deterministic,1755,17750,2022-05-07,0.0,0.0,1,"C:\Users\yasemin.bozkurt\Desktop\article\DLPIF-repo-update\src\baseline_results.pkl::all_scenarios[(""knn"", ""10pct"")]"
KNN,10pct,deterministic,1759,17750,2022-05-08,0.0,0.0,1,"C:\Users\yasemin.bozkurt\Desktop\article\DLPIF-repo-update\src\baseline_results.pkl::all_scenarios[(""knn"", ""10pct"")]"
KNN,10pct,deterministic,1764,17155,2022-05-10,0.0,0.0,1,"C:\Users\yasemin.bozkurt\Desktop\article\DLPIF-repo-update\src\baseline_results.pkl::all_scenarios[(""knn"", ""10pct"")]"
KNN,10pct,deterministic,1769,17704,2022-05-11,5.4000002101063735,1.560000040009618,1,"C:\Users\yasemin.bozkurt\Desktop\article\DLPIF-repo-update\src\baseline_results.pkl::all_scenarios[(""knn"", ""10pct"")]"
KNN,10pct,deterministic,1770,17748,2022-05-11,3.0000000871717933,4.20000001564622,1,"C:\Users\yasemin.bozkurt\Desktop\article\DLPIF-repo-update\src\baseline_results.pkl::all_scenarios[(""knn"", ""10pct"")]"
KNN,10pct,deterministic,1802,17748,2022-05-19,0.0,0.600000030733645,1,"C:\Users\yasemin.bozkurt\Desktop\article\DLPIF-repo-update\src\baseline_results.pkl::all_scenarios[(""knn"", ""10pct"")]"
KNN,10pct,deterministic,1817,17704,2022-05-23,0.0,0.0400000017718412,1,"C:\Users\yasemin.bozkurt\Desktop\article\DLPIF-repo-update\src\baseline_results.pkl::all_scenarios[(""knn"", ""10pct"")]"
KNN,10pct,deterministic,1824,17155,2022-05-25,0.0,0.0800000035436824,1,"C:\Users\yasemin.bozkurt\Desktop\article\DLPIF-repo-update\src\baseline_results.pkl::all_scenarios[(""knn"", ""10pct"")]"
KNN,10pct,deterministic,1836,17155,2022-05-28,1.0000000068917871,1.6800000328570606,1,"C:\Users\yasemin.bozkurt\Desktop\article\DLPIF-repo-update\src\baseline_results.pkl::all_scenarios[(""knn"", ""10pct"")]"
KNN,10pct,deterministic,1841,17704,2022-05-29,0.0,0.0,1,"C:\Users\yasemin.bozkurt\Desktop\article\DLPIF-repo-update\src\baseline_results.pkl::all_scenarios[(""knn"", ""10pct"")]"
KNN,10pct,deterministic,1856,17155,2022-06-02,0.0,0.0,1,"C:\Users\yasemin.bozkurt\Desktop\article\DLPIF-repo-update\src\baseline_results.pkl::all_scenarios[(""knn"", ""10pct"")]"
KNN,10pct,deterministic,1862,17748,2022-06-03,11.600000372529031,0.12000000115949662,1,"C:\Users\yasemin.bozkurt\Desktop\article\DLPIF-repo-update\src\baseline_results.pkl::all_scenarios[(""knn"", ""10pct"")]"
KNN,10pct,deterministic,1864,17155,2022-06-04,0.20000000470317902,0.2400000189431012,1,"C:\Users\yasemin.bozkurt\Desktop\article\DLPIF-repo-update\src\baseline_results.pkl::all_scenarios[(""knn"", ""10pct"")]"
KNN,10pct,deterministic,1899,17750,2022-06-12,11.800000360608102,9.40000050365925,1,"C:\Users\yasemin.bozkurt\Desktop\article\DLPIF-repo-update\src\baseline_results.pkl::all_scenarios[(""knn"", ""10pct"")]"
KNN,10pct,deterministic,1905,17704,2022-06-14,0.0,0.0,1,"C:\Users\yasemin.bozkurt\Desktop\article\DLPIF-repo-update\src\baseline_results.pkl::all_scenarios[(""knn"", ""10pct"")]"
KNN,10pct,deterministic,1913,17704,2022-06-16,4.000000027567149,6.560000140964985,1,"C:\Users\yasemin.bozkurt\Desktop\article\DLPIF-repo-update\src\baseline_results.pkl::all_scenarios[(""knn"", ""10pct"")]"
KNN,10pct,deterministic,1917,17704,2022-06-17,40.00000187158585,1.1000000674277546,1,"C:\Users\yasemin.bozkurt\Desktop\article\DLPIF-repo-update\src\baseline_results.pkl::all_scenarios[(""knn"", ""10pct"")]"
KNN,10pct,deterministic,1922,17748,2022-06-18,0.0,7.640000076591969,1,"C:\Users\yasemin.bozkurt\Desktop\article\DLPIF-repo-update\src\baseline_results.pkl::all_scenarios[(""knn"", ""10pct"")]"
KNN,10pct,deterministic,1954,17748,2022-06-26,0.0,0.0,1,"C:\Users\yasemin.bozkurt\Desktop\article\DLPIF-repo-update\src\baseline_results.pkl::all_scenarios[(""knn"", ""10pct"")]"
KNN,10pct,deterministic,1958,17748,2022-06-27,0.0,0.0,1,"C:\Users\yasemin.bozkurt\Desktop\article\DLPIF-repo-update\src\baseline_results.pkl::all_scenarios[(""knn"", ""10pct"")]"
KNN,10pct,deterministic,1963,17750,2022-06-28,0.0,0.6800000259652734,1,"C:\Users\yasemin.bozkurt\Desktop\article\DLPIF-repo-update\src\baseline_results.pkl::all_scenarios[(""knn"", ""10pct"")]"
KNN,10pct,deterministic,1965,17704,2022-06-29,0.20000000470317902,0.960000009275973,1,"C:\Users\yasemin.bozkurt\Desktop\article\DLPIF-repo-update\src\baseline_results.pkl::all_scenarios[(""knn"", ""10pct"")]"
KNN,10pct,deterministic,1979,17750,2022-07-02,0.0,0.0,1,"C:\Users\yasemin.bozkurt\Desktop\article\DLPIF-repo-update\src\baseline_results.pkl::all_scenarios[(""knn"", ""10pct"")]"
KNN,10pct,deterministic,1982,17748,2022-07-03,0.0,0.0,1,"C:\Users\yasemin.bozkurt\Desktop\article\DLPIF-repo-update\src\baseline_results.pkl::all_scenarios[(""knn"", ""10pct"")]"
KNN,10pct,deterministic,1986,17748,2022-07-04,0.0,0.0,1,"C:\Users\yasemin.bozkurt\Desktop\article\DLPIF-repo-update\src\baseline_results.pkl::all_scenarios[(""knn"", ""10pct"")]"
KNN,10pct,deterministic,1990,17748,2022-07-05,0.0,0.0,1,"C:\Users\yasemin.bozkurt\Desktop\article\DLPIF-repo-update\src\baseline_results.pkl::all_scenarios[(""knn"", ""10pct"")]"
KNN,10pct,deterministic,1992,17155,2022-07-06,0.0,0.1600000070873648,1,"C:\Users\yasemin.bozkurt\Desktop\article\DLPIF-repo-update\src\baseline_results.pkl::all_scenarios[(""knn"", ""10pct"")]"
KNN,10pct,deterministic,1995,17750,2022-07-06,0.0,0.0,1,"C:\Users\yasemin.bozkurt\Desktop\article\DLPIF-repo-update\src\baseline_results.pkl::all_scenarios[(""knn"", ""10pct"")]"
KNN,10pct,deterministic,1998,17748,2022-07-07,0.0,0.0400000017718412,1,"C:\Users\yasemin.bozkurt\Desktop\article\DLPIF-repo-update\src\baseline_results.pkl::all_scenarios[(""knn"", ""10pct"")]"
KNN,10pct,deterministic,2001,17704,2022-07-08,0.0,0.0,1,"C:\Users\yasemin.bozkurt\Desktop\article\DLPIF-repo-update\src\baseline_results.pkl::all_scenarios[(""knn"", ""10pct"")]"
KNN,10pct,deterministic,2004,17155,2022-07-09,0.0,3.6000000514090065,1,"C:\Users\yasemin.bozkurt\Desktop\article\DLPIF-repo-update\src\baseline_results.pkl::all_scenarios[(""knn"", ""10pct"")]"
KNN,10pct,deterministic,2005,17704,2022-07-09,0.0,0.0400000017718412,1,"C:\Users\yasemin.bozkurt\Desktop\article\DLPIF-repo-update\src\baseline_results.pkl::all_scenarios[(""knn"", ""10pct"")]"
KNN,10pct,deterministic,2076,17155,2022-07-27,0.0,0.0400000017718412,1,"C:\Users\yasemin.bozkurt\Desktop\article\DLPIF-repo-update\src\baseline_results.pkl::all_scenarios[(""knn"", ""10pct"")]"
KNN,10pct,deterministic,2079,17750,2022-07-27,0.0,0.0,1,"C:\Users\yasemin.bozkurt\Desktop\article\DLPIF-repo-update\src\baseline_results.pkl::all_scenarios[(""knn"", ""10pct"")]"
KNN,10pct,deterministic,2096,17155,2022-08-01,0.0,2.440000120550394,1,"C:\Users\yasemin.bozkurt\Desktop\article\DLPIF-repo-update\src\baseline_results.pkl::all_scenarios[(""knn"", ""10pct"")]"
KNN,10pct,deterministic,2098,17748,2022-08-01,0.0,0.0,1,"C:\Users\yasemin.bozkurt\Desktop\article\DLPIF-repo-update\src\baseline_results.pkl::all_scenarios[(""knn"", ""10pct"")]"
KNN,10pct,deterministic,2130,17748,2022-08-09,9.000000527501108,0.0,1,"C:\Users\yasemin.bozkurt\Desktop\article\DLPIF-repo-update\src\baseline_results.pkl::all_scenarios[(""knn"", ""10pct"")]"
KNN,10pct,deterministic,2135,17750,2022-08-10,0.40000000940635805,3.320000068098307,1,"C:\Users\yasemin.bozkurt\Desktop\article\DLPIF-repo-update\src\baseline_results.pkl::all_scenarios[(""knn"", ""10pct"")]"
KNN,10pct,deterministic,2140,17155,2022-08-12,0.0,0.0,1,"C:\Users\yasemin.bozkurt\Desktop\article\DLPIF-repo-update\src\baseline_results.pkl::all_scenarios[(""knn"", ""10pct"")]"
KNN,10pct,deterministic,2141,17704,2022-08-12,0.0,0.0,1,"C:\Users\yasemin.bozkurt\Desktop\article\DLPIF-repo-update\src\baseline_results.pkl::all_scenarios[(""knn"", ""10pct"")]"
KNN,10pct,deterministic,2144,17155,2022-08-13,0.0,4.120000020414591,1,"C:\Users\yasemin.bozkurt\Desktop\article\DLPIF-repo-update\src\baseline_results.pkl::all_scenarios[(""knn"", ""10pct"")]"
KNN,10pct,deterministic,2170,17748,2022-08-19,0.0,0.0,1,"C:\Users\yasemin.bozkurt\Desktop\article\DLPIF-repo-update\src\baseline_results.pkl::all_scenarios[(""knn"", ""10pct"")]"
KNN,10pct,deterministic,2179,17750,2022-08-21,0.0,0.0,1,"C:\Users\yasemin.bozkurt\Desktop\article\DLPIF-repo-update\src\baseline_results.pkl::all_scenarios[(""knn"", ""10pct"")]"
KNN,10pct,deterministic,2189,17704,2022-08-24,0.0,0.0,1,"C:\Users\yasemin.bozkurt\Desktop\article\DLPIF-repo-update\src\baseline_results.pkl::all_scenarios[(""knn"", ""10pct"")]"
KNN,10pct,deterministic,2202,17748,2022-08-27,20.80000088810921,7.2800000980496415,1,"C:\Users\yasemin.bozkurt\Desktop\article\DLPIF-repo-update\src\baseline_results.pkl::all_scenarios[(""knn"", ""10pct"")]"
KNN,10pct,deterministic,2210,17748,2022-08-29,0.0,4.560000260174275,1,"C:\Users\yasemin.bozkurt\Desktop\article\DLPIF-repo-update\src\baseline_results.pkl::all_scenarios[(""knn"", ""10pct"")]"
KNN,10pct,deterministic,2221,17704,2022-09-01,2.6000001110136512,3.120000080019236,1,"C:\Users\yasemin.bozkurt\Desktop\article\DLPIF-repo-update\src\baseline_results.pkl::all_scenarios[(""knn"", ""10pct"")]"
KNN,10pct,deterministic,2232,17155,2022-09-04,0.0,1.1600000638514758,1,"C:\Users\yasemin.bozkurt\Desktop\article\DLPIF-repo-update\src\baseline_results.pkl::all_scenarios[(""knn"", ""10pct"")]"
KNN,10pct,deterministic,2233,17704,2022-09-04,0.0,0.5200000355020166,1,"C:\Users\yasemin.bozkurt\Desktop\article\DLPIF-repo-update\src\baseline_results.pkl::all_scenarios[(""knn"", ""10pct"")]"
KNN,10pct,deterministic,2234,17748,2022-09-04,0.0,5.680000193417073,1,"C:\Users\yasemin.bozkurt\Desktop\article\DLPIF-repo-update\src\baseline_results.pkl::all_scenarios[(""knn"", ""10pct"")]"
KNN,10pct,deterministic,2300,17155,2022-09-21,0.0,0.3200000141747296,1,"C:\Users\yasemin.bozkurt\Desktop\article\DLPIF-repo-update\src\baseline_results.pkl::all_scenarios[(""knn"", ""10pct"")]"
KNN,10pct,deterministic,2307,17750,2022-09-22,0.0,0.0,1,"C:\Users\yasemin.bozkurt\Desktop\article\DLPIF-repo-update\src\baseline_results.pkl::all_scenarios[(""knn"", ""10pct"")]"
KNN,10pct,deterministic,2309,17704,2022-09-23,0.0,0.0,1,"C:\Users\yasemin.bozkurt\Desktop\article\DLPIF-repo-update\src\baseline_results.pkl::all_scenarios[(""knn"", ""10pct"")]"
KNN,10pct,deterministic,2371,17750,2022-10-08,0.0,3.680000046640635,1,"C:\Users\yasemin.bozkurt\Desktop\article\DLPIF-repo-update\src\baseline_results.pkl::all_scenarios[(""knn"", ""10pct"")]"
KNN,10pct,deterministic,2385,17704,2022-10-12,0.0,0.0800000035436824,1,"C:\Users\yasemin.bozkurt\Desktop\article\DLPIF-repo-update\src\baseline_results.pkl::all_scenarios[(""knn"", ""10pct"")]"
KNN,10pct,deterministic,2386,17748,2022-10-12,0.0,1.6800000328570606,1,"C:\Users\yasemin.bozkurt\Desktop\article\DLPIF-repo-update\src\baseline_results.pkl::all_scenarios[(""knn"", ""10pct"")]"
KNN,10pct,deterministic,2393,17704,2022-10-14,0.0,0.5200000355020166,1,"C:\Users\yasemin.bozkurt\Desktop\article\DLPIF-repo-update\src\baseline_results.pkl::all_scenarios[(""knn"", ""10pct"")]"
KNN,10pct,deterministic,2402,17748,2022-10-16,1.8000000257045032,8.400000563263895,1,"C:\Users\yasemin.bozkurt\Desktop\article\DLPIF-repo-update\src\baseline_results.pkl::all_scenarios[(""knn"", ""10pct"")]"
KNN,10pct,deterministic,2404,17155,2022-10-17,6.700000132620335,16.400000086426736,1,"C:\Users\yasemin.bozkurt\Desktop\article\DLPIF-repo-update\src\baseline_results.pkl::all_scenarios[(""knn"", ""10pct"")]"
KNN,10pct,deterministic,2430,17748,2022-10-23,0.0,0.0,1,"C:\Users\yasemin.bozkurt\Desktop\article\DLPIF-repo-update\src\baseline_results.pkl::all_scenarios[(""knn"", ""10pct"")]"
KNN,10pct,deterministic,2442,17748,2022-10-26,0.0,0.0400000017718412,1,"C:\Users\yasemin.bozkurt\Desktop\article\DLPIF-repo-update\src\baseline_results.pkl::all_scenarios[(""knn"", ""10pct"")]"
KNN,10pct,deterministic,2443,17750,2022-10-26,0.0,0.0,1,"C:\Users\yasemin.bozkurt\Desktop\article\DLPIF-repo-update\src\baseline_results.pkl::all_scenarios[(""knn"", ""10pct"")]"
KNN,10pct,deterministic,2444,17155,2022-10-27,0.0,0.0,1,"C:\Users\yasemin.bozkurt\Desktop\article\DLPIF-repo-update\src\baseline_results.pkl::all_scenarios[(""knn"", ""10pct"")]"
KNN,10pct,deterministic,2461,17704,2022-10-31,0.0,0.0,1,"C:\Users\yasemin.bozkurt\Desktop\article\DLPIF-repo-update\src\baseline_results.pkl::all_scenarios[(""knn"", ""10pct"")]"
KNN,10pct,deterministic,2465,17704,2022-11-01,0.0,0.0,1,"C:\Users\yasemin.bozkurt\Desktop\article\DLPIF-repo-update\src\baseline_results.pkl::all_scenarios[(""knn"", ""10pct"")]"
KNN,10pct,deterministic,2466,17748,2022-11-01,0.0,0.0400000017718412,1,"C:\Users\yasemin.bozkurt\Desktop\article\DLPIF-repo-update\src\baseline_results.pkl::all_scenarios[(""knn"", ""10pct"")]"
KNN,10pct,deterministic,2467,17750,2022-11-01,0.0,0.0800000035436824,1,"C:\Users\yasemin.bozkurt\Desktop\article\DLPIF-repo-update\src\baseline_results.pkl::all_scenarios[(""knn"", ""10pct"")]"
KNN,10pct,deterministic,2468,17155,2022-11-02,0.0,0.0,1,"C:\Users\yasemin.bozkurt\Desktop\article\DLPIF-repo-update\src\baseline_results.pkl::all_scenarios[(""knn"", ""10pct"")]"
KNN,10pct,deterministic,2470,17748,2022-11-02,0.0,0.0,1,"C:\Users\yasemin.bozkurt\Desktop\article\DLPIF-repo-update\src\baseline_results.pkl::all_scenarios[(""knn"", ""10pct"")]"
KNN,10pct,deterministic,2471,17750,2022-11-02,0.0,0.0,1,"C:\Users\yasemin.bozkurt\Desktop\article\DLPIF-repo-update\src\baseline_results.pkl::all_scenarios[(""knn"", ""10pct"")]"
KNN,10pct,deterministic,2476,17155,2022-11-04,0.0,0.0,1,"C:\Users\yasemin.bozkurt\Desktop\article\DLPIF-repo-update\src\baseline_results.pkl::all_scenarios[(""knn"", ""10pct"")]"
KNN,10pct,deterministic,2477,17704,2022-11-04,0.0,0.20000000470317902,1,"C:\Users\yasemin.bozkurt\Desktop\article\DLPIF-repo-update\src\baseline_results.pkl::all_scenarios[(""knn"", ""10pct"")]"
KNN,10pct,deterministic,2478,17748,2022-11-04,0.0,0.0,1,"C:\Users\yasemin.bozkurt\Desktop\article\DLPIF-repo-update\src\baseline_results.pkl::all_scenarios[(""knn"", ""10pct"")]"
KNN,10pct,deterministic,2485,17704,2022-11-06,0.0,0.0,1,"C:\Users\yasemin.bozkurt\Desktop\article\DLPIF-repo-update\src\baseline_results.pkl::all_scenarios[(""knn"", ""10pct"")]"
KNN,10pct,deterministic,2493,17704,2022-11-08,0.0,0.4800000378862024,1,"C:\Users\yasemin.bozkurt\Desktop\article\DLPIF-repo-update\src\baseline_results.pkl::all_scenarios[(""knn"", ""10pct"")]"
KNN,10pct,deterministic,2515,17750,2022-11-13,0.0,0.0,1,"C:\Users\yasemin.bozkurt\Desktop\article\DLPIF-repo-update\src\baseline_results.pkl::all_scenarios[(""knn"", ""10pct"")]"
KNN,10pct,deterministic,2534,17748,2022-11-18,0.0,6.280000157654286,1,"C:\Users\yasemin.bozkurt\Desktop\article\DLPIF-repo-update\src\baseline_results.pkl::all_scenarios[(""knn"", ""10pct"")]"
KNN,10pct,deterministic,2535,17750,2022-11-18,0.0,0.3200000141747296,1,"C:\Users\yasemin.bozkurt\Desktop\article\DLPIF-repo-update\src\baseline_results.pkl::all_scenarios[(""knn"", ""10pct"")]"
KNN,10pct,deterministic,2537,17704,2022-11-19,7.400000090897084,1.0000000068917871,1,"C:\Users\yasemin.bozkurt\Desktop\article\DLPIF-repo-update\src\baseline_results.pkl::all_scenarios[(""knn"", ""10pct"")]"
KNN,10pct,deterministic,2541,17704,2022-11-20,0.0,0.3200000141747296,1,"C:\Users\yasemin.bozkurt\Desktop\article\DLPIF-repo-update\src\baseline_results.pkl::all_scenarios[(""knn"", ""10pct"")]"
KNN,10pct,deterministic,2545,17704,2022-11-21,0.0,1.5200000423938038,1,"C:\Users\yasemin.bozkurt\Desktop\article\DLPIF-repo-update\src\baseline_results.pkl::all_scenarios[(""knn"", ""10pct"")]"
KNN,10pct,deterministic,2549,17704,2022-11-22,5.2000002220273025,4.32000027447939,1,"C:\Users\yasemin.bozkurt\Desktop\article\DLPIF-repo-update\src\baseline_results.pkl::all_scenarios[(""knn"", ""10pct"")]"
KNN,10pct,deterministic,2555,17750,2022-11-23,0.0,2.6800001062452794,1,"C:\Users\yasemin.bozkurt\Desktop\article\DLPIF-repo-update\src\baseline_results.pkl::all_scenarios[(""knn"", ""10pct"")]"
KNN,10pct,deterministic,2560,17155,2022-11-25,0.7000000247731806,0.8400000164285303,1,"C:\Users\yasemin.bozkurt\Desktop\article\DLPIF-repo-update\src\baseline_results.pkl::all_scenarios[(""knn"", ""10pct"")]"
KNN,10pct,deterministic,2584,17155,2022-12-01,0.40000000940635805,0.7200000235810876,1,"C:\Users\yasemin.bozkurt\Desktop\article\DLPIF-repo-update\src\baseline_results.pkl::all_scenarios[(""knn"", ""10pct"")]"
KNN,10pct,deterministic,2587,17750,2022-12-01,3.6000000514090065,2.760000101476908,1,"C:\Users\yasemin.bozkurt\Desktop\article\DLPIF-repo-update\src\baseline_results.pkl::all_scenarios[(""knn"", ""10pct"")]"
KNN,10pct,deterministic,2588,17155,2022-12-02,2.0000000137835743,0.2800000165589154,1,"C:\Users\yasemin.bozkurt\Desktop\article\DLPIF-repo-update\src\baseline_results.pkl::all_scenarios[(""knn"", ""10pct"")]"
KNN,10pct,deterministic,2595,17750,2022-12-03,0.8000000188127161,2.360000125318766,1,"C:\Users\yasemin.bozkurt\Desktop\article\DLPIF-repo-update\src\baseline_results.pkl::all_scenarios[(""knn"", ""10pct"")]"
KNN,10pct,deterministic,2612,17155,2022-12-08,0.0,0.0,1,"C:\Users\yasemin.bozkurt\Desktop\article\DLPIF-repo-update\src\baseline_results.pkl::all_scenarios[(""knn"", ""10pct"")]"
KNN,10pct,deterministic,2636,17155,2022-12-14,16.000000110268594,2.160000004246831,1,"C:\Users\yasemin.bozkurt\Desktop\article\DLPIF-repo-update\src\baseline_results.pkl::all_scenarios[(""knn"", ""10pct"")]"
KNN,10pct,deterministic,2663,17750,2022-12-20,0.0,0.0400000017718412,1,"C:\Users\yasemin.bozkurt\Desktop\article\DLPIF-repo-update\src\baseline_results.pkl::all_scenarios[(""knn"", ""10pct"")]"
KNN,10pct,deterministic,2684,17155,2022-12-26,0.10000000235158951,3.680000046640635,1,"C:\Users\yasemin.bozkurt\Desktop\article\DLPIF-repo-update\src\baseline_results.pkl::all_scenarios[(""knn"", ""10pct"")]"
KNN,10pct,deterministic,2698,17748,2022-12-29,0.0,0.44000000702217223,1,"C:\Users\yasemin.bozkurt\Desktop\article\DLPIF-repo-update\src\baseline_results.pkl::all_scenarios[(""knn"", ""10pct"")]"
KNN,10pct,deterministic,2705,17704,2022-12-31,0.0,0.0400000017718412,1,"C:\Users\yasemin.bozkurt\Desktop\article\DLPIF-repo-update\src\baseline_results.pkl::all_scenarios[(""knn"", ""10pct"")]"
KNN,10pct,deterministic,2720,17155,2023-01-04,0.0,0.0,1,"C:\Users\yasemin.bozkurt\Desktop\article\DLPIF-repo-update\src\baseline_results.pkl::all_scenarios[(""knn"", ""10pct"")]"
KNN,10pct,deterministic,2755,17750,2023-01-12,26.4000005543232,0.44000000702217223,1,"C:\Users\yasemin.bozkurt\Desktop\article\DLPIF-repo-update\src\baseline_results.pkl::all_scenarios[(""knn"", ""10pct"")]"
KNN,10pct,deterministic,2763,17750,2023-01-14,0.0,0.0800000035436824,1,"C:\Users\yasemin.bozkurt\Desktop\article\DLPIF-repo-update\src\baseline_results.pkl::all_scenarios[(""knn"", ""10pct"")]"
KNN,10pct,deterministic,2765,17704,2023-01-15,0.0,0.20000000470317902,1,"C:\Users\yasemin.bozkurt\Desktop\article\DLPIF-repo-update\src\baseline_results.pkl::all_scenarios[(""knn"", ""10pct"")]"
KNN,10pct,deterministic,2780,17155,2023-01-19,0.0,0.9200000781565906,1,"C:\Users\yasemin.bozkurt\Desktop\article\DLPIF-repo-update\src\baseline_results.pkl::all_scenarios[(""knn"", ""10pct"")]"
KNN,10pct,deterministic,2787,17750,2023-01-20,0.0,0.0400000017718412,1,"C:\Users\yasemin.bozkurt\Desktop\article\DLPIF-repo-update\src\baseline_results.pkl::all_scenarios[(""knn"", ""10pct"")]"
KNN,10pct,deterministic,2796,17155,2023-01-23,0.0,0.0,1,"C:\Users\yasemin.bozkurt\Desktop\article\DLPIF-repo-update\src\baseline_results.pkl::all_scenarios[(""knn"", ""10pct"")]"
KNN,10pct,deterministic,2817,17704,2023-01-28,0.20000000470317902,5.040000231564045,1,"C:\Users\yasemin.bozkurt\Desktop\article\DLPIF-repo-update\src\baseline_results.pkl::all_scenarios[(""knn"", ""10pct"")]"
KNN,10pct,deterministic,2827,17750,2023-01-30,0.40000000940635805,2.8800000943243504,1,"C:\Users\yasemin.bozkurt\Desktop\article\DLPIF-repo-update\src\baseline_results.pkl::all_scenarios[(""knn"", ""10pct"")]"
KNN,10pct,deterministic,2831,17750,2023-01-31,0.0,0.0,1,"C:\Users\yasemin.bozkurt\Desktop\article\DLPIF-repo-update\src\baseline_results.pkl::all_scenarios[(""knn"", ""10pct"")]"
KNN,10pct,deterministic,2834,17748,2023-02-01,1.8000000257045032,0.3200000141747296,1,"C:\Users\yasemin.bozkurt\Desktop\article\DLPIF-repo-update\src\baseline_results.pkl::all_scenarios[(""knn"", ""10pct"")]"
KNN,10pct,deterministic,2837,17704,2023-02-02,0.0,0.1200000094715506,1,"C:\Users\yasemin.bozkurt\Desktop\article\DLPIF-repo-update\src\baseline_results.pkl::all_scenarios[(""knn"", ""10pct"")]"
KNN,10pct,deterministic,2844,17155,2023-02-04,7.800000067055226,15.040000167489053,1,"C:\Users\yasemin.bozkurt\Desktop\article\DLPIF-repo-update\src\baseline_results.pkl::all_scenarios[(""knn"", ""10pct"")]"
KNN,10pct,deterministic,2845,17704,2023-02-04,0.0,0.8400000164285303,1,"C:\Users\yasemin.bozkurt\Desktop\article\DLPIF-repo-update\src\baseline_results.pkl::all_scenarios[(""knn"", ""10pct"")]"
KNN,10pct,deterministic,2858,17748,2023-02-07,0.20000000470317902,0.9200000116601588,1,"C:\Users\yasemin.bozkurt\Desktop\article\DLPIF-repo-update\src\baseline_results.pkl::all_scenarios[(""knn"", ""10pct"")]"
KNN,10pct,deterministic,2868,17155,2023-02-10,0.0,0.3600000117905438,1,"C:\Users\yasemin.bozkurt\Desktop\article\DLPIF-repo-update\src\baseline_results.pkl::all_scenarios[(""knn"", ""10pct"")]"
KNN,10pct,deterministic,2870,17748,2023-02-10,0.20000000470317902,0.960000009275973,1,"C:\Users\yasemin.bozkurt\Desktop\article\DLPIF-repo-update\src\baseline_results.pkl::all_scenarios[(""knn"", ""10pct"")]"
KNN,10pct,deterministic,2875,17750,2023-02-11,0.0,0.0,1,"C:\Users\yasemin.bozkurt\Desktop\article\DLPIF-repo-update\src\baseline_results.pkl::all_scenarios[(""knn"", ""10pct"")]"
KNN,10pct,deterministic,2876,17155,2023-02-12,0.0,0.0,1,"C:\Users\yasemin.bozkurt\Desktop\article\DLPIF-repo-update\src\baseline_results.pkl::all_scenarios[(""knn"", ""10pct"")]"
KNN,10pct,deterministic,2890,17748,2023-02-15,0.0,2.360000125318766,1,"C:\Users\yasemin.bozkurt\Desktop\article\DLPIF-repo-update\src\baseline_results.pkl::all_scenarios[(""knn"", ""10pct"")]"
KNN,10pct,deterministic,2892,17155,2023-02-16,0.0,0.7600000211969019,1,"C:\Users\yasemin.bozkurt\Desktop\article\DLPIF-repo-update\src\baseline_results.pkl::all_scenarios[(""knn"", ""10pct"")]"
KNN,10pct,deterministic,2894,17748,2023-02-16,0.0,0.1600000070873648,1,"C:\Users\yasemin.bozkurt\Desktop\article\DLPIF-repo-update\src\baseline_results.pkl::all_scenarios[(""knn"", ""10pct"")]"
KNN,10pct,deterministic,2898,17748,2023-02-17,0.0,0.44000000702217223,1,"C:\Users\yasemin.bozkurt\Desktop\article\DLPIF-repo-update\src\baseline_results.pkl::all_scenarios[(""knn"", ""10pct"")]"
KNN,10pct,deterministic,2927,17750,2023-02-24,0.0,0.0,1,"C:\Users\yasemin.bozkurt\Desktop\article\DLPIF-repo-update\src\baseline_results.pkl::all_scenarios[(""knn"", ""10pct"")]"
KNN,10pct,deterministic,2935,17750,2023-02-26,0.0,0.4800000378862024,1,"C:\Users\yasemin.bozkurt\Desktop\article\DLPIF-repo-update\src\baseline_results.pkl::all_scenarios[(""knn"", ""10pct"")]"
KNN,10pct,deterministic,2939,17750,2023-02-27,0.0,0.0,1,"C:\Users\yasemin.bozkurt\Desktop\article\DLPIF-repo-update\src\baseline_results.pkl::all_scenarios[(""knn"", ""10pct"")]"
KNN,10pct,deterministic,2952,17155,2023-03-03,0.0,0.6400000283494592,1,"C:\Users\yasemin.bozkurt\Desktop\article\DLPIF-repo-update\src\baseline_results.pkl::all_scenarios[(""knn"", ""10pct"")]"
KNN,10pct,deterministic,2956,17155,2023-03-04,0.0,0.0,1,"C:\Users\yasemin.bozkurt\Desktop\article\DLPIF-repo-update\src\baseline_results.pkl::all_scenarios[(""knn"", ""10pct"")]"
KNN,10pct,deterministic,2957,17704,2023-03-04,0.0,1.0400000710040331,1,"C:\Users\yasemin.bozkurt\Desktop\article\DLPIF-repo-update\src\baseline_results.pkl::all_scenarios[(""knn"", ""10pct"")]"
KNN,10pct,deterministic,2970,17748,2023-03-07,0.0,15.320000150799753,1,"C:\Users\yasemin.bozkurt\Desktop\article\DLPIF-repo-update\src\baseline_results.pkl::all_scenarios[(""knn"", ""10pct"")]"
KNN,10pct,deterministic,2976,17155,2023-03-09,0.0,0.8000000188127161,1,"C:\Users\yasemin.bozkurt\Desktop\article\DLPIF-repo-update\src\baseline_results.pkl::all_scenarios[(""knn"", ""10pct"")]"
KNN,10pct,deterministic,2981,17704,2023-03-10,0.0,0.8400000164285303,1,"C:\Users\yasemin.bozkurt\Desktop\article\DLPIF-repo-update\src\baseline_results.pkl::all_scenarios[(""knn"", ""10pct"")]"
KNN,10pct,deterministic,3016,17155,2023-03-19,0.0,19.96000093817711,1,"C:\Users\yasemin.bozkurt\Desktop\article\DLPIF-repo-update\src\baseline_results.pkl::all_scenarios[(""knn"", ""10pct"")]"
KNN,10pct,deterministic,3017,17704,2023-03-19,0.0,0.600000030733645,1,"C:\Users\yasemin.bozkurt\Desktop\article\DLPIF-repo-update\src\baseline_results.pkl::all_scenarios[(""knn"", ""10pct"")]"
KNN,10pct,deterministic,3035,17750,2023-03-23,6.6000001385808,1.6000000376254322,1,"C:\Users\yasemin.bozkurt\Desktop\article\DLPIF-repo-update\src\baseline_results.pkl::all_scenarios[(""knn"", ""10pct"")]"
KNN,10pct,deterministic,3038,17748,2023-03-24,0.0,1.7200000304728749,1,"C:\Users\yasemin.bozkurt\Desktop\article\DLPIF-repo-update\src\baseline_results.pkl::all_scenarios[(""knn"", ""10pct"")]"
KNN,10pct,deterministic,3049,17704,2023-03-27,0.0,0.44000000702217223,1,"C:\Users\yasemin.bozkurt\Desktop\article\DLPIF-repo-update\src\baseline_results.pkl::all_scenarios[(""knn"", ""10pct"")]"
KNN,10pct,deterministic,3052,17155,2023-03-28,1.0000000068917871,0.4800000378862024,1,"C:\Users\yasemin.bozkurt\Desktop\article\DLPIF-repo-update\src\baseline_results.pkl::all_scenarios[(""knn"", ""10pct"")]"
KNN,10pct,deterministic,3079,17750,2023-04-03,0.0,0.0,1,"C:\Users\yasemin.bozkurt\Desktop\article\DLPIF-repo-update\src\baseline_results.pkl::all_scenarios[(""knn"", ""10pct"")]"
KNN,10pct,deterministic,3082,17748,2023-04-04,0.0,0.600000030733645,1,"C:\Users\yasemin.bozkurt\Desktop\article\DLPIF-repo-update\src\baseline_results.pkl::all_scenarios[(""knn"", ""10pct"")]"
KNN,10pct,deterministic,3087,17750,2023-04-05,10.400000444054605,9.260000512003899,1,"C:\Users\yasemin.bozkurt\Desktop\article\DLPIF-repo-update\src\baseline_results.pkl::all_scenarios[(""knn"", ""10pct"")]"
KNN,10pct,deterministic,3093,17704,2023-04-07,7.800000067055226,2.8800000943243504,1,"C:\Users\yasemin.bozkurt\Desktop\article\DLPIF-repo-update\src\baseline_results.pkl::all_scenarios[(""knn"", ""10pct"")]"
KNN,10pct,deterministic,3096,17155,2023-04-08,0.20000000470317902,0.0400000017718412,1,"C:\Users\yasemin.bozkurt\Desktop\article\DLPIF-repo-update\src\baseline_results.pkl::all_scenarios[(""knn"", ""10pct"")]"
KNN,10pct,deterministic,3103,17750,2023-04-09,0.8000000188127161,0.0,1,"C:\Users\yasemin.bozkurt\Desktop\article\DLPIF-repo-update\src\baseline_results.pkl::all_scenarios[(""knn"", ""10pct"")]"
KNN,10pct,deterministic,3138,17748,2023-04-18,0.0,1.8400000233203175,1,"C:\Users\yasemin.bozkurt\Desktop\article\DLPIF-repo-update\src\baseline_results.pkl::all_scenarios[(""knn"", ""10pct"")]"
KNN,10pct,deterministic,3149,17704,2023-04-21,2.0000000137835743,1.6400000352412463,1,"C:\Users\yasemin.bozkurt\Desktop\article\DLPIF-repo-update\src\baseline_results.pkl::all_scenarios[(""knn"", ""10pct"")]"
KNN,10pct,deterministic,3160,17155,2023-04-24,7.600000078976155,0.0400000017718412,1,"C:\Users\yasemin.bozkurt\Desktop\article\DLPIF-repo-update\src\baseline_results.pkl::all_scenarios[(""knn"", ""10pct"")]"
KNN,10pct,deterministic,3175,17750,2023-04-27,6.800000126659871,7.020000113546849,1,"C:\Users\yasemin.bozkurt\Desktop\article\DLPIF-repo-update\src\baseline_results.pkl::all_scenarios[(""knn"", ""10pct"")]"
KNN,10pct,deterministic,3179,17750,2023-04-28,8.40000003129244,0.0,1,"C:\Users\yasemin.bozkurt\Desktop\article\DLPIF-repo-update\src\baseline_results.pkl::all_scenarios[(""knn"", ""10pct"")]"
KNN,10pct,deterministic,3183,17750,2023-04-29,7.400000090897084,0.0400000017718412,1,"C:\Users\yasemin.bozkurt\Desktop\article\DLPIF-repo-update\src\baseline_results.pkl::all_scenarios[(""knn"", ""10pct"")]"
KNN,10pct,deterministic,3196,17155,2023-05-03,0.0,0.0,1,"C:\Users\yasemin.bozkurt\Desktop\article\DLPIF-repo-update\src\baseline_results.pkl::all_scenarios[(""knn"", ""10pct"")]"
KNN,10pct,deterministic,3201,17704,2023-05-04,2.6000001110136512,0.3200000141747296,1,"C:\Users\yasemin.bozkurt\Desktop\article\DLPIF-repo-update\src\baseline_results.pkl::all_scenarios[(""knn"", ""10pct"")]"
KNN,10pct,deterministic,3204,17155,2023-05-05,0.0,1.0400000045076014,1,"C:\Users\yasemin.bozkurt\Desktop\article\DLPIF-repo-update\src\baseline_results.pkl::all_scenarios[(""knn"", ""10pct"")]"
KNN,10pct,deterministic,3210,17748,2023-05-06,5.4000002101063735,8.280000038444996,1,"C:\Users\yasemin.bozkurt\Desktop\article\DLPIF-repo-update\src\baseline_results.pkl::all_scenarios[(""knn"", ""10pct"")]"
KNN,10pct,deterministic,3228,17155,2023-05-11,1.1000000009313227,1.2400000590831042,1,"C:\Users\yasemin.bozkurt\Desktop\article\DLPIF-repo-update\src\baseline_results.pkl::all_scenarios[(""knn"", ""10pct"")]"
KNN,10pct,deterministic,3233,17704,2023-05-12,7.600000078976155,2.760000101476908,1,"C:\Users\yasemin.bozkurt\Desktop\article\DLPIF-repo-update\src\baseline_results.pkl::all_scenarios[(""knn"", ""10pct"")]"
KNN,10pct,deterministic,3235,17750,2023-05-12,12.000000348687173,2.4800001181662084,1,"C:\Users\yasemin.bozkurt\Desktop\article\DLPIF-repo-update\src\baseline_results.pkl::all_scenarios[(""knn"", ""10pct"")]"
KNN,10pct,deterministic,3239,17750,2023-05-13,0.20000000470317902,0.6400000283494592,1,"C:\Users\yasemin.bozkurt\Desktop\article\DLPIF-repo-update\src\baseline_results.pkl::all_scenarios[(""knn"", ""10pct"")]"
KNN,10pct,deterministic,3255,17750,2023-05-17,2.40000012293458,2.5200001157820227,1,"C:\Users\yasemin.bozkurt\Desktop\article\DLPIF-repo-update\src\baseline_results.pkl::all_scenarios[(""knn"", ""10pct"")]"
KNN,10pct,deterministic,3270,17748,2023-05-21,1.6000000376254322,6.520000143349171,1,"C:\Users\yasemin.bozkurt\Desktop\article\DLPIF-repo-update\src\baseline_results.pkl::all_scenarios[(""knn"", ""10pct"")]"
KNN,10pct,deterministic,3278,17748,2023-05-23,23.800000709295276,11.12000040113926,1,"C:\Users\yasemin.bozkurt\Desktop\article\DLPIF-repo-update\src\baseline_results.pkl::all_scenarios[(""knn"", ""10pct"")]"
KNN,10pct,deterministic,3294,17748,2023-05-27,0.20000000470317902,7.120000107586384,1,"C:\Users\yasemin.bozkurt\Desktop\article\DLPIF-repo-update\src\baseline_results.pkl::all_scenarios[(""knn"", ""10pct"")]"
KNN,10pct,deterministic,3324,17155,2023-06-04,19.00000099539757,1.3200000543147328,1,"C:\Users\yasemin.bozkurt\Desktop\article\DLPIF-repo-update\src\baseline_results.pkl::all_scenarios[(""knn"", ""10pct"")]"
KNN,10pct,deterministic,3346,17748,2023-06-09,4.000000027567149,5.0000002339482315,1,"C:\Users\yasemin.bozkurt\Desktop\article\DLPIF-repo-update\src\baseline_results.pkl::all_scenarios[(""knn"", ""10pct"")]"
KNN,10pct,deterministic,3354,17748,2023-06-11,0.20000000470317902,1.560000040009618,1,"C:\Users\yasemin.bozkurt\Desktop\article\DLPIF-repo-update\src\baseline_results.pkl::all_scenarios[(""knn"", ""10pct"")]"
KNN,10pct,deterministic,3357,17704,2023-06-12,0.0,2.4800001181662084,1,"C:\Users\yasemin.bozkurt\Desktop\article\DLPIF-repo-update\src\baseline_results.pkl::all_scenarios[(""knn"", ""10pct"")]"
KNN,10pct,deterministic,3358,17748,2023-06-12,0.0,4.080000288784504,1,"C:\Users\yasemin.bozkurt\Desktop\article\DLPIF-repo-update\src\baseline_results.pkl::all_scenarios[(""knn"", ""10pct"")]"
KNN,10pct,deterministic,3361,17704,2023-06-13,0.0,0.5600000331178308,1,"C:\Users\yasemin.bozkurt\Desktop\article\DLPIF-repo-update\src\baseline_results.pkl::all_scenarios[(""knn"", ""10pct"")]"
KNN,10pct,deterministic,3366,17748,2023-06-14,0.20000000470317902,1.4800000447779895,1,"C:\Users\yasemin.bozkurt\Desktop\article\DLPIF-repo-update\src\baseline_results.pkl::all_scenarios[(""knn"", ""10pct"")]"
KNN,10pct,deterministic,3368,17155,2023-06-15,0.0,1.3600000519305468,1,"C:\Users\yasemin.bozkurt\Desktop\article\DLPIF-repo-update\src\baseline_results.pkl::all_scenarios[(""knn"", ""10pct"")]"
KNN,10pct,deterministic,3374,17748,2023-06-16,0.0,0.5600000331178308,1,"C:\Users\yasemin.bozkurt\Desktop\article\DLPIF-repo-update\src\baseline_results.pkl::all_scenarios[(""knn"", ""10pct"")]"
KNN,10pct,deterministic,3381,17704,2023-06-18,7.800000067055226,3.2000000752508644,1,"C:\Users\yasemin.bozkurt\Desktop\article\DLPIF-repo-update\src\baseline_results.pkl::all_scenarios[(""knn"", ""10pct"")]"
KNN,10pct,deterministic,3383,17750,2023-06-18,6.800000126659871,6.160000164806843,1,"C:\Users\yasemin.bozkurt\Desktop\article\DLPIF-repo-update\src\baseline_results.pkl::all_scenarios[(""knn"", ""10pct"")]"
KNN,10pct,deterministic,3422,17748,2023-06-28,0.0,3.520000056177378,1,"C:\Users\yasemin.bozkurt\Desktop\article\DLPIF-repo-update\src\baseline_results.pkl::all_scenarios[(""knn"", ""10pct"")]"
KNN,10pct,deterministic,3425,17704,2023-06-29,0.0,0.7200000235810876,1,"C:\Users\yasemin.bozkurt\Desktop\article\DLPIF-repo-update\src\baseline_results.pkl::all_scenarios[(""knn"", ""10pct"")]"
KNN,10pct,deterministic,3427,17750,2023-06-29,0.0,0.0400000017718412,1,"C:\Users\yasemin.bozkurt\Desktop\article\DLPIF-repo-update\src\baseline_results.pkl::all_scenarios[(""knn"", ""10pct"")]"
KNN,10pct,deterministic,3428,17155,2023-06-30,0.0,0.20000000470317902,1,"C:\Users\yasemin.bozkurt\Desktop\article\DLPIF-repo-update\src\baseline_results.pkl::all_scenarios[(""knn"", ""10pct"")]"
KNN,10pct,deterministic,3432,17155,2023-07-01,0.0,0.0400000017718412,1,"C:\Users\yasemin.bozkurt\Desktop\article\DLPIF-repo-update\src\baseline_results.pkl::all_scenarios[(""knn"", ""10pct"")]"
KNN,10pct,deterministic,3433,17704,2023-07-01,0.0,0.0,1,"C:\Users\yasemin.bozkurt\Desktop\article\DLPIF-repo-update\src\baseline_results.pkl::all_scenarios[(""knn"", ""10pct"")]"
KNN,10pct,deterministic,3468,17155,2023-07-10,0.5000000034458936,0.0,1,"C:\Users\yasemin.bozkurt\Desktop\article\DLPIF-repo-update\src\baseline_results.pkl::all_scenarios[(""knn"", ""10pct"")]"
KNN,10pct,deterministic,3477,17704,2023-07-12,0.0,0.0,1,"C:\Users\yasemin.bozkurt\Desktop\article\DLPIF-repo-update\src\baseline_results.pkl::all_scenarios[(""knn"", ""10pct"")]"
KNN,10pct,deterministic,3491,17750,2023-07-15,0.0,0.0,1,"C:\Users\yasemin.bozkurt\Desktop\article\DLPIF-repo-update\src\baseline_results.pkl::all_scenarios[(""knn"", ""10pct"")]"
KNN,10pct,deterministic,3495,17750,2023-07-16,0.0,0.0,1,"C:\Users\yasemin.bozkurt\Desktop\article\DLPIF-repo-update\src\baseline_results.pkl::all_scenarios[(""knn"", ""10pct"")]"
KNN,10pct,deterministic,3496,17155,2023-07-17,0.0,0.0,1,"C:\Users\yasemin.bozkurt\Desktop\article\DLPIF-repo-update\src\baseline_results.pkl::all_scenarios[(""knn"", ""10pct"")]"
KNN,10pct,deterministic,3500,17155,2023-07-18,0.0,0.40000000940635805,1,"C:\Users\yasemin.bozkurt\Desktop\article\DLPIF-repo-update\src\baseline_results.pkl::all_scenarios[(""knn"", ""10pct"")]"
KNN,10pct,deterministic,3502,17748,2023-07-18,0.0,0.0,1,"C:\Users\yasemin.bozkurt\Desktop\article\DLPIF-repo-update\src\baseline_results.pkl::all_scenarios[(""knn"", ""10pct"")]"
KNN,10pct,deterministic,3508,17155,2023-07-20,0.0,0.0,1,"C:\Users\yasemin.bozkurt\Desktop\article\DLPIF-repo-update\src\baseline_results.pkl::all_scenarios[(""knn"", ""10pct"")]"
KNN,10pct,deterministic,3514,17748,2023-07-21,0.0,0.0,1,"C:\Users\yasemin.bozkurt\Desktop\article\DLPIF-repo-update\src\baseline_results.pkl::all_scenarios[(""knn"", ""10pct"")]"
KNN,10pct,deterministic,3530,17748,2023-07-25,0.0,0.0,1,"C:\Users\yasemin.bozkurt\Desktop\article\DLPIF-repo-update\src\baseline_results.pkl::all_scenarios[(""knn"", ""10pct"")]"
KNN,10pct,deterministic,3540,17155,2023-07-28,0.0,0.0,1,"C:\Users\yasemin.bozkurt\Desktop\article\DLPIF-repo-update\src\baseline_results.pkl::all_scenarios[(""knn"", ""10pct"")]"
KNN,10pct,deterministic,3546,17748,2023-07-29,0.0,0.0,1,"C:\Users\yasemin.bozkurt\Desktop\article\DLPIF-repo-update\src\baseline_results.pkl::all_scenarios[(""knn"", ""10pct"")]"
KNN,10pct,deterministic,3548,17155,2023-07-30,0.0,0.0,1,"C:\Users\yasemin.bozkurt\Desktop\article\DLPIF-repo-update\src\baseline_results.pkl::all_scenarios[(""knn"", ""10pct"")]"
KNN,10pct,deterministic,3569,17704,2023-08-04,0.0,0.0,1,"C:\Users\yasemin.bozkurt\Desktop\article\DLPIF-repo-update\src\baseline_results.pkl::all_scenarios[(""knn"", ""10pct"")]"
KNN,10pct,deterministic,3578,17748,2023-08-06,0.0,0.0,1,"C:\Users\yasemin.bozkurt\Desktop\article\DLPIF-repo-update\src\baseline_results.pkl::all_scenarios[(""knn"", ""10pct"")]"
KNN,10pct,deterministic,3580,17155,2023-08-07,0.0,0.0,1,"C:\Users\yasemin.bozkurt\Desktop\article\DLPIF-repo-update\src\baseline_results.pkl::all_scenarios[(""knn"", ""10pct"")]"
KNN,10pct,deterministic,3584,17155,2023-08-08,0.0,1.3200000543147328,1,"C:\Users\yasemin.bozkurt\Desktop\article\DLPIF-repo-update\src\baseline_results.pkl::all_scenarios[(""knn"", ""10pct"")]"
KNN,10pct,deterministic,3600,17155,2023-08-12,0.0,0.4800000378862024,1,"C:\Users\yasemin.bozkurt\Desktop\article\DLPIF-repo-update\src\baseline_results.pkl::all_scenarios[(""knn"", ""10pct"")]"
KNN,10pct,deterministic,3639,17750,2023-08-21,0.0,0.0800000035436824,1,"C:\Users\yasemin.bozkurt\Desktop\article\DLPIF-repo-update\src\baseline_results.pkl::all_scenarios[(""knn"", ""10pct"")]"
KNN,10pct,deterministic,3665,17704,2023-08-28,0.0,0.0,1,"C:\Users\yasemin.bozkurt\Desktop\article\DLPIF-repo-update\src\baseline_results.pkl::all_scenarios[(""knn"", ""10pct"")]"
KNN,10pct,deterministic,3706,17748,2023-09-07,0.0,2.0400000113993886,1,"C:\Users\yasemin.bozkurt\Desktop\article\DLPIF-repo-update\src\baseline_results.pkl::all_scenarios[(""knn"", ""10pct"")]"
KNN,10pct,deterministic,3717,17704,2023-09-10,0.0,0.0400000017718412,1,"C:\Users\yasemin.bozkurt\Desktop\article\DLPIF-repo-update\src\baseline_results.pkl::all_scenarios[(""knn"", ""10pct"")]"
KNN,10pct,deterministic,3728,17155,2023-09-13,0.0,0.0,1,"C:\Users\yasemin.bozkurt\Desktop\article\DLPIF-repo-update\src\baseline_results.pkl::all_scenarios[(""knn"", ""10pct"")]"
KNN,10pct,deterministic,3741,17704,2023-09-16,0.0,0.0,1,"C:\Users\yasemin.bozkurt\Desktop\article\DLPIF-repo-update\src\baseline_results.pkl::all_scenarios[(""knn"", ""10pct"")]"
KNN,10pct,deterministic,3749,17704,2023-09-18,0.0,0.0800000035436824,1,"C:\Users\yasemin.bozkurt\Desktop\article\DLPIF-repo-update\src\baseline_results.pkl::all_scenarios[(""knn"", ""10pct"")]"
KNN,10pct,deterministic,3761,17704,2023-09-21,0.0,0.0,1,"C:\Users\yasemin.bozkurt\Desktop\article\DLPIF-repo-update\src\baseline_results.pkl::all_scenarios[(""knn"", ""10pct"")]"
KNN,10pct,deterministic,3764,17155,2023-09-22,0.0,0.0,1,"C:\Users\yasemin.bozkurt\Desktop\article\DLPIF-repo-update\src\baseline_results.pkl::all_scenarios[(""knn"", ""10pct"")]"
KNN,10pct,deterministic,3768,17155,2023-09-23,0.0,0.0,1,"C:\Users\yasemin.bozkurt\Desktop\article\DLPIF-repo-update\src\baseline_results.pkl::all_scenarios[(""knn"", ""10pct"")]"
KNN,10pct,deterministic,3774,17748,2023-09-24,0.0,0.0,1,"C:\Users\yasemin.bozkurt\Desktop\article\DLPIF-repo-update\src\baseline_results.pkl::all_scenarios[(""knn"", ""10pct"")]"
KNN,10pct,deterministic,3779,17750,2023-09-25,0.0,0.0,1,"C:\Users\yasemin.bozkurt\Desktop\article\DLPIF-repo-update\src\baseline_results.pkl::all_scenarios[(""knn"", ""10pct"")]"
KNN,10pct,deterministic,3786,17748,2023-09-27,0.0,1.3000000555068256,1,"C:\Users\yasemin.bozkurt\Desktop\article\DLPIF-repo-update\src\baseline_results.pkl::all_scenarios[(""knn"", ""10pct"")]"
KNN,10pct,deterministic,3802,17748,2023-10-01,5.800000186264516,5.960000176727772,1,"C:\Users\yasemin.bozkurt\Desktop\article\DLPIF-repo-update\src\baseline_results.pkl::all_scenarios[(""knn"", ""10pct"")]"
KNN,10pct,deterministic,3828,17155,2023-10-08,0.0,0.8000000188127161,1,"C:\Users\yasemin.bozkurt\Desktop\article\DLPIF-repo-update\src\baseline_results.pkl::all_scenarios[(""knn"", ""10pct"")]"
KNN,10pct,deterministic,3832,17155,2023-10-09,0.0,2.5200001157820227,1,"C:\Users\yasemin.bozkurt\Desktop\article\DLPIF-repo-update\src\baseline_results.pkl::all_scenarios[(""knn"", ""10pct"")]"
KNN,10pct,deterministic,3852,17155,2023-10-14,0.0,0.0,1,"C:\Users\yasemin.bozkurt\Desktop\article\DLPIF-repo-update\src\baseline_results.pkl::all_scenarios[(""knn"", ""10pct"")]"
KNN,10pct,deterministic,3861,17704,2023-10-16,0.0,0.0,1,"C:\Users\yasemin.bozkurt\Desktop\article\DLPIF-repo-update\src\baseline_results.pkl::all_scenarios[(""knn"", ""10pct"")]"
KNN,10pct,deterministic,3862,17748,2023-10-16,0.0,2.0800001420080663,1,"C:\Users\yasemin.bozkurt\Desktop\article\DLPIF-repo-update\src\baseline_results.pkl::all_scenarios[(""knn"", ""10pct"")]"
KNN,10pct,deterministic,3873,17704,2023-10-19,0.8000000188127161,0.0400000017718412,1,"C:\Users\yasemin.bozkurt\Desktop\article\DLPIF-repo-update\src\baseline_results.pkl::all_scenarios[(""knn"", ""10pct"")]"
KNN,10pct,deterministic,3877,17704,2023-10-20,0.40000000940635805,0.0,1,"C:\Users\yasemin.bozkurt\Desktop\article\DLPIF-repo-update\src\baseline_results.pkl::all_scenarios[(""knn"", ""10pct"")]"
KNN,10pct,deterministic,3889,17704,2023-10-23,0.0,0.0,1,"C:\Users\yasemin.bozkurt\Desktop\article\DLPIF-repo-update\src\baseline_results.pkl::all_scenarios[(""knn"", ""10pct"")]"
KNN,10pct,deterministic,3891,17750,2023-10-23,0.0,0.0,1,"C:\Users\yasemin.bozkurt\Desktop\article\DLPIF-repo-update\src\baseline_results.pkl::all_scenarios[(""knn"", ""10pct"")]"
KNN,10pct,deterministic,3893,17704,2023-10-24,0.0,0.0,1,"C:\Users\yasemin.bozkurt\Desktop\article\DLPIF-repo-update\src\baseline_results.pkl::all_scenarios[(""knn"", ""10pct"")]"
KNN,10pct,deterministic,3897,17704,2023-10-25,0.0,0.0,1,"C:\Users\yasemin.bozkurt\Desktop\article\DLPIF-repo-update\src\baseline_results.pkl::all_scenarios[(""knn"", ""10pct"")]"
KNN,10pct,deterministic,3904,17155,2023-10-27,0.0,0.0,1,"C:\Users\yasemin.bozkurt\Desktop\article\DLPIF-repo-update\src\baseline_results.pkl::all_scenarios[(""knn"", ""10pct"")]"
KNN,10pct,deterministic,3907,17750,2023-10-27,0.0,0.0,1,"C:\Users\yasemin.bozkurt\Desktop\article\DLPIF-repo-update\src\baseline_results.pkl::all_scenarios[(""knn"", ""10pct"")]"
KNN,10pct,deterministic,3918,17748,2023-10-30,0.0,0.7200000235810876,1,"C:\Users\yasemin.bozkurt\Desktop\article\DLPIF-repo-update\src\baseline_results.pkl::all_scenarios[(""knn"", ""10pct"")]"
KNN,10pct,deterministic,3921,17704,2023-10-31,0.0,0.0,1,"C:\Users\yasemin.bozkurt\Desktop\article\DLPIF-repo-update\src\baseline_results.pkl::all_scenarios[(""knn"", ""10pct"")]"
KNN,10pct,deterministic,3924,17155,2023-11-01,0.0,0.0,1,"C:\Users\yasemin.bozkurt\Desktop\article\DLPIF-repo-update\src\baseline_results.pkl::all_scenarios[(""knn"", ""10pct"")]"
KNN,10pct,deterministic,3926,17748,2023-11-01,0.0,0.0400000017718412,1,"C:\Users\yasemin.bozkurt\Desktop\article\DLPIF-repo-update\src\baseline_results.pkl::all_scenarios[(""knn"", ""10pct"")]"
KNN,10pct,deterministic,3929,17704,2023-11-02,0.600000030733645,0.2800000165589154,1,"C:\Users\yasemin.bozkurt\Desktop\article\DLPIF-repo-update\src\baseline_results.pkl::all_scenarios[(""knn"", ""10pct"")]"
KNN,10pct,deterministic,3930,17748,2023-11-02,0.0,1.3600000519305468,1,"C:\Users\yasemin.bozkurt\Desktop\article\DLPIF-repo-update\src\baseline_results.pkl::all_scenarios[(""knn"", ""10pct"")]"
KNN,10pct,deterministic,3941,17704,2023-11-05,1.0000000068917871,0.44000000702217223,1,"C:\Users\yasemin.bozkurt\Desktop\article\DLPIF-repo-update\src\baseline_results.pkl::all_scenarios[(""knn"", ""10pct"")]"
KNN,10pct,deterministic,3995,17750,2023-11-18,3.6000000514090065,10.600000432133676,1,"C:\Users\yasemin.bozkurt\Desktop\article\DLPIF-repo-update\src\baseline_results.pkl::all_scenarios[(""knn"", ""10pct"")]"
KNN,10pct,deterministic,3998,17748,2023-11-19,10.400000444054605,9.040000525116922,1,"C:\Users\yasemin.bozkurt\Desktop\article\DLPIF-repo-update\src\baseline_results.pkl::all_scenarios[(""knn"", ""10pct"")]"
KNN,10pct,deterministic,3999,17750,2023-11-19,8.200000043213368,4.04000029116869,1,"C:\Users\yasemin.bozkurt\Desktop\article\DLPIF-repo-update\src\baseline_results.pkl::all_scenarios[(""knn"", ""10pct"")]"
KNN,10pct,deterministic,4017,17704,2023-11-24,1.20000006146729,12.560000315308573,1,"C:\Users\yasemin.bozkurt\Desktop\article\DLPIF-repo-update\src\baseline_results.pkl::all_scenarios[(""knn"", ""10pct"")]"
KNN,10pct,deterministic,4036,17155,2023-11-29,0.10000000235158951,4.1600002840161325,1,"C:\Users\yasemin.bozkurt\Desktop\article\DLPIF-repo-update\src\baseline_results.pkl::all_scenarios[(""knn"", ""10pct"")]"
KNN,10pct,deterministic,4059,17750,2023-12-04,0.0,2.6000001110136512,1,"C:\Users\yasemin.bozkurt\Desktop\article\DLPIF-repo-update\src\baseline_results.pkl::all_scenarios[(""knn"", ""10pct"")]"
KNN,10pct,deterministic,4061,17704,2023-12-05,0.0,4.400000003725291,1,"C:\Users\yasemin.bozkurt\Desktop\article\DLPIF-repo-update\src\baseline_results.pkl::all_scenarios[(""knn"", ""10pct"")]"
KNN,10pct,deterministic,4063,17750,2023-12-05,0.0,2.5200001157820227,1,"C:\Users\yasemin.bozkurt\Desktop\article\DLPIF-repo-update\src\baseline_results.pkl::all_scenarios[(""knn"", ""10pct"")]"
KNN,10pct,deterministic,4078,17748,2023-12-09,9.200000515580179,5.080000229179859,1,"C:\Users\yasemin.bozkurt\Desktop\article\DLPIF-repo-update\src\baseline_results.pkl::all_scenarios[(""knn"", ""10pct"")]"
KNN,10pct,deterministic,4079,17750,2023-12-09,6.000000174343587,6.6000001385808,1,"C:\Users\yasemin.bozkurt\Desktop\article\DLPIF-repo-update\src\baseline_results.pkl::all_scenarios[(""knn"", ""10pct"")]"
KNN,10pct,deterministic,4083,17750,2023-12-10,4.000000027567149,0.7600000211969019,1,"C:\Users\yasemin.bozkurt\Desktop\article\DLPIF-repo-update\src\baseline_results.pkl::all_scenarios[(""knn"", ""10pct"")]"
KNN,10pct,deterministic,4085,17704,2023-12-11,5.0000002339482315,2.080000009015203,1,"C:\Users\yasemin.bozkurt\Desktop\article\DLPIF-repo-update\src\baseline_results.pkl::all_scenarios[(""knn"", ""10pct"")]"
KNN,10pct,deterministic,4097,17704,2023-12-14,0.0,1.20000006146729,1,"C:\Users\yasemin.bozkurt\Desktop\article\DLPIF-repo-update\src\baseline_results.pkl::all_scenarios[(""knn"", ""10pct"")]"
KNN,10pct,deterministic,4102,17748,2023-12-15,0.0,0.0400000017718412,1,"C:\Users\yasemin.bozkurt\Desktop\article\DLPIF-repo-update\src\baseline_results.pkl::all_scenarios[(""knn"", ""10pct"")]"
KNN,10pct,deterministic,4108,17155,2023-12-17,5.300000216066838,5.960000176727772,1,"C:\Users\yasemin.bozkurt\Desktop\article\DLPIF-repo-update\src\baseline_results.pkl::all_scenarios[(""knn"", ""10pct"")]"
KNN,10pct,deterministic,4133,17704,2023-12-23,6.000000174343587,0.8400000164285303,1,"C:\Users\yasemin.bozkurt\Desktop\article\DLPIF-repo-update\src\baseline_results.pkl::all_scenarios[(""knn"", ""10pct"")]"
KNN,10pct,deterministic,4140,17155,2023-12-25,0.0,0.0400000017718412,1,"C:\Users\yasemin.bozkurt\Desktop\article\DLPIF-repo-update\src\baseline_results.pkl::all_scenarios[(""knn"", ""10pct"")]"
KNN,10pct,deterministic,4141,17704,2023-12-25,0.0,0.0,1,"C:\Users\yasemin.bozkurt\Desktop\article\DLPIF-repo-update\src\baseline_results.pkl::all_scenarios[(""knn"", ""10pct"")]"
KNN,10pct,deterministic,4157,17704,2023-12-29,0.0,0.0,1,"C:\Users\yasemin.bozkurt\Desktop\article\DLPIF-repo-update\src\baseline_results.pkl::all_scenarios[(""knn"", ""10pct"")]"
KNN,10pct,deterministic,4162,17748,2023-12-30,0.0,1.8400001563131811,1,"C:\Users\yasemin.bozkurt\Desktop\article\DLPIF-repo-update\src\baseline_results.pkl::all_scenarios[(""knn"", ""10pct"")]"
KNN,20pct,deterministic,10,17748,2021-02-25,0.0,0.0,1,"C:\Users\yasemin.bozkurt\Desktop\article\DLPIF-repo-update\src\baseline_results.pkl::all_scenarios[(""knn"", ""20pct"")]"
KNN,20pct,deterministic,16,17155,2021-02-27,0.0,0.0,1,"C:\Users\yasemin.bozkurt\Desktop\article\DLPIF-repo-update\src\baseline_results.pkl::all_scenarios[(""knn"", ""20pct"")]"
KNN,20pct,deterministic,17,17704,2021-02-27,0.0,0.0400000017718412,1,"C:\Users\yasemin.bozkurt\Desktop\article\DLPIF-repo-update\src\baseline_results.pkl::all_scenarios[(""knn"", ""20pct"")]"
KNN,20pct,deterministic,19,17750,2021-02-27,0.0,0.0,1,"C:\Users\yasemin.bozkurt\Desktop\article\DLPIF-repo-update\src\baseline_results.pkl::all_scenarios[(""knn"", ""20pct"")]"
KNN,20pct,deterministic,22,17748,2021-02-28,0.20000000470317902,0.1200000094715506,1,"C:\Users\yasemin.bozkurt\Desktop\article\DLPIF-repo-update\src\baseline_results.pkl::all_scenarios[(""knn"", ""20pct"")]"
KNN,20pct,deterministic,32,17155,2021-03-03,2.8000000990927223,0.2400000189431012,1,"C:\Users\yasemin.bozkurt\Desktop\article\DLPIF-repo-update\src\baseline_results.pkl::all_scenarios[(""knn"", ""20pct"")]"
KNN,20pct,deterministic,36,17155,2021-03-04,0.0,0.0,1,"C:\Users\yasemin.bozkurt\Desktop\article\DLPIF-repo-update\src\baseline_results.pkl::all_scenarios[(""knn"", ""20pct"")]"
KNN,20pct,deterministic,37,17704,2021-03-04,0.0,0.0,1,"C:\Users\yasemin.bozkurt\Desktop\article\DLPIF-repo-update\src\baseline_results.pkl::all_scenarios[(""knn"", ""20pct"")]"
KNN,20pct,deterministic,49,17704,2021-03-07,6.200000162422658,3.320000068098307,1,"C:\Users\yasemin.bozkurt\Desktop\article\DLPIF-repo-update\src\baseline_results.pkl::all_scenarios[(""knn"", ""20pct"")]"
KNN,20pct,deterministic,54,17748,2021-03-08,0.0,0.0,1,"C:\Users\yasemin.bozkurt\Desktop\article\DLPIF-repo-update\src\baseline_results.pkl::all_scenarios[(""knn"", ""20pct"")]"
KNN,20pct,deterministic,57,17704,2021-03-09,0.0,0.0,1,"C:\Users\yasemin.bozkurt\Desktop\article\DLPIF-repo-update\src\baseline_results.pkl::all_scenarios[(""knn"", ""20pct"")]"
KNN,20pct,deterministic,58,17748,2021-03-09,0.0,0.0,1,"C:\Users\yasemin.bozkurt\Desktop\article\DLPIF-repo-update\src\baseline_results.pkl::all_scenarios[(""knn"", ""20pct"")]"
KNN,20pct,deterministic,66,17748,2021-03-11,0.20000000470317902,1.920000018551946,1,"C:\Users\yasemin.bozkurt\Desktop\article\DLPIF-repo-update\src\baseline_results.pkl::all_scenarios[(""knn"", ""20pct"")]"
KNN,20pct,deterministic,67,17750,2021-03-11,0.0,3.4800000585615636,1,"C:\Users\yasemin.bozkurt\Desktop\article\DLPIF-repo-update\src\baseline_results.pkl::all_scenarios[(""knn"", ""20pct"")]"
KNN,20pct,deterministic,70,17748,2021-03-12,9.800000479817392,0.0400000017718412,1,"C:\Users\yasemin.bozkurt\Desktop\article\DLPIF-repo-update\src\baseline_results.pkl::all_scenarios[(""knn"", ""20pct"")]"
KNN,20pct,deterministic,71,17750,2021-03-12,8.200000043213368,1.1200000662356615,1,"C:\Users\yasemin.bozkurt\Desktop\article\DLPIF-repo-update\src\baseline_results.pkl::all_scenarios[(""knn"", ""20pct"")]"
KNN,20pct,deterministic,79,17750,2021-03-14,0.0,0.0,1,"C:\Users\yasemin.bozkurt\Desktop\article\DLPIF-repo-update\src\baseline_results.pkl::all_scenarios[(""knn"", ""20pct"")]"
KNN,20pct,deterministic,88,17155,2021-03-17,10.600000432133676,5.0000002339482315,1,"C:\Users\yasemin.bozkurt\Desktop\article\DLPIF-repo-update\src\baseline_results.pkl::all_scenarios[(""knn"", ""20pct"")]"
KNN,20pct,deterministic,89,17704,2021-03-17,1.6000000376254322,0.6800000259652734,1,"C:\Users\yasemin.bozkurt\Desktop\article\DLPIF-repo-update\src\baseline_results.pkl::all_scenarios[(""knn"", ""20pct"")]"
KNN,20pct,deterministic,91,17750,2021-03-17,7.600000078976155,3.8000000394880775,1,"C:\Users\yasemin.bozkurt\Desktop\article\DLPIF-repo-update\src\baseline_results.pkl::all_scenarios[(""knn"", ""20pct"")]"
KNN,20pct,deterministic,92,17155,2021-03-18,0.600000030733645,0.3600000117905438,1,"C:\Users\yasemin.bozkurt\Desktop\article\DLPIF-repo-update\src\baseline_results.pkl::all_scenarios[(""knn"", ""20pct"")]"
KNN,20pct,deterministic,93,17704,2021-03-18,1.4000000495463611,0.8400000164285303,1,"C:\Users\yasemin.bozkurt\Desktop\article\DLPIF-repo-update\src\baseline_results.pkl::all_scenarios[(""knn"", ""20pct"")]"
KNN,20pct,deterministic,94,17748,2021-03-18,3.0000000871717933,2.6800001062452794,1,"C:\Users\yasemin.bozkurt\Desktop\article\DLPIF-repo-update\src\baseline_results.pkl::all_scenarios[(""knn"", ""20pct"")]"
KNN,20pct,deterministic,96,17155,2021-03-19,3.4000000633299354,4.560000260174275,1,"C:\Users\yasemin.bozkurt\Desktop\article\DLPIF-repo-update\src\baseline_results.pkl::all_scenarios[(""knn"", ""20pct"")]"
KNN,20pct,deterministic,104,17155,2021-03-21,14.000000229477884,1.6800000328570606,1,"C:\Users\yasemin.bozkurt\Desktop\article\DLPIF-repo-update\src\baseline_results.pkl::all_scenarios[(""knn"", ""20pct"")]"
KNN,20pct,deterministic,105,17704,2021-03-21,1.20000006146729,0.6400000283494592,1,"C:\Users\yasemin.bozkurt\Desktop\article\DLPIF-repo-update\src\baseline_results.pkl::all_scenarios[(""knn"", ""20pct"")]"
KNN,20pct,deterministic,107,17750,2021-03-21,6.200000162422658,1.3600000519305468,1,"C:\Users\yasemin.bozkurt\Desktop\article\DLPIF-repo-update\src\baseline_results.pkl::all_scenarios[(""knn"", ""20pct"")]"
KNN,20pct,deterministic,124,17155,2021-03-26,0.8000000188127161,0.2800000165589154,1,"C:\Users\yasemin.bozkurt\Desktop\article\DLPIF-repo-update\src\baseline_results.pkl::all_scenarios[(""knn"", ""20pct"")]"
KNN,20pct,deterministic,127,17750,2021-03-26,0.8000000188127161,0.0,1,"C:\Users\yasemin.bozkurt\Desktop\article\DLPIF-repo-update\src\baseline_results.pkl::all_scenarios[(""knn"", ""20pct"")]"
KNN,20pct,deterministic,135,17750,2021-03-28,0.20000000470317902,0.0,1,"C:\Users\yasemin.bozkurt\Desktop\article\DLPIF-repo-update\src\baseline_results.pkl::all_scenarios[(""knn"", ""20pct"")]"
KNN,20pct,deterministic,143,17750,2021-03-30,0.0,0.0,1,"C:\Users\yasemin.bozkurt\Desktop\article\DLPIF-repo-update\src\baseline_results.pkl::all_scenarios[(""knn"", ""20pct"")]"
KNN,20pct,deterministic,145,17704,2021-03-31,3.0000000871717933,1.0800000686198474,1,"C:\Users\yasemin.bozkurt\Desktop\article\DLPIF-repo-update\src\baseline_results.pkl::all_scenarios[(""knn"", ""20pct"")]"
KNN,20pct,deterministic,150,17748,2021-04-01,0.600000030733645,5.440000207722187,1,"C:\Users\yasemin.bozkurt\Desktop\article\DLPIF-repo-update\src\baseline_results.pkl::all_scenarios[(""knn"", ""20pct"")]"
KNN,20pct,deterministic,152,17155,2021-04-02,0.0,0.6400000283494592,1,"C:\Users\yasemin.bozkurt\Desktop\article\DLPIF-repo-update\src\baseline_results.pkl::all_scenarios[(""knn"", ""20pct"")]"
KNN,20pct,deterministic,155,17750,2021-04-02,0.0,0.6400000283494592,1,"C:\Users\yasemin.bozkurt\Desktop\article\DLPIF-repo-update\src\baseline_results.pkl::all_scenarios[(""knn"", ""20pct"")]"
KNN,20pct,deterministic,157,17704,2021-04-03,0.0,0.6800000259652734,1,"C:\Users\yasemin.bozkurt\Desktop\article\DLPIF-repo-update\src\baseline_results.pkl::all_scenarios[(""knn"", ""20pct"")]"
KNN,20pct,deterministic,159,17750,2021-04-03,0.0,2.40000012293458,1,"C:\Users\yasemin.bozkurt\Desktop\article\DLPIF-repo-update\src\baseline_results.pkl::all_scenarios[(""knn"", ""20pct"")]"
KNN,20pct,deterministic,162,17748,2021-04-04,0.0,1.2400000590831042,1,"C:\Users\yasemin.bozkurt\Desktop\article\DLPIF-repo-update\src\baseline_results.pkl::all_scenarios[(""knn"", ""20pct"")]"
KNN,20pct,deterministic,163,17750,2021-04-04,0.0,0.0400000017718412,1,"C:\Users\yasemin.bozkurt\Desktop\article\DLPIF-repo-update\src\baseline_results.pkl::all_scenarios[(""knn"", ""20pct"")]"
KNN,20pct,deterministic,169,17704,2021-04-06,11.20000039637089,0.3600000117905438,1,"C:\Users\yasemin.bozkurt\Desktop\article\DLPIF-repo-update\src\baseline_results.pkl::all_scenarios[(""knn"", ""20pct"")]"
KNN,20pct,deterministic,171,17750,2021-04-06,5.2000002220273025,5.680000193417073,1,"C:\Users\yasemin.bozkurt\Desktop\article\DLPIF-repo-update\src\baseline_results.pkl::all_scenarios[(""knn"", ""20pct"")]"
KNN,20pct,deterministic,185,17704,2021-04-10,0.0,0.0800000035436824,1,"C:\Users\yasemin.bozkurt\Desktop\article\DLPIF-repo-update\src\baseline_results.pkl::all_scenarios[(""knn"", ""20pct"")]"
KNN,20pct,deterministic,190,17748,2021-04-11,0.20000000470317902,0.0,1,"C:\Users\yasemin.bozkurt\Desktop\article\DLPIF-repo-update\src\baseline_results.pkl::all_scenarios[(""knn"", ""20pct"")]"
KNN,20pct,deterministic,194,17748,2021-04-12,0.0,0.0800000035436824,1,"C:\Users\yasemin.bozkurt\Desktop\article\DLPIF-repo-update\src\baseline_results.pkl::all_scenarios[(""knn"", ""20pct"")]"
KNN,20pct,deterministic,195,17750,2021-04-12,0.0,0.0,1,"C:\Users\yasemin.bozkurt\Desktop\article\DLPIF-repo-update\src\baseline_results.pkl::all_scenarios[(""knn"", ""20pct"")]"
KNN,20pct,deterministic,199,17750,2021-04-13,0.0,0.0,1,"C:\Users\yasemin.bozkurt\Desktop\article\DLPIF-repo-update\src\baseline_results.pkl::all_scenarios[(""knn"", ""20pct"")]"
KNN,20pct,deterministic,204,17155,2021-04-15,0.0,0.0400000017718412,1,"C:\Users\yasemin.bozkurt\Desktop\article\DLPIF-repo-update\src\baseline_results.pkl::all_scenarios[(""knn"", ""20pct"")]"
KNN,20pct,deterministic,211,17750,2021-04-16,0.0,5.040000231564045,1,"C:\Users\yasemin.bozkurt\Desktop\article\DLPIF-repo-update\src\baseline_results.pkl::all_scenarios[(""knn"", ""20pct"")]"
KNN,20pct,deterministic,212,17155,2021-04-17,0.20000000470317902,0.7200000235810876,1,"C:\Users\yasemin.bozkurt\Desktop\article\DLPIF-repo-update\src\baseline_results.pkl::all_scenarios[(""knn"", ""20pct"")]"
KNN,20pct,deterministic,220,17155,2021-04-19,10.800000420212747,4.520000262558461,1,"C:\Users\yasemin.bozkurt\Desktop\article\DLPIF-repo-update\src\baseline_results.pkl::all_scenarios[(""knn"", ""20pct"")]"
KNN,20pct,deterministic,225,17704,2021-04-20,13.000000289082529,1.6400000352412463,1,"C:\Users\yasemin.bozkurt\Desktop\article\DLPIF-repo-update\src\baseline_results.pkl::all_scenarios[(""knn"", ""20pct"")]"
KNN,20pct,deterministic,236,17155,2021-04-23,0.0,0.0,1,"C:\Users\yasemin.bozkurt\Desktop\article\DLPIF-repo-update\src\baseline_results.pkl::all_scenarios[(""knn"", ""20pct"")]"
KNN,20pct,deterministic,247,17750,2021-04-25,7.000000114738942,1.6800000328570606,1,"C:\Users\yasemin.bozkurt\Desktop\article\DLPIF-repo-update\src\baseline_results.pkl::all_scenarios[(""knn"", ""20pct"")]"
KNN,20pct,deterministic,249,17704,2021-04-26,6.000000174343587,7.160000105202198,1,"C:\Users\yasemin.bozkurt\Desktop\article\DLPIF-repo-update\src\baseline_results.pkl::all_scenarios[(""knn"", ""20pct"")]"
KNN,20pct,deterministic,251,17750,2021-04-26,0.20000000470317902,1.8000000257045032,1,"C:\Users\yasemin.bozkurt\Desktop\article\DLPIF-repo-update\src\baseline_results.pkl::all_scenarios[(""knn"", ""20pct"")]"
KNN,20pct,deterministic,253,17704,2021-04-27,0.0,0.0,1,"C:\Users\yasemin.bozkurt\Desktop\article\DLPIF-repo-update\src\baseline_results.pkl::all_scenarios[(""knn"", ""20pct"")]"
KNN,20pct,deterministic,256,17155,2021-04-28,0.0,0.0400000017718412,1,"C:\Users\yasemin.bozkurt\Desktop\article\DLPIF-repo-update\src\baseline_results.pkl::all_scenarios[(""knn"", ""20pct"")]"
KNN,20pct,deterministic,261,17704,2021-04-29,0.40000000940635805,0.0400000017718412,1,"C:\Users\yasemin.bozkurt\Desktop\article\DLPIF-repo-update\src\baseline_results.pkl::all_scenarios[(""knn"", ""20pct"")]"
KNN,20pct,deterministic,265,17704,2021-04-30,0.0,0.0,1,"C:\Users\yasemin.bozkurt\Desktop\article\DLPIF-repo-update\src\baseline_results.pkl::all_scenarios[(""knn"", ""20pct"")]"
KNN,20pct,deterministic,266,17748,2021-04-30,0.0,0.0,1,"C:\Users\yasemin.bozkurt\Desktop\article\DLPIF-repo-update\src\baseline_results.pkl::all_scenarios[(""knn"", ""20pct"")]"
KNN,20pct,deterministic,269,17704,2021-05-01,0.0,0.2400000189431012,1,"C:\Users\yasemin.bozkurt\Desktop\article\DLPIF-repo-update\src\baseline_results.pkl::all_scenarios[(""knn"", ""20pct"")]"
KNN,20pct,deterministic,278,17748,2021-05-03,0.0,0.0,1,"C:\Users\yasemin.bozkurt\Desktop\article\DLPIF-repo-update\src\baseline_results.pkl::all_scenarios[(""knn"", ""20pct"")]"
KNN,20pct,deterministic,279,17750,2021-05-03,0.0,0.0,1,"C:\Users\yasemin.bozkurt\Desktop\article\DLPIF-repo-update\src\baseline_results.pkl::all_scenarios[(""knn"", ""20pct"")]"
KNN,20pct,deterministic,287,17750,2021-05-05,0.0,0.8800000140443445,1,"C:\Users\yasemin.bozkurt\Desktop\article\DLPIF-repo-update\src\baseline_results.pkl::all_scenarios[(""knn"", ""20pct"")]"
KNN,20pct,deterministic,297,17704,2021-05-08,0.0,0.6400000283494592,1,"C:\Users\yasemin.bozkurt\Desktop\article\DLPIF-repo-update\src\baseline_results.pkl::all_scenarios[(""knn"", ""20pct"")]"
KNN,20pct,deterministic,298,17748,2021-05-08,0.0,0.9600000757724048,1,"C:\Users\yasemin.bozkurt\Desktop\article\DLPIF-repo-update\src\baseline_results.pkl::all_scenarios[(""knn"", ""20pct"")]"
KNN,20pct,deterministic,302,17748,2021-05-09,0.40000000940635805,1.8800001539289952,1,"C:\Users\yasemin.bozkurt\Desktop\article\DLPIF-repo-update\src\baseline_results.pkl::all_scenarios[(""knn"", ""20pct"")]"
KNN,20pct,deterministic,311,17750,2021-05-11,0.0,0.0,1,"C:\Users\yasemin.bozkurt\Desktop\article\DLPIF-repo-update\src\baseline_results.pkl::all_scenarios[(""knn"", ""20pct"")]"
KNN,20pct,deterministic,315,17750,2021-05-12,0.0,0.0,1,"C:\Users\yasemin.bozkurt\Desktop\article\DLPIF-repo-update\src\baseline_results.pkl::all_scenarios[(""knn"", ""20pct"")]"
KNN,20pct,deterministic,316,17155,2021-05-13,0.0,0.0,1,"C:\Users\yasemin.bozkurt\Desktop\article\DLPIF-repo-update\src\baseline_results.pkl::all_scenarios[(""knn"", ""20pct"")]"
KNN,20pct,deterministic,317,17704,2021-05-13,0.0,0.0,1,"C:\Users\yasemin.bozkurt\Desktop\article\DLPIF-repo-update\src\baseline_results.pkl::all_scenarios[(""knn"", ""20pct"")]"
KNN,20pct,deterministic,318,17748,2021-05-13,0.0,0.0,1,"C:\Users\yasemin.bozkurt\Desktop\article\DLPIF-repo-update\src\baseline_results.pkl::all_scenarios[(""knn"", ""20pct"")]"
KNN,20pct,deterministic,319,17750,2021-05-13,0.0,0.0,1,"C:\Users\yasemin.bozkurt\Desktop\article\DLPIF-repo-update\src\baseline_results.pkl::all_scenarios[(""knn"", ""20pct"")]"
KNN,20pct,deterministic,326,17748,2021-05-15,0.0,0.0,1,"C:\Users\yasemin.bozkurt\Desktop\article\DLPIF-repo-update\src\baseline_results.pkl::all_scenarios[(""knn"", ""20pct"")]"
KNN,20pct,deterministic,332,17155,2021-05-17,0.0,0.0400000017718412,1,"C:\Users\yasemin.bozkurt\Desktop\article\DLPIF-repo-update\src\baseline_results.pkl::all_scenarios[(""knn"", ""20pct"")]"
KNN,20pct,deterministic,334,17748,2021-05-17,0.0,0.7600000211969019,1,"C:\Users\yasemin.bozkurt\Desktop\article\DLPIF-repo-update\src\baseline_results.pkl::all_scenarios[(""knn"", ""20pct"")]"
KNN,20pct,deterministic,350,17748,2021-05-21,0.0,2.240000132471323,1,"C:\Users\yasemin.bozkurt\Desktop\article\DLPIF-repo-update\src\baseline_results.pkl::all_scenarios[(""knn"", ""20pct"")]"
KNN,20pct,deterministic,353,17704,2021-05-22,1.0000000068917871,1.2800000566989185,1,"C:\Users\yasemin.bozkurt\Desktop\article\DLPIF-repo-update\src\baseline_results.pkl::all_scenarios[(""knn"", ""20pct"")]"
KNN,20pct,deterministic,360,17155,2021-05-24,0.0,0.0,1,"C:\Users\yasemin.bozkurt\Desktop\article\DLPIF-repo-update\src\baseline_results.pkl::all_scenarios[(""knn"", ""20pct"")]"
KNN,20pct,deterministic,362,17748,2021-05-24,0.0,0.0,1,"C:\Users\yasemin.bozkurt\Desktop\article\DLPIF-repo-update\src\baseline_results.pkl::all_scenarios[(""knn"", ""20pct"")]"
KNN,20pct,deterministic,371,17750,2021-05-26,0.0,0.0,1,"C:\Users\yasemin.bozkurt\Desktop\article\DLPIF-repo-update\src\baseline_results.pkl::all_scenarios[(""knn"", ""20pct"")]"
KNN,20pct,deterministic,374,17748,2021-05-27,0.0,2.1200001396238806,1,"C:\Users\yasemin.bozkurt\Desktop\article\DLPIF-repo-update\src\baseline_results.pkl::all_scenarios[(""knn"", ""20pct"")]"
KNN,20pct,deterministic,378,17748,2021-05-28,0.0,0.2800000165589154,1,"C:\Users\yasemin.bozkurt\Desktop\article\DLPIF-repo-update\src\baseline_results.pkl::all_scenarios[(""knn"", ""20pct"")]"
KNN,20pct,deterministic,383,17750,2021-05-29,0.0,0.600000030733645,1,"C:\Users\yasemin.bozkurt\Desktop\article\DLPIF-repo-update\src\baseline_results.pkl::all_scenarios[(""knn"", ""20pct"")]"
KNN,20pct,deterministic,387,17750,2021-05-30,0.0,1.2800000566989185,1,"C:\Users\yasemin.bozkurt\Desktop\article\DLPIF-repo-update\src\baseline_results.pkl::all_scenarios[(""knn"", ""20pct"")]"
KNN,20pct,deterministic,388,17155,2021-05-31,1.20000006146729,3.6000000514090065,1,"C:\Users\yasemin.bozkurt\Desktop\article\DLPIF-repo-update\src\baseline_results.pkl::all_scenarios[(""knn"", ""20pct"")]"
KNN,20pct,deterministic,391,17750,2021-05-31,4.80000024586916,0.8000000188127161,1,"C:\Users\yasemin.bozkurt\Desktop\article\DLPIF-repo-update\src\baseline_results.pkl::all_scenarios[(""knn"", ""20pct"")]"
KNN,20pct,deterministic,393,17704,2021-06-01,9.200000515580179,6.720000131428242,1,"C:\Users\yasemin.bozkurt\Desktop\article\DLPIF-repo-update\src\baseline_results.pkl::all_scenarios[(""knn"", ""20pct"")]"
KNN,20pct,deterministic,401,17704,2021-06-03,1.0000000068917871,0.24000000231899324,1,"C:\Users\yasemin.bozkurt\Desktop\article\DLPIF-repo-update\src\baseline_results.pkl::all_scenarios[(""knn"", ""20pct"")]"
KNN,20pct,deterministic,406,17748,2021-06-04,0.0,0.0400000017718412,1,"C:\Users\yasemin.bozkurt\Desktop\article\DLPIF-repo-update\src\baseline_results.pkl::all_scenarios[(""knn"", ""20pct"")]"
KNN,20pct,deterministic,407,17750,2021-06-04,0.0,0.0400000017718412,1,"C:\Users\yasemin.bozkurt\Desktop\article\DLPIF-repo-update\src\baseline_results.pkl::all_scenarios[(""knn"", ""20pct"")]"
KNN,20pct,deterministic,416,17155,2021-06-07,0.0,0.0400000017718412,1,"C:\Users\yasemin.bozkurt\Desktop\article\DLPIF-repo-update\src\baseline_results.pkl::all_scenarios[(""knn"", ""20pct"")]"
KNN,20pct,deterministic,418,17748,2021-06-07,0.0,0.0,1,"C:\Users\yasemin.bozkurt\Desktop\article\DLPIF-repo-update\src\baseline_results.pkl::all_scenarios[(""knn"", ""20pct"")]"
KNN,20pct,deterministic,420,17155,2021-06-08,0.0,0.20000000470317902,1,"C:\Users\yasemin.bozkurt\Desktop\article\DLPIF-repo-update\src\baseline_results.pkl::all_scenarios[(""knn"", ""20pct"")]"
KNN,20pct,deterministic,424,17155,2021-06-09,6.800000126659871,12.86000029742718,1,"C:\Users\yasemin.bozkurt\Desktop\article\DLPIF-repo-update\src\baseline_results.pkl::all_scenarios[(""knn"", ""20pct"")]"
KNN,20pct,deterministic,429,17704,2021-06-10,0.0,0.0400000017718412,1,"C:\Users\yasemin.bozkurt\Desktop\article\DLPIF-repo-update\src\baseline_results.pkl::all_scenarios[(""knn"", ""20pct"")]"
KNN,20pct,deterministic,436,17155,2021-06-12,3.0000000871717933,0.0400000017718412,1,"C:\Users\yasemin.bozkurt\Desktop\article\DLPIF-repo-update\src\baseline_results.pkl::all_scenarios[(""knn"", ""20pct"")]"
KNN,20pct,deterministic,439,17750,2021-06-12,0.600000030733645,1.3200000543147328,1,"C:\Users\yasemin.bozkurt\Desktop\article\DLPIF-repo-update\src\baseline_results.pkl::all_scenarios[(""knn"", ""20pct"")]"
KNN,20pct,deterministic,448,17155,2021-06-15,10.400000444054605,3.6000000514090065,1,"C:\Users\yasemin.bozkurt\Desktop\article\DLPIF-repo-update\src\baseline_results.pkl::all_scenarios[(""knn"", ""20pct"")]"
KNN,20pct,deterministic,450,17748,2021-06-15,17.40000002682209,8.000000055134297,1,"C:\Users\yasemin.bozkurt\Desktop\article\DLPIF-repo-update\src\baseline_results.pkl::all_scenarios[(""knn"", ""20pct"")]"
KNN,20pct,deterministic,452,17155,2021-06-16,2.2000000018626453,4.360000006109477,1,"C:\Users\yasemin.bozkurt\Desktop\article\DLPIF-repo-update\src\baseline_results.pkl::all_scenarios[(""knn"", ""20pct"")]"
KNN,20pct,deterministic,454,17748,2021-06-16,0.8000000188127161,4.840000243484974,1,"C:\Users\yasemin.bozkurt\Desktop\article\DLPIF-repo-update\src\baseline_results.pkl::all_scenarios[(""knn"", ""20pct"")]"
KNN,20pct,deterministic,457,17704,2021-06-17,0.600000030733645,2.9200000919401647,1,"C:\Users\yasemin.bozkurt\Desktop\article\DLPIF-repo-update\src\baseline_results.pkl::all_scenarios[(""knn"", ""20pct"")]"
KNN,20pct,deterministic,461,17704,2021-06-18,0.40000000940635805,2.940000090748072,1,"C:\Users\yasemin.bozkurt\Desktop\article\DLPIF-repo-update\src\baseline_results.pkl::all_scenarios[(""knn"", ""20pct"")]"
KNN,20pct,deterministic,462,17748,2021-06-18,0.40000000940635805,2.0000000137835743,1,"C:\Users\yasemin.bozkurt\Desktop\article\DLPIF-repo-update\src\baseline_results.pkl::all_scenarios[(""knn"", ""20pct"")]"
KNN,20pct,deterministic,466,17748,2021-06-19,0.0,8.920000000298025,1,"C:\Users\yasemin.bozkurt\Desktop\article\DLPIF-repo-update\src\baseline_results.pkl::all_scenarios[(""knn"", ""20pct"")]"
KNN,20pct,deterministic,467,17750,2021-06-19,0.20000000470317902,0.0,1,"C:\Users\yasemin.bozkurt\Desktop\article\DLPIF-repo-update\src\baseline_results.pkl::all_scenarios[(""knn"", ""20pct"")]"
KNN,20pct,deterministic,468,17155,2021-06-20,0.0,8.880000534653664,1,"C:\Users\yasemin.bozkurt\Desktop\article\DLPIF-repo-update\src\baseline_results.pkl::all_scenarios[(""knn"", ""20pct"")]"
KNN,20pct,deterministic,469,17704,2021-06-20,0.40000000940635805,11.300000390410425,1,"C:\Users\yasemin.bozkurt\Desktop\article\DLPIF-repo-update\src\baseline_results.pkl::all_scenarios[(""knn"", ""20pct"")]"
KNN,20pct,deterministic,475,17750,2021-06-21,5.2000002220273025,0.20000000470317902,1,"C:\Users\yasemin.bozkurt\Desktop\article\DLPIF-repo-update\src\baseline_results.pkl::all_scenarios[(""knn"", ""20pct"")]"
KNN,20pct,deterministic,476,17155,2021-06-22,2.8000000990927223,1.8400000233203175,1,"C:\Users\yasemin.bozkurt\Desktop\article\DLPIF-repo-update\src\baseline_results.pkl::all_scenarios[(""knn"", ""20pct"")]"
KNN,20pct,deterministic,478,17748,2021-06-22,0.8000000188127161,4.560000260174275,1,"C:\Users\yasemin.bozkurt\Desktop\article\DLPIF-repo-update\src\baseline_results.pkl::all_scenarios[(""knn"", ""20pct"")]"
KNN,20pct,deterministic,488,17155,2021-06-25,0.0,0.12000000115949662,1,"C:\Users\yasemin.bozkurt\Desktop\article\DLPIF-repo-update\src\baseline_results.pkl::all_scenarios[(""knn"", ""20pct"")]"
KNN,20pct,deterministic,489,17704,2021-06-25,0.40000000940635805,0.4800000378862024,1,"C:\Users\yasemin.bozkurt\Desktop\article\DLPIF-repo-update\src\baseline_results.pkl::all_scenarios[(""knn"", ""20pct"")]"
KNN,20pct,deterministic,498,17748,2021-06-27,0.0,0.0400000017718412,1,"C:\Users\yasemin.bozkurt\Desktop\article\DLPIF-repo-update\src\baseline_results.pkl::all_scenarios[(""knn"", ""20pct"")]"
KNN,20pct,deterministic,501,17704,2021-06-28,0.0,0.0,1,"C:\Users\yasemin.bozkurt\Desktop\article\DLPIF-repo-update\src\baseline_results.pkl::all_scenarios[(""knn"", ""20pct"")]"
KNN,20pct,deterministic,505,17704,2021-06-29,0.0,0.0,1,"C:\Users\yasemin.bozkurt\Desktop\article\DLPIF-repo-update\src\baseline_results.pkl::all_scenarios[(""knn"", ""20pct"")]"
KNN,20pct,deterministic,509,17704,2021-06-30,0.0,0.0,1,"C:\Users\yasemin.bozkurt\Desktop\article\DLPIF-repo-update\src\baseline_results.pkl::all_scenarios[(""knn"", ""20pct"")]"
KNN,20pct,deterministic,515,17750,2021-07-01,0.0,0.0,1,"C:\Users\yasemin.bozkurt\Desktop\article\DLPIF-repo-update\src\baseline_results.pkl::all_scenarios[(""knn"", ""20pct"")]"
KNN,20pct,deterministic,516,17155,2021-07-02,0.0,0.0,1,"C:\Users\yasemin.bozkurt\Desktop\article\DLPIF-repo-update\src\baseline_results.pkl::all_scenarios[(""knn"", ""20pct"")]"
KNN,20pct,deterministic,517,17704,2021-07-02,0.0,0.0,1,"C:\Users\yasemin.bozkurt\Desktop\article\DLPIF-repo-update\src\baseline_results.pkl::all_scenarios[(""knn"", ""20pct"")]"
KNN,20pct,deterministic,520,17155,2021-07-03,0.0,7.640000076591969,1,"C:\Users\yasemin.bozkurt\Desktop\article\DLPIF-repo-update\src\baseline_results.pkl::all_scenarios[(""knn"", ""20pct"")]"
KNN,20pct,deterministic,525,17704,2021-07-04,0.20000000470317902,4.640000255405903,1,"C:\Users\yasemin.bozkurt\Desktop\article\DLPIF-repo-update\src\baseline_results.pkl::all_scenarios[(""knn"", ""20pct"")]"
KNN,20pct,deterministic,526,17748,2021-07-04,2.6000001110136512,0.0,1,"C:\Users\yasemin.bozkurt\Desktop\article\DLPIF-repo-update\src\baseline_results.pkl::all_scenarios[(""knn"", ""20pct"")]"
KNN,20pct,deterministic,527,17750,2021-07-04,0.600000030733645,0.0400000017718412,1,"C:\Users\yasemin.bozkurt\Desktop\article\DLPIF-repo-update\src\baseline_results.pkl::all_scenarios[(""knn"", ""20pct"")]"
KNN,20pct,deterministic,529,17704,2021-07-05,0.0,0.0400000017718412,1,"C:\Users\yasemin.bozkurt\Desktop\article\DLPIF-repo-update\src\baseline_results.pkl::all_scenarios[(""knn"", ""20pct"")]"
KNN,20pct,deterministic,545,17704,2021-07-09,0.0,0.1600000070873648,1,"C:\Users\yasemin.bozkurt\Desktop\article\DLPIF-repo-update\src\baseline_results.pkl::all_scenarios[(""knn"", ""20pct"")]"
KNN,20pct,deterministic,554,17748,2021-07-11,0.0,0.0,1,"C:\Users\yasemin.bozkurt\Desktop\article\DLPIF-repo-update\src\baseline_results.pkl::all_scenarios[(""knn"", ""20pct"")]"
KNN,20pct,deterministic,558,17748,2021-07-12,0.0,0.0,1,"C:\Users\yasemin.bozkurt\Desktop\article\DLPIF-repo-update\src\baseline_results.pkl::all_scenarios[(""knn"", ""20pct"")]"
KNN,20pct,deterministic,559,17750,2021-07-12,0.0,0.0400000017718412,1,"C:\Users\yasemin.bozkurt\Desktop\article\DLPIF-repo-update\src\baseline_results.pkl::all_scenarios[(""knn"", ""20pct"")]"
KNN,20pct,deterministic,572,17155,2021-07-16,0.0,0.0,1,"C:\Users\yasemin.bozkurt\Desktop\article\DLPIF-repo-update\src\baseline_results.pkl::all_scenarios[(""knn"", ""20pct"")]"
KNN,20pct,deterministic,578,17748,2021-07-17,0.0,0.0,1,"C:\Users\yasemin.bozkurt\Desktop\article\DLPIF-repo-update\src\baseline_results.pkl::all_scenarios[(""knn"", ""20pct"")]"
KNN,20pct,deterministic,594,17748,2021-07-21,0.0,0.3200000141747296,1,"C:\Users\yasemin.bozkurt\Desktop\article\DLPIF-repo-update\src\baseline_results.pkl::all_scenarios[(""knn"", ""20pct"")]"
KNN,20pct,deterministic,595,17750,2021-07-21,0.0,0.0,1,"C:\Users\yasemin.bozkurt\Desktop\article\DLPIF-repo-update\src\baseline_results.pkl::all_scenarios[(""knn"", ""20pct"")]"
KNN,20pct,deterministic,596,17155,2021-07-22,0.0,1.000000073388219,1,"C:\Users\yasemin.bozkurt\Desktop\article\DLPIF-repo-update\src\baseline_results.pkl::all_scenarios[(""knn"", ""20pct"")]"
KNN,20pct,deterministic,598,17748,2021-07-22,0.0,0.0400000017718412,1,"C:\Users\yasemin.bozkurt\Desktop\article\DLPIF-repo-update\src\baseline_results.pkl::all_scenarios[(""knn"", ""20pct"")]"
KNN,20pct,deterministic,599,17750,2021-07-22,0.0,0.0,1,"C:\Users\yasemin.bozkurt\Desktop\article\DLPIF-repo-update\src\baseline_results.pkl::all_scenarios[(""knn"", ""20pct"")]"
KNN,20pct,deterministic,606,17748,2021-07-24,0.0,0.0,1,"C:\Users\yasemin.bozkurt\Desktop\article\DLPIF-repo-update\src\baseline_results.pkl::all_scenarios[(""knn"", ""20pct"")]"
KNN,20pct,deterministic,609,17704,2021-07-25,0.0,1.0800000686198474,1,"C:\Users\yasemin.bozkurt\Desktop\article\DLPIF-repo-update\src\baseline_results.pkl::all_scenarios[(""knn"", ""20pct"")]"
KNN,20pct,deterministic,612,17155,2021-07-26,0.20000000470317902,0.5600000331178308,1,"C:\Users\yasemin.bozkurt\Desktop\article\DLPIF-repo-update\src\baseline_results.pkl::all_scenarios[(""knn"", ""20pct"")]"
KNN,20pct,deterministic,615,17750,2021-07-26,0.20000000470317902,0.0,1,"C:\Users\yasemin.bozkurt\Desktop\article\DLPIF-repo-update\src\baseline_results.pkl::all_scenarios[(""knn"", ""20pct"")]"
KNN,20pct,deterministic,618,17748,2021-07-27,0.20000000470317902,0.0,1,"C:\Users\yasemin.bozkurt\Desktop\article\DLPIF-repo-update\src\baseline_results.pkl::all_scenarios[(""knn"", ""20pct"")]"
KNN,20pct,deterministic,621,17704,2021-07-28,0.0,2.1200001396238806,1,"C:\Users\yasemin.bozkurt\Desktop\article\DLPIF-repo-update\src\baseline_results.pkl::all_scenarios[(""knn"", ""20pct"")]"
KNN,20pct,deterministic,627,17750,2021-07-29,0.0,0.0,1,"C:\Users\yasemin.bozkurt\Desktop\article\DLPIF-repo-update\src\baseline_results.pkl::all_scenarios[(""knn"", ""20pct"")]"
KNN,20pct,deterministic,629,17704,2021-07-30,0.0,0.0,1,"C:\Users\yasemin.bozkurt\Desktop\article\DLPIF-repo-update\src\baseline_results.pkl::all_scenarios[(""knn"", ""20pct"")]"
KNN,20pct,deterministic,639,17750,2021-08-01,0.0,0.0,1,"C:\Users\yasemin.bozkurt\Desktop\article\DLPIF-repo-update\src\baseline_results.pkl::all_scenarios[(""knn"", ""20pct"")]"
KNN,20pct,deterministic,641,17704,2021-08-02,0.0,0.0,1,"C:\Users\yasemin.bozkurt\Desktop\article\DLPIF-repo-update\src\baseline_results.pkl::all_scenarios[(""knn"", ""20pct"")]"
KNN,20pct,deterministic,643,17750,2021-08-02,0.0,0.0,1,"C:\Users\yasemin.bozkurt\Desktop\article\DLPIF-repo-update\src\baseline_results.pkl::all_scenarios[(""knn"", ""20pct"")]"
KNN,20pct,deterministic,651,17750,2021-08-04,0.0,0.0,1,"C:\Users\yasemin.bozkurt\Desktop\article\DLPIF-repo-update\src\baseline_results.pkl::all_scenarios[(""knn"", ""20pct"")]"
KNN,20pct,deterministic,661,17704,2021-08-07,0.0,0.1600000070873648,1,"C:\Users\yasemin.bozkurt\Desktop\article\DLPIF-repo-update\src\baseline_results.pkl::all_scenarios[(""knn"", ""20pct"")]"
KNN,20pct,deterministic,677,17704,2021-08-11,0.0,0.0,1,"C:\Users\yasemin.bozkurt\Desktop\article\DLPIF-repo-update\src\baseline_results.pkl::all_scenarios[(""knn"", ""20pct"")]"
KNN,20pct,deterministic,678,17748,2021-08-11,0.0,0.0,1,"C:\Users\yasemin.bozkurt\Desktop\article\DLPIF-repo-update\src\baseline_results.pkl::all_scenarios[(""knn"", ""20pct"")]"
KNN,20pct,deterministic,691,17750,2021-08-14,0.0,0.0,1,"C:\Users\yasemin.bozkurt\Desktop\article\DLPIF-repo-update\src\baseline_results.pkl::all_scenarios[(""knn"", ""20pct"")]"
KNN,20pct,deterministic,707,17750,2021-08-18,0.0,0.0,1,"C:\Users\yasemin.bozkurt\Desktop\article\DLPIF-repo-update\src\baseline_results.pkl::all_scenarios[(""knn"", ""20pct"")]"
KNN,20pct,deterministic,713,17704,2021-08-20,0.0,0.40000000940635805,1,"C:\Users\yasemin.bozkurt\Desktop\article\DLPIF-repo-update\src\baseline_results.pkl::all_scenarios[(""knn"", ""20pct"")]"
KNN,20pct,deterministic,720,17155,2021-08-22,0.0,0.20000000470317902,1,"C:\Users\yasemin.bozkurt\Desktop\article\DLPIF-repo-update\src\baseline_results.pkl::all_scenarios[(""knn"", ""20pct"")]"
KNN,20pct,deterministic,728,17155,2021-08-24,0.0,0.0,1,"C:\Users\yasemin.bozkurt\Desktop\article\DLPIF-repo-update\src\baseline_results.pkl::all_scenarios[(""knn"", ""20pct"")]"
KNN,20pct,deterministic,732,17155,2021-08-25,0.0,0.0,1,"C:\Users\yasemin.bozkurt\Desktop\article\DLPIF-repo-update\src\baseline_results.pkl::all_scenarios[(""knn"", ""20pct"")]"
KNN,20pct,deterministic,750,17748,2021-08-29,0.0,0.0400000017718412,1,"C:\Users\yasemin.bozkurt\Desktop\article\DLPIF-repo-update\src\baseline_results.pkl::all_scenarios[(""knn"", ""20pct"")]"
KNN,20pct,deterministic,751,17750,2021-08-29,0.0,0.0,1,"C:\Users\yasemin.bozkurt\Desktop\article\DLPIF-repo-update\src\baseline_results.pkl::all_scenarios[(""knn"", ""20pct"")]"
KNN,20pct,deterministic,755,17750,2021-08-30,0.0,0.0,1,"C:\Users\yasemin.bozkurt\Desktop\article\DLPIF-repo-update\src\baseline_results.pkl::all_scenarios[(""knn"", ""20pct"")]"
KNN,20pct,deterministic,759,17750,2021-08-31,0.0,0.0,1,"C:\Users\yasemin.bozkurt\Desktop\article\DLPIF-repo-update\src\baseline_results.pkl::all_scenarios[(""knn"", ""20pct"")]"
KNN,20pct,deterministic,760,17155,2021-09-01,0.0,0.0,1,"C:\Users\yasemin.bozkurt\Desktop\article\DLPIF-repo-update\src\baseline_results.pkl::all_scenarios[(""knn"", ""20pct"")]"
KNN,20pct,deterministic,763,17750,2021-09-01,0.0,0.0,1,"C:\Users\yasemin.bozkurt\Desktop\article\DLPIF-repo-update\src\baseline_results.pkl::all_scenarios[(""knn"", ""20pct"")]"
KNN,20pct,deterministic,768,17155,2021-09-03,0.0,0.8000000188127161,1,"C:\Users\yasemin.bozkurt\Desktop\article\DLPIF-repo-update\src\baseline_results.pkl::all_scenarios[(""knn"", ""20pct"")]"
KNN,20pct,deterministic,769,17704,2021-09-03,0.0,0.0400000017718412,1,"C:\Users\yasemin.bozkurt\Desktop\article\DLPIF-repo-update\src\baseline_results.pkl::all_scenarios[(""knn"", ""20pct"")]"
KNN,20pct,deterministic,773,17704,2021-09-04,0.0,0.0,1,"C:\Users\yasemin.bozkurt\Desktop\article\DLPIF-repo-update\src\baseline_results.pkl::all_scenarios[(""knn"", ""20pct"")]"
KNN,20pct,deterministic,775,17750,2021-09-04,0.0,0.0,1,"C:\Users\yasemin.bozkurt\Desktop\article\DLPIF-repo-update\src\baseline_results.pkl::all_scenarios[(""knn"", ""20pct"")]"
KNN,20pct,deterministic,776,17155,2021-09-05,0.0,0.1600000070873648,1,"C:\Users\yasemin.bozkurt\Desktop\article\DLPIF-repo-update\src\baseline_results.pkl::all_scenarios[(""knn"", ""20pct"")]"
KNN,20pct,deterministic,791,17750,2021-09-08,0.0,0.0,1,"C:\Users\yasemin.bozkurt\Desktop\article\DLPIF-repo-update\src\baseline_results.pkl::all_scenarios[(""knn"", ""20pct"")]"
KNN,20pct,deterministic,804,17155,2021-09-12,0.0,0.0800000035436824,1,"C:\Users\yasemin.bozkurt\Desktop\article\DLPIF-repo-update\src\baseline_results.pkl::all_scenarios[(""knn"", ""20pct"")]"
KNN,20pct,deterministic,809,17704,2021-09-13,0.20000000470317902,9.280000510811806,1,"C:\Users\yasemin.bozkurt\Desktop\article\DLPIF-repo-update\src\baseline_results.pkl::all_scenarios[(""knn"", ""20pct"")]"
KNN,20pct,deterministic,820,17155,2021-09-16,14.400000205636026,2.40000012293458,1,"C:\Users\yasemin.bozkurt\Desktop\article\DLPIF-repo-update\src\baseline_results.pkl::all_scenarios[(""knn"", ""20pct"")]"
KNN,20pct,deterministic,821,17704,2021-09-16,0.0,3.4400000609457497,1,"C:\Users\yasemin.bozkurt\Desktop\article\DLPIF-repo-update\src\baseline_results.pkl::all_scenarios[(""knn"", ""20pct"")]"
KNN,20pct,deterministic,831,17750,2021-09-18,0.0,0.0,1,"C:\Users\yasemin.bozkurt\Desktop\article\DLPIF-repo-update\src\baseline_results.pkl::all_scenarios[(""knn"", ""20pct"")]"
KNN,20pct,deterministic,834,17748,2021-09-19,0.0,0.0,1,"C:\Users\yasemin.bozkurt\Desktop\article\DLPIF-repo-update\src\baseline_results.pkl::all_scenarios[(""knn"", ""20pct"")]"
KNN,20pct,deterministic,841,17704,2021-09-21,0.0,0.0,1,"C:\Users\yasemin.bozkurt\Desktop\article\DLPIF-repo-update\src\baseline_results.pkl::all_scenarios[(""knn"", ""20pct"")]"
KNN,20pct,deterministic,843,17750,2021-09-21,0.20000000470317902,0.0,1,"C:\Users\yasemin.bozkurt\Desktop\article\DLPIF-repo-update\src\baseline_results.pkl::all_scenarios[(""knn"", ""20pct"")]"
KNN,20pct,deterministic,844,17155,2021-09-22,0.0,2.200000134855509,1,"C:\Users\yasemin.bozkurt\Desktop\article\DLPIF-repo-update\src\baseline_results.pkl::all_scenarios[(""knn"", ""20pct"")]"
KNN,20pct,deterministic,849,17704,2021-09-23,0.20000000470317902,0.12000000115949662,1,"C:\Users\yasemin.bozkurt\Desktop\article\DLPIF-repo-update\src\baseline_results.pkl::all_scenarios[(""knn"", ""20pct"")]"
KNN,20pct,deterministic,850,17748,2021-09-23,1.6000000376254322,10.560000434517862,1,"C:\Users\yasemin.bozkurt\Desktop\article\DLPIF-repo-update\src\baseline_results.pkl::all_scenarios[(""knn"", ""20pct"")]"
KNN,20pct,deterministic,852,17155,2021-09-24,4.400000003725291,0.0400000017718412,1,"C:\Users\yasemin.bozkurt\Desktop\article\DLPIF-repo-update\src\baseline_results.pkl::all_scenarios[(""knn"", ""20pct"")]"
KNN,20pct,deterministic,856,17155,2021-09-25,0.0,0.0,1,"C:\Users\yasemin.bozkurt\Desktop\article\DLPIF-repo-update\src\baseline_results.pkl::all_scenarios[(""knn"", ""20pct"")]"
KNN,20pct,deterministic,861,17704,2021-09-26,0.20000000470317902,0.0,1,"C:\Users\yasemin.bozkurt\Desktop\article\DLPIF-repo-update\src\baseline_results.pkl::all_scenarios[(""knn"", ""20pct"")]"
KNN,20pct,deterministic,864,17155,2021-09-27,0.0,0.0,1,"C:\Users\yasemin.bozkurt\Desktop\article\DLPIF-repo-update\src\baseline_results.pkl::all_scenarios[(""knn"", ""20pct"")]"
KNN,20pct,deterministic,867,17750,2021-09-27,0.0,0.0,1,"C:\Users\yasemin.bozkurt\Desktop\article\DLPIF-repo-update\src\baseline_results.pkl::all_scenarios[(""knn"", ""20pct"")]"
KNN,20pct,deterministic,871,17750,2021-09-28,0.0,0.0400000017718412,1,"C:\Users\yasemin.bozkurt\Desktop\article\DLPIF-repo-update\src\baseline_results.pkl::all_scenarios[(""knn"", ""20pct"")]"
KNN,20pct,deterministic,873,17704,2021-09-29,0.0,0.0400000017718412,1,"C:\Users\yasemin.bozkurt\Desktop\article\DLPIF-repo-update\src\baseline_results.pkl::all_scenarios[(""knn"", ""20pct"")]"
KNN,20pct,deterministic,877,17704,2021-09-30,0.0,0.0,1,"C:\Users\yasemin.bozkurt\Desktop\article\DLPIF-repo-update\src\baseline_results.pkl::all_scenarios[(""knn"", ""20pct"")]"
KNN,20pct,deterministic,882,17748,2021-10-01,0.0,0.1200000094715506,1,"C:\Users\yasemin.bozkurt\Desktop\article\DLPIF-repo-update\src\baseline_results.pkl::all_scenarios[(""knn"", ""20pct"")]"
KNN,20pct,deterministic,884,17155,2021-10-02,0.0,0.0400000017718412,1,"C:\Users\yasemin.bozkurt\Desktop\article\DLPIF-repo-update\src\baseline_results.pkl::all_scenarios[(""knn"", ""20pct"")]"
KNN,20pct,deterministic,885,17704,2021-10-02,0.0,0.0,1,"C:\Users\yasemin.bozkurt\Desktop\article\DLPIF-repo-update\src\baseline_results.pkl::all_scenarios[(""knn"", ""20pct"")]"
KNN,20pct,deterministic,886,17748,2021-10-02,0.0,0.0400000017718412,1,"C:\Users\yasemin.bozkurt\Desktop\article\DLPIF-repo-update\src\baseline_results.pkl::all_scenarios[(""knn"", ""20pct"")]"
KNN,20pct,deterministic,889,17704,2021-10-03,0.0,0.1600000070873648,1,"C:\Users\yasemin.bozkurt\Desktop\article\DLPIF-repo-update\src\baseline_results.pkl::all_scenarios[(""knn"", ""20pct"")]"
KNN,20pct,deterministic,894,17748,2021-10-04,0.0,0.0,1,"C:\Users\yasemin.bozkurt\Desktop\article\DLPIF-repo-update\src\baseline_results.pkl::all_scenarios[(""knn"", ""20pct"")]"
KNN,20pct,deterministic,897,17704,2021-10-05,0.0,0.9200000116601588,1,"C:\Users\yasemin.bozkurt\Desktop\article\DLPIF-repo-update\src\baseline_results.pkl::all_scenarios[(""knn"", ""20pct"")]"
KNN,20pct,deterministic,898,17748,2021-10-05,0.0,0.0800000035436824,1,"C:\Users\yasemin.bozkurt\Desktop\article\DLPIF-repo-update\src\baseline_results.pkl::all_scenarios[(""knn"", ""20pct"")]"
KNN,20pct,deterministic,899,17750,2021-10-05,0.0,0.0,1,"C:\Users\yasemin.bozkurt\Desktop\article\DLPIF-repo-update\src\baseline_results.pkl::all_scenarios[(""knn"", ""20pct"")]"
KNN,20pct,deterministic,900,17155,2021-10-06,0.0,0.0,1,"C:\Users\yasemin.bozkurt\Desktop\article\DLPIF-repo-update\src\baseline_results.pkl::all_scenarios[(""knn"", ""20pct"")]"
KNN,20pct,deterministic,905,17704,2021-10-07,0.0,0.0,1,"C:\Users\yasemin.bozkurt\Desktop\article\DLPIF-repo-update\src\baseline_results.pkl::all_scenarios[(""knn"", ""20pct"")]"
KNN,20pct,deterministic,907,17750,2021-10-07,0.0,0.0,1,"C:\Users\yasemin.bozkurt\Desktop\article\DLPIF-repo-update\src\baseline_results.pkl::all_scenarios[(""knn"", ""20pct"")]"
KNN,20pct,deterministic,909,17704,2021-10-08,0.0,0.0,1,"C:\Users\yasemin.bozkurt\Desktop\article\DLPIF-repo-update\src\baseline_results.pkl::all_scenarios[(""knn"", ""20pct"")]"
KNN,20pct,deterministic,913,17704,2021-10-09,0.40000000940635805,0.7200000235810876,1,"C:\Users\yasemin.bozkurt\Desktop\article\DLPIF-repo-update\src\baseline_results.pkl::all_scenarios[(""knn"", ""20pct"")]"
KNN,20pct,deterministic,921,17704,2021-10-11,0.0,0.7600000211969019,1,"C:\Users\yasemin.bozkurt\Desktop\article\DLPIF-repo-update\src\baseline_results.pkl::all_scenarios[(""knn"", ""20pct"")]"
KNN,20pct,deterministic,926,17748,2021-10-12,0.20000000470317902,1.1600000638514758,1,"C:\Users\yasemin.bozkurt\Desktop\article\DLPIF-repo-update\src\baseline_results.pkl::all_scenarios[(""knn"", ""20pct"")]"
KNN,20pct,deterministic,927,17750,2021-10-12,0.0,0.1600000070873648,1,"C:\Users\yasemin.bozkurt\Desktop\article\DLPIF-repo-update\src\baseline_results.pkl::all_scenarios[(""knn"", ""20pct"")]"
KNN,20pct,deterministic,929,17704,2021-10-13,14.800000181794168,4.640000255405903,1,"C:\Users\yasemin.bozkurt\Desktop\article\DLPIF-repo-update\src\baseline_results.pkl::all_scenarios[(""knn"", ""20pct"")]"
KNN,20pct,deterministic,932,17155,2021-10-14,0.0,4.4400000013411045,1,"C:\Users\yasemin.bozkurt\Desktop\article\DLPIF-repo-update\src\baseline_results.pkl::all_scenarios[(""knn"", ""20pct"")]"
KNN,20pct,deterministic,938,17748,2021-10-15,0.0,0.8400000164285303,1,"C:\Users\yasemin.bozkurt\Desktop\article\DLPIF-repo-update\src\baseline_results.pkl::all_scenarios[(""knn"", ""20pct"")]"
KNN,20pct,deterministic,942,17748,2021-10-16,9.800000479817392,3.8000003054738047,1,"C:\Users\yasemin.bozkurt\Desktop\article\DLPIF-repo-update\src\baseline_results.pkl::all_scenarios[(""knn"", ""20pct"")]"
KNN,20pct,deterministic,944,17155,2021-10-17,9.200000515580179,1.0800000021234155,1,"C:\Users\yasemin.bozkurt\Desktop\article\DLPIF-repo-update\src\baseline_results.pkl::all_scenarios[(""knn"", ""20pct"")]"
KNN,20pct,deterministic,959,17750,2021-10-20,0.0,0.0400000017718412,1,"C:\Users\yasemin.bozkurt\Desktop\article\DLPIF-repo-update\src\baseline_results.pkl::all_scenarios[(""knn"", ""20pct"")]"
KNN,20pct,deterministic,971,17750,2021-10-23,0.0,0.0800000035436824,1,"C:\Users\yasemin.bozkurt\Desktop\article\DLPIF-repo-update\src\baseline_results.pkl::all_scenarios[(""knn"", ""20pct"")]"
KNN,20pct,deterministic,980,17155,2021-10-26,0.0,0.2800000165589154,1,"C:\Users\yasemin.bozkurt\Desktop\article\DLPIF-repo-update\src\baseline_results.pkl::all_scenarios[(""knn"", ""20pct"")]"
KNN,20pct,deterministic,993,17704,2021-10-29,0.0,0.3600000117905438,1,"C:\Users\yasemin.bozkurt\Desktop\article\DLPIF-repo-update\src\baseline_results.pkl::all_scenarios[(""knn"", ""20pct"")]"
KNN,20pct,deterministic,1002,17748,2021-10-31,0.20000000470317902,0.4800000046379865,1,"C:\Users\yasemin.bozkurt\Desktop\article\DLPIF-repo-update\src\baseline_results.pkl::all_scenarios[(""knn"", ""20pct"")]"
KNN,20pct,deterministic,1004,17155,2021-11-01,8.200000043213368,10.320000448822976,1,"C:\Users\yasemin.bozkurt\Desktop\article\DLPIF-repo-update\src\baseline_results.pkl::all_scenarios[(""knn"", ""20pct"")]"
KNN,20pct,deterministic,1005,17704,2021-11-01,11.600000372529031,5.520000202953816,1,"C:\Users\yasemin.bozkurt\Desktop\article\DLPIF-repo-update\src\baseline_results.pkl::all_scenarios[(""knn"", ""20pct"")]"
KNN,20pct,deterministic,1006,17748,2021-11-01,14.800000181794168,11.840000358223916,1,"C:\Users\yasemin.bozkurt\Desktop\article\DLPIF-repo-update\src\baseline_results.pkl::all_scenarios[(""knn"", ""20pct"")]"
KNN,20pct,deterministic,1007,17750,2021-11-01,18.200001043081286,9.280000510811806,1,"C:\Users\yasemin.bozkurt\Desktop\article\DLPIF-repo-update\src\baseline_results.pkl::all_scenarios[(""knn"", ""20pct"")]"
KNN,20pct,deterministic,1016,17155,2021-11-04,0.0,0.8000000188127161,1,"C:\Users\yasemin.bozkurt\Desktop\article\DLPIF-repo-update\src\baseline_results.pkl::all_scenarios[(""knn"", ""20pct"")]"
KNN,20pct,deterministic,1027,17750,2021-11-06,0.20000000470317902,0.0,1,"C:\Users\yasemin.bozkurt\Desktop\article\DLPIF-repo-update\src\baseline_results.pkl::all_scenarios[(""knn"", ""20pct"")]"
KNN,20pct,deterministic,1029,17704,2021-11-07,0.0,0.0,1,"C:\Users\yasemin.bozkurt\Desktop\article\DLPIF-repo-update\src\baseline_results.pkl::all_scenarios[(""knn"", ""20pct"")]"
KNN,20pct,deterministic,1030,17748,2021-11-07,0.20000000470317902,1.2400000590831042,1,"C:\Users\yasemin.bozkurt\Desktop\article\DLPIF-repo-update\src\baseline_results.pkl::all_scenarios[(""knn"", ""20pct"")]"
KNN,20pct,deterministic,1034,17748,2021-11-08,0.0,0.0400000017718412,1,"C:\Users\yasemin.bozkurt\Desktop\article\DLPIF-repo-update\src\baseline_results.pkl::all_scenarios[(""knn"", ""20pct"")]"
KNN,20pct,deterministic,1038,17748,2021-11-09,0.0,0.0,1,"C:\Users\yasemin.bozkurt\Desktop\article\DLPIF-repo-update\src\baseline_results.pkl::all_scenarios[(""knn"", ""20pct"")]"
KNN,20pct,deterministic,1045,17704,2021-11-11,0.40000000940635805,0.3600000117905438,1,"C:\Users\yasemin.bozkurt\Desktop\article\DLPIF-repo-update\src\baseline_results.pkl::all_scenarios[(""knn"", ""20pct"")]"
KNN,20pct,deterministic,1059,17750,2021-11-14,0.0,0.0,1,"C:\Users\yasemin.bozkurt\Desktop\article\DLPIF-repo-update\src\baseline_results.pkl::all_scenarios[(""knn"", ""20pct"")]"
KNN,20pct,deterministic,1061,17704,2021-11-15,0.0,0.0,1,"C:\Users\yasemin.bozkurt\Desktop\article\DLPIF-repo-update\src\baseline_results.pkl::all_scenarios[(""knn"", ""20pct"")]"
KNN,20pct,deterministic,1070,17748,2021-11-17,0.0,0.0,1,"C:\Users\yasemin.bozkurt\Desktop\article\DLPIF-repo-update\src\baseline_results.pkl::all_scenarios[(""knn"", ""20pct"")]"
KNN,20pct,deterministic,1073,17704,2021-11-18,0.0,0.0,1,"C:\Users\yasemin.bozkurt\Desktop\article\DLPIF-repo-update\src\baseline_results.pkl::all_scenarios[(""knn"", ""20pct"")]"
KNN,20pct,deterministic,1077,17704,2021-11-19,0.20000000470317902,1.6800000328570606,1,"C:\Users\yasemin.bozkurt\Desktop\article\DLPIF-repo-update\src\baseline_results.pkl::all_scenarios[(""knn"", ""20pct"")]"
KNN,20pct,deterministic,1088,17155,2021-11-22,0.0,0.0,1,"C:\Users\yasemin.bozkurt\Desktop\article\DLPIF-repo-update\src\baseline_results.pkl::all_scenarios[(""knn"", ""20pct"")]"
KNN,20pct,deterministic,1097,17704,2021-11-24,16.80000006258488,2.560000113397837,1,"C:\Users\yasemin.bozkurt\Desktop\article\DLPIF-repo-update\src\baseline_results.pkl::all_scenarios[(""knn"", ""20pct"")]"
KNN,20pct,deterministic,1101,17704,2021-11-25,6.800000126659871,1.3600000519305468,1,"C:\Users\yasemin.bozkurt\Desktop\article\DLPIF-repo-update\src\baseline_results.pkl::all_scenarios[(""knn"", ""20pct"")]"
KNN,20pct,deterministic,1113,17704,2021-11-28,0.0,0.8000000188127161,1,"C:\Users\yasemin.bozkurt\Desktop\article\DLPIF-repo-update\src\baseline_results.pkl::all_scenarios[(""knn"", ""20pct"")]"
KNN,20pct,deterministic,1120,17155,2021-11-30,19.600000959634784,6.360000152885914,1,"C:\Users\yasemin.bozkurt\Desktop\article\DLPIF-repo-update\src\baseline_results.pkl::all_scenarios[(""knn"", ""20pct"")]"
KNN,20pct,deterministic,1122,17748,2021-11-30,22.40000079274178,3.6000000514090065,1,"C:\Users\yasemin.bozkurt\Desktop\article\DLPIF-repo-update\src\baseline_results.pkl::all_scenarios[(""knn"", ""20pct"")]"
KNN,20pct,deterministic,1125,17704,2021-12-01,14.000000229477884,1.4800000447779895,1,"C:\Users\yasemin.bozkurt\Desktop\article\DLPIF-repo-update\src\baseline_results.pkl::all_scenarios[(""knn"", ""20pct"")]"
KNN,20pct,deterministic,1133,17704,2021-12-03,0.40000000940635805,7.160000105202198,1,"C:\Users\yasemin.bozkurt\Desktop\article\DLPIF-repo-update\src\baseline_results.pkl::all_scenarios[(""knn"", ""20pct"")]"
KNN,20pct,deterministic,1134,17748,2021-12-03,0.600000030733645,8.160000045597554,1,"C:\Users\yasemin.bozkurt\Desktop\article\DLPIF-repo-update\src\baseline_results.pkl::all_scenarios[(""knn"", ""20pct"")]"
KNN,20pct,deterministic,1149,17704,2021-12-07,0.0,8.40000003129244,1,"C:\Users\yasemin.bozkurt\Desktop\article\DLPIF-repo-update\src\baseline_results.pkl::all_scenarios[(""knn"", ""20pct"")]"
KNN,20pct,deterministic,1153,17704,2021-12-08,4.400000003725291,1.1200000662356615,1,"C:\Users\yasemin.bozkurt\Desktop\article\DLPIF-repo-update\src\baseline_results.pkl::all_scenarios[(""knn"", ""20pct"")]"
KNN,20pct,deterministic,1154,17748,2021-12-08,1.8000000257045032,11.20000039637089,1,"C:\Users\yasemin.bozkurt\Desktop\article\DLPIF-repo-update\src\baseline_results.pkl::all_scenarios[(""knn"", ""20pct"")]"
KNN,20pct,deterministic,1156,17155,2021-12-09,0.8000000188127161,0.0800000035436824,1,"C:\Users\yasemin.bozkurt\Desktop\article\DLPIF-repo-update\src\baseline_results.pkl::all_scenarios[(""knn"", ""20pct"")]"
KNN,20pct,deterministic,1159,17750,2021-12-09,0.0,0.0,1,"C:\Users\yasemin.bozkurt\Desktop\article\DLPIF-repo-update\src\baseline_results.pkl::all_scenarios[(""knn"", ""20pct"")]"
KNN,20pct,deterministic,1161,17704,2021-12-10,0.0,4.760000248253346,1,"C:\Users\yasemin.bozkurt\Desktop\article\DLPIF-repo-update\src\baseline_results.pkl::all_scenarios[(""knn"", ""20pct"")]"
KNN,20pct,deterministic,1174,17748,2021-12-13,7.600000078976155,8.720000544190407,1,"C:\Users\yasemin.bozkurt\Desktop\article\DLPIF-repo-update\src\baseline_results.pkl::all_scenarios[(""knn"", ""20pct"")]"
KNN,20pct,deterministic,1179,17750,2021-12-14,9.60000049173832,0.2800000165589154,1,"C:\Users\yasemin.bozkurt\Desktop\article\DLPIF-repo-update\src\baseline_results.pkl::all_scenarios[(""knn"", ""20pct"")]"
KNN,20pct,deterministic,1191,17750,2021-12-17,0.0,0.0800000035436824,1,"C:\Users\yasemin.bozkurt\Desktop\article\DLPIF-repo-update\src\baseline_results.pkl::all_scenarios[(""knn"", ""20pct"")]"
KNN,20pct,deterministic,1198,17748,2021-12-19,0.600000030733645,16.24000009596348,1,"C:\Users\yasemin.bozkurt\Desktop\article\DLPIF-repo-update\src\baseline_results.pkl::all_scenarios[(""knn"", ""20pct"")]"
KNN,20pct,deterministic,1201,17704,2021-12-20,1.0000000068917871,6.840000124275685,1,"C:\Users\yasemin.bozkurt\Desktop\article\DLPIF-repo-update\src\baseline_results.pkl::all_scenarios[(""knn"", ""20pct"")]"
KNN,20pct,deterministic,1203,17750,2021-12-20,0.600000030733645,1.2800000566989185,1,"C:\Users\yasemin.bozkurt\Desktop\article\DLPIF-repo-update\src\baseline_results.pkl::all_scenarios[(""knn"", ""20pct"")]"
KNN,20pct,deterministic,1206,17748,2021-12-21,0.20000000470317902,1.2800000566989185,1,"C:\Users\yasemin.bozkurt\Desktop\article\DLPIF-repo-update\src\baseline_results.pkl::all_scenarios[(""knn"", ""20pct"")]"
KNN,20pct,deterministic,1218,17748,2021-12-24,0.0,0.0,1,"C:\Users\yasemin.bozkurt\Desktop\article\DLPIF-repo-update\src\baseline_results.pkl::all_scenarios[(""knn"", ""20pct"")]"
KNN,20pct,deterministic,1219,17750,2021-12-24,0.0,1.3200000543147328,1,"C:\Users\yasemin.bozkurt\Desktop\article\DLPIF-repo-update\src\baseline_results.pkl::all_scenarios[(""knn"", ""20pct"")]"
KNN,20pct,deterministic,1222,17748,2021-12-25,0.0,0.0,1,"C:\Users\yasemin.bozkurt\Desktop\article\DLPIF-repo-update\src\baseline_results.pkl::all_scenarios[(""knn"", ""20pct"")]"
KNN,20pct,deterministic,1228,17155,2021-12-27,0.0,6.200000162422658,1,"C:\Users\yasemin.bozkurt\Desktop\article\DLPIF-repo-update\src\baseline_results.pkl::all_scenarios[(""knn"", ""20pct"")]"
KNN,20pct,deterministic,1231,17750,2021-12-27,0.20000000470317902,0.0,1,"C:\Users\yasemin.bozkurt\Desktop\article\DLPIF-repo-update\src\baseline_results.pkl::all_scenarios[(""knn"", ""20pct"")]"
KNN,20pct,deterministic,1236,17155,2021-12-29,0.0,0.1200000094715506,1,"C:\Users\yasemin.bozkurt\Desktop\article\DLPIF-repo-update\src\baseline_results.pkl::all_scenarios[(""knn"", ""20pct"")]"
KNN,20pct,deterministic,1252,17155,2022-01-02,3.8000000394880775,1.560000040009618,1,"C:\Users\yasemin.bozkurt\Desktop\article\DLPIF-repo-update\src\baseline_results.pkl::all_scenarios[(""knn"", ""20pct"")]"
KNN,20pct,deterministic,1256,17155,2022-01-03,0.20000000470317902,0.0,1,"C:\Users\yasemin.bozkurt\Desktop\article\DLPIF-repo-update\src\baseline_results.pkl::all_scenarios[(""knn"", ""20pct"")]"
KNN,20pct,deterministic,1270,17748,2022-01-06,0.0,1.7200000304728749,1,"C:\Users\yasemin.bozkurt\Desktop\article\DLPIF-repo-update\src\baseline_results.pkl::all_scenarios[(""knn"", ""20pct"")]"
KNN,20pct,deterministic,1271,17750,2022-01-06,0.0,1.6000000376254322,1,"C:\Users\yasemin.bozkurt\Desktop\article\DLPIF-repo-update\src\baseline_results.pkl::all_scenarios[(""knn"", ""20pct"")]"
KNN,20pct,deterministic,1277,17704,2022-01-08,0.0,4.520000262558461,1,"C:\Users\yasemin.bozkurt\Desktop\article\DLPIF-repo-update\src\baseline_results.pkl::all_scenarios[(""knn"", ""20pct"")]"
KNN,20pct,deterministic,1289,17704,2022-01-11,2.2000000018626453,0.40000000940635805,1,"C:\Users\yasemin.bozkurt\Desktop\article\DLPIF-repo-update\src\baseline_results.pkl::all_scenarios[(""knn"", ""20pct"")]"
KNN,20pct,deterministic,1296,17155,2022-01-13,0.20000000470317902,3.0800000824034215,1,"C:\Users\yasemin.bozkurt\Desktop\article\DLPIF-repo-update\src\baseline_results.pkl::all_scenarios[(""knn"", ""20pct"")]"
KNN,20pct,deterministic,1304,17155,2022-01-15,0.0,0.0,1,"C:\Users\yasemin.bozkurt\Desktop\article\DLPIF-repo-update\src\baseline_results.pkl::all_scenarios[(""knn"", ""20pct"")]"
KNN,20pct,deterministic,1310,17748,2022-01-16,0.0,1.6000000376254322,1,"C:\Users\yasemin.bozkurt\Desktop\article\DLPIF-repo-update\src\baseline_results.pkl::all_scenarios[(""knn"", ""20pct"")]"
KNN,20pct,deterministic,1314,17748,2022-01-17,0.0,0.0800000035436824,1,"C:\Users\yasemin.bozkurt\Desktop\article\DLPIF-repo-update\src\baseline_results.pkl::all_scenarios[(""knn"", ""20pct"")]"
KNN,20pct,deterministic,1316,17155,2022-01-18,2.2000000018626453,0.0,1,"C:\Users\yasemin.bozkurt\Desktop\article\DLPIF-repo-update\src\baseline_results.pkl::all_scenarios[(""knn"", ""20pct"")]"
KNN,20pct,deterministic,1318,17748,2022-01-18,0.0,1.4800000447779895,1,"C:\Users\yasemin.bozkurt\Desktop\article\DLPIF-repo-update\src\baseline_results.pkl::all_scenarios[(""knn"", ""20pct"")]"
KNN,20pct,deterministic,1324,17155,2022-01-20,0.20000000470317902,0.1600000070873648,1,"C:\Users\yasemin.bozkurt\Desktop\article\DLPIF-repo-update\src\baseline_results.pkl::all_scenarios[(""knn"", ""20pct"")]"
KNN,20pct,deterministic,1326,17748,2022-01-20,2.2000000018626453,0.0,1,"C:\Users\yasemin.bozkurt\Desktop\article\DLPIF-repo-update\src\baseline_results.pkl::all_scenarios[(""knn"", ""20pct"")]"
KNN,20pct,deterministic,1329,17704,2022-01-21,1.0000000068917871,0.0,1,"C:\Users\yasemin.bozkurt\Desktop\article\DLPIF-repo-update\src\baseline_results.pkl::all_scenarios[(""knn"", ""20pct"")]"
KNN,20pct,deterministic,1339,17750,2022-01-23,1.4000000495463611,0.6800000259652734,1,"C:\Users\yasemin.bozkurt\Desktop\article\DLPIF-repo-update\src\baseline_results.pkl::all_scenarios[(""knn"", ""20pct"")]"
KNN,20pct,deterministic,1340,17155,2022-01-24,0.0,1.4000000495463611,1,"C:\Users\yasemin.bozkurt\Desktop\article\DLPIF-repo-update\src\baseline_results.pkl::all_scenarios[(""knn"", ""20pct"")]"
KNN,20pct,deterministic,1349,17704,2022-01-26,0.0,2.040000144392252,1,"C:\Users\yasemin.bozkurt\Desktop\article\DLPIF-repo-update\src\baseline_results.pkl::all_scenarios[(""knn"", ""20pct"")]"
KNN,20pct,deterministic,1351,17750,2022-01-26,0.20000000470317902,0.780000020004809,1,"C:\Users\yasemin.bozkurt\Desktop\article\DLPIF-repo-update\src\baseline_results.pkl::all_scenarios[(""knn"", ""20pct"")]"
KNN,20pct,deterministic,1352,17155,2022-01-27,0.0,0.1200000094715506,1,"C:\Users\yasemin.bozkurt\Desktop\article\DLPIF-repo-update\src\baseline_results.pkl::all_scenarios[(""knn"", ""20pct"")]"
KNN,20pct,deterministic,1356,17155,2022-01-28,0.0,0.0,1,"C:\Users\yasemin.bozkurt\Desktop\article\DLPIF-repo-update\src\baseline_results.pkl::all_scenarios[(""knn"", ""20pct"")]"
KNN,20pct,deterministic,1360,17155,2022-01-29,0.0,1.760000028088689,1,"C:\Users\yasemin.bozkurt\Desktop\article\DLPIF-repo-update\src\baseline_results.pkl::all_scenarios[(""knn"", ""20pct"")]"
KNN,20pct,deterministic,1366,17748,2022-01-30,0.0,0.0,1,"C:\Users\yasemin.bozkurt\Desktop\article\DLPIF-repo-update\src\baseline_results.pkl::all_scenarios[(""knn"", ""20pct"")]"
KNN,20pct,deterministic,1386,17748,2022-02-04,0.8000000188127161,6.840000124275685,1,"C:\Users\yasemin.bozkurt\Desktop\article\DLPIF-repo-update\src\baseline_results.pkl::all_scenarios[(""knn"", ""20pct"")]"
KNN,20pct,deterministic,1387,17750,2022-02-04,3.8000000394880775,0.0,1,"C:\Users\yasemin.bozkurt\Desktop\article\DLPIF-repo-update\src\baseline_results.pkl::all_scenarios[(""knn"", ""20pct"")]"
KNN,20pct,deterministic,1391,17750,2022-02-05,0.0,0.0,1,"C:\Users\yasemin.bozkurt\Desktop\article\DLPIF-repo-update\src\baseline_results.pkl::all_scenarios[(""knn"", ""20pct"")]"
KNN,20pct,deterministic,1399,17750,2022-02-07,0.20000000470317902,0.0800000035436824,1,"C:\Users\yasemin.bozkurt\Desktop\article\DLPIF-repo-update\src\baseline_results.pkl::all_scenarios[(""knn"", ""20pct"")]"
KNN,20pct,deterministic,1403,17750,2022-02-08,7.600000078976155,19.720000952482224,1,"C:\Users\yasemin.bozkurt\Desktop\article\DLPIF-repo-update\src\baseline_results.pkl::all_scenarios[(""knn"", ""20pct"")]"
KNN,20pct,deterministic,1404,17155,2022-02-09,20.60000090003014,10.200000455975534,1,"C:\Users\yasemin.bozkurt\Desktop\article\DLPIF-repo-update\src\baseline_results.pkl::all_scenarios[(""knn"", ""20pct"")]"
KNN,20pct,deterministic,1405,17704,2022-02-09,5.800000186264516,6.640000136196614,1,"C:\Users\yasemin.bozkurt\Desktop\article\DLPIF-repo-update\src\baseline_results.pkl::all_scenarios[(""knn"", ""20pct"")]"
KNN,20pct,deterministic,1406,17748,2022-02-09,8.800000007450581,5.240000219643116,1,"C:\Users\yasemin.bozkurt\Desktop\article\DLPIF-repo-update\src\baseline_results.pkl::all_scenarios[(""knn"", ""20pct"")]"
KNN,20pct,deterministic,1410,17748,2022-02-10,5.0000002339482315,6.0400001719594005,1,"C:\Users\yasemin.bozkurt\Desktop\article\DLPIF-repo-update\src\baseline_results.pkl::all_scenarios[(""knn"", ""20pct"")]"
KNN,20pct,deterministic,1423,17750,2022-02-13,0.0,1.7200000304728749,1,"C:\Users\yasemin.bozkurt\Desktop\article\DLPIF-repo-update\src\baseline_results.pkl::all_scenarios[(""knn"", ""20pct"")]"
KNN,20pct,deterministic,1431,17750,2022-02-15,0.0,0.0,1,"C:\Users\yasemin.bozkurt\Desktop\article\DLPIF-repo-update\src\baseline_results.pkl::all_scenarios[(""knn"", ""20pct"")]"
KNN,20pct,deterministic,1436,17155,2022-02-17,0.0,0.24000000231899324,1,"C:\Users\yasemin.bozkurt\Desktop\article\DLPIF-repo-update\src\baseline_results.pkl::all_scenarios[(""knn"", ""20pct"")]"
KNN,20pct,deterministic,1439,17750,2022-02-17,0.0,0.0,1,"C:\Users\yasemin.bozkurt\Desktop\article\DLPIF-repo-update\src\baseline_results.pkl::all_scenarios[(""knn"", ""20pct"")]"
KNN,20pct,deterministic,1441,17704,2022-02-18,0.0,1.0800000686198474,1,"C:\Users\yasemin.bozkurt\Desktop\article\DLPIF-repo-update\src\baseline_results.pkl::all_scenarios[(""knn"", ""20pct"")]"
KNN,20pct,deterministic,1443,17750,2022-02-18,0.0,0.0,1,"C:\Users\yasemin.bozkurt\Desktop\article\DLPIF-repo-update\src\baseline_results.pkl::all_scenarios[(""knn"", ""20pct"")]"
KNN,20pct,deterministic,1451,17750,2022-02-20,0.20000000470317902,0.0,1,"C:\Users\yasemin.bozkurt\Desktop\article\DLPIF-repo-update\src\baseline_results.pkl::all_scenarios[(""knn"", ""20pct"")]"
KNN,20pct,deterministic,1459,17750,2022-02-22,0.20000000470317902,1.4400000471621752,1,"C:\Users\yasemin.bozkurt\Desktop\article\DLPIF-repo-update\src\baseline_results.pkl::all_scenarios[(""knn"", ""20pct"")]"
KNN,20pct,deterministic,1463,17750,2022-02-23,1.6000000376254322,0.24000000231899324,1,"C:\Users\yasemin.bozkurt\Desktop\article\DLPIF-repo-update\src\baseline_results.pkl::all_scenarios[(""knn"", ""20pct"")]"
KNN,20pct,deterministic,1464,17155,2022-02-24,4.000000027567149,0.4800000046379865,1,"C:\Users\yasemin.bozkurt\Desktop\article\DLPIF-repo-update\src\baseline_results.pkl::all_scenarios[(""knn"", ""20pct"")]"
KNN,20pct,deterministic,1476,17155,2022-02-27,0.0,0.0,1,"C:\Users\yasemin.bozkurt\Desktop\article\DLPIF-repo-update\src\baseline_results.pkl::all_scenarios[(""knn"", ""20pct"")]"
KNN,20pct,deterministic,1477,17704,2022-02-27,0.0,0.0400000017718412,1,"C:\Users\yasemin.bozkurt\Desktop\article\DLPIF-repo-update\src\baseline_results.pkl::all_scenarios[(""knn"", ""20pct"")]"
KNN,20pct,deterministic,1481,17704,2022-02-28,2.6000001110136512,9.240000513195993,1,"C:\Users\yasemin.bozkurt\Desktop\article\DLPIF-repo-update\src\baseline_results.pkl::all_scenarios[(""knn"", ""20pct"")]"
KNN,20pct,deterministic,1486,17748,2022-03-01,4.400000003725291,2.6800001062452794,1,"C:\Users\yasemin.bozkurt\Desktop\article\DLPIF-repo-update\src\baseline_results.pkl::all_scenarios[(""knn"", ""20pct"")]"
KNN,20pct,deterministic,1490,17748,2022-03-02,0.20000000470317902,2.760000101476908,1,"C:\Users\yasemin.bozkurt\Desktop\article\DLPIF-repo-update\src\baseline_results.pkl::all_scenarios[(""knn"", ""20pct"")]"
KNN,20pct,deterministic,1492,17155,2022-03-03,10.800000420212747,8.880000534653664,1,"C:\Users\yasemin.bozkurt\Desktop\article\DLPIF-repo-update\src\baseline_results.pkl::all_scenarios[(""knn"", ""20pct"")]"
KNN,20pct,deterministic,1503,17750,2022-03-05,0.20000000470317902,2.4800001181662084,1,"C:\Users\yasemin.bozkurt\Desktop\article\DLPIF-repo-update\src\baseline_results.pkl::all_scenarios[(""knn"", ""20pct"")]"
KNN,20pct,deterministic,1515,17750,2022-03-08,11.000000408291818,12.000000348687173,1,"C:\Users\yasemin.bozkurt\Desktop\article\DLPIF-repo-update\src\baseline_results.pkl::all_scenarios[(""knn"", ""20pct"")]"
KNN,20pct,deterministic,1530,17748,2022-03-12,0.0,0.1600000070873648,1,"C:\Users\yasemin.bozkurt\Desktop\article\DLPIF-repo-update\src\baseline_results.pkl::all_scenarios[(""knn"", ""20pct"")]"
KNN,20pct,deterministic,1535,17750,2022-03-13,0.0,0.0,1,"C:\Users\yasemin.bozkurt\Desktop\article\DLPIF-repo-update\src\baseline_results.pkl::all_scenarios[(""knn"", ""20pct"")]"
KNN,20pct,deterministic,1537,17704,2022-03-14,1.6000000376254322,0.2400000189431012,1,"C:\Users\yasemin.bozkurt\Desktop\article\DLPIF-repo-update\src\baseline_results.pkl::all_scenarios[(""knn"", ""20pct"")]"
KNN,20pct,deterministic,1538,17748,2022-03-14,0.40000000940635805,0.0,1,"C:\Users\yasemin.bozkurt\Desktop\article\DLPIF-repo-update\src\baseline_results.pkl::all_scenarios[(""knn"", ""20pct"")]"
KNN,20pct,deterministic,1545,17704,2022-03-16,0.0,0.0,1,"C:\Users\yasemin.bozkurt\Desktop\article\DLPIF-repo-update\src\baseline_results.pkl::all_scenarios[(""knn"", ""20pct"")]"
KNN,20pct,deterministic,1549,17704,2022-03-17,0.0,9.640000489354135,1,"C:\Users\yasemin.bozkurt\Desktop\article\DLPIF-repo-update\src\baseline_results.pkl::all_scenarios[(""knn"", ""20pct"")]"
KNN,20pct,deterministic,1550,17748,2022-03-17,0.0,0.0,1,"C:\Users\yasemin.bozkurt\Desktop\article\DLPIF-repo-update\src\baseline_results.pkl::all_scenarios[(""knn"", ""20pct"")]"
KNN,20pct,deterministic,1561,17704,2022-03-20,1.0000000068917871,0.0,1,"C:\Users\yasemin.bozkurt\Desktop\article\DLPIF-repo-update\src\baseline_results.pkl::all_scenarios[(""knn"", ""20pct"")]"
KNN,20pct,deterministic,1566,17748,2022-03-21,0.0,0.0,1,"C:\Users\yasemin.bozkurt\Desktop\article\DLPIF-repo-update\src\baseline_results.pkl::all_scenarios[(""knn"", ""20pct"")]"
KNN,20pct,deterministic,1572,17155,2022-03-23,0.0,11.680000367760659,1,"C:\Users\yasemin.bozkurt\Desktop\article\DLPIF-repo-update\src\baseline_results.pkl::all_scenarios[(""knn"", ""20pct"")]"
KNN,20pct,deterministic,1576,17155,2022-03-24,0.0,2.160000137239695,1,"C:\Users\yasemin.bozkurt\Desktop\article\DLPIF-repo-update\src\baseline_results.pkl::all_scenarios[(""knn"", ""20pct"")]"
KNN,20pct,deterministic,1579,17750,2022-03-24,0.0,0.0600000047357753,1,"C:\Users\yasemin.bozkurt\Desktop\article\DLPIF-repo-update\src\baseline_results.pkl::all_scenarios[(""knn"", ""20pct"")]"
KNN,20pct,deterministic,1580,17155,2022-03-25,0.0,0.0400000017718412,1,"C:\Users\yasemin.bozkurt\Desktop\article\DLPIF-repo-update\src\baseline_results.pkl::all_scenarios[(""knn"", ""20pct"")]"
KNN,20pct,deterministic,1587,17750,2022-03-26,0.0,0.0,1,"C:\Users\yasemin.bozkurt\Desktop\article\DLPIF-repo-update\src\baseline_results.pkl::all_scenarios[(""knn"", ""20pct"")]"
KNN,20pct,deterministic,1590,17748,2022-03-27,0.0,0.0,1,"C:\Users\yasemin.bozkurt\Desktop\article\DLPIF-repo-update\src\baseline_results.pkl::all_scenarios[(""knn"", ""20pct"")]"
KNN,20pct,deterministic,1597,17704,2022-03-29,0.0,0.0,1,"C:\Users\yasemin.bozkurt\Desktop\article\DLPIF-repo-update\src\baseline_results.pkl::all_scenarios[(""knn"", ""20pct"")]"
KNN,20pct,deterministic,1601,17704,2022-03-30,0.600000030733645,0.20000000470317902,1,"C:\Users\yasemin.bozkurt\Desktop\article\DLPIF-repo-update\src\baseline_results.pkl::all_scenarios[(""knn"", ""20pct"")]"
KNN,20pct,deterministic,1602,17748,2022-03-30,1.6000000376254322,1.4000000495463611,1,"C:\Users\yasemin.bozkurt\Desktop\article\DLPIF-repo-update\src\baseline_results.pkl::all_scenarios[(""knn"", ""20pct"")]"
KNN,20pct,deterministic,1603,17750,2022-03-30,0.8000000188127161,0.0400000017718412,1,"C:\Users\yasemin.bozkurt\Desktop\article\DLPIF-repo-update\src\baseline_results.pkl::all_scenarios[(""knn"", ""20pct"")]"
KNN,20pct,deterministic,1611,17750,2022-04-01,0.0,0.0800000035436824,1,"C:\Users\yasemin.bozkurt\Desktop\article\DLPIF-repo-update\src\baseline_results.pkl::all_scenarios[(""knn"", ""20pct"")]"
KNN,20pct,deterministic,1618,17748,2022-04-03,0.0,0.0,1,"C:\Users\yasemin.bozkurt\Desktop\article\DLPIF-repo-update\src\baseline_results.pkl::all_scenarios[(""knn"", ""20pct"")]"
KNN,20pct,deterministic,1619,17750,2022-04-03,0.0,0.0,1,"C:\Users\yasemin.bozkurt\Desktop\article\DLPIF-repo-update\src\baseline_results.pkl::all_scenarios[(""knn"", ""20pct"")]"
KNN,20pct,deterministic,1629,17704,2022-04-06,0.0,0.0,1,"C:\Users\yasemin.bozkurt\Desktop\article\DLPIF-repo-update\src\baseline_results.pkl::all_scenarios[(""knn"", ""20pct"")]"
KNN,20pct,deterministic,1630,17748,2022-04-06,0.0,0.0,1,"C:\Users\yasemin.bozkurt\Desktop\article\DLPIF-repo-update\src\baseline_results.pkl::all_scenarios[(""knn"", ""20pct"")]"
KNN,20pct,deterministic,1631,17750,2022-04-06,0.0,0.0,1,"C:\Users\yasemin.bozkurt\Desktop\article\DLPIF-repo-update\src\baseline_results.pkl::all_scenarios[(""knn"", ""20pct"")]"
KNN,20pct,deterministic,1632,17155,2022-04-07,0.0,0.44000000702217223,1,"C:\Users\yasemin.bozkurt\Desktop\article\DLPIF-repo-update\src\baseline_results.pkl::all_scenarios[(""knn"", ""20pct"")]"
KNN,20pct,deterministic,1635,17750,2022-04-07,0.0,0.7200000235810876,1,"C:\Users\yasemin.bozkurt\Desktop\article\DLPIF-repo-update\src\baseline_results.pkl::all_scenarios[(""knn"", ""20pct"")]"
KNN,20pct,deterministic,1640,17155,2022-04-09,0.20000000470317902,0.0,1,"C:\Users\yasemin.bozkurt\Desktop\article\DLPIF-repo-update\src\baseline_results.pkl::all_scenarios[(""knn"", ""20pct"")]"
KNN,20pct,deterministic,1647,17750,2022-04-10,0.0,0.0,1,"C:\Users\yasemin.bozkurt\Desktop\article\DLPIF-repo-update\src\baseline_results.pkl::all_scenarios[(""knn"", ""20pct"")]"
KNN,20pct,deterministic,1649,17704,2022-04-11,2.0000000137835743,1.0400000710040331,1,"C:\Users\yasemin.bozkurt\Desktop\article\DLPIF-repo-update\src\baseline_results.pkl::all_scenarios[(""knn"", ""20pct"")]"
KNN,20pct,deterministic,1653,17704,2022-04-12,4.000000027567149,1.6400000352412463,1,"C:\Users\yasemin.bozkurt\Desktop\article\DLPIF-repo-update\src\baseline_results.pkl::all_scenarios[(""knn"", ""20pct"")]"
KNN,20pct,deterministic,1656,17155,2022-04-13,0.0,0.22000000351108612,1,"C:\Users\yasemin.bozkurt\Desktop\article\DLPIF-repo-update\src\baseline_results.pkl::all_scenarios[(""knn"", ""20pct"")]"
KNN,20pct,deterministic,1659,17750,2022-04-13,0.0,4.840000243484974,1,"C:\Users\yasemin.bozkurt\Desktop\article\DLPIF-repo-update\src\baseline_results.pkl::all_scenarios[(""knn"", ""20pct"")]"
KNN,20pct,deterministic,1667,17750,2022-04-15,0.0,0.0,1,"C:\Users\yasemin.bozkurt\Desktop\article\DLPIF-repo-update\src\baseline_results.pkl::all_scenarios[(""knn"", ""20pct"")]"
KNN,20pct,deterministic,1669,17704,2022-04-16,0.0,3.4400000609457497,1,"C:\Users\yasemin.bozkurt\Desktop\article\DLPIF-repo-update\src\baseline_results.pkl::all_scenarios[(""knn"", ""20pct"")]"
KNN,20pct,deterministic,1674,17748,2022-04-17,0.0,1.8000000257045032,1,"C:\Users\yasemin.bozkurt\Desktop\article\DLPIF-repo-update\src\baseline_results.pkl::all_scenarios[(""knn"", ""20pct"")]"
KNN,20pct,deterministic,1677,17704,2022-04-18,8.60000001937151,2.160000004246831,1,"C:\Users\yasemin.bozkurt\Desktop\article\DLPIF-repo-update\src\baseline_results.pkl::all_scenarios[(""knn"", ""20pct"")]"
KNN,20pct,deterministic,1678,17748,2022-04-18,5.800000186264516,1.5200000423938038,1,"C:\Users\yasemin.bozkurt\Desktop\article\DLPIF-repo-update\src\baseline_results.pkl::all_scenarios[(""knn"", ""20pct"")]"
KNN,20pct,deterministic,1682,17748,2022-04-19,2.0000000137835743,4.920000238716603,1,"C:\Users\yasemin.bozkurt\Desktop\article\DLPIF-repo-update\src\baseline_results.pkl::all_scenarios[(""knn"", ""20pct"")]"
KNN,20pct,deterministic,1713,17704,2022-04-27,0.0,0.0,1,"C:\Users\yasemin.bozkurt\Desktop\article\DLPIF-repo-update\src\baseline_results.pkl::all_scenarios[(""knn"", ""20pct"")]"
KNN,20pct,deterministic,1716,17155,2022-04-28,0.0,0.0,1,"C:\Users\yasemin.bozkurt\Desktop\article\DLPIF-repo-update\src\baseline_results.pkl::all_scenarios[(""knn"", ""20pct"")]"
KNN,20pct,deterministic,1718,17748,2022-04-28,0.0,0.0400000017718412,1,"C:\Users\yasemin.bozkurt\Desktop\article\DLPIF-repo-update\src\baseline_results.pkl::all_scenarios[(""knn"", ""20pct"")]"
KNN,20pct,deterministic,1723,17750,2022-04-29,0.0,0.0,1,"C:\Users\yasemin.bozkurt\Desktop\article\DLPIF-repo-update\src\baseline_results.pkl::all_scenarios[(""knn"", ""20pct"")]"
KNN,20pct,deterministic,1725,17704,2022-04-30,0.0,3.520000056177378,1,"C:\Users\yasemin.bozkurt\Desktop\article\DLPIF-repo-update\src\baseline_results.pkl::all_scenarios[(""knn"", ""20pct"")]"
KNN,20pct,deterministic,1726,17748,2022-04-30,0.0,7.36000009328127,1,"C:\Users\yasemin.bozkurt\Desktop\article\DLPIF-repo-update\src\baseline_results.pkl::all_scenarios[(""knn"", ""20pct"")]"
KNN,20pct,deterministic,1735,17750,2022-05-02,0.0,0.0400000017718412,1,"C:\Users\yasemin.bozkurt\Desktop\article\DLPIF-repo-update\src\baseline_results.pkl::all_scenarios[(""knn"", ""20pct"")]"
KNN,20pct,deterministic,1738,17748,2022-05-03,0.0,11.680000367760659,1,"C:\Users\yasemin.bozkurt\Desktop\article\DLPIF-repo-update\src\baseline_results.pkl::all_scenarios[(""knn"", ""20pct"")]"
KNN,20pct,deterministic,1744,17155,2022-05-05,1.0000000068917871,1.0800000686198474,1,"C:\Users\yasemin.bozkurt\Desktop\article\DLPIF-repo-update\src\baseline_results.pkl::all_scenarios[(""knn"", ""20pct"")]"
KNN,20pct,deterministic,1750,17748,2022-05-06,0.600000030733645,1.3600000519305468,1,"C:\Users\yasemin.bozkurt\Desktop\article\DLPIF-repo-update\src\baseline_results.pkl::all_scenarios[(""knn"", ""20pct"")]"
KNN,20pct,deterministic,1765,17704,2022-05-10,0.0,0.0,1,"C:\Users\yasemin.bozkurt\Desktop\article\DLPIF-repo-update\src\baseline_results.pkl::all_scenarios[(""knn"", ""20pct"")]"
KNN,20pct,deterministic,1770,17748,2022-05-11,3.0000000871717933,0.0400000017718412,1,"C:\Users\yasemin.bozkurt\Desktop\article\DLPIF-repo-update\src\baseline_results.pkl::all_scenarios[(""knn"", ""20pct"")]"
KNN,20pct,deterministic,1774,17748,2022-05-12,4.400000003725291,1.0400000710040331,1,"C:\Users\yasemin.bozkurt\Desktop\article\DLPIF-repo-update\src\baseline_results.pkl::all_scenarios[(""knn"", ""20pct"")]"
KNN,20pct,deterministic,1780,17155,2022-05-14,0.600000030733645,0.0,1,"C:\Users\yasemin.bozkurt\Desktop\article\DLPIF-repo-update\src\baseline_results.pkl::all_scenarios[(""knn"", ""20pct"")]"
KNN,20pct,deterministic,1787,17750,2022-05-15,4.80000024586916,0.4800000378862024,1,"C:\Users\yasemin.bozkurt\Desktop\article\DLPIF-repo-update\src\baseline_results.pkl::all_scenarios[(""knn"", ""20pct"")]"
KNN,20pct,deterministic,1789,17704,2022-05-16,0.0,0.0,1,"C:\Users\yasemin.bozkurt\Desktop\article\DLPIF-repo-update\src\baseline_results.pkl::all_scenarios[(""knn"", ""20pct"")]"
KNN,20pct,deterministic,1792,17155,2022-05-17,14.600000193715097,0.2800000165589154,1,"C:\Users\yasemin.bozkurt\Desktop\article\DLPIF-repo-update\src\baseline_results.pkl::all_scenarios[(""knn"", ""20pct"")]"
KNN,20pct,deterministic,1793,17704,2022-05-17,0.20000000470317902,0.0400000017718412,1,"C:\Users\yasemin.bozkurt\Desktop\article\DLPIF-repo-update\src\baseline_results.pkl::all_scenarios[(""knn"", ""20pct"")]"
KNN,20pct,deterministic,1795,17750,2022-05-17,1.0000000068917871,0.0,1,"C:\Users\yasemin.bozkurt\Desktop\article\DLPIF-repo-update\src\baseline_results.pkl::all_scenarios[(""knn"", ""20pct"")]"
KNN,20pct,deterministic,1798,17748,2022-05-18,0.20000000470317902,0.0,1,"C:\Users\yasemin.bozkurt\Desktop\article\DLPIF-repo-update\src\baseline_results.pkl::all_scenarios[(""knn"", ""20pct"")]"
KNN,20pct,deterministic,1816,17155,2022-05-23,0.0,0.0,1,"C:\Users\yasemin.bozkurt\Desktop\article\DLPIF-repo-update\src\baseline_results.pkl::all_scenarios[(""knn"", ""20pct"")]"
KNN,20pct,deterministic,1823,17750,2022-05-24,0.0,0.0,1,"C:\Users\yasemin.bozkurt\Desktop\article\DLPIF-repo-update\src\baseline_results.pkl::all_scenarios[(""knn"", ""20pct"")]"
KNN,20pct,deterministic,1830,17748,2022-05-26,0.0,0.0400000017718412,1,"C:\Users\yasemin.bozkurt\Desktop\article\DLPIF-repo-update\src\baseline_results.pkl::all_scenarios[(""knn"", ""20pct"")]"
KNN,20pct,deterministic,1832,17155,2022-05-27,0.40000000940635805,0.0,1,"C:\Users\yasemin.bozkurt\Desktop\article\DLPIF-repo-update\src\baseline_results.pkl::all_scenarios[(""knn"", ""20pct"")]"
KNN,20pct,deterministic,1836,17155,2022-05-28,1.0000000068917871,1.6800000328570606,1,"C:\Users\yasemin.bozkurt\Desktop\article\DLPIF-repo-update\src\baseline_results.pkl::all_scenarios[(""knn"", ""20pct"")]"
KNN,20pct,deterministic,1844,17155,2022-05-30,1.0000000068917871,0.0,1,"C:\Users\yasemin.bozkurt\Desktop\article\DLPIF-repo-update\src\baseline_results.pkl::all_scenarios[(""knn"", ""20pct"")]"
KNN,20pct,deterministic,1848,17155,2022-05-31,0.0,0.2400000189431012,1,"C:\Users\yasemin.bozkurt\Desktop\article\DLPIF-repo-update\src\baseline_results.pkl::all_scenarios[(""knn"", ""20pct"")]"
KNN,20pct,deterministic,1852,17155,2022-06-01,0.0,0.0,1,"C:\Users\yasemin.bozkurt\Desktop\article\DLPIF-repo-update\src\baseline_results.pkl::all_scenarios[(""knn"", ""20pct"")]"
KNN,20pct,deterministic,1854,17748,2022-06-01,0.0,0.0400000017718412,1,"C:\Users\yasemin.bozkurt\Desktop\article\DLPIF-repo-update\src\baseline_results.pkl::all_scenarios[(""knn"", ""20pct"")]"
KNN,20pct,deterministic,1856,17155,2022-06-02,0.0,3.320000068098307,1,"C:\Users\yasemin.bozkurt\Desktop\article\DLPIF-repo-update\src\baseline_results.pkl::all_scenarios[(""knn"", ""20pct"")]"
KNN,20pct,deterministic,1865,17704,2022-06-04,0.0,0.0800000035436824,1,"C:\Users\yasemin.bozkurt\Desktop\article\DLPIF-repo-update\src\baseline_results.pkl::all_scenarios[(""knn"", ""20pct"")]"
KNN,20pct,deterministic,1866,17748,2022-06-04,0.20000000470317902,0.0,1,"C:\Users\yasemin.bozkurt\Desktop\article\DLPIF-repo-update\src\baseline_results.pkl::all_scenarios[(""knn"", ""20pct"")]"
KNN,20pct,deterministic,1880,17155,2022-06-08,0.0,2.440000120550394,1,"C:\Users\yasemin.bozkurt\Desktop\article\DLPIF-repo-update\src\baseline_results.pkl::all_scenarios[(""knn"", ""20pct"")]"
KNN,20pct,deterministic,1898,17748,2022-06-12,6.800000126659871,17.540000018477443,1,"C:\Users\yasemin.bozkurt\Desktop\article\DLPIF-repo-update\src\baseline_results.pkl::all_scenarios[(""knn"", ""20pct"")]"
KNN,20pct,deterministic,1899,17750,2022-06-12,11.800000360608102,1.4000000495463611,1,"C:\Users\yasemin.bozkurt\Desktop\article\DLPIF-repo-update\src\baseline_results.pkl::all_scenarios[(""knn"", ""20pct"")]"
KNN,20pct,deterministic,1900,17155,2022-06-13,1.20000006146729,2.560000113397837,1,"C:\Users\yasemin.bozkurt\Desktop\article\DLPIF-repo-update\src\baseline_results.pkl::all_scenarios[(""knn"", ""20pct"")]"
KNN,20pct,deterministic,1906,17748,2022-06-14,0.20000000470317902,0.44000000702217223,1,"C:\Users\yasemin.bozkurt\Desktop\article\DLPIF-repo-update\src\baseline_results.pkl::all_scenarios[(""knn"", ""20pct"")]"
KNN,20pct,deterministic,1909,17704,2022-06-15,0.0,0.2800000165589154,1,"C:\Users\yasemin.bozkurt\Desktop\article\DLPIF-repo-update\src\baseline_results.pkl::all_scenarios[(""knn"", ""20pct"")]"
KNN,20pct,deterministic,1911,17750,2022-06-15,0.0,1.3600000519305468,1,"C:\Users\yasemin.bozkurt\Desktop\article\DLPIF-repo-update\src\baseline_results.pkl::all_scenarios[(""knn"", ""20pct"")]"
KNN,20pct,deterministic,1913,17704,2022-06-16,4.000000027567149,5.520000202953816,1,"C:\Users\yasemin.bozkurt\Desktop\article\DLPIF-repo-update\src\baseline_results.pkl::all_scenarios[(""knn"", ""20pct"")]"
KNN,20pct,deterministic,1919,17750,2022-06-17,5.2000002220273025,0.3200000141747296,1,"C:\Users\yasemin.bozkurt\Desktop\article\DLPIF-repo-update\src\baseline_results.pkl::all_scenarios[(""knn"", ""20pct"")]"
KNN,20pct,deterministic,1922,17748,2022-06-18,0.0,0.0,1,"C:\Users\yasemin.bozkurt\Desktop\article\DLPIF-repo-update\src\baseline_results.pkl::all_scenarios[(""knn"", ""20pct"")]"
KNN,20pct,deterministic,1925,17704,2022-06-19,2.8000000990927223,0.40000000940635805,1,"C:\Users\yasemin.bozkurt\Desktop\article\DLPIF-repo-update\src\baseline_results.pkl::all_scenarios[(""knn"", ""20pct"")]"
KNN,20pct,deterministic,1933,17704,2022-06-21,1.0000000068917871,2.40000012293458,1,"C:\Users\yasemin.bozkurt\Desktop\article\DLPIF-repo-update\src\baseline_results.pkl::all_scenarios[(""knn"", ""20pct"")]"
KNN,20pct,deterministic,1939,17750,2022-06-22,0.0,0.5200000355020166,1,"C:\Users\yasemin.bozkurt\Desktop\article\DLPIF-repo-update\src\baseline_results.pkl::all_scenarios[(""knn"", ""20pct"")]"
KNN,20pct,deterministic,1940,17155,2022-06-23,0.0,1.4400000471621752,1,"C:\Users\yasemin.bozkurt\Desktop\article\DLPIF-repo-update\src\baseline_results.pkl::all_scenarios[(""knn"", ""20pct"")]"
KNN,20pct,deterministic,1941,17704,2022-06-23,0.0,0.0400000017718412,1,"C:\Users\yasemin.bozkurt\Desktop\article\DLPIF-repo-update\src\baseline_results.pkl::all_scenarios[(""knn"", ""20pct"")]"
KNN,20pct,deterministic,1943,17750,2022-06-23,0.0,0.0,1,"C:\Users\yasemin.bozkurt\Desktop\article\DLPIF-repo-update\src\baseline_results.pkl::all_scenarios[(""knn"", ""20pct"")]"
KNN,20pct,deterministic,1945,17704,2022-06-24,0.20000000470317902,1.1200000662356615,1,"C:\Users\yasemin.bozkurt\Desktop\article\DLPIF-repo-update\src\baseline_results.pkl::all_scenarios[(""knn"", ""20pct"")]"
KNN,20pct,deterministic,1950,17748,2022-06-25,0.0,0.0,1,"C:\Users\yasemin.bozkurt\Desktop\article\DLPIF-repo-update\src\baseline_results.pkl::all_scenarios[(""knn"", ""20pct"")]"
KNN,20pct,deterministic,1951,17750,2022-06-25,0.0,0.0,1,"C:\Users\yasemin.bozkurt\Desktop\article\DLPIF-repo-update\src\baseline_results.pkl::all_scenarios[(""knn"", ""20pct"")]"
KNN,20pct,deterministic,1958,17748,2022-06-27,0.0,0.0,1,"C:\Users\yasemin.bozkurt\Desktop\article\DLPIF-repo-update\src\baseline_results.pkl::all_scenarios[(""knn"", ""20pct"")]"
KNN,20pct,deterministic,1962,17748,2022-06-28,0.20000000470317902,0.0,1,"C:\Users\yasemin.bozkurt\Desktop\article\DLPIF-repo-update\src\baseline_results.pkl::all_scenarios[(""knn"", ""20pct"")]"
KNN,20pct,deterministic,1963,17750,2022-06-28,0.0,5.440000207722187,1,"C:\Users\yasemin.bozkurt\Desktop\article\DLPIF-repo-update\src\baseline_results.pkl::all_scenarios[(""knn"", ""20pct"")]"
KNN,20pct,deterministic,1970,17748,2022-06-30,0.0,1.3400000531226397,1,"C:\Users\yasemin.bozkurt\Desktop\article\DLPIF-repo-update\src\baseline_results.pkl::all_scenarios[(""knn"", ""20pct"")]"
KNN,20pct,deterministic,1988,17155,2022-07-05,0.0,0.0,1,"C:\Users\yasemin.bozkurt\Desktop\article\DLPIF-repo-update\src\baseline_results.pkl::all_scenarios[(""knn"", ""20pct"")]"
KNN,20pct,deterministic,1995,17750,2022-07-06,0.0,0.0,1,"C:\Users\yasemin.bozkurt\Desktop\article\DLPIF-repo-update\src\baseline_results.pkl::all_scenarios[(""knn"", ""20pct"")]"
KNN,20pct,deterministic,2002,17748,2022-07-08,0.0,0.0400000017718412,1,"C:\Users\yasemin.bozkurt\Desktop\article\DLPIF-repo-update\src\baseline_results.pkl::all_scenarios[(""knn"", ""20pct"")]"
KNN,20pct,deterministic,2008,17155,2022-07-10,1.4000000495463611,4.760000248253346,1,"C:\Users\yasemin.bozkurt\Desktop\article\DLPIF-repo-update\src\baseline_results.pkl::all_scenarios[(""knn"", ""20pct"")]"
KNN,20pct,deterministic,2011,17750,2022-07-10,2.2000000018626453,0.0,1,"C:\Users\yasemin.bozkurt\Desktop\article\DLPIF-repo-update\src\baseline_results.pkl::all_scenarios[(""knn"", ""20pct"")]"
KNN,20pct,deterministic,2012,17155,2022-07-11,1.20000006146729,0.0,1,"C:\Users\yasemin.bozkurt\Desktop\article\DLPIF-repo-update\src\baseline_results.pkl::all_scenarios[(""knn"", ""20pct"")]"
KNN,20pct,deterministic,2013,17704,2022-07-11,0.20000000470317902,1.1200000662356615,1,"C:\Users\yasemin.bozkurt\Desktop\article\DLPIF-repo-update\src\baseline_results.pkl::all_scenarios[(""knn"", ""20pct"")]"
KNN,20pct,deterministic,2015,17750,2022-07-11,0.20000000470317902,0.0,1,"C:\Users\yasemin.bozkurt\Desktop\article\DLPIF-repo-update\src\baseline_results.pkl::all_scenarios[(""knn"", ""20pct"")]"
KNN,20pct,deterministic,2017,17704,2022-07-12,0.0,0.0,1,"C:\Users\yasemin.bozkurt\Desktop\article\DLPIF-repo-update\src\baseline_results.pkl::all_scenarios[(""knn"", ""20pct"")]"
KNN,20pct,deterministic,2018,17748,2022-07-12,0.0,0.0,1,"C:\Users\yasemin.bozkurt\Desktop\article\DLPIF-repo-update\src\baseline_results.pkl::all_scenarios[(""knn"", ""20pct"")]"
KNN,20pct,deterministic,2019,17750,2022-07-12,0.0,0.0,1,"C:\Users\yasemin.bozkurt\Desktop\article\DLPIF-repo-update\src\baseline_results.pkl::all_scenarios[(""knn"", ""20pct"")]"
KNN,20pct,deterministic,2027,17750,2022-07-14,0.0,0.0,1,"C:\Users\yasemin.bozkurt\Desktop\article\DLPIF-repo-update\src\baseline_results.pkl::all_scenarios[(""knn"", ""20pct"")]"
KNN,20pct,deterministic,2054,17748,2022-07-21,0.0,0.0,1,"C:\Users\yasemin.bozkurt\Desktop\article\DLPIF-repo-update\src\baseline_results.pkl::all_scenarios[(""knn"", ""20pct"")]"
KNN,20pct,deterministic,2060,17155,2022-07-23,0.0,0.0,1,"C:\Users\yasemin.bozkurt\Desktop\article\DLPIF-repo-update\src\baseline_results.pkl::all_scenarios[(""knn"", ""20pct"")]"
KNN,20pct,deterministic,2061,17704,2022-07-23,0.0,0.0,1,"C:\Users\yasemin.bozkurt\Desktop\article\DLPIF-repo-update\src\baseline_results.pkl::all_scenarios[(""knn"", ""20pct"")]"
KNN,20pct,deterministic,2063,17750,2022-07-23,0.0,0.0,1,"C:\Users\yasemin.bozkurt\Desktop\article\DLPIF-repo-update\src\baseline_results.pkl::all_scenarios[(""knn"", ""20pct"")]"
KNN,20pct,deterministic,2082,17748,2022-07-28,0.0,0.0,1,"C:\Users\yasemin.bozkurt\Desktop\article\DLPIF-repo-update\src\baseline_results.pkl::all_scenarios[(""knn"", ""20pct"")]"
KNN,20pct,deterministic,2083,17750,2022-07-28,0.0,0.0,1,"C:\Users\yasemin.bozkurt\Desktop\article\DLPIF-repo-update\src\baseline_results.pkl::all_scenarios[(""knn"", ""20pct"")]"
KNN,20pct,deterministic,2085,17704,2022-07-29,0.0,0.0,1,"C:\Users\yasemin.bozkurt\Desktop\article\DLPIF-repo-update\src\baseline_results.pkl::all_scenarios[(""knn"", ""20pct"")]"
KNN,20pct,deterministic,2086,17748,2022-07-29,0.0,0.0,1,"C:\Users\yasemin.bozkurt\Desktop\article\DLPIF-repo-update\src\baseline_results.pkl::all_scenarios[(""knn"", ""20pct"")]"
KNN,20pct,deterministic,2088,17155,2022-07-30,0.0,0.0,1,"C:\Users\yasemin.bozkurt\Desktop\article\DLPIF-repo-update\src\baseline_results.pkl::all_scenarios[(""knn"", ""20pct"")]"
KNN,20pct,deterministic,2090,17748,2022-07-30,0.0,0.0,1,"C:\Users\yasemin.bozkurt\Desktop\article\DLPIF-repo-update\src\baseline_results.pkl::all_scenarios[(""knn"", ""20pct"")]"
KNN,20pct,deterministic,2097,17704,2022-08-01,0.0,0.0,1,"C:\Users\yasemin.bozkurt\Desktop\article\DLPIF-repo-update\src\baseline_results.pkl::all_scenarios[(""knn"", ""20pct"")]"
KNN,20pct,deterministic,2106,17748,2022-08-03,0.0,0.0,1,"C:\Users\yasemin.bozkurt\Desktop\article\DLPIF-repo-update\src\baseline_results.pkl::all_scenarios[(""knn"", ""20pct"")]"
KNN,20pct,deterministic,2116,17155,2022-08-06,0.0,6.640000136196614,1,"C:\Users\yasemin.bozkurt\Desktop\article\DLPIF-repo-update\src\baseline_results.pkl::all_scenarios[(""knn"", ""20pct"")]"
KNN,20pct,deterministic,2134,17748,2022-08-10,0.0,0.0,1,"C:\Users\yasemin.bozkurt\Desktop\article\DLPIF-repo-update\src\baseline_results.pkl::all_scenarios[(""knn"", ""20pct"")]"
KNN,20pct,deterministic,2137,17704,2022-08-11,0.0,0.0,1,"C:\Users\yasemin.bozkurt\Desktop\article\DLPIF-repo-update\src\baseline_results.pkl::all_scenarios[(""knn"", ""20pct"")]"
KNN,20pct,deterministic,2139,17750,2022-08-11,0.0,0.0,1,"C:\Users\yasemin.bozkurt\Desktop\article\DLPIF-repo-update\src\baseline_results.pkl::all_scenarios[(""knn"", ""20pct"")]"
KNN,20pct,deterministic,2149,17704,2022-08-14,2.2000000018626453,5.56000020056963,1,"C:\Users\yasemin.bozkurt\Desktop\article\DLPIF-repo-update\src\baseline_results.pkl::all_scenarios[(""knn"", ""20pct"")]"
KNN,20pct,deterministic,2160,17155,2022-08-17,0.0,0.0,1,"C:\Users\yasemin.bozkurt\Desktop\article\DLPIF-repo-update\src\baseline_results.pkl::all_scenarios[(""knn"", ""20pct"")]"
KNN,20pct,deterministic,2163,17750,2022-08-17,0.0,0.0,1,"C:\Users\yasemin.bozkurt\Desktop\article\DLPIF-repo-update\src\baseline_results.pkl::all_scenarios[(""knn"", ""20pct"")]"
KNN,20pct,deterministic,2171,17750,2022-08-19,0.0,0.0,1,"C:\Users\yasemin.bozkurt\Desktop\article\DLPIF-repo-update\src\baseline_results.pkl::all_scenarios[(""knn"", ""20pct"")]"
KNN,20pct,deterministic,2173,17704,2022-08-20,0.0,0.0,1,"C:\Users\yasemin.bozkurt\Desktop\article\DLPIF-repo-update\src\baseline_results.pkl::all_scenarios[(""knn"", ""20pct"")]"
KNN,20pct,deterministic,2182,17748,2022-08-22,0.0,1.0400000045076014,1,"C:\Users\yasemin.bozkurt\Desktop\article\DLPIF-repo-update\src\baseline_results.pkl::all_scenarios[(""knn"", ""20pct"")]"
KNN,20pct,deterministic,2191,17750,2022-08-24,0.0,0.0,1,"C:\Users\yasemin.bozkurt\Desktop\article\DLPIF-repo-update\src\baseline_results.pkl::all_scenarios[(""knn"", ""20pct"")]"
KNN,20pct,deterministic,2193,17704,2022-08-25,17.00000005066395,5.340000213682652,1,"C:\Users\yasemin.bozkurt\Desktop\article\DLPIF-repo-update\src\baseline_results.pkl::all_scenarios[(""knn"", ""20pct"")]"
KNN,20pct,deterministic,2194,17748,2022-08-25,3.8000000394880775,2.40000012293458,1,"C:\Users\yasemin.bozkurt\Desktop\article\DLPIF-repo-update\src\baseline_results.pkl::all_scenarios[(""knn"", ""20pct"")]"
KNN,20pct,deterministic,2196,17155,2022-08-26,0.3000000153668225,8.480000558495522,1,"C:\Users\yasemin.bozkurt\Desktop\article\DLPIF-repo-update\src\baseline_results.pkl::all_scenarios[(""knn"", ""20pct"")]"
KNN,20pct,deterministic,2210,17748,2022-08-29,0.0,4.560000260174275,1,"C:\Users\yasemin.bozkurt\Desktop\article\DLPIF-repo-update\src\baseline_results.pkl::all_scenarios[(""knn"", ""20pct"")]"
KNN,20pct,deterministic,2212,17155,2022-08-30,0.0,3.0400000847876076,1,"C:\Users\yasemin.bozkurt\Desktop\article\DLPIF-repo-update\src\baseline_results.pkl::all_scenarios[(""knn"", ""20pct"")]"
KNN,20pct,deterministic,2213,17704,2022-08-30,0.0,0.5600000331178308,1,"C:\Users\yasemin.bozkurt\Desktop\article\DLPIF-repo-update\src\baseline_results.pkl::all_scenarios[(""knn"", ""20pct"")]"
KNN,20pct,deterministic,2214,17748,2022-08-30,0.20000000470317902,0.8000000188127161,1,"C:\Users\yasemin.bozkurt\Desktop\article\DLPIF-repo-update\src\baseline_results.pkl::all_scenarios[(""knn"", ""20pct"")]"
KNN,20pct,deterministic,2229,17704,2022-09-03,0.0,0.2400000189431012,1,"C:\Users\yasemin.bozkurt\Desktop\article\DLPIF-repo-update\src\baseline_results.pkl::all_scenarios[(""knn"", ""20pct"")]"
KNN,20pct,deterministic,2236,17155,2022-09-05,0.0,2.440000120550394,1,"C:\Users\yasemin.bozkurt\Desktop\article\DLPIF-repo-update\src\baseline_results.pkl::all_scenarios[(""knn"", ""20pct"")]"
KNN,20pct,deterministic,2237,17704,2022-09-05,0.0,0.2400000189431012,1,"C:\Users\yasemin.bozkurt\Desktop\article\DLPIF-repo-update\src\baseline_results.pkl::all_scenarios[(""knn"", ""20pct"")]"
KNN,20pct,deterministic,2241,17704,2022-09-06,0.0,0.0400000017718412,1,"C:\Users\yasemin.bozkurt\Desktop\article\DLPIF-repo-update\src\baseline_results.pkl::all_scenarios[(""knn"", ""20pct"")]"
KNN,20pct,deterministic,2246,17748,2022-09-07,0.0,0.0,1,"C:\Users\yasemin.bozkurt\Desktop\article\DLPIF-repo-update\src\baseline_results.pkl::all_scenarios[(""knn"", ""20pct"")]"
KNN,20pct,deterministic,2260,17155,2022-09-11,0.0,0.0,1,"C:\Users\yasemin.bozkurt\Desktop\article\DLPIF-repo-update\src\baseline_results.pkl::all_scenarios[(""knn"", ""20pct"")]"
KNN,20pct,deterministic,2261,17704,2022-09-11,0.0,0.0,1,"C:\Users\yasemin.bozkurt\Desktop\article\DLPIF-repo-update\src\baseline_results.pkl::all_scenarios[(""knn"", ""20pct"")]"
KNN,20pct,deterministic,2262,17748,2022-09-11,0.0,0.0,1,"C:\Users\yasemin.bozkurt\Desktop\article\DLPIF-repo-update\src\baseline_results.pkl::all_scenarios[(""knn"", ""20pct"")]"
KNN,20pct,deterministic,2265,17704,2022-09-12,0.0,0.5200000355020166,1,"C:\Users\yasemin.bozkurt\Desktop\article\DLPIF-repo-update\src\baseline_results.pkl::all_scenarios[(""knn"", ""20pct"")]"
KNN,20pct,deterministic,2270,17748,2022-09-13,0.0,3.0400000847876076,1,"C:\Users\yasemin.bozkurt\Desktop\article\DLPIF-repo-update\src\baseline_results.pkl::all_scenarios[(""knn"", ""20pct"")]"
KNN,20pct,deterministic,2279,17750,2022-09-15,0.0,0.0,1,"C:\Users\yasemin.bozkurt\Desktop\article\DLPIF-repo-update\src\baseline_results.pkl::all_scenarios[(""knn"", ""20pct"")]"
KNN,20pct,deterministic,2280,17155,2022-09-16,0.0,0.0,1,"C:\Users\yasemin.bozkurt\Desktop\article\DLPIF-repo-update\src\baseline_results.pkl::all_scenarios[(""knn"", ""20pct"")]"
KNN,20pct,deterministic,2281,17704,2022-09-16,0.0,0.0,1,"C:\Users\yasemin.bozkurt\Desktop\article\DLPIF-repo-update\src\baseline_results.pkl::all_scenarios[(""knn"", ""20pct"")]"
KNN,20pct,deterministic,2282,17748,2022-09-16,0.0,0.0,1,"C:\Users\yasemin.bozkurt\Desktop\article\DLPIF-repo-update\src\baseline_results.pkl::all_scenarios[(""knn"", ""20pct"")]"
KNN,20pct,deterministic,2285,17704,2022-09-17,0.0,0.0,1,"C:\Users\yasemin.bozkurt\Desktop\article\DLPIF-repo-update\src\baseline_results.pkl::all_scenarios[(""knn"", ""20pct"")]"
KNN,20pct,deterministic,2298,17748,2022-09-20,0.0,1.5200000423938038,1,"C:\Users\yasemin.bozkurt\Desktop\article\DLPIF-repo-update\src\baseline_results.pkl::all_scenarios[(""knn"", ""20pct"")]"
KNN,20pct,deterministic,2305,17704,2022-09-22,0.0,2.440000120550394,1,"C:\Users\yasemin.bozkurt\Desktop\article\DLPIF-repo-update\src\baseline_results.pkl::all_scenarios[(""knn"", ""20pct"")]"
KNN,20pct,deterministic,2311,17750,2022-09-23,0.0,0.0,1,"C:\Users\yasemin.bozkurt\Desktop\article\DLPIF-repo-update\src\baseline_results.pkl::all_scenarios[(""knn"", ""20pct"")]"
KNN,20pct,deterministic,2318,17748,2022-09-25,0.0,0.0,1,"C:\Users\yasemin.bozkurt\Desktop\article\DLPIF-repo-update\src\baseline_results.pkl::all_scenarios[(""knn"", ""20pct"")]"
KNN,20pct,deterministic,2322,17748,2022-09-26,0.0,0.0,1,"C:\Users\yasemin.bozkurt\Desktop\article\DLPIF-repo-update\src\baseline_results.pkl::all_scenarios[(""knn"", ""20pct"")]"
KNN,20pct,deterministic,2325,17704,2022-09-27,0.0,0.0,1,"C:\Users\yasemin.bozkurt\Desktop\article\DLPIF-repo-update\src\baseline_results.pkl::all_scenarios[(""knn"", ""20pct"")]"
KNN,20pct,deterministic,2346,17748,2022-10-02,0.0,0.0,1,"C:\Users\yasemin.bozkurt\Desktop\article\DLPIF-repo-update\src\baseline_results.pkl::all_scenarios[(""knn"", ""20pct"")]"
KNN,20pct,deterministic,2347,17750,2022-10-02,0.0,0.0,1,"C:\Users\yasemin.bozkurt\Desktop\article\DLPIF-repo-update\src\baseline_results.pkl::all_scenarios[(""knn"", ""20pct"")]"
KNN,20pct,deterministic,2352,17155,2022-10-04,0.0,0.3600000117905438,1,"C:\Users\yasemin.bozkurt\Desktop\article\DLPIF-repo-update\src\baseline_results.pkl::all_scenarios[(""knn"", ""20pct"")]"
KNN,20pct,deterministic,2354,17748,2022-10-04,0.0,0.3600000117905438,1,"C:\Users\yasemin.bozkurt\Desktop\article\DLPIF-repo-update\src\baseline_results.pkl::all_scenarios[(""knn"", ""20pct"")]"
KNN,20pct,deterministic,2361,17704,2022-10-06,0.0,0.0400000017718412,1,"C:\Users\yasemin.bozkurt\Desktop\article\DLPIF-repo-update\src\baseline_results.pkl::all_scenarios[(""knn"", ""20pct"")]"
KNN,20pct,deterministic,2368,17155,2022-10-08,2.2000000018626453,7.680000074207784,1,"C:\Users\yasemin.bozkurt\Desktop\article\DLPIF-repo-update\src\baseline_results.pkl::all_scenarios[(""knn"", ""20pct"")]"
KNN,20pct,deterministic,2370,17748,2022-10-08,0.40000000940635805,0.0,1,"C:\Users\yasemin.bozkurt\Desktop\article\DLPIF-repo-update\src\baseline_results.pkl::all_scenarios[(""knn"", ""20pct"")]"
KNN,20pct,deterministic,2374,17748,2022-10-09,0.20000000470317902,0.0400000017718412,1,"C:\Users\yasemin.bozkurt\Desktop\article\DLPIF-repo-update\src\baseline_results.pkl::all_scenarios[(""knn"", ""20pct"")]"
KNN,20pct,deterministic,2382,17748,2022-10-11,0.0,0.0400000017718412,1,"C:\Users\yasemin.bozkurt\Desktop\article\DLPIF-repo-update\src\baseline_results.pkl::all_scenarios[(""knn"", ""20pct"")]"
KNN,20pct,deterministic,2383,17750,2022-10-11,0.0,0.0,1,"C:\Users\yasemin.bozkurt\Desktop\article\DLPIF-repo-update\src\baseline_results.pkl::all_scenarios[(""knn"", ""20pct"")]"
KNN,20pct,deterministic,2384,17155,2022-10-12,0.0,0.0,1,"C:\Users\yasemin.bozkurt\Desktop\article\DLPIF-repo-update\src\baseline_results.pkl::all_scenarios[(""knn"", ""20pct"")]"
KNN,20pct,deterministic,2387,17750,2022-10-12,0.0,0.0,1,"C:\Users\yasemin.bozkurt\Desktop\article\DLPIF-repo-update\src\baseline_results.pkl::all_scenarios[(""knn"", ""20pct"")]"
KNN,20pct,deterministic,2396,17155,2022-10-15,4.300000009685755,12.900000295042993,1,"C:\Users\yasemin.bozkurt\Desktop\article\DLPIF-repo-update\src\baseline_results.pkl::all_scenarios[(""knn"", ""20pct"")]"
KNN,20pct,deterministic,2398,17748,2022-10-15,2.6000001110136512,10.280000451207162,1,"C:\Users\yasemin.bozkurt\Desktop\article\DLPIF-repo-update\src\baseline_results.pkl::all_scenarios[(""knn"", ""20pct"")]"
KNN,20pct,deterministic,2400,17155,2022-10-16,2.2000000018626453,6.720000131428242,1,"C:\Users\yasemin.bozkurt\Desktop\article\DLPIF-repo-update\src\baseline_results.pkl::all_scenarios[(""knn"", ""20pct"")]"
KNN,20pct,deterministic,2401,17704,2022-10-16,4.400000003725291,6.0400001719594005,1,"C:\Users\yasemin.bozkurt\Desktop\article\DLPIF-repo-update\src\baseline_results.pkl::all_scenarios[(""knn"", ""20pct"")]"
KNN,20pct,deterministic,2414,17748,2022-10-19,0.0,0.8400000164285303,1,"C:\Users\yasemin.bozkurt\Desktop\article\DLPIF-repo-update\src\baseline_results.pkl::all_scenarios[(""knn"", ""20pct"")]"
KNN,20pct,deterministic,2421,17704,2022-10-21,0.0,0.0,1,"C:\Users\yasemin.bozkurt\Desktop\article\DLPIF-repo-update\src\baseline_results.pkl::all_scenarios[(""knn"", ""20pct"")]"
KNN,20pct,deterministic,2422,17748,2022-10-21,0.0,0.0800000035436824,1,"C:\Users\yasemin.bozkurt\Desktop\article\DLPIF-repo-update\src\baseline_results.pkl::all_scenarios[(""knn"", ""20pct"")]"
KNN,20pct,deterministic,2424,17155,2022-10-22,0.0,4.720000250637532,1,"C:\Users\yasemin.bozkurt\Desktop\article\DLPIF-repo-update\src\baseline_results.pkl::all_scenarios[(""knn"", ""20pct"")]"
KNN,20pct,deterministic,2429,17704,2022-10-23,0.0,0.0,1,"C:\Users\yasemin.bozkurt\Desktop\article\DLPIF-repo-update\src\baseline_results.pkl::all_scenarios[(""knn"", ""20pct"")]"
KNN,20pct,deterministic,2432,17155,2022-10-24,0.0,0.0,1,"C:\Users\yasemin.bozkurt\Desktop\article\DLPIF-repo-update\src\baseline_results.pkl::all_scenarios[(""knn"", ""20pct"")]"
KNN,20pct,deterministic,2435,17750,2022-10-24,0.0,0.0,1,"C:\Users\yasemin.bozkurt\Desktop\article\DLPIF-repo-update\src\baseline_results.pkl::all_scenarios[(""knn"", ""20pct"")]"
KNN,20pct,deterministic,2439,17750,2022-10-25,0.0,0.0,1,"C:\Users\yasemin.bozkurt\Desktop\article\DLPIF-repo-update\src\baseline_results.pkl::all_scenarios[(""knn"", ""20pct"")]"
KNN,20pct,deterministic,2440,17155,2022-10-26,0.0,0.0,1,"C:\Users\yasemin.bozkurt\Desktop\article\DLPIF-repo-update\src\baseline_results.pkl::all_scenarios[(""knn"", ""20pct"")]"
KNN,20pct,deterministic,2442,17748,2022-10-26,0.0,0.0400000017718412,1,"C:\Users\yasemin.bozkurt\Desktop\article\DLPIF-repo-update\src\baseline_results.pkl::all_scenarios[(""knn"", ""20pct"")]"
KNN,20pct,deterministic,2443,17750,2022-10-26,0.0,0.0,1,"C:\Users\yasemin.bozkurt\Desktop\article\DLPIF-repo-update\src\baseline_results.pkl::all_scenarios[(""knn"", ""20pct"")]"
KNN,20pct,deterministic,2449,17704,2022-10-28,0.0,0.0,1,"C:\Users\yasemin.bozkurt\Desktop\article\DLPIF-repo-update\src\baseline_results.pkl::all_scenarios[(""knn"", ""20pct"")]"
KNN,20pct,deterministic,2450,17748,2022-10-28,0.0,0.0,1,"C:\Users\yasemin.bozkurt\Desktop\article\DLPIF-repo-update\src\baseline_results.pkl::all_scenarios[(""knn"", ""20pct"")]"
KNN,20pct,deterministic,2451,17750,2022-10-28,0.0,0.0400000017718412,1,"C:\Users\yasemin.bozkurt\Desktop\article\DLPIF-repo-update\src\baseline_results.pkl::all_scenarios[(""knn"", ""20pct"")]"
KNN,20pct,deterministic,2455,17750,2022-10-29,0.0,0.0800000035436824,1,"C:\Users\yasemin.bozkurt\Desktop\article\DLPIF-repo-update\src\baseline_results.pkl::all_scenarios[(""knn"", ""20pct"")]"
KNN,20pct,deterministic,2457,17704,2022-10-30,0.0,0.0,1,"C:\Users\yasemin.bozkurt\Desktop\article\DLPIF-repo-update\src\baseline_results.pkl::all_scenarios[(""knn"", ""20pct"")]"
KNN,20pct,deterministic,2464,17155,2022-11-01,0.0,0.0,1,"C:\Users\yasemin.bozkurt\Desktop\article\DLPIF-repo-update\src\baseline_results.pkl::all_scenarios[(""knn"", ""20pct"")]"
KNN,20pct,deterministic,2466,17748,2022-11-01,0.0,0.0400000017718412,1,"C:\Users\yasemin.bozkurt\Desktop\article\DLPIF-repo-update\src\baseline_results.pkl::all_scenarios[(""knn"", ""20pct"")]"
KNN,20pct,deterministic,2474,17748,2022-11-03,0.0,0.0,1,"C:\Users\yasemin.bozkurt\Desktop\article\DLPIF-repo-update\src\baseline_results.pkl::all_scenarios[(""knn"", ""20pct"")]"
KNN,20pct,deterministic,2479,17750,2022-11-04,0.0,0.0,1,"C:\Users\yasemin.bozkurt\Desktop\article\DLPIF-repo-update\src\baseline_results.pkl::all_scenarios[(""knn"", ""20pct"")]"
KNN,20pct,deterministic,2493,17704,2022-11-08,0.0,0.0,1,"C:\Users\yasemin.bozkurt\Desktop\article\DLPIF-repo-update\src\baseline_results.pkl::all_scenarios[(""knn"", ""20pct"")]"
KNN,20pct,deterministic,2502,17748,2022-11-10,0.0,0.0800000035436824,1,"C:\Users\yasemin.bozkurt\Desktop\article\DLPIF-repo-update\src\baseline_results.pkl::all_scenarios[(""knn"", ""20pct"")]"
KNN,20pct,deterministic,2519,17750,2022-11-14,0.0,0.0,1,"C:\Users\yasemin.bozkurt\Desktop\article\DLPIF-repo-update\src\baseline_results.pkl::all_scenarios[(""knn"", ""20pct"")]"
KNN,20pct,deterministic,2522,17748,2022-11-15,0.0,0.0,1,"C:\Users\yasemin.bozkurt\Desktop\article\DLPIF-repo-update\src\baseline_results.pkl::all_scenarios[(""knn"", ""20pct"")]"
KNN,20pct,deterministic,2524,17155,2022-11-16,0.0,0.0,1,"C:\Users\yasemin.bozkurt\Desktop\article\DLPIF-repo-update\src\baseline_results.pkl::all_scenarios[(""knn"", ""20pct"")]"
KNN,20pct,deterministic,2525,17704,2022-11-16,0.0,0.0,1,"C:\Users\yasemin.bozkurt\Desktop\article\DLPIF-repo-update\src\baseline_results.pkl::all_scenarios[(""knn"", ""20pct"")]"
KNN,20pct,deterministic,2531,17750,2022-11-17,0.0,0.0800000035436824,1,"C:\Users\yasemin.bozkurt\Desktop\article\DLPIF-repo-update\src\baseline_results.pkl::all_scenarios[(""knn"", ""20pct"")]"
KNN,20pct,deterministic,2538,17748,2022-11-19,3.2000000752508644,1.5200000423938038,1,"C:\Users\yasemin.bozkurt\Desktop\article\DLPIF-repo-update\src\baseline_results.pkl::all_scenarios[(""knn"", ""20pct"")]"
KNN,20pct,deterministic,2540,17155,2022-11-20,0.0,0.0,1,"C:\Users\yasemin.bozkurt\Desktop\article\DLPIF-repo-update\src\baseline_results.pkl::all_scenarios[(""knn"", ""20pct"")]"
KNN,20pct,deterministic,2551,17750,2022-11-22,16.400000086426736,2.3200001277029516,1,"C:\Users\yasemin.bozkurt\Desktop\article\DLPIF-repo-update\src\baseline_results.pkl::all_scenarios[(""knn"", ""20pct"")]"
KNN,20pct,deterministic,2553,17704,2022-11-23,0.0,0.0,1,"C:\Users\yasemin.bozkurt\Desktop\article\DLPIF-repo-update\src\baseline_results.pkl::all_scenarios[(""knn"", ""20pct"")]"
KNN,20pct,deterministic,2559,17750,2022-11-24,19.800000947713855,9.680000486969949,1,"C:\Users\yasemin.bozkurt\Desktop\article\DLPIF-repo-update\src\baseline_results.pkl::all_scenarios[(""knn"", ""20pct"")]"
KNN,20pct,deterministic,2564,17155,2022-11-26,1.5000000435858967,2.7200001038610937,1,"C:\Users\yasemin.bozkurt\Desktop\article\DLPIF-repo-update\src\baseline_results.pkl::all_scenarios[(""knn"", ""20pct"")]"
KNN,20pct,deterministic,2565,17704,2022-11-26,0.600000030733645,2.360000125318766,1,"C:\Users\yasemin.bozkurt\Desktop\article\DLPIF-repo-update\src\baseline_results.pkl::all_scenarios[(""knn"", ""20pct"")]"
KNN,20pct,deterministic,2568,17155,2022-11-27,0.0,0.24000000231899324,1,"C:\Users\yasemin.bozkurt\Desktop\article\DLPIF-repo-update\src\baseline_results.pkl::all_scenarios[(""knn"", ""20pct"")]"
KNN,20pct,deterministic,2578,17748,2022-11-29,0.0,13.080000284314156,1,"C:\Users\yasemin.bozkurt\Desktop\article\DLPIF-repo-update\src\baseline_results.pkl::all_scenarios[(""knn"", ""20pct"")]"
KNN,20pct,deterministic,2588,17155,2022-12-02,2.0000000137835743,0.0,1,"C:\Users\yasemin.bozkurt\Desktop\article\DLPIF-repo-update\src\baseline_results.pkl::all_scenarios[(""knn"", ""20pct"")]"
KNN,20pct,deterministic,2589,17704,2022-12-02,1.8000000257045032,0.1200000094715506,1,"C:\Users\yasemin.bozkurt\Desktop\article\DLPIF-repo-update\src\baseline_results.pkl::all_scenarios[(""knn"", ""20pct"")]"
KNN,20pct,deterministic,2605,17704,2022-12-06,0.0,0.0800000035436824,1,"C:\Users\yasemin.bozkurt\Desktop\article\DLPIF-repo-update\src\baseline_results.pkl::all_scenarios[(""knn"", ""20pct"")]"
KNN,20pct,deterministic,2608,17155,2022-12-07,0.0,0.20000000470317902,1,"C:\Users\yasemin.bozkurt\Desktop\article\DLPIF-repo-update\src\baseline_results.pkl::all_scenarios[(""knn"", ""20pct"")]"
KNN,20pct,deterministic,2612,17155,2022-12-08,0.0,0.0,1,"C:\Users\yasemin.bozkurt\Desktop\article\DLPIF-repo-update\src\baseline_results.pkl::all_scenarios[(""knn"", ""20pct"")]"
KNN,20pct,deterministic,2617,17704,2022-12-09,0.600000030733645,0.26000000112690036,1,"C:\Users\yasemin.bozkurt\Desktop\article\DLPIF-repo-update\src\baseline_results.pkl::all_scenarios[(""knn"", ""20pct"")]"
KNN,20pct,deterministic,2622,17748,2022-12-10,0.0,7.960000057518483,1,"C:\Users\yasemin.bozkurt\Desktop\article\DLPIF-repo-update\src\baseline_results.pkl::all_scenarios[(""knn"", ""20pct"")]"
KNN,20pct,deterministic,2625,17704,2022-12-11,2.8000000990927223,7.400000090897084,1,"C:\Users\yasemin.bozkurt\Desktop\article\DLPIF-repo-update\src\baseline_results.pkl::all_scenarios[(""knn"", ""20pct"")]"
KNN,20pct,deterministic,2627,17750,2022-12-11,0.20000000470317902,9.240000513195993,1,"C:\Users\yasemin.bozkurt\Desktop\article\DLPIF-repo-update\src\baseline_results.pkl::all_scenarios[(""knn"", ""20pct"")]"
KNN,20pct,deterministic,2635,17750,2022-12-13,1.4000000495463611,7.040000112354756,1,"C:\Users\yasemin.bozkurt\Desktop\article\DLPIF-repo-update\src\baseline_results.pkl::all_scenarios[(""knn"", ""20pct"")]"
KNN,20pct,deterministic,2645,17704,2022-12-16,0.0,1.0400000045076014,1,"C:\Users\yasemin.bozkurt\Desktop\article\DLPIF-repo-update\src\baseline_results.pkl::all_scenarios[(""knn"", ""20pct"")]"
KNN,20pct,deterministic,2654,17748,2022-12-18,0.0,1.8800000209361316,1,"C:\Users\yasemin.bozkurt\Desktop\article\DLPIF-repo-update\src\baseline_results.pkl::all_scenarios[(""knn"", ""20pct"")]"
KNN,20pct,deterministic,2655,17750,2022-12-18,0.20000000470317902,2.3200001277029516,1,"C:\Users\yasemin.bozkurt\Desktop\article\DLPIF-repo-update\src\baseline_results.pkl::all_scenarios[(""knn"", ""20pct"")]"
KNN,20pct,deterministic,2657,17704,2022-12-19,0.0,0.5200000355020166,1,"C:\Users\yasemin.bozkurt\Desktop\article\DLPIF-repo-update\src\baseline_results.pkl::all_scenarios[(""knn"", ""20pct"")]"
KNN,20pct,deterministic,2679,17750,2022-12-24,0.0,0.0,1,"C:\Users\yasemin.bozkurt\Desktop\article\DLPIF-repo-update\src\baseline_results.pkl::all_scenarios[(""knn"", ""20pct"")]"
KNN,20pct,deterministic,2682,17748,2022-12-25,0.0,2.7200001038610937,1,"C:\Users\yasemin.bozkurt\Desktop\article\DLPIF-repo-update\src\baseline_results.pkl::all_scenarios[(""knn"", ""20pct"")]"
KNN,20pct,deterministic,2683,17750,2022-12-25,0.0,1.0400000710040331,1,"C:\Users\yasemin.bozkurt\Desktop\article\DLPIF-repo-update\src\baseline_results.pkl::all_scenarios[(""knn"", ""20pct"")]"
KNN,20pct,deterministic,2684,17155,2022-12-26,0.10000000235158951,0.3600000117905438,1,"C:\Users\yasemin.bozkurt\Desktop\article\DLPIF-repo-update\src\baseline_results.pkl::all_scenarios[(""knn"", ""20pct"")]"
KNN,20pct,deterministic,2687,17750,2022-12-26,0.0,0.0,1,"C:\Users\yasemin.bozkurt\Desktop\article\DLPIF-repo-update\src\baseline_results.pkl::all_scenarios[(""knn"", ""20pct"")]"
KNN,20pct,deterministic,2690,17748,2022-12-27,0.0,0.0400000017718412,1,"C:\Users\yasemin.bozkurt\Desktop\article\DLPIF-repo-update\src\baseline_results.pkl::all_scenarios[(""knn"", ""20pct"")]"
KNN,20pct,deterministic,2693,17704,2022-12-28,0.0,0.0,1,"C:\Users\yasemin.bozkurt\Desktop\article\DLPIF-repo-update\src\baseline_results.pkl::all_scenarios[(""knn"", ""20pct"")]"
KNN,20pct,deterministic,2698,17748,2022-12-29,0.0,0.44000000702217223,1,"C:\Users\yasemin.bozkurt\Desktop\article\DLPIF-repo-update\src\baseline_results.pkl::all_scenarios[(""knn"", ""20pct"")]"
KNN,20pct,deterministic,2700,17155,2022-12-30,0.0,0.0400000017718412,1,"C:\Users\yasemin.bozkurt\Desktop\article\DLPIF-repo-update\src\baseline_results.pkl::all_scenarios[(""knn"", ""20pct"")]"
KNN,20pct,deterministic,2707,17750,2022-12-31,0.0,0.0400000017718412,1,"C:\Users\yasemin.bozkurt\Desktop\article\DLPIF-repo-update\src\baseline_results.pkl::all_scenarios[(""knn"", ""20pct"")]"
KNN,20pct,deterministic,2708,17155,2023-01-01,0.0,0.0800000035436824,1,"C:\Users\yasemin.bozkurt\Desktop\article\DLPIF-repo-update\src\baseline_results.pkl::all_scenarios[(""knn"", ""20pct"")]"
KNN,20pct,deterministic,2709,17704,2023-01-01,0.0,0.0,1,"C:\Users\yasemin.bozkurt\Desktop\article\DLPIF-repo-update\src\baseline_results.pkl::all_scenarios[(""knn"", ""20pct"")]"
KNN,20pct,deterministic,2712,17155,2023-01-02,0.0,0.0,1,"C:\Users\yasemin.bozkurt\Desktop\article\DLPIF-repo-update\src\baseline_results.pkl::all_scenarios[(""knn"", ""20pct"")]"
KNN,20pct,deterministic,2716,17155,2023-01-03,0.0,0.0,1,"C:\Users\yasemin.bozkurt\Desktop\article\DLPIF-repo-update\src\baseline_results.pkl::all_scenarios[(""knn"", ""20pct"")]"
KNN,20pct,deterministic,2723,17750,2023-01-04,0.0,0.0,1,"C:\Users\yasemin.bozkurt\Desktop\article\DLPIF-repo-update\src\baseline_results.pkl::all_scenarios[(""knn"", ""20pct"")]"
KNN,20pct,deterministic,2727,17750,2023-01-05,0.0,0.1600000070873648,1,"C:\Users\yasemin.bozkurt\Desktop\article\DLPIF-repo-update\src\baseline_results.pkl::all_scenarios[(""knn"", ""20pct"")]"
KNN,20pct,deterministic,2729,17704,2023-01-06,0.0,0.0800000035436824,1,"C:\Users\yasemin.bozkurt\Desktop\article\DLPIF-repo-update\src\baseline_results.pkl::all_scenarios[(""knn"", ""20pct"")]"
KNN,20pct,deterministic,2738,17748,2023-01-08,0.0,0.0400000017718412,1,"C:\Users\yasemin.bozkurt\Desktop\article\DLPIF-repo-update\src\baseline_results.pkl::all_scenarios[(""knn"", ""20pct"")]"
KNN,20pct,deterministic,2746,17748,2023-01-10,0.0,0.0800000035436824,1,"C:\Users\yasemin.bozkurt\Desktop\article\DLPIF-repo-update\src\baseline_results.pkl::all_scenarios[(""knn"", ""20pct"")]"
KNN,20pct,deterministic,2751,17750,2023-01-11,6.6000001385808,1.96000001616776,1,"C:\Users\yasemin.bozkurt\Desktop\article\DLPIF-repo-update\src\baseline_results.pkl::all_scenarios[(""knn"", ""20pct"")]"
KNN,20pct,deterministic,2754,17748,2023-01-12,19.00000099539757,8.84000053703785,1,"C:\Users\yasemin.bozkurt\Desktop\article\DLPIF-repo-update\src\baseline_results.pkl::all_scenarios[(""knn"", ""20pct"")]"
KNN,20pct,deterministic,2755,17750,2023-01-12,26.4000005543232,2.960000089555979,1,"C:\Users\yasemin.bozkurt\Desktop\article\DLPIF-repo-update\src\baseline_results.pkl::all_scenarios[(""knn"", ""20pct"")]"
KNN,20pct,deterministic,2761,17704,2023-01-14,0.0,0.44000000702217223,1,"C:\Users\yasemin.bozkurt\Desktop\article\DLPIF-repo-update\src\baseline_results.pkl::all_scenarios[(""knn"", ""20pct"")]"
KNN,20pct,deterministic,2763,17750,2023-01-14,0.0,0.0400000017718412,1,"C:\Users\yasemin.bozkurt\Desktop\article\DLPIF-repo-update\src\baseline_results.pkl::all_scenarios[(""knn"", ""20pct"")]"
KNN,20pct,deterministic,2771,17750,2023-01-16,0.0,0.0400000017718412,1,"C:\Users\yasemin.bozkurt\Desktop\article\DLPIF-repo-update\src\baseline_results.pkl::all_scenarios[(""knn"", ""20pct"")]"
KNN,20pct,deterministic,2772,17155,2023-01-17,0.0,0.0400000017718412,1,"C:\Users\yasemin.bozkurt\Desktop\article\DLPIF-repo-update\src\baseline_results.pkl::all_scenarios[(""knn"", ""20pct"")]"
KNN,20pct,deterministic,2776,17155,2023-01-18,0.0,0.7200000235810876,1,"C:\Users\yasemin.bozkurt\Desktop\article\DLPIF-repo-update\src\baseline_results.pkl::all_scenarios[(""knn"", ""20pct"")]"
KNN,20pct,deterministic,2783,17750,2023-01-19,0.0,0.0,1,"C:\Users\yasemin.bozkurt\Desktop\article\DLPIF-repo-update\src\baseline_results.pkl::all_scenarios[(""knn"", ""20pct"")]"
KNN,20pct,deterministic,2788,17155,2023-01-21,0.10000000235158951,0.0400000017718412,1,"C:\Users\yasemin.bozkurt\Desktop\article\DLPIF-repo-update\src\baseline_results.pkl::all_scenarios[(""knn"", ""20pct"")]"
KNN,20pct,deterministic,2790,17748,2023-01-21,3.2000000752508644,1.8400000233203175,1,"C:\Users\yasemin.bozkurt\Desktop\article\DLPIF-repo-update\src\baseline_results.pkl::all_scenarios[(""knn"", ""20pct"")]"
KNN,20pct,deterministic,2795,17750,2023-01-22,0.0,0.4800000378862024,1,"C:\Users\yasemin.bozkurt\Desktop\article\DLPIF-repo-update\src\baseline_results.pkl::all_scenarios[(""knn"", ""20pct"")]"
KNN,20pct,deterministic,2800,17155,2023-01-24,0.0,0.0400000017718412,1,"C:\Users\yasemin.bozkurt\Desktop\article\DLPIF-repo-update\src\baseline_results.pkl::all_scenarios[(""knn"", ""20pct"")]"
KNN,20pct,deterministic,2803,17750,2023-01-24,0.20000000470317902,0.0,1,"C:\Users\yasemin.bozkurt\Desktop\article\DLPIF-repo-update\src\baseline_results.pkl::all_scenarios[(""knn"", ""20pct"")]"
KNN,20pct,deterministic,2804,17155,2023-01-25,0.0,2.8000000990927223,1,"C:\Users\yasemin.bozkurt\Desktop\article\DLPIF-repo-update\src\baseline_results.pkl::all_scenarios[(""knn"", ""20pct"")]"
KNN,20pct,deterministic,2811,17750,2023-01-26,0.0,0.0400000017718412,1,"C:\Users\yasemin.bozkurt\Desktop\article\DLPIF-repo-update\src\baseline_results.pkl::all_scenarios[(""knn"", ""20pct"")]"
KNN,20pct,deterministic,2826,17748,2023-01-30,0.600000030733645,3.4800000585615636,1,"C:\Users\yasemin.bozkurt\Desktop\article\DLPIF-repo-update\src\baseline_results.pkl::all_scenarios[(""knn"", ""20pct"")]"
KNN,20pct,deterministic,2828,17155,2023-01-31,1.5000000435858967,0.5200000355020166,1,"C:\Users\yasemin.bozkurt\Desktop\article\DLPIF-repo-update\src\baseline_results.pkl::all_scenarios[(""knn"", ""20pct"")]"
KNN,20pct,deterministic,2831,17750,2023-01-31,0.0,0.0400000017718412,1,"C:\Users\yasemin.bozkurt\Desktop\article\DLPIF-repo-update\src\baseline_results.pkl::all_scenarios[(""knn"", ""20pct"")]"
KNN,20pct,deterministic,2842,17748,2023-02-03,0.40000000940635805,1.2400000590831042,1,"C:\Users\yasemin.bozkurt\Desktop\article\DLPIF-repo-update\src\baseline_results.pkl::all_scenarios[(""knn"", ""20pct"")]"
KNN,20pct,deterministic,2843,17750,2023-02-03,0.0,0.8400000164285303,1,"C:\Users\yasemin.bozkurt\Desktop\article\DLPIF-repo-update\src\baseline_results.pkl::all_scenarios[(""knn"", ""20pct"")]"
KNN,20pct,deterministic,2845,17704,2023-02-04,0.0,0.8800000140443445,1,"C:\Users\yasemin.bozkurt\Desktop\article\DLPIF-repo-update\src\baseline_results.pkl::all_scenarios[(""knn"", ""20pct"")]"
KNN,20pct,deterministic,2847,17750,2023-02-04,0.8000000188127161,0.1200000094715506,1,"C:\Users\yasemin.bozkurt\Desktop\article\DLPIF-repo-update\src\baseline_results.pkl::all_scenarios[(""knn"", ""20pct"")]"
KNN,20pct,deterministic,2855,17750,2023-02-06,0.600000030733645,6.8800001218914995,1,"C:\Users\yasemin.bozkurt\Desktop\article\DLPIF-repo-update\src\baseline_results.pkl::all_scenarios[(""knn"", ""20pct"")]"
KNN,20pct,deterministic,2856,17155,2023-02-07,0.10000000235158951,1.0000000068917871,1,"C:\Users\yasemin.bozkurt\Desktop\article\DLPIF-repo-update\src\baseline_results.pkl::all_scenarios[(""knn"", ""20pct"")]"
KNN,20pct,deterministic,2860,17155,2023-02-08,0.40000000940635805,0.6800000259652734,1,"C:\Users\yasemin.bozkurt\Desktop\article\DLPIF-repo-update\src\baseline_results.pkl::all_scenarios[(""knn"", ""20pct"")]"
KNN,20pct,deterministic,2861,17704,2023-02-08,0.0,1.0400000710040331,1,"C:\Users\yasemin.bozkurt\Desktop\article\DLPIF-repo-update\src\baseline_results.pkl::all_scenarios[(""knn"", ""20pct"")]"
KNN,20pct,deterministic,2864,17155,2023-02-09,0.10000000235158951,0.20000000470317902,1,"C:\Users\yasemin.bozkurt\Desktop\article\DLPIF-repo-update\src\baseline_results.pkl::all_scenarios[(""knn"", ""20pct"")]"
KNN,20pct,deterministic,2867,17750,2023-02-09,0.0,0.0,1,"C:\Users\yasemin.bozkurt\Desktop\article\DLPIF-repo-update\src\baseline_results.pkl::all_scenarios[(""knn"", ""20pct"")]"
KNN,20pct,deterministic,2879,17750,2023-02-12,0.0,0.0,1,"C:\Users\yasemin.bozkurt\Desktop\article\DLPIF-repo-update\src\baseline_results.pkl::all_scenarios[(""knn"", ""20pct"")]"
KNN,20pct,deterministic,2896,17155,2023-02-17,0.0,0.0,1,"C:\Users\yasemin.bozkurt\Desktop\article\DLPIF-repo-update\src\baseline_results.pkl::all_scenarios[(""knn"", ""20pct"")]"
KNN,20pct,deterministic,2902,17748,2023-02-18,0.0,1.3200000543147328,1,"C:\Users\yasemin.bozkurt\Desktop\article\DLPIF-repo-update\src\baseline_results.pkl::all_scenarios[(""knn"", ""20pct"")]"
KNN,20pct,deterministic,2912,17155,2023-02-21,2.40000012293458,0.0400000017718412,1,"C:\Users\yasemin.bozkurt\Desktop\article\DLPIF-repo-update\src\baseline_results.pkl::all_scenarios[(""knn"", ""20pct"")]"
KNN,20pct,deterministic,2919,17750,2023-02-22,0.20000000470317902,0.0400000017718412,1,"C:\Users\yasemin.bozkurt\Desktop\article\DLPIF-repo-update\src\baseline_results.pkl::all_scenarios[(""knn"", ""20pct"")]"
KNN,20pct,deterministic,2922,17748,2023-02-23,0.0,0.0,1,"C:\Users\yasemin.bozkurt\Desktop\article\DLPIF-repo-update\src\baseline_results.pkl::all_scenarios[(""knn"", ""20pct"")]"
KNN,20pct,deterministic,2925,17704,2023-02-24,0.0,0.0400000017718412,1,"C:\Users\yasemin.bozkurt\Desktop\article\DLPIF-repo-update\src\baseline_results.pkl::all_scenarios[(""knn"", ""20pct"")]"
KNN,20pct,deterministic,2937,17704,2023-02-27,0.0,0.3600000117905438,1,"C:\Users\yasemin.bozkurt\Desktop\article\DLPIF-repo-update\src\baseline_results.pkl::all_scenarios[(""knn"", ""20pct"")]"
KNN,20pct,deterministic,2941,17704,2023-02-28,0.0,0.0,1,"C:\Users\yasemin.bozkurt\Desktop\article\DLPIF-repo-update\src\baseline_results.pkl::all_scenarios[(""knn"", ""20pct"")]"
KNN,20pct,deterministic,2944,17155,2023-03-01,0.0,0.0800000035436824,1,"C:\Users\yasemin.bozkurt\Desktop\article\DLPIF-repo-update\src\baseline_results.pkl::all_scenarios[(""knn"", ""20pct"")]"
KNN,20pct,deterministic,2948,17155,2023-03-02,0.0,0.0,1,"C:\Users\yasemin.bozkurt\Desktop\article\DLPIF-repo-update\src\baseline_results.pkl::all_scenarios[(""knn"", ""20pct"")]"
KNN,20pct,deterministic,2949,17704,2023-03-02,0.0,0.8000000188127161,1,"C:\Users\yasemin.bozkurt\Desktop\article\DLPIF-repo-update\src\baseline_results.pkl::all_scenarios[(""knn"", ""20pct"")]"
KNN,20pct,deterministic,2956,17155,2023-03-04,0.0,0.5600000331178308,1,"C:\Users\yasemin.bozkurt\Desktop\article\DLPIF-repo-update\src\baseline_results.pkl::all_scenarios[(""knn"", ""20pct"")]"
KNN,20pct,deterministic,2963,17750,2023-03-05,2.40000012293458,15.20000015795231,1,"C:\Users\yasemin.bozkurt\Desktop\article\DLPIF-repo-update\src\baseline_results.pkl::all_scenarios[(""knn"", ""20pct"")]"
KNN,20pct,deterministic,2965,17704,2023-03-06,0.0,1.8800000209361316,1,"C:\Users\yasemin.bozkurt\Desktop\article\DLPIF-repo-update\src\baseline_results.pkl::all_scenarios[(""knn"", ""20pct"")]"
KNN,20pct,deterministic,2967,17750,2023-03-06,15.800000122189523,1.7200000304728749,1,"C:\Users\yasemin.bozkurt\Desktop\article\DLPIF-repo-update\src\baseline_results.pkl::all_scenarios[(""knn"", ""20pct"")]"
KNN,20pct,deterministic,2976,17155,2023-03-09,0.0,0.0400000017718412,1,"C:\Users\yasemin.bozkurt\Desktop\article\DLPIF-repo-update\src\baseline_results.pkl::all_scenarios[(""knn"", ""20pct"")]"
KNN,20pct,deterministic,2981,17704,2023-03-10,0.0,2.200000134855509,1,"C:\Users\yasemin.bozkurt\Desktop\article\DLPIF-repo-update\src\baseline_results.pkl::all_scenarios[(""knn"", ""20pct"")]"
KNN,20pct,deterministic,2983,17750,2023-03-10,0.0,3.360000065714121,1,"C:\Users\yasemin.bozkurt\Desktop\article\DLPIF-repo-update\src\baseline_results.pkl::all_scenarios[(""knn"", ""20pct"")]"
KNN,20pct,deterministic,2984,17155,2023-03-11,4.80000024586916,2.080000009015203,1,"C:\Users\yasemin.bozkurt\Desktop\article\DLPIF-repo-update\src\baseline_results.pkl::all_scenarios[(""knn"", ""20pct"")]"
KNN,20pct,deterministic,2985,17704,2023-03-11,2.8000000990927223,0.7600000211969019,1,"C:\Users\yasemin.bozkurt\Desktop\article\DLPIF-repo-update\src\baseline_results.pkl::all_scenarios[(""knn"", ""20pct"")]"
KNN,20pct,deterministic,2987,17750,2023-03-11,4.000000027567149,5.640000195801258,1,"C:\Users\yasemin.bozkurt\Desktop\article\DLPIF-repo-update\src\baseline_results.pkl::all_scenarios[(""knn"", ""20pct"")]"
KNN,20pct,deterministic,2995,17750,2023-03-13,4.20000001564622,3.320000068098307,1,"C:\Users\yasemin.bozkurt\Desktop\article\DLPIF-repo-update\src\baseline_results.pkl::all_scenarios[(""knn"", ""20pct"")]"
KNN,20pct,deterministic,2996,17155,2023-03-14,0.0,3.2400000728666787,1,"C:\Users\yasemin.bozkurt\Desktop\article\DLPIF-repo-update\src\baseline_results.pkl::all_scenarios[(""knn"", ""20pct"")]"
KNN,20pct,deterministic,2998,17748,2023-03-14,0.0,2.760000101476908,1,"C:\Users\yasemin.bozkurt\Desktop\article\DLPIF-repo-update\src\baseline_results.pkl::all_scenarios[(""knn"", ""20pct"")]"
KNN,20pct,deterministic,3034,17748,2023-03-23,6.000000174343587,4.560000260174275,1,"C:\Users\yasemin.bozkurt\Desktop\article\DLPIF-repo-update\src\baseline_results.pkl::all_scenarios[(""knn"", ""20pct"")]"
KNN,20pct,deterministic,3036,17155,2023-03-24,0.40000000940635805,0.6400000283494592,1,"C:\Users\yasemin.bozkurt\Desktop\article\DLPIF-repo-update\src\baseline_results.pkl::all_scenarios[(""knn"", ""20pct"")]"
KNN,20pct,deterministic,3037,17704,2023-03-24,0.40000000940635805,2.360000125318766,1,"C:\Users\yasemin.bozkurt\Desktop\article\DLPIF-repo-update\src\baseline_results.pkl::all_scenarios[(""knn"", ""20pct"")]"
KNN,20pct,deterministic,3046,17748,2023-03-26,0.0,1.4400000471621752,1,"C:\Users\yasemin.bozkurt\Desktop\article\DLPIF-repo-update\src\baseline_results.pkl::all_scenarios[(""knn"", ""20pct"")]"
KNN,20pct,deterministic,3052,17155,2023-03-28,1.0000000068917871,0.8000000188127161,1,"C:\Users\yasemin.bozkurt\Desktop\article\DLPIF-repo-update\src\baseline_results.pkl::all_scenarios[(""knn"", ""20pct"")]"
KNN,20pct,deterministic,3059,17750,2023-03-29,20.200000923871997,3.0400000847876076,1,"C:\Users\yasemin.bozkurt\Desktop\article\DLPIF-repo-update\src\baseline_results.pkl::all_scenarios[(""knn"", ""20pct"")]"
KNN,20pct,deterministic,3062,17748,2023-03-30,0.600000030733645,0.0,1,"C:\Users\yasemin.bozkurt\Desktop\article\DLPIF-repo-update\src\baseline_results.pkl::all_scenarios[(""knn"", ""20pct"")]"
KNN,20pct,deterministic,3063,17750,2023-03-30,0.40000000940635805,0.0,1,"C:\Users\yasemin.bozkurt\Desktop\article\DLPIF-repo-update\src\baseline_results.pkl::all_scenarios[(""knn"", ""20pct"")]"
KNN,20pct,deterministic,3064,17155,2023-03-31,0.0,0.0,1,"C:\Users\yasemin.bozkurt\Desktop\article\DLPIF-repo-update\src\baseline_results.pkl::all_scenarios[(""knn"", ""20pct"")]"
KNN,20pct,deterministic,3071,17750,2023-04-01,0.0,0.6800000259652734,1,"C:\Users\yasemin.bozkurt\Desktop\article\DLPIF-repo-update\src\baseline_results.pkl::all_scenarios[(""knn"", ""20pct"")]"
KNN,20pct,deterministic,3073,17704,2023-04-02,0.0,0.44000000702217223,1,"C:\Users\yasemin.bozkurt\Desktop\article\DLPIF-repo-update\src\baseline_results.pkl::all_scenarios[(""knn"", ""20pct"")]"
KNN,20pct,deterministic,3074,17748,2023-04-02,0.0,11.40000038444996,1,"C:\Users\yasemin.bozkurt\Desktop\article\DLPIF-repo-update\src\baseline_results.pkl::all_scenarios[(""knn"", ""20pct"")]"
KNN,20pct,deterministic,3077,17704,2023-04-03,1.4000000495463611,0.0400000017718412,1,"C:\Users\yasemin.bozkurt\Desktop\article\DLPIF-repo-update\src\baseline_results.pkl::all_scenarios[(""knn"", ""20pct"")]"
KNN,20pct,deterministic,3089,17704,2023-04-06,13.40000026524067,0.960000009275973,1,"C:\Users\yasemin.bozkurt\Desktop\article\DLPIF-repo-update\src\baseline_results.pkl::all_scenarios[(""knn"", ""20pct"")]"
KNN,20pct,deterministic,3096,17155,2023-04-08,0.20000000470317902,0.0400000017718412,1,"C:\Users\yasemin.bozkurt\Desktop\article\DLPIF-repo-update\src\baseline_results.pkl::all_scenarios[(""knn"", ""20pct"")]"
KNN,20pct,deterministic,3097,17704,2023-04-08,1.8000000257045032,0.0,1,"C:\Users\yasemin.bozkurt\Desktop\article\DLPIF-repo-update\src\baseline_results.pkl::all_scenarios[(""knn"", ""20pct"")]"
KNN,20pct,deterministic,3107,17750,2023-04-10,0.0,3.4400000609457497,1,"C:\Users\yasemin.bozkurt\Desktop\article\DLPIF-repo-update\src\baseline_results.pkl::all_scenarios[(""knn"", ""20pct"")]"
KNN,20pct,deterministic,3114,17748,2023-04-12,4.000000027567149,12.480000320076943,1,"C:\Users\yasemin.bozkurt\Desktop\article\DLPIF-repo-update\src\baseline_results.pkl::all_scenarios[(""knn"", ""20pct"")]"
KNN,20pct,deterministic,3118,17748,2023-04-13,2.6000001110136512,4.640000255405903,1,"C:\Users\yasemin.bozkurt\Desktop\article\DLPIF-repo-update\src\baseline_results.pkl::all_scenarios[(""knn"", ""20pct"")]"
KNN,20pct,deterministic,3120,17155,2023-04-14,0.0,0.0,1,"C:\Users\yasemin.bozkurt\Desktop\article\DLPIF-repo-update\src\baseline_results.pkl::all_scenarios[(""knn"", ""20pct"")]"
KNN,20pct,deterministic,3121,17704,2023-04-14,2.2000000018626453,0.0,1,"C:\Users\yasemin.bozkurt\Desktop\article\DLPIF-repo-update\src\baseline_results.pkl::all_scenarios[(""knn"", ""20pct"")]"
KNN,20pct,deterministic,3123,17750,2023-04-14,0.20000000470317902,0.3200000141747296,1,"C:\Users\yasemin.bozkurt\Desktop\article\DLPIF-repo-update\src\baseline_results.pkl::all_scenarios[(""knn"", ""20pct"")]"
KNN,20pct,deterministic,3124,17155,2023-04-15,0.0,0.0400000017718412,1,"C:\Users\yasemin.bozkurt\Desktop\article\DLPIF-repo-update\src\baseline_results.pkl::all_scenarios[(""knn"", ""20pct"")]"
KNN,20pct,deterministic,3125,17704,2023-04-15,0.0,0.44000000702217223,1,"C:\Users\yasemin.bozkurt\Desktop\article\DLPIF-repo-update\src\baseline_results.pkl::all_scenarios[(""knn"", ""20pct"")]"
KNN,20pct,deterministic,3126,17748,2023-04-15,0.0,0.12000000115949662,1,"C:\Users\yasemin.bozkurt\Desktop\article\DLPIF-repo-update\src\baseline_results.pkl::all_scenarios[(""knn"", ""20pct"")]"
KNN,20pct,deterministic,3144,17155,2023-04-20,0.5000000034458936,1.2400000590831042,1,"C:\Users\yasemin.bozkurt\Desktop\article\DLPIF-repo-update\src\baseline_results.pkl::all_scenarios[(""knn"", ""20pct"")]"
KNN,20pct,deterministic,3145,17704,2023-04-20,3.4000000633299354,2.160000004246831,1,"C:\Users\yasemin.bozkurt\Desktop\article\DLPIF-repo-update\src\baseline_results.pkl::all_scenarios[(""knn"", ""20pct"")]"
KNN,20pct,deterministic,3151,17750,2023-04-21,0.8000000188127161,0.0,1,"C:\Users\yasemin.bozkurt\Desktop\article\DLPIF-repo-update\src\baseline_results.pkl::all_scenarios[(""knn"", ""20pct"")]"
KNN,20pct,deterministic,3154,17748,2023-04-22,0.20000000470317902,0.0,1,"C:\Users\yasemin.bozkurt\Desktop\article\DLPIF-repo-update\src\baseline_results.pkl::all_scenarios[(""knn"", ""20pct"")]"
KNN,20pct,deterministic,3158,17748,2023-04-23,2.0000000137835743,16.000000110268594,1,"C:\Users\yasemin.bozkurt\Desktop\article\DLPIF-repo-update\src\baseline_results.pkl::all_scenarios[(""knn"", ""20pct"")]"
KNN,20pct,deterministic,3171,17750,2023-04-26,0.20000000470317902,4.04000029116869,1,"C:\Users\yasemin.bozkurt\Desktop\article\DLPIF-repo-update\src\baseline_results.pkl::all_scenarios[(""knn"", ""20pct"")]"
KNN,20pct,deterministic,3177,17704,2023-04-28,11.800000360608102,0.1600000070873648,1,"C:\Users\yasemin.bozkurt\Desktop\article\DLPIF-repo-update\src\baseline_results.pkl::all_scenarios[(""knn"", ""20pct"")]"
KNN,20pct,deterministic,3186,17748,2023-04-30,0.0,0.0,1,"C:\Users\yasemin.bozkurt\Desktop\article\DLPIF-repo-update\src\baseline_results.pkl::all_scenarios[(""knn"", ""20pct"")]"
KNN,20pct,deterministic,3191,17750,2023-05-01,0.0,0.0,1,"C:\Users\yasemin.bozkurt\Desktop\article\DLPIF-repo-update\src\baseline_results.pkl::all_scenarios[(""knn"", ""20pct"")]"
KNN,20pct,deterministic,3192,17155,2023-05-02,0.0,0.0,1,"C:\Users\yasemin.bozkurt\Desktop\article\DLPIF-repo-update\src\baseline_results.pkl::all_scenarios[(""knn"", ""20pct"")]"
KNN,20pct,deterministic,3196,17155,2023-05-03,0.0,0.0,1,"C:\Users\yasemin.bozkurt\Desktop\article\DLPIF-repo-update\src\baseline_results.pkl::all_scenarios[(""knn"", ""20pct"")]"
KNN,20pct,deterministic,3200,17155,2023-05-04,5.4000002101063735,0.0,1,"C:\Users\yasemin.bozkurt\Desktop\article\DLPIF-repo-update\src\baseline_results.pkl::all_scenarios[(""knn"", ""20pct"")]"
KNN,20pct,deterministic,3204,17155,2023-05-05,0.0,6.000000174343587,1,"C:\Users\yasemin.bozkurt\Desktop\article\DLPIF-repo-update\src\baseline_results.pkl::all_scenarios[(""knn"", ""20pct"")]"
KNN,20pct,deterministic,3205,17704,2023-05-05,1.20000006146729,1.6800000328570606,1,"C:\Users\yasemin.bozkurt\Desktop\article\DLPIF-repo-update\src\baseline_results.pkl::all_scenarios[(""knn"", ""20pct"")]"
KNN,20pct,deterministic,3211,17750,2023-05-06,9.200000515580179,7.84000006467104,1,"C:\Users\yasemin.bozkurt\Desktop\article\DLPIF-repo-update\src\baseline_results.pkl::all_scenarios[(""knn"", ""20pct"")]"
KNN,20pct,deterministic,3212,17155,2023-05-07,0.5000000034458936,2.0000000137835743,1,"C:\Users\yasemin.bozkurt\Desktop\article\DLPIF-repo-update\src\baseline_results.pkl::all_scenarios[(""knn"", ""20pct"")]"
KNN,20pct,deterministic,3213,17704,2023-05-07,0.0,1.6400000352412463,1,"C:\Users\yasemin.bozkurt\Desktop\article\DLPIF-repo-update\src\baseline_results.pkl::all_scenarios[(""knn"", ""20pct"")]"
KNN,20pct,deterministic,3231,17750,2023-05-11,0.0,1.4000000495463611,1,"C:\Users\yasemin.bozkurt\Desktop\article\DLPIF-repo-update\src\baseline_results.pkl::all_scenarios[(""knn"", ""20pct"")]"
KNN,20pct,deterministic,3238,17748,2023-05-13,1.6000000376254322,3.520000056177378,1,"C:\Users\yasemin.bozkurt\Desktop\article\DLPIF-repo-update\src\baseline_results.pkl::all_scenarios[(""knn"", ""20pct"")]"
KNN,20pct,deterministic,3249,17704,2023-05-16,0.0,0.0800000035436824,1,"C:\Users\yasemin.bozkurt\Desktop\article\DLPIF-repo-update\src\baseline_results.pkl::all_scenarios[(""knn"", ""20pct"")]"
KNN,20pct,deterministic,3250,17748,2023-05-16,0.0,0.0,1,"C:\Users\yasemin.bozkurt\Desktop\article\DLPIF-repo-update\src\baseline_results.pkl::all_scenarios[(""knn"", ""20pct"")]"
KNN,20pct,deterministic,3253,17704,2023-05-17,6.6000001385808,5.4000002101063735,1,"C:\Users\yasemin.bozkurt\Desktop\article\DLPIF-repo-update\src\baseline_results.pkl::all_scenarios[(""knn"", ""20pct"")]"
KNN,20pct,deterministic,3254,17748,2023-05-17,9.800000479817392,0.0800000035436824,1,"C:\Users\yasemin.bozkurt\Desktop\article\DLPIF-repo-update\src\baseline_results.pkl::all_scenarios[(""knn"", ""20pct"")]"
KNN,20pct,deterministic,3258,17748,2023-05-18,13.600000253319742,1.20000006146729,1,"C:\Users\yasemin.bozkurt\Desktop\article\DLPIF-repo-update\src\baseline_results.pkl::all_scenarios[(""knn"", ""20pct"")]"
KNN,20pct,deterministic,3262,17748,2023-05-19,3.2000000752508644,6.640000136196614,1,"C:\Users\yasemin.bozkurt\Desktop\article\DLPIF-repo-update\src\baseline_results.pkl::all_scenarios[(""knn"", ""20pct"")]"
KNN,20pct,deterministic,3263,17750,2023-05-19,1.8000000257045032,6.0400001719594005,1,"C:\Users\yasemin.bozkurt\Desktop\article\DLPIF-repo-update\src\baseline_results.pkl::all_scenarios[(""knn"", ""20pct"")]"
KNN,20pct,deterministic,3268,17155,2023-05-21,0.0,1.4800000447779895,1,"C:\Users\yasemin.bozkurt\Desktop\article\DLPIF-repo-update\src\baseline_results.pkl::all_scenarios[(""knn"", ""20pct"")]"
KNN,20pct,deterministic,3277,17704,2023-05-23,0.20000000470317902,4.20000001564622,1,"C:\Users\yasemin.bozkurt\Desktop\article\DLPIF-repo-update\src\baseline_results.pkl::all_scenarios[(""knn"", ""20pct"")]"
KNN,20pct,deterministic,3281,17704,2023-05-24,0.0,4.360000272095204,1,"C:\Users\yasemin.bozkurt\Desktop\article\DLPIF-repo-update\src\baseline_results.pkl::all_scenarios[(""knn"", ""20pct"")]"
KNN,20pct,deterministic,3290,17748,2023-05-26,0.20000000470317902,3.720000044256449,1,"C:\Users\yasemin.bozkurt\Desktop\article\DLPIF-repo-update\src\baseline_results.pkl::all_scenarios[(""knn"", ""20pct"")]"
KNN,20pct,deterministic,3291,17750,2023-05-26,0.20000000470317902,0.0,1,"C:\Users\yasemin.bozkurt\Desktop\article\DLPIF-repo-update\src\baseline_results.pkl::all_scenarios[(""knn"", ""20pct"")]"
KNN,20pct,deterministic,3293,17704,2023-05-27,0.20000000470317902,0.7600000211969019,1,"C:\Users\yasemin.bozkurt\Desktop\article\DLPIF-repo-update\src\baseline_results.pkl::all_scenarios[(""knn"", ""20pct"")]"
KNN,20pct,deterministic,3304,17155,2023-05-30,2.6000001110136512,4.040000025182962,1,"C:\Users\yasemin.bozkurt\Desktop\article\DLPIF-repo-update\src\baseline_results.pkl::all_scenarios[(""knn"", ""20pct"")]"
KNN,20pct,deterministic,3305,17704,2023-05-30,8.40000003129244,2.0400000113993886,1,"C:\Users\yasemin.bozkurt\Desktop\article\DLPIF-repo-update\src\baseline_results.pkl::all_scenarios[(""knn"", ""20pct"")]"
KNN,20pct,deterministic,3319,17750,2023-06-02,0.0,5.120000226795674,1,"C:\Users\yasemin.bozkurt\Desktop\article\DLPIF-repo-update\src\baseline_results.pkl::all_scenarios[(""knn"", ""20pct"")]"
KNN,20pct,deterministic,3320,17155,2023-06-03,27.200000506639483,10.840000417828561,1,"C:\Users\yasemin.bozkurt\Desktop\article\DLPIF-repo-update\src\baseline_results.pkl::all_scenarios[(""knn"", ""20pct"")]"
KNN,20pct,deterministic,3322,17748,2023-06-03,17.600000014901163,5.760000188648701,1,"C:\Users\yasemin.bozkurt\Desktop\article\DLPIF-repo-update\src\baseline_results.pkl::all_scenarios[(""knn"", ""20pct"")]"
KNN,20pct,deterministic,3328,17155,2023-06-05,0.0,0.7200000235810876,1,"C:\Users\yasemin.bozkurt\Desktop\article\DLPIF-repo-update\src\baseline_results.pkl::all_scenarios[(""knn"", ""20pct"")]"
KNN,20pct,deterministic,3332,17155,2023-06-06,0.0,0.3600000117905438,1,"C:\Users\yasemin.bozkurt\Desktop\article\DLPIF-repo-update\src\baseline_results.pkl::all_scenarios[(""knn"", ""20pct"")]"
KNN,20pct,deterministic,3339,17750,2023-06-07,0.0,0.4800000378862024,1,"C:\Users\yasemin.bozkurt\Desktop\article\DLPIF-repo-update\src\baseline_results.pkl::all_scenarios[(""knn"", ""20pct"")]"
KNN,20pct,deterministic,3343,17750,2023-06-08,0.0,0.8400000164285303,1,"C:\Users\yasemin.bozkurt\Desktop\article\DLPIF-repo-update\src\baseline_results.pkl::all_scenarios[(""knn"", ""20pct"")]"
KNN,20pct,deterministic,3346,17748,2023-06-09,4.000000027567149,5.0000002339482315,1,"C:\Users\yasemin.bozkurt\Desktop\article\DLPIF-repo-update\src\baseline_results.pkl::all_scenarios[(""knn"", ""20pct"")]"
KNN,20pct,deterministic,3347,17750,2023-06-09,8.800000007450581,8.220000042021276,1,"C:\Users\yasemin.bozkurt\Desktop\article\DLPIF-repo-update\src\baseline_results.pkl::all_scenarios[(""knn"", ""20pct"")]"
KNN,20pct,deterministic,3348,17155,2023-06-10,2.3000001288950447,0.5200000022538007,1,"C:\Users\yasemin.bozkurt\Desktop\article\DLPIF-repo-update\src\baseline_results.pkl::all_scenarios[(""knn"", ""20pct"")]"
KNN,20pct,deterministic,3353,17704,2023-06-11,0.0,7.240000100433827,1,"C:\Users\yasemin.bozkurt\Desktop\article\DLPIF-repo-update\src\baseline_results.pkl::all_scenarios[(""knn"", ""20pct"")]"
KNN,20pct,deterministic,3354,17748,2023-06-11,0.20000000470317902,1.560000040009618,1,"C:\Users\yasemin.bozkurt\Desktop\article\DLPIF-repo-update\src\baseline_results.pkl::all_scenarios[(""knn"", ""20pct"")]"
KNN,20pct,deterministic,3357,17704,2023-06-12,0.0,2.4800001181662084,1,"C:\Users\yasemin.bozkurt\Desktop\article\DLPIF-repo-update\src\baseline_results.pkl::all_scenarios[(""knn"", ""20pct"")]"
KNN,20pct,deterministic,3365,17704,2023-06-14,0.0,0.12000000115949662,1,"C:\Users\yasemin.bozkurt\Desktop\article\DLPIF-repo-update\src\baseline_results.pkl::all_scenarios[(""knn"", ""20pct"")]"
KNN,20pct,deterministic,3374,17748,2023-06-16,0.0,0.5600000331178308,1,"C:\Users\yasemin.bozkurt\Desktop\article\DLPIF-repo-update\src\baseline_results.pkl::all_scenarios[(""knn"", ""20pct"")]"
KNN,20pct,deterministic,3378,17748,2023-06-17,3.8000000394880775,5.600000198185445,1,"C:\Users\yasemin.bozkurt\Desktop\article\DLPIF-repo-update\src\baseline_results.pkl::all_scenarios[(""knn"", ""20pct"")]"
KNN,20pct,deterministic,3380,17155,2023-06-18,1.1000000009313227,8.140000046789647,1,"C:\Users\yasemin.bozkurt\Desktop\article\DLPIF-repo-update\src\baseline_results.pkl::all_scenarios[(""knn"", ""20pct"")]"
KNN,20pct,deterministic,3385,17704,2023-06-19,30.20000032782555,3.4000000633299354,1,"C:\Users\yasemin.bozkurt\Desktop\article\DLPIF-repo-update\src\baseline_results.pkl::all_scenarios[(""knn"", ""20pct"")]"
KNN,20pct,deterministic,3389,17704,2023-06-20,15.800000122189523,0.1600000070873648,1,"C:\Users\yasemin.bozkurt\Desktop\article\DLPIF-repo-update\src\baseline_results.pkl::all_scenarios[(""knn"", ""20pct"")]"
KNN,20pct,deterministic,3407,17750,2023-06-24,0.0,0.0400000017718412,1,"C:\Users\yasemin.bozkurt\Desktop\article\DLPIF-repo-update\src\baseline_results.pkl::all_scenarios[(""knn"", ""20pct"")]"
KNN,20pct,deterministic,3409,17704,2023-06-25,0.0,0.0,1,"C:\Users\yasemin.bozkurt\Desktop\article\DLPIF-repo-update\src\baseline_results.pkl::all_scenarios[(""knn"", ""20pct"")]"
KNN,20pct,deterministic,3410,17748,2023-06-25,0.0,0.0400000017718412,1,"C:\Users\yasemin.bozkurt\Desktop\article\DLPIF-repo-update\src\baseline_results.pkl::all_scenarios[(""knn"", ""20pct"")]"
KNN,20pct,deterministic,3417,17704,2023-06-27,0.0,0.6400000283494592,1,"C:\Users\yasemin.bozkurt\Desktop\article\DLPIF-repo-update\src\baseline_results.pkl::all_scenarios[(""knn"", ""20pct"")]"
KNN,20pct,deterministic,3427,17750,2023-06-29,0.0,2.6400001086294655,1,"C:\Users\yasemin.bozkurt\Desktop\article\DLPIF-repo-update\src\baseline_results.pkl::all_scenarios[(""knn"", ""20pct"")]"
KNN,20pct,deterministic,3431,17750,2023-06-30,0.0,0.0400000017718412,1,"C:\Users\yasemin.bozkurt\Desktop\article\DLPIF-repo-update\src\baseline_results.pkl::all_scenarios[(""knn"", ""20pct"")]"
KNN,20pct,deterministic,3438,17748,2023-07-02,0.0,0.0,1,"C:\Users\yasemin.bozkurt\Desktop\article\DLPIF-repo-update\src\baseline_results.pkl::all_scenarios[(""knn"", ""20pct"")]"
KNN,20pct,deterministic,3440,17155,2023-07-03,0.0,0.0,1,"C:\Users\yasemin.bozkurt\Desktop\article\DLPIF-repo-update\src\baseline_results.pkl::all_scenarios[(""knn"", ""20pct"")]"
KNN,20pct,deterministic,3441,17704,2023-07-03,0.0,0.0,1,"C:\Users\yasemin.bozkurt\Desktop\article\DLPIF-repo-update\src\baseline_results.pkl::all_scenarios[(""knn"", ""20pct"")]"
KNN,20pct,deterministic,3443,17750,2023-07-03,0.0,0.0,1,"C:\Users\yasemin.bozkurt\Desktop\article\DLPIF-repo-update\src\baseline_results.pkl::all_scenarios[(""knn"", ""20pct"")]"
KNN,20pct,deterministic,3453,17704,2023-07-06,0.0,0.0,1,"C:\Users\yasemin.bozkurt\Desktop\article\DLPIF-repo-update\src\baseline_results.pkl::all_scenarios[(""knn"", ""20pct"")]"
KNN,20pct,deterministic,3457,17704,2023-07-07,0.0,0.20000000470317902,1,"C:\Users\yasemin.bozkurt\Desktop\article\DLPIF-repo-update\src\baseline_results.pkl::all_scenarios[(""knn"", ""20pct"")]"
KNN,20pct,deterministic,3464,17155,2023-07-09,0.9000000128522516,0.6400000283494592,1,"C:\Users\yasemin.bozkurt\Desktop\article\DLPIF-repo-update\src\baseline_results.pkl::all_scenarios[(""knn"", ""20pct"")]"
KNN,20pct,deterministic,3470,17748,2023-07-10,0.0,0.0,1,"C:\Users\yasemin.bozkurt\Desktop\article\DLPIF-repo-update\src\baseline_results.pkl::all_scenarios[(""knn"", ""20pct"")]"
KNN,20pct,deterministic,3475,17750,2023-07-11,0.0,0.0800000035436824,1,"C:\Users\yasemin.bozkurt\Desktop\article\DLPIF-repo-update\src\baseline_results.pkl::all_scenarios[(""knn"", ""20pct"")]"
KNN,20pct,deterministic,3477,17704,2023-07-12,0.0,0.0,1,"C:\Users\yasemin.bozkurt\Desktop\article\DLPIF-repo-update\src\baseline_results.pkl::all_scenarios[(""knn"", ""20pct"")]"
KNN,20pct,deterministic,3486,17748,2023-07-14,0.0,0.0,1,"C:\Users\yasemin.bozkurt\Desktop\article\DLPIF-repo-update\src\baseline_results.pkl::all_scenarios[(""knn"", ""20pct"")]"
KNN,20pct,deterministic,3489,17704,2023-07-15,0.0,0.0,1,"C:\Users\yasemin.bozkurt\Desktop\article\DLPIF-repo-update\src\baseline_results.pkl::all_scenarios[(""knn"", ""20pct"")]"
KNN,20pct,deterministic,3491,17750,2023-07-15,0.0,0.0,1,"C:\Users\yasemin.bozkurt\Desktop\article\DLPIF-repo-update\src\baseline_results.pkl::all_scenarios[(""knn"", ""20pct"")]"
KNN,20pct,deterministic,3495,17750,2023-07-16,0.0,0.0,1,"C:\Users\yasemin.bozkurt\Desktop\article\DLPIF-repo-update\src\baseline_results.pkl::all_scenarios[(""knn"", ""20pct"")]"
KNN,20pct,deterministic,3496,17155,2023-07-17,0.0,0.0,1,"C:\Users\yasemin.bozkurt\Desktop\article\DLPIF-repo-update\src\baseline_results.pkl::all_scenarios[(""knn"", ""20pct"")]"
KNN,20pct,deterministic,3498,17748,2023-07-17,0.0,0.0,1,"C:\Users\yasemin.bozkurt\Desktop\article\DLPIF-repo-update\src\baseline_results.pkl::all_scenarios[(""knn"", ""20pct"")]"
KNN,20pct,deterministic,3502,17748,2023-07-18,0.0,0.0,1,"C:\Users\yasemin.bozkurt\Desktop\article\DLPIF-repo-update\src\baseline_results.pkl::all_scenarios[(""knn"", ""20pct"")]"
KNN,20pct,deterministic,3507,17750,2023-07-19,0.0,0.0,1,"C:\Users\yasemin.bozkurt\Desktop\article\DLPIF-repo-update\src\baseline_results.pkl::all_scenarios[(""knn"", ""20pct"")]"
KNN,20pct,deterministic,3508,17155,2023-07-20,0.0,0.0,1,"C:\Users\yasemin.bozkurt\Desktop\article\DLPIF-repo-update\src\baseline_results.pkl::all_scenarios[(""knn"", ""20pct"")]"
KNN,20pct,deterministic,3513,17704,2023-07-21,0.0,1.7200000304728749,1,"C:\Users\yasemin.bozkurt\Desktop\article\DLPIF-repo-update\src\baseline_results.pkl::all_scenarios[(""knn"", ""20pct"")]"
KNN,20pct,deterministic,3522,17748,2023-07-23,0.0,0.0400000017718412,1,"C:\Users\yasemin.bozkurt\Desktop\article\DLPIF-repo-update\src\baseline_results.pkl::all_scenarios[(""knn"", ""20pct"")]"
KNN,20pct,deterministic,3523,17750,2023-07-23,0.0,0.0,1,"C:\Users\yasemin.bozkurt\Desktop\article\DLPIF-repo-update\src\baseline_results.pkl::all_scenarios[(""knn"", ""20pct"")]"
KNN,20pct,deterministic,3541,17704,2023-07-28,0.0,0.0,1,"C:\Users\yasemin.bozkurt\Desktop\article\DLPIF-repo-update\src\baseline_results.pkl::all_scenarios[(""knn"", ""20pct"")]"
KNN,20pct,deterministic,3542,17748,2023-07-28,0.0,0.0,1,"C:\Users\yasemin.bozkurt\Desktop\article\DLPIF-repo-update\src\baseline_results.pkl::all_scenarios[(""knn"", ""20pct"")]"
KNN,20pct,deterministic,3554,17748,2023-07-31,0.0,0.0,1,"C:\Users\yasemin.bozkurt\Desktop\article\DLPIF-repo-update\src\baseline_results.pkl::all_scenarios[(""knn"", ""20pct"")]"
KNN,20pct,deterministic,3555,17750,2023-07-31,0.0,0.0,1,"C:\Users\yasemin.bozkurt\Desktop\article\DLPIF-repo-update\src\baseline_results.pkl::all_scenarios[(""knn"", ""20pct"")]"
KNN,20pct,deterministic,3556,17155,2023-08-01,0.0,0.5600000331178308,1,"C:\Users\yasemin.bozkurt\Desktop\article\DLPIF-repo-update\src\baseline_results.pkl::all_scenarios[(""knn"", ""20pct"")]"
KNN,20pct,deterministic,3567,17750,2023-08-03,0.0,0.0,1,"C:\Users\yasemin.bozkurt\Desktop\article\DLPIF-repo-update\src\baseline_results.pkl::all_scenarios[(""knn"", ""20pct"")]"
KNN,20pct,deterministic,3568,17155,2023-08-04,0.0,0.0,1,"C:\Users\yasemin.bozkurt\Desktop\article\DLPIF-repo-update\src\baseline_results.pkl::all_scenarios[(""knn"", ""20pct"")]"
KNN,20pct,deterministic,3578,17748,2023-08-06,0.0,0.0,1,"C:\Users\yasemin.bozkurt\Desktop\article\DLPIF-repo-update\src\baseline_results.pkl::all_scenarios[(""knn"", ""20pct"")]"
KNN,20pct,deterministic,3581,17704,2023-08-07,0.0,0.0,1,"C:\Users\yasemin.bozkurt\Desktop\article\DLPIF-repo-update\src\baseline_results.pkl::all_scenarios[(""knn"", ""20pct"")]"
KNN,20pct,deterministic,3582,17748,2023-08-07,0.0,0.0,1,"C:\Users\yasemin.bozkurt\Desktop\article\DLPIF-repo-update\src\baseline_results.pkl::all_scenarios[(""knn"", ""20pct"")]"
KNN,20pct,deterministic,3600,17155,2023-08-12,0.0,1.3600000519305468,1,"C:\Users\yasemin.bozkurt\Desktop\article\DLPIF-repo-update\src\baseline_results.pkl::all_scenarios[(""knn"", ""20pct"")]"
KNN,20pct,deterministic,3607,17750,2023-08-13,0.0,0.0,1,"C:\Users\yasemin.bozkurt\Desktop\article\DLPIF-repo-update\src\baseline_results.pkl::all_scenarios[(""knn"", ""20pct"")]"
KNN,20pct,deterministic,3608,17155,2023-08-14,0.0,0.9600000757724048,1,"C:\Users\yasemin.bozkurt\Desktop\article\DLPIF-repo-update\src\baseline_results.pkl::all_scenarios[(""knn"", ""20pct"")]"
KNN,20pct,deterministic,3609,17704,2023-08-14,0.0,0.0,1,"C:\Users\yasemin.bozkurt\Desktop\article\DLPIF-repo-update\src\baseline_results.pkl::all_scenarios[(""knn"", ""20pct"")]"
KNN,20pct,deterministic,3613,17704,2023-08-15,0.0,0.0,1,"C:\Users\yasemin.bozkurt\Desktop\article\DLPIF-repo-update\src\baseline_results.pkl::all_scenarios[(""knn"", ""20pct"")]"
KNN,20pct,deterministic,3617,17704,2023-08-16,0.0,0.0,1,"C:\Users\yasemin.bozkurt\Desktop\article\DLPIF-repo-update\src\baseline_results.pkl::all_scenarios[(""knn"", ""20pct"")]"
KNN,20pct,deterministic,3626,17748,2023-08-18,0.0,0.0,1,"C:\Users\yasemin.bozkurt\Desktop\article\DLPIF-repo-update\src\baseline_results.pkl::all_scenarios[(""knn"", ""20pct"")]"
KNN,20pct,deterministic,3637,17704,2023-08-21,0.0,0.0,1,"C:\Users\yasemin.bozkurt\Desktop\article\DLPIF-repo-update\src\baseline_results.pkl::all_scenarios[(""knn"", ""20pct"")]"
KNN,20pct,deterministic,3638,17748,2023-08-21,0.0,0.0400000017718412,1,"C:\Users\yasemin.bozkurt\Desktop\article\DLPIF-repo-update\src\baseline_results.pkl::all_scenarios[(""knn"", ""20pct"")]"
KNN,20pct,deterministic,3643,17750,2023-08-22,0.0,0.0,1,"C:\Users\yasemin.bozkurt\Desktop\article\DLPIF-repo-update\src\baseline_results.pkl::all_scenarios[(""knn"", ""20pct"")]"
KNN,20pct,deterministic,3646,17748,2023-08-23,0.0,0.0,1,"C:\Users\yasemin.bozkurt\Desktop\article\DLPIF-repo-update\src\baseline_results.pkl::all_scenarios[(""knn"", ""20pct"")]"
KNN,20pct,deterministic,3654,17748,2023-08-25,0.0,0.0,1,"C:\Users\yasemin.bozkurt\Desktop\article\DLPIF-repo-update\src\baseline_results.pkl::all_scenarios[(""knn"", ""20pct"")]"
KNN,20pct,deterministic,3669,17704,2023-08-29,0.0,0.0,1,"C:\Users\yasemin.bozkurt\Desktop\article\DLPIF-repo-update\src\baseline_results.pkl::all_scenarios[(""knn"", ""20pct"")]"
KNN,20pct,deterministic,3676,17155,2023-08-31,0.0,0.0,1,"C:\Users\yasemin.bozkurt\Desktop\article\DLPIF-repo-update\src\baseline_results.pkl::all_scenarios[(""knn"", ""20pct"")]"
KNN,20pct,deterministic,3679,17750,2023-08-31,0.0,0.1200000094715506,1,"C:\Users\yasemin.bozkurt\Desktop\article\DLPIF-repo-update\src\baseline_results.pkl::all_scenarios[(""knn"", ""20pct"")]"
KNN,20pct,deterministic,3680,17155,2023-09-01,0.0,0.0,1,"C:\Users\yasemin.bozkurt\Desktop\article\DLPIF-repo-update\src\baseline_results.pkl::all_scenarios[(""knn"", ""20pct"")]"
KNN,20pct,deterministic,3698,17748,2023-09-05,2.6000001110136512,0.7600000211969019,1,"C:\Users\yasemin.bozkurt\Desktop\article\DLPIF-repo-update\src\baseline_results.pkl::all_scenarios[(""knn"", ""20pct"")]"
KNN,20pct,deterministic,3700,17155,2023-09-06,0.0,0.0800000035436824,1,"C:\Users\yasemin.bozkurt\Desktop\article\DLPIF-repo-update\src\baseline_results.pkl::all_scenarios[(""knn"", ""20pct"")]"
KNN,20pct,deterministic,3705,17704,2023-09-07,0.0,7.640000076591969,1,"C:\Users\yasemin.bozkurt\Desktop\article\DLPIF-repo-update\src\baseline_results.pkl::all_scenarios[(""knn"", ""20pct"")]"
KNN,20pct,deterministic,3713,17704,2023-09-09,3.4000000633299354,0.0,1,"C:\Users\yasemin.bozkurt\Desktop\article\DLPIF-repo-update\src\baseline_results.pkl::all_scenarios[(""knn"", ""20pct"")]"
KNN,20pct,deterministic,3717,17704,2023-09-10,0.0,0.0400000017718412,1,"C:\Users\yasemin.bozkurt\Desktop\article\DLPIF-repo-update\src\baseline_results.pkl::all_scenarios[(""knn"", ""20pct"")]"
KNN,20pct,deterministic,3731,17750,2023-09-13,0.0,0.0,1,"C:\Users\yasemin.bozkurt\Desktop\article\DLPIF-repo-update\src\baseline_results.pkl::all_scenarios[(""knn"", ""20pct"")]"
KNN,20pct,deterministic,3738,17748,2023-09-15,0.0,0.0,1,"C:\Users\yasemin.bozkurt\Desktop\article\DLPIF-repo-update\src\baseline_results.pkl::all_scenarios[(""knn"", ""20pct"")]"
KNN,20pct,deterministic,3739,17750,2023-09-15,0.0,0.0,1,"C:\Users\yasemin.bozkurt\Desktop\article\DLPIF-repo-update\src\baseline_results.pkl::all_scenarios[(""knn"", ""20pct"")]"
KNN,20pct,deterministic,3743,17750,2023-09-16,0.0,0.0,1,"C:\Users\yasemin.bozkurt\Desktop\article\DLPIF-repo-update\src\baseline_results.pkl::all_scenarios[(""knn"", ""20pct"")]"
KNN,20pct,deterministic,3745,17704,2023-09-17,0.0,0.1600000070873648,1,"C:\Users\yasemin.bozkurt\Desktop\article\DLPIF-repo-update\src\baseline_results.pkl::all_scenarios[(""knn"", ""20pct"")]"
KNN,20pct,deterministic,3753,17704,2023-09-19,0.0,0.0,1,"C:\Users\yasemin.bozkurt\Desktop\article\DLPIF-repo-update\src\baseline_results.pkl::all_scenarios[(""knn"", ""20pct"")]"
KNN,20pct,deterministic,3756,17155,2023-09-20,0.0,0.0,1,"C:\Users\yasemin.bozkurt\Desktop\article\DLPIF-repo-update\src\baseline_results.pkl::all_scenarios[(""knn"", ""20pct"")]"
KNN,20pct,deterministic,3764,17155,2023-09-22,0.0,0.0,1,"C:\Users\yasemin.bozkurt\Desktop\article\DLPIF-repo-update\src\baseline_results.pkl::all_scenarios[(""knn"", ""20pct"")]"
KNN,20pct,deterministic,3794,17748,2023-09-29,7.200000102818013,5.0000002339482315,1,"C:\Users\yasemin.bozkurt\Desktop\article\DLPIF-repo-update\src\baseline_results.pkl::all_scenarios[(""knn"", ""20pct"")]"
KNN,20pct,deterministic,3795,17750,2023-09-29,12.400000324845315,0.3600000117905438,1,"C:\Users\yasemin.bozkurt\Desktop\article\DLPIF-repo-update\src\baseline_results.pkl::all_scenarios[(""knn"", ""20pct"")]"
KNN,20pct,deterministic,3801,17704,2023-10-01,9.60000049173832,8.46000002771616,1,"C:\Users\yasemin.bozkurt\Desktop\article\DLPIF-repo-update\src\baseline_results.pkl::all_scenarios[(""knn"", ""20pct"")]"
KNN,20pct,deterministic,3804,17155,2023-10-02,11.800000360608102,5.56000020056963,1,"C:\Users\yasemin.bozkurt\Desktop\article\DLPIF-repo-update\src\baseline_results.pkl::all_scenarios[(""knn"", ""20pct"")]"
KNN,20pct,deterministic,3805,17704,2023-10-02,17.40000002682209,5.440000207722187,1,"C:\Users\yasemin.bozkurt\Desktop\article\DLPIF-repo-update\src\baseline_results.pkl::all_scenarios[(""knn"", ""20pct"")]"
KNN,20pct,deterministic,3806,17748,2023-10-02,4.400000003725291,0.8000000188127161,1,"C:\Users\yasemin.bozkurt\Desktop\article\DLPIF-repo-update\src\baseline_results.pkl::all_scenarios[(""knn"", ""20pct"")]"
KNN,20pct,deterministic,3810,17748,2023-10-03,0.20000000470317902,0.0400000017718412,1,"C:\Users\yasemin.bozkurt\Desktop\article\DLPIF-repo-update\src\baseline_results.pkl::all_scenarios[(""knn"", ""20pct"")]"
KNN,20pct,deterministic,3815,17750,2023-10-04,0.0,0.0,1,"C:\Users\yasemin.bozkurt\Desktop\article\DLPIF-repo-update\src\baseline_results.pkl::all_scenarios[(""knn"", ""20pct"")]"
KNN,20pct,deterministic,3816,17155,2023-10-05,0.0,0.0,1,"C:\Users\yasemin.bozkurt\Desktop\article\DLPIF-repo-update\src\baseline_results.pkl::all_scenarios[(""knn"", ""20pct"")]"
KNN,20pct,deterministic,3820,17155,2023-10-06,0.0,0.0,1,"C:\Users\yasemin.bozkurt\Desktop\article\DLPIF-repo-update\src\baseline_results.pkl::all_scenarios[(""knn"", ""20pct"")]"
KNN,20pct,deterministic,3825,17704,2023-10-07,0.0,0.0,1,"C:\Users\yasemin.bozkurt\Desktop\article\DLPIF-repo-update\src\baseline_results.pkl::all_scenarios[(""knn"", ""20pct"")]"
KNN,20pct,deterministic,3827,17750,2023-10-07,0.0,0.0,1,"C:\Users\yasemin.bozkurt\Desktop\article\DLPIF-repo-update\src\baseline_results.pkl::all_scenarios[(""knn"", ""20pct"")]"
KNN,20pct,deterministic,3831,17750,2023-10-08,0.0,0.0400000017718412,1,"C:\Users\yasemin.bozkurt\Desktop\article\DLPIF-repo-update\src\baseline_results.pkl::all_scenarios[(""knn"", ""20pct"")]"
KNN,20pct,deterministic,3841,17704,2023-10-11,0.0,0.0,1,"C:\Users\yasemin.bozkurt\Desktop\article\DLPIF-repo-update\src\baseline_results.pkl::all_scenarios[(""knn"", ""20pct"")]"
KNN,20pct,deterministic,3844,17155,2023-10-12,0.0,0.0,1,"C:\Users\yasemin.bozkurt\Desktop\article\DLPIF-repo-update\src\baseline_results.pkl::all_scenarios[(""knn"", ""20pct"")]"
KNN,20pct,deterministic,3847,17750,2023-10-12,0.0,0.0,1,"C:\Users\yasemin.bozkurt\Desktop\article\DLPIF-repo-update\src\baseline_results.pkl::all_scenarios[(""knn"", ""20pct"")]"
KNN,20pct,deterministic,3851,17750,2023-10-13,0.0,3.120000080019236,1,"C:\Users\yasemin.bozkurt\Desktop\article\DLPIF-repo-update\src\baseline_results.pkl::all_scenarios[(""knn"", ""20pct"")]"
KNN,20pct,deterministic,3852,17155,2023-10-14,0.0,0.0,1,"C:\Users\yasemin.bozkurt\Desktop\article\DLPIF-repo-update\src\baseline_results.pkl::all_scenarios[(""knn"", ""20pct"")]"
KNN,20pct,deterministic,3866,17748,2023-10-17,0.0,3.520000056177378,1,"C:\Users\yasemin.bozkurt\Desktop\article\DLPIF-repo-update\src\baseline_results.pkl::all_scenarios[(""knn"", ""20pct"")]"
KNN,20pct,deterministic,3870,17748,2023-10-18,1.8000000257045032,6.300000156462193,1,"C:\Users\yasemin.bozkurt\Desktop\article\DLPIF-repo-update\src\baseline_results.pkl::all_scenarios[(""knn"", ""20pct"")]"
KNN,20pct,deterministic,3871,17750,2023-10-18,1.8000000257045032,2.8400000967085366,1,"C:\Users\yasemin.bozkurt\Desktop\article\DLPIF-repo-update\src\baseline_results.pkl::all_scenarios[(""knn"", ""20pct"")]"
KNN,20pct,deterministic,3872,17155,2023-10-19,0.3000000153668225,0.960000009275973,1,"C:\Users\yasemin.bozkurt\Desktop\article\DLPIF-repo-update\src\baseline_results.pkl::all_scenarios[(""knn"", ""20pct"")]"
KNN,20pct,deterministic,3876,17155,2023-10-20,0.20000000470317902,0.0,1,"C:\Users\yasemin.bozkurt\Desktop\article\DLPIF-repo-update\src\baseline_results.pkl::all_scenarios[(""knn"", ""20pct"")]"
KNN,20pct,deterministic,3883,17750,2023-10-21,0.0,0.0400000017718412,1,"C:\Users\yasemin.bozkurt\Desktop\article\DLPIF-repo-update\src\baseline_results.pkl::all_scenarios[(""knn"", ""20pct"")]"
KNN,20pct,deterministic,3884,17155,2023-10-22,0.0,0.0400000017718412,1,"C:\Users\yasemin.bozkurt\Desktop\article\DLPIF-repo-update\src\baseline_results.pkl::all_scenarios[(""knn"", ""20pct"")]"
KNN,20pct,deterministic,3887,17750,2023-10-22,0.0,0.0,1,"C:\Users\yasemin.bozkurt\Desktop\article\DLPIF-repo-update\src\baseline_results.pkl::all_scenarios[(""knn"", ""20pct"")]"
KNN,20pct,deterministic,3890,17748,2023-10-23,0.0,0.0800000035436824,1,"C:\Users\yasemin.bozkurt\Desktop\article\DLPIF-repo-update\src\baseline_results.pkl::all_scenarios[(""knn"", ""20pct"")]"
KNN,20pct,deterministic,3891,17750,2023-10-23,0.0,0.0,1,"C:\Users\yasemin.bozkurt\Desktop\article\DLPIF-repo-update\src\baseline_results.pkl::all_scenarios[(""knn"", ""20pct"")]"
KNN,20pct,deterministic,3899,17750,2023-10-25,0.0,0.0,1,"C:\Users\yasemin.bozkurt\Desktop\article\DLPIF-repo-update\src\baseline_results.pkl::all_scenarios[(""knn"", ""20pct"")]"
KNN,20pct,deterministic,3904,17155,2023-10-27,0.0,2.2800001300871373,1,"C:\Users\yasemin.bozkurt\Desktop\article\DLPIF-repo-update\src\baseline_results.pkl::all_scenarios[(""knn"", ""20pct"")]"
KNN,20pct,deterministic,3907,17750,2023-10-27,0.0,0.0,1,"C:\Users\yasemin.bozkurt\Desktop\article\DLPIF-repo-update\src\baseline_results.pkl::all_scenarios[(""knn"", ""20pct"")]"
KNN,20pct,deterministic,3908,17155,2023-10-28,0.0,0.6800000259652734,1,"C:\Users\yasemin.bozkurt\Desktop\article\DLPIF-repo-update\src\baseline_results.pkl::all_scenarios[(""knn"", ""20pct"")]"
KNN,20pct,deterministic,3924,17155,2023-11-01,0.0,6.480000145733357,1,"C:\Users\yasemin.bozkurt\Desktop\article\DLPIF-repo-update\src\baseline_results.pkl::all_scenarios[(""knn"", ""20pct"")]"
KNN,20pct,deterministic,3925,17704,2023-11-01,0.20000000470317902,0.8400000164285303,1,"C:\Users\yasemin.bozkurt\Desktop\article\DLPIF-repo-update\src\baseline_results.pkl::all_scenarios[(""knn"", ""20pct"")]"
KNN,20pct,deterministic,3928,17155,2023-11-02,0.0,0.0800000035436824,1,"C:\Users\yasemin.bozkurt\Desktop\article\DLPIF-repo-update\src\baseline_results.pkl::all_scenarios[(""knn"", ""20pct"")]"
KNN,20pct,deterministic,3936,17155,2023-11-04,1.9000000197440388,0.0,1,"C:\Users\yasemin.bozkurt\Desktop\article\DLPIF-repo-update\src\baseline_results.pkl::all_scenarios[(""knn"", ""20pct"")]"
KNN,20pct,deterministic,3945,17704,2023-11-06,0.600000030733645,3.7600003078579904,1,"C:\Users\yasemin.bozkurt\Desktop\article\DLPIF-repo-update\src\baseline_results.pkl::all_scenarios[(""knn"", ""20pct"")]"
KNN,20pct,deterministic,3956,17155,2023-11-09,0.0,0.0,1,"C:\Users\yasemin.bozkurt\Desktop\article\DLPIF-repo-update\src\baseline_results.pkl::all_scenarios[(""knn"", ""20pct"")]"
KNN,20pct,deterministic,3962,17748,2023-11-10,0.40000000940635805,2.6800001062452794,1,"C:\Users\yasemin.bozkurt\Desktop\article\DLPIF-repo-update\src\baseline_results.pkl::all_scenarios[(""knn"", ""20pct"")]"
KNN,20pct,deterministic,3965,17704,2023-11-11,0.0,1.4800000447779895,1,"C:\Users\yasemin.bozkurt\Desktop\article\DLPIF-repo-update\src\baseline_results.pkl::all_scenarios[(""knn"", ""20pct"")]"
KNN,20pct,deterministic,3966,17748,2023-11-11,0.40000000940635805,2.0800001420080663,1,"C:\Users\yasemin.bozkurt\Desktop\article\DLPIF-repo-update\src\baseline_results.pkl::all_scenarios[(""knn"", ""20pct"")]"
KNN,20pct,deterministic,3974,17748,2023-11-13,12.200000336766244,7.560000081360341,1,"C:\Users\yasemin.bozkurt\Desktop\article\DLPIF-repo-update\src\baseline_results.pkl::all_scenarios[(""knn"", ""20pct"")]"
KNN,20pct,deterministic,3975,17750,2023-11-13,7.200000102818013,9.280000510811806,1,"C:\Users\yasemin.bozkurt\Desktop\article\DLPIF-repo-update\src\baseline_results.pkl::all_scenarios[(""knn"", ""20pct"")]"
KNN,20pct,deterministic,3989,17704,2023-11-17,3.6000000514090065,0.0,1,"C:\Users\yasemin.bozkurt\Desktop\article\DLPIF-repo-update\src\baseline_results.pkl::all_scenarios[(""knn"", ""20pct"")]"
KNN,20pct,deterministic,3991,17750,2023-11-17,3.4000000633299354,0.0400000017718412,1,"C:\Users\yasemin.bozkurt\Desktop\article\DLPIF-repo-update\src\baseline_results.pkl::all_scenarios[(""knn"", ""20pct"")]"
KNN,20pct,deterministic,3996,17155,2023-11-19,10.100000461935998,2.360000125318766,1,"C:\Users\yasemin.bozkurt\Desktop\article\DLPIF-repo-update\src\baseline_results.pkl::all_scenarios[(""knn"", ""20pct"")]"
KNN,20pct,deterministic,3998,17748,2023-11-19,10.400000444054605,8.040000052750111,1,"C:\Users\yasemin.bozkurt\Desktop\article\DLPIF-repo-update\src\baseline_results.pkl::all_scenarios[(""knn"", ""20pct"")]"
KNN,20pct,deterministic,4005,17704,2023-11-21,0.20000000470317902,0.0,1,"C:\Users\yasemin.bozkurt\Desktop\article\DLPIF-repo-update\src\baseline_results.pkl::all_scenarios[(""knn"", ""20pct"")]"
KNN,20pct,deterministic,4006,17748,2023-11-21,1.20000006146729,3.6000000514090065,1,"C:\Users\yasemin.bozkurt\Desktop\article\DLPIF-repo-update\src\baseline_results.pkl::all_scenarios[(""knn"", ""20pct"")]"
KNN,20pct,deterministic,4010,17748,2023-11-22,0.0,9.12000052034855,1,"C:\Users\yasemin.bozkurt\Desktop\article\DLPIF-repo-update\src\baseline_results.pkl::all_scenarios[(""knn"", ""20pct"")]"
KNN,20pct,deterministic,4011,17750,2023-11-22,0.0,3.92000003233552,1,"C:\Users\yasemin.bozkurt\Desktop\article\DLPIF-repo-update\src\baseline_results.pkl::all_scenarios[(""knn"", ""20pct"")]"
KNN,20pct,deterministic,4016,17155,2023-11-24,0.0,1.0400000045076014,1,"C:\Users\yasemin.bozkurt\Desktop\article\DLPIF-repo-update\src\baseline_results.pkl::all_scenarios[(""knn"", ""20pct"")]"
KNN,20pct,deterministic,4020,17155,2023-11-25,0.20000000470317902,8.000000055134297,1,"C:\Users\yasemin.bozkurt\Desktop\article\DLPIF-repo-update\src\baseline_results.pkl::all_scenarios[(""knn"", ""20pct"")]"
KNN,20pct,deterministic,4021,17704,2023-11-25,1.6000000376254322,3.6400000490248208,1,"C:\Users\yasemin.bozkurt\Desktop\article\DLPIF-repo-update\src\baseline_results.pkl::all_scenarios[(""knn"", ""20pct"")]"
KNN,20pct,deterministic,4044,17155,2023-12-01,4.300000009685755,1.8800000209361316,1,"C:\Users\yasemin.bozkurt\Desktop\article\DLPIF-repo-update\src\baseline_results.pkl::all_scenarios[(""knn"", ""20pct"")]"
KNN,20pct,deterministic,4048,17155,2023-12-02,1.0000000068917871,1.0800000021234155,1,"C:\Users\yasemin.bozkurt\Desktop\article\DLPIF-repo-update\src\baseline_results.pkl::all_scenarios[(""knn"", ""20pct"")]"
KNN,20pct,deterministic,4063,17750,2023-12-05,0.0,7.000000114738942,1,"C:\Users\yasemin.bozkurt\Desktop\article\DLPIF-repo-update\src\baseline_results.pkl::all_scenarios[(""knn"", ""20pct"")]"
KNN,20pct,deterministic,4064,17155,2023-12-06,0.40000000940635805,2.2000000018626453,1,"C:\Users\yasemin.bozkurt\Desktop\article\DLPIF-repo-update\src\baseline_results.pkl::all_scenarios[(""knn"", ""20pct"")]"
KNN,20pct,deterministic,4065,17704,2023-12-06,0.0,7.320000095665455,1,"C:\Users\yasemin.bozkurt\Desktop\article\DLPIF-repo-update\src\baseline_results.pkl::all_scenarios[(""knn"", ""20pct"")]"
KNN,20pct,deterministic,4071,17750,2023-12-07,1.6000000376254322,7.36000009328127,1,"C:\Users\yasemin.bozkurt\Desktop\article\DLPIF-repo-update\src\baseline_results.pkl::all_scenarios[(""knn"", ""20pct"")]"
KNN,20pct,deterministic,4075,17750,2023-12-08,10.000000467896463,13.000000289082529,1,"C:\Users\yasemin.bozkurt\Desktop\article\DLPIF-repo-update\src\baseline_results.pkl::all_scenarios[(""knn"", ""20pct"")]"
KNN,20pct,deterministic,4077,17704,2023-12-09,6.000000174343587,6.960000117123127,1,"C:\Users\yasemin.bozkurt\Desktop\article\DLPIF-repo-update\src\baseline_results.pkl::all_scenarios[(""knn"", ""20pct"")]"
KNN,20pct,deterministic,4078,17748,2023-12-09,9.200000515580179,7.480000086128713,1,"C:\Users\yasemin.bozkurt\Desktop\article\DLPIF-repo-update\src\baseline_results.pkl::all_scenarios[(""knn"", ""20pct"")]"
KNN,20pct,deterministic,4084,17155,2023-12-11,7.900000061094762,4.560000260174275,1,"C:\Users\yasemin.bozkurt\Desktop\article\DLPIF-repo-update\src\baseline_results.pkl::all_scenarios[(""knn"", ""20pct"")]"
KNN,20pct,deterministic,4086,17748,2023-12-11,1.8000000257045032,5.720000191032887,1,"C:\Users\yasemin.bozkurt\Desktop\article\DLPIF-repo-update\src\baseline_results.pkl::all_scenarios[(""knn"", ""20pct"")]"
KNN,20pct,deterministic,4096,17155,2023-12-14,0.0,0.0,1,"C:\Users\yasemin.bozkurt\Desktop\article\DLPIF-repo-update\src\baseline_results.pkl::all_scenarios[(""knn"", ""20pct"")]"
KNN,20pct,deterministic,4098,17748,2023-12-14,0.0,0.8000000188127161,1,"C:\Users\yasemin.bozkurt\Desktop\article\DLPIF-repo-update\src\baseline_results.pkl::all_scenarios[(""knn"", ""20pct"")]"
KNN,20pct,deterministic,4099,17750,2023-12-14,0.0,3.880000034719706,1,"C:\Users\yasemin.bozkurt\Desktop\article\DLPIF-repo-update\src\baseline_results.pkl::all_scenarios[(""knn"", ""20pct"")]"
KNN,20pct,deterministic,4103,17750,2023-12-15,0.0,0.0,1,"C:\Users\yasemin.bozkurt\Desktop\article\DLPIF-repo-update\src\baseline_results.pkl::all_scenarios[(""knn"", ""20pct"")]"
KNN,20pct,deterministic,4105,17704,2023-12-16,0.8000000188127161,6.3200001552701,1,"C:\Users\yasemin.bozkurt\Desktop\article\DLPIF-repo-update\src\baseline_results.pkl::all_scenarios[(""knn"", ""20pct"")]"
KNN,20pct,deterministic,4112,17155,2023-12-18,6.200000162422658,8.480000026524067,1,"C:\Users\yasemin.bozkurt\Desktop\article\DLPIF-repo-update\src\baseline_results.pkl::all_scenarios[(""knn"", ""20pct"")]"
KNN,20pct,deterministic,4118,17748,2023-12-19,0.0,0.0800000035436824,1,"C:\Users\yasemin.bozkurt\Desktop\article\DLPIF-repo-update\src\baseline_results.pkl::all_scenarios[(""knn"", ""20pct"")]"
KNN,20pct,deterministic,4119,17750,2023-12-19,0.0,0.0400000017718412,1,"C:\Users\yasemin.bozkurt\Desktop\article\DLPIF-repo-update\src\baseline_results.pkl::all_scenarios[(""knn"", ""20pct"")]"
KNN,20pct,deterministic,4120,17155,2023-12-20,0.0,0.0,1,"C:\Users\yasemin.bozkurt\Desktop\article\DLPIF-repo-update\src\baseline_results.pkl::all_scenarios[(""knn"", ""20pct"")]"
KNN,20pct,deterministic,4121,17704,2023-12-20,0.0,0.3600000117905438,1,"C:\Users\yasemin.bozkurt\Desktop\article\DLPIF-repo-update\src\baseline_results.pkl::all_scenarios[(""knn"", ""20pct"")]"
KNN,20pct,deterministic,4133,17704,2023-12-23,6.000000174343587,0.9200000116601588,1,"C:\Users\yasemin.bozkurt\Desktop\article\DLPIF-repo-update\src\baseline_results.pkl::all_scenarios[(""knn"", ""20pct"")]"
KNN,20pct,deterministic,4135,17750,2023-12-23,5.0000002339482315,3.0800000824034215,1,"C:\Users\yasemin.bozkurt\Desktop\article\DLPIF-repo-update\src\baseline_results.pkl::all_scenarios[(""knn"", ""20pct"")]"
KNN,20pct,deterministic,4137,17704,2023-12-24,3.4000000633299354,4.80000024586916,1,"C:\Users\yasemin.bozkurt\Desktop\article\DLPIF-repo-update\src\baseline_results.pkl::all_scenarios[(""knn"", ""20pct"")]"
KNN,20pct,deterministic,4139,17750,2023-12-24,1.0000000068917871,2.2800001300871373,1,"C:\Users\yasemin.bozkurt\Desktop\article\DLPIF-repo-update\src\baseline_results.pkl::all_scenarios[(""knn"", ""20pct"")]"
KNN,20pct,deterministic,4150,17748,2023-12-27,0.0,1.8400000233203175,1,"C:\Users\yasemin.bozkurt\Desktop\article\DLPIF-repo-update\src\baseline_results.pkl::all_scenarios[(""knn"", ""20pct"")]"
KNN,20pct,deterministic,4161,17704,2023-12-30,0.20000000470317902,0.0,1,"C:\Users\yasemin.bozkurt\Desktop\article\DLPIF-repo-update\src\baseline_results.pkl::all_scenarios[(""knn"", ""20pct"")]"
KNN,20pct,deterministic,4166,17748,2023-12-31,0.0,0.40000000940635805,1,"C:\Users\yasemin.bozkurt\Desktop\article\DLPIF-repo-update\src\baseline_results.pkl::all_scenarios[(""knn"", ""20pct"")]"
KNN,block30d,deterministic,172,17155,2021-04-07,0.0,0.0400000017718412,1,"C:\Users\yasemin.bozkurt\Desktop\article\DLPIF-repo-update\src\baseline_results.pkl::all_scenarios[(""knn"", ""block30d"")]"
KNN,block30d,deterministic,176,17155,2021-04-08,0.0,1.20000006146729,1,"C:\Users\yasemin.bozkurt\Desktop\article\DLPIF-repo-update\src\baseline_results.pkl::all_scenarios[(""knn"", ""block30d"")]"
KNN,block30d,deterministic,180,17155,2021-04-09,9.200000515580179,1.560000040009618,1,"C:\Users\yasemin.bozkurt\Desktop\article\DLPIF-repo-update\src\baseline_results.pkl::all_scenarios[(""knn"", ""block30d"")]"
KNN,block30d,deterministic,184,17155,2021-04-10,0.0,0.44000000702217223,1,"C:\Users\yasemin.bozkurt\Desktop\article\DLPIF-repo-update\src\baseline_results.pkl::all_scenarios[(""knn"", ""block30d"")]"
KNN,block30d,deterministic,188,17155,2021-04-11,0.0,0.2800000165589154,1,"C:\Users\yasemin.bozkurt\Desktop\article\DLPIF-repo-update\src\baseline_results.pkl::all_scenarios[(""knn"", ""block30d"")]"
KNN,block30d,deterministic,192,17155,2021-04-12,3.2000000752508644,4.360000272095204,1,"C:\Users\yasemin.bozkurt\Desktop\article\DLPIF-repo-update\src\baseline_results.pkl::all_scenarios[(""knn"", ""block30d"")]"
KNN,block30d,deterministic,194,17748,2021-04-12,0.0,0.960000009275973,1,"C:\Users\yasemin.bozkurt\Desktop\article\DLPIF-repo-update\src\baseline_results.pkl::all_scenarios[(""knn"", ""block30d"")]"
KNN,block30d,deterministic,196,17155,2021-04-13,2.0000000137835743,0.0400000017718412,1,"C:\Users\yasemin.bozkurt\Desktop\article\DLPIF-repo-update\src\baseline_results.pkl::all_scenarios[(""knn"", ""block30d"")]"
KNN,block30d,deterministic,198,17748,2021-04-13,0.0,0.0,1,"C:\Users\yasemin.bozkurt\Desktop\article\DLPIF-repo-update\src\baseline_results.pkl::all_scenarios[(""knn"", ""block30d"")]"
KNN,block30d,deterministic,200,17155,2021-04-14,0.0,0.20000000470317902,1,"C:\Users\yasemin.bozkurt\Desktop\article\DLPIF-repo-update\src\baseline_results.pkl::all_scenarios[(""knn"", ""block30d"")]"
KNN,block30d,deterministic,202,17748,2021-04-14,0.0,0.5200000022538007,1,"C:\Users\yasemin.bozkurt\Desktop\article\DLPIF-repo-update\src\baseline_results.pkl::all_scenarios[(""knn"", ""block30d"")]"
KNN,block30d,deterministic,204,17155,2021-04-15,0.0,0.0400000017718412,1,"C:\Users\yasemin.bozkurt\Desktop\article\DLPIF-repo-update\src\baseline_results.pkl::all_scenarios[(""knn"", ""block30d"")]"
KNN,block30d,deterministic,206,17748,2021-04-15,0.0,0.4800000046379865,1,"C:\Users\yasemin.bozkurt\Desktop\article\DLPIF-repo-update\src\baseline_results.pkl::all_scenarios[(""knn"", ""block30d"")]"
KNN,block30d,deterministic,208,17155,2021-04-16,0.0,0.0,1,"C:\Users\yasemin.bozkurt\Desktop\article\DLPIF-repo-update\src\baseline_results.pkl::all_scenarios[(""knn"", ""block30d"")]"
KNN,block30d,deterministic,210,17748,2021-04-16,0.0,1.1200000662356615,1,"C:\Users\yasemin.bozkurt\Desktop\article\DLPIF-repo-update\src\baseline_results.pkl::all_scenarios[(""knn"", ""block30d"")]"
KNN,block30d,deterministic,212,17155,2021-04-17,0.20000000470317902,0.7200000235810876,1,"C:\Users\yasemin.bozkurt\Desktop\article\DLPIF-repo-update\src\baseline_results.pkl::all_scenarios[(""knn"", ""block30d"")]"
KNN,block30d,deterministic,214,17748,2021-04-17,0.0,0.0800000035436824,1,"C:\Users\yasemin.bozkurt\Desktop\article\DLPIF-repo-update\src\baseline_results.pkl::all_scenarios[(""knn"", ""block30d"")]"
KNN,block30d,deterministic,216,17155,2021-04-18,3.6000000514090065,0.0,1,"C:\Users\yasemin.bozkurt\Desktop\article\DLPIF-repo-update\src\baseline_results.pkl::all_scenarios[(""knn"", ""block30d"")]"
KNN,block30d,deterministic,218,17748,2021-04-18,5.800000186264516,2.160000137239695,1,"C:\Users\yasemin.bozkurt\Desktop\article\DLPIF-repo-update\src\baseline_results.pkl::all_scenarios[(""knn"", ""block30d"")]"
KNN,block30d,deterministic,220,17155,2021-04-19,10.800000420212747,4.520000262558461,1,"C:\Users\yasemin.bozkurt\Desktop\article\DLPIF-repo-update\src\baseline_results.pkl::all_scenarios[(""knn"", ""block30d"")]"
KNN,block30d,deterministic,222,17748,2021-04-19,15.20000015795231,5.880000181496144,1,"C:\Users\yasemin.bozkurt\Desktop\article\DLPIF-repo-update\src\baseline_results.pkl::all_scenarios[(""knn"", ""block30d"")]"
KNN,block30d,deterministic,224,17155,2021-04-20,5.4000002101063735,6.400000150501729,1,"C:\Users\yasemin.bozkurt\Desktop\article\DLPIF-repo-update\src\baseline_results.pkl::all_scenarios[(""knn"", ""block30d"")]"
KNN,block30d,deterministic,226,17748,2021-04-20,5.600000198185445,0.0800000035436824,1,"C:\Users\yasemin.bozkurt\Desktop\article\DLPIF-repo-update\src\baseline_results.pkl::all_scenarios[(""knn"", ""block30d"")]"
KNN,block30d,deterministic,228,17155,2021-04-21,0.0,0.0,1,"C:\Users\yasemin.bozkurt\Desktop\article\DLPIF-repo-update\src\baseline_results.pkl::all_scenarios[(""knn"", ""block30d"")]"
KNN,block30d,deterministic,230,17748,2021-04-21,0.40000000940635805,0.1200000094715506,1,"C:\Users\yasemin.bozkurt\Desktop\article\DLPIF-repo-update\src\baseline_results.pkl::all_scenarios[(""knn"", ""block30d"")]"
KNN,block30d,deterministic,232,17155,2021-04-22,0.0,0.0,1,"C:\Users\yasemin.bozkurt\Desktop\article\DLPIF-repo-update\src\baseline_results.pkl::all_scenarios[(""knn"", ""block30d"")]"
KNN,block30d,deterministic,234,17748,2021-04-22,0.0,0.5200000355020166,1,"C:\Users\yasemin.bozkurt\Desktop\article\DLPIF-repo-update\src\baseline_results.pkl::all_scenarios[(""knn"", ""block30d"")]"
KNN,block30d,deterministic,236,17155,2021-04-23,0.0,0.0,1,"C:\Users\yasemin.bozkurt\Desktop\article\DLPIF-repo-update\src\baseline_results.pkl::all_scenarios[(""knn"", ""block30d"")]"
KNN,block30d,deterministic,238,17748,2021-04-23,0.0,0.0,1,"C:\Users\yasemin.bozkurt\Desktop\article\DLPIF-repo-update\src\baseline_results.pkl::all_scenarios[(""knn"", ""block30d"")]"
KNN,block30d,deterministic,240,17155,2021-04-24,0.0,0.0,1,"C:\Users\yasemin.bozkurt\Desktop\article\DLPIF-repo-update\src\baseline_results.pkl::all_scenarios[(""knn"", ""block30d"")]"
KNN,block30d,deterministic,242,17748,2021-04-24,0.0,14.200000217556955,1,"C:\Users\yasemin.bozkurt\Desktop\article\DLPIF-repo-update\src\baseline_results.pkl::all_scenarios[(""knn"", ""block30d"")]"
KNN,block30d,deterministic,244,17155,2021-04-25,11.600000372529031,7.280000630021096,1,"C:\Users\yasemin.bozkurt\Desktop\article\DLPIF-repo-update\src\baseline_results.pkl::all_scenarios[(""knn"", ""block30d"")]"
KNN,block30d,deterministic,246,17748,2021-04-25,9.000000527501108,7.960000589489938,1,"C:\Users\yasemin.bozkurt\Desktop\article\DLPIF-repo-update\src\baseline_results.pkl::all_scenarios[(""knn"", ""block30d"")]"
KNN,block30d,deterministic,248,17155,2021-04-26,14.000000229477884,2.240000132471323,1,"C:\Users\yasemin.bozkurt\Desktop\article\DLPIF-repo-update\src\baseline_results.pkl::all_scenarios[(""knn"", ""block30d"")]"
KNN,block30d,deterministic,250,17748,2021-04-26,0.40000000940635805,10.040000465512277,1,"C:\Users\yasemin.bozkurt\Desktop\article\DLPIF-repo-update\src\baseline_results.pkl::all_scenarios[(""knn"", ""block30d"")]"
KNN,block30d,deterministic,252,17155,2021-04-27,0.0,0.0400000017718412,1,"C:\Users\yasemin.bozkurt\Desktop\article\DLPIF-repo-update\src\baseline_results.pkl::all_scenarios[(""knn"", ""block30d"")]"
KNN,block30d,deterministic,254,17748,2021-04-27,0.20000000470317902,0.4800000378862024,1,"C:\Users\yasemin.bozkurt\Desktop\article\DLPIF-repo-update\src\baseline_results.pkl::all_scenarios[(""knn"", ""block30d"")]"
KNN,block30d,deterministic,256,17155,2021-04-28,0.0,0.0400000017718412,1,"C:\Users\yasemin.bozkurt\Desktop\article\DLPIF-repo-update\src\baseline_results.pkl::all_scenarios[(""knn"", ""block30d"")]"
KNN,block30d,deterministic,258,17748,2021-04-28,0.0,0.20000000470317902,1,"C:\Users\yasemin.bozkurt\Desktop\article\DLPIF-repo-update\src\baseline_results.pkl::all_scenarios[(""knn"", ""block30d"")]"
KNN,block30d,deterministic,260,17155,2021-04-29,0.0,0.0,1,"C:\Users\yasemin.bozkurt\Desktop\article\DLPIF-repo-update\src\baseline_results.pkl::all_scenarios[(""knn"", ""block30d"")]"
KNN,block30d,deterministic,262,17748,2021-04-29,0.0,0.0,1,"C:\Users\yasemin.bozkurt\Desktop\article\DLPIF-repo-update\src\baseline_results.pkl::all_scenarios[(""knn"", ""block30d"")]"
KNN,block30d,deterministic,264,17155,2021-04-30,0.0,0.0,1,"C:\Users\yasemin.bozkurt\Desktop\article\DLPIF-repo-update\src\baseline_results.pkl::all_scenarios[(""knn"", ""block30d"")]"
KNN,block30d,deterministic,266,17748,2021-04-30,0.0,0.0,1,"C:\Users\yasemin.bozkurt\Desktop\article\DLPIF-repo-update\src\baseline_results.pkl::all_scenarios[(""knn"", ""block30d"")]"
KNN,block30d,deterministic,268,17155,2021-05-01,0.0,0.0,1,"C:\Users\yasemin.bozkurt\Desktop\article\DLPIF-repo-update\src\baseline_results.pkl::all_scenarios[(""knn"", ""block30d"")]"
KNN,block30d,deterministic,270,17748,2021-05-01,0.0,0.0800000035436824,1,"C:\Users\yasemin.bozkurt\Desktop\article\DLPIF-repo-update\src\baseline_results.pkl::all_scenarios[(""knn"", ""block30d"")]"
KNN,block30d,deterministic,272,17155,2021-05-02,0.0,0.0,1,"C:\Users\yasemin.bozkurt\Desktop\article\DLPIF-repo-update\src\baseline_results.pkl::all_scenarios[(""knn"", ""block30d"")]"
KNN,block30d,deterministic,274,17748,2021-05-02,0.0,0.0,1,"C:\Users\yasemin.bozkurt\Desktop\article\DLPIF-repo-update\src\baseline_results.pkl::all_scenarios[(""knn"", ""block30d"")]"
KNN,block30d,deterministic,276,17155,2021-05-03,0.0,0.0,1,"C:\Users\yasemin.bozkurt\Desktop\article\DLPIF-repo-update\src\baseline_results.pkl::all_scenarios[(""knn"", ""block30d"")]"
KNN,block30d,deterministic,278,17748,2021-05-03,0.0,0.44000000702217223,1,"C:\Users\yasemin.bozkurt\Desktop\article\DLPIF-repo-update\src\baseline_results.pkl::all_scenarios[(""knn"", ""block30d"")]"
KNN,block30d,deterministic,280,17155,2021-05-04,0.0,0.0400000017718412,1,"C:\Users\yasemin.bozkurt\Desktop\article\DLPIF-repo-update\src\baseline_results.pkl::all_scenarios[(""knn"", ""block30d"")]"
KNN,block30d,deterministic,282,17748,2021-05-04,0.0,1.6000000376254322,1,"C:\Users\yasemin.bozkurt\Desktop\article\DLPIF-repo-update\src\baseline_results.pkl::all_scenarios[(""knn"", ""block30d"")]"
KNN,block30d,deterministic,284,17155,2021-05-05,0.0,0.0,1,"C:\Users\yasemin.bozkurt\Desktop\article\DLPIF-repo-update\src\baseline_results.pkl::all_scenarios[(""knn"", ""block30d"")]"
KNN,block30d,deterministic,286,17748,2021-05-05,0.0,0.960000009275973,1,"C:\Users\yasemin.bozkurt\Desktop\article\DLPIF-repo-update\src\baseline_results.pkl::all_scenarios[(""knn"", ""block30d"")]"
KNN,block30d,deterministic,288,17155,2021-05-06,0.0,0.0,1,"C:\Users\yasemin.bozkurt\Desktop\article\DLPIF-repo-update\src\baseline_results.pkl::all_scenarios[(""knn"", ""block30d"")]"
KNN,block30d,deterministic,290,17748,2021-05-06,0.0,2.440000120550394,1,"C:\Users\yasemin.bozkurt\Desktop\article\DLPIF-repo-update\src\baseline_results.pkl::all_scenarios[(""knn"", ""block30d"")]"
KNN,block30d,deterministic,294,17748,2021-05-07,0.0,0.0,1,"C:\Users\yasemin.bozkurt\Desktop\article\DLPIF-repo-update\src\baseline_results.pkl::all_scenarios[(""knn"", ""block30d"")]"
KNN,block30d,deterministic,298,17748,2021-05-08,0.0,0.9200000781565906,1,"C:\Users\yasemin.bozkurt\Desktop\article\DLPIF-repo-update\src\baseline_results.pkl::all_scenarios[(""knn"", ""block30d"")]"
KNN,block30d,deterministic,299,17750,2021-05-08,0.0,2.6800001062452794,1,"C:\Users\yasemin.bozkurt\Desktop\article\DLPIF-repo-update\src\baseline_results.pkl::all_scenarios[(""knn"", ""block30d"")]"
KNN,block30d,deterministic,302,17748,2021-05-09,0.40000000940635805,0.2400000189431012,1,"C:\Users\yasemin.bozkurt\Desktop\article\DLPIF-repo-update\src\baseline_results.pkl::all_scenarios[(""knn"", ""block30d"")]"
KNN,block30d,deterministic,303,17750,2021-05-09,0.0,0.40000000940635805,1,"C:\Users\yasemin.bozkurt\Desktop\article\DLPIF-repo-update\src\baseline_results.pkl::all_scenarios[(""knn"", ""block30d"")]"
KNN,block30d,deterministic,306,17748,2021-05-10,0.0,0.0,1,"C:\Users\yasemin.bozkurt\Desktop\article\DLPIF-repo-update\src\baseline_results.pkl::all_scenarios[(""knn"", ""block30d"")]"
KNN,block30d,deterministic,307,17750,2021-05-10,0.0,0.0,1,"C:\Users\yasemin.bozkurt\Desktop\article\DLPIF-repo-update\src\baseline_results.pkl::all_scenarios[(""knn"", ""block30d"")]"
KNN,block30d,deterministic,310,17748,2021-05-11,0.0,0.0,1,"C:\Users\yasemin.bozkurt\Desktop\article\DLPIF-repo-update\src\baseline_results.pkl::all_scenarios[(""knn"", ""block30d"")]"
KNN,block30d,deterministic,311,17750,2021-05-11,0.0,0.0,1,"C:\Users\yasemin.bozkurt\Desktop\article\DLPIF-repo-update\src\baseline_results.pkl::all_scenarios[(""knn"", ""block30d"")]"
KNN,block30d,deterministic,315,17750,2021-05-12,0.0,0.0400000017718412,1,"C:\Users\yasemin.bozkurt\Desktop\article\DLPIF-repo-update\src\baseline_results.pkl::all_scenarios[(""knn"", ""block30d"")]"
KNN,block30d,deterministic,319,17750,2021-05-13,0.0,0.0,1,"C:\Users\yasemin.bozkurt\Desktop\article\DLPIF-repo-update\src\baseline_results.pkl::all_scenarios[(""knn"", ""block30d"")]"
KNN,block30d,deterministic,323,17750,2021-05-14,0.0,0.0,1,"C:\Users\yasemin.bozkurt\Desktop\article\DLPIF-repo-update\src\baseline_results.pkl::all_scenarios[(""knn"", ""block30d"")]"
KNN,block30d,deterministic,327,17750,2021-05-15,0.0,0.0800000035436824,1,"C:\Users\yasemin.bozkurt\Desktop\article\DLPIF-repo-update\src\baseline_results.pkl::all_scenarios[(""knn"", ""block30d"")]"
KNN,block30d,deterministic,330,17748,2021-05-16,0.0,4.280000276863575,1,"C:\Users\yasemin.bozkurt\Desktop\article\DLPIF-repo-update\src\baseline_results.pkl::all_scenarios[(""knn"", ""block30d"")]"
KNN,block30d,deterministic,331,17750,2021-05-16,0.0,0.0,1,"C:\Users\yasemin.bozkurt\Desktop\article\DLPIF-repo-update\src\baseline_results.pkl::all_scenarios[(""knn"", ""block30d"")]"
KNN,block30d,deterministic,334,17748,2021-05-17,0.0,0.0,1,"C:\Users\yasemin.bozkurt\Desktop\article\DLPIF-repo-update\src\baseline_results.pkl::all_scenarios[(""knn"", ""block30d"")]"
KNN,block30d,deterministic,335,17750,2021-05-17,0.0,0.0,1,"C:\Users\yasemin.bozkurt\Desktop\article\DLPIF-repo-update\src\baseline_results.pkl::all_scenarios[(""knn"", ""block30d"")]"
KNN,block30d,deterministic,338,17748,2021-05-18,0.0,0.0,1,"C:\Users\yasemin.bozkurt\Desktop\article\DLPIF-repo-update\src\baseline_results.pkl::all_scenarios[(""knn"", ""block30d"")]"
KNN,block30d,deterministic,339,17750,2021-05-18,0.0,0.0,1,"C:\Users\yasemin.bozkurt\Desktop\article\DLPIF-repo-update\src\baseline_results.pkl::all_scenarios[(""knn"", ""block30d"")]"
KNN,block30d,deterministic,342,17748,2021-05-19,0.0,0.0,1,"C:\Users\yasemin.bozkurt\Desktop\article\DLPIF-repo-update\src\baseline_results.pkl::all_scenarios[(""knn"", ""block30d"")]"
KNN,block30d,deterministic,343,17750,2021-05-19,0.0,0.0,1,"C:\Users\yasemin.bozkurt\Desktop\article\DLPIF-repo-update\src\baseline_results.pkl::all_scenarios[(""knn"", ""block30d"")]"
KNN,block30d,deterministic,346,17748,2021-05-20,0.0,0.0,1,"C:\Users\yasemin.bozkurt\Desktop\article\DLPIF-repo-update\src\baseline_results.pkl::all_scenarios[(""knn"", ""block30d"")]"
KNN,block30d,deterministic,347,17750,2021-05-20,0.0,0.0,1,"C:\Users\yasemin.bozkurt\Desktop\article\DLPIF-repo-update\src\baseline_results.pkl::all_scenarios[(""knn"", ""block30d"")]"
KNN,block30d,deterministic,350,17748,2021-05-21,0.0,1.560000040009618,1,"C:\Users\yasemin.bozkurt\Desktop\article\DLPIF-repo-update\src\baseline_results.pkl::all_scenarios[(""knn"", ""block30d"")]"
KNN,block30d,deterministic,351,17750,2021-05-21,0.0,2.040000144392252,1,"C:\Users\yasemin.bozkurt\Desktop\article\DLPIF-repo-update\src\baseline_results.pkl::all_scenarios[(""knn"", ""block30d"")]"
KNN,block30d,deterministic,354,17748,2021-05-22,2.8000000990927223,2.5200001157820227,1,"C:\Users\yasemin.bozkurt\Desktop\article\DLPIF-repo-update\src\baseline_results.pkl::all_scenarios[(""knn"", ""block30d"")]"
KNN,block30d,deterministic,355,17750,2021-05-22,0.40000000940635805,0.5200000022538007,1,"C:\Users\yasemin.bozkurt\Desktop\article\DLPIF-repo-update\src\baseline_results.pkl::all_scenarios[(""knn"", ""block30d"")]"
KNN,block30d,deterministic,358,17748,2021-05-23,0.20000000470317902,0.0,1,"C:\Users\yasemin.bozkurt\Desktop\article\DLPIF-repo-update\src\baseline_results.pkl::all_scenarios[(""knn"", ""block30d"")]"
KNN,block30d,deterministic,359,17750,2021-05-23,0.0,0.0,1,"C:\Users\yasemin.bozkurt\Desktop\article\DLPIF-repo-update\src\baseline_results.pkl::all_scenarios[(""knn"", ""block30d"")]"
KNN,block30d,deterministic,362,17748,2021-05-24,0.0,0.0,1,"C:\Users\yasemin.bozkurt\Desktop\article\DLPIF-repo-update\src\baseline_results.pkl::all_scenarios[(""knn"", ""block30d"")]"
KNN,block30d,deterministic,363,17750,2021-05-24,0.0,0.0,1,"C:\Users\yasemin.bozkurt\Desktop\article\DLPIF-repo-update\src\baseline_results.pkl::all_scenarios[(""knn"", ""block30d"")]"
KNN,block30d,deterministic,366,17748,2021-05-25,0.0,0.0,1,"C:\Users\yasemin.bozkurt\Desktop\article\DLPIF-repo-update\src\baseline_results.pkl::all_scenarios[(""knn"", ""block30d"")]"
KNN,block30d,deterministic,367,17750,2021-05-25,0.0,0.0,1,"C:\Users\yasemin.bozkurt\Desktop\article\DLPIF-repo-update\src\baseline_results.pkl::all_scenarios[(""knn"", ""block30d"")]"
KNN,block30d,deterministic,370,17748,2021-05-26,0.0,0.0,1,"C:\Users\yasemin.bozkurt\Desktop\article\DLPIF-repo-update\src\baseline_results.pkl::all_scenarios[(""knn"", ""block30d"")]"
KNN,block30d,deterministic,371,17750,2021-05-26,0.0,0.0,1,"C:\Users\yasemin.bozkurt\Desktop\article\DLPIF-repo-update\src\baseline_results.pkl::all_scenarios[(""knn"", ""block30d"")]"
KNN,block30d,deterministic,374,17748,2021-05-27,0.0,0.1600000070873648,1,"C:\Users\yasemin.bozkurt\Desktop\article\DLPIF-repo-update\src\baseline_results.pkl::all_scenarios[(""knn"", ""block30d"")]"
KNN,block30d,deterministic,375,17750,2021-05-27,0.0,0.0,1,"C:\Users\yasemin.bozkurt\Desktop\article\DLPIF-repo-update\src\baseline_results.pkl::all_scenarios[(""knn"", ""block30d"")]"
KNN,block30d,deterministic,378,17748,2021-05-28,0.0,0.8800000140443445,1,"C:\Users\yasemin.bozkurt\Desktop\article\DLPIF-repo-update\src\baseline_results.pkl::all_scenarios[(""knn"", ""block30d"")]"
KNN,block30d,deterministic,379,17750,2021-05-28,0.0,0.0,1,"C:\Users\yasemin.bozkurt\Desktop\article\DLPIF-repo-update\src\baseline_results.pkl::all_scenarios[(""knn"", ""block30d"")]"
KNN,block30d,deterministic,382,17748,2021-05-29,0.0,5.100000227987767,1,"C:\Users\yasemin.bozkurt\Desktop\article\DLPIF-repo-update\src\baseline_results.pkl::all_scenarios[(""knn"", ""block30d"")]"
KNN,block30d,deterministic,383,17750,2021-05-29,0.0,0.0400000017718412,1,"C:\Users\yasemin.bozkurt\Desktop\article\DLPIF-repo-update\src\baseline_results.pkl::all_scenarios[(""knn"", ""block30d"")]"
KNN,block30d,deterministic,386,17748,2021-05-30,0.0,0.0800000035436824,1,"C:\Users\yasemin.bozkurt\Desktop\article\DLPIF-repo-update\src\baseline_results.pkl::all_scenarios[(""knn"", ""block30d"")]"
KNN,block30d,deterministic,387,17750,2021-05-30,0.0,0.0,1,"C:\Users\yasemin.bozkurt\Desktop\article\DLPIF-repo-update\src\baseline_results.pkl::all_scenarios[(""knn"", ""block30d"")]"
KNN,block30d,deterministic,390,17748,2021-05-31,2.40000012293458,8.140000046789647,1,"C:\Users\yasemin.bozkurt\Desktop\article\DLPIF-repo-update\src\baseline_results.pkl::all_scenarios[(""knn"", ""block30d"")]"
KNN,block30d,deterministic,391,17750,2021-05-31,4.80000024586916,0.8000000188127161,1,"C:\Users\yasemin.bozkurt\Desktop\article\DLPIF-repo-update\src\baseline_results.pkl::all_scenarios[(""knn"", ""block30d"")]"
KNN,block30d,deterministic,394,17748,2021-06-01,1.0000000068917871,5.56000020056963,1,"C:\Users\yasemin.bozkurt\Desktop\article\DLPIF-repo-update\src\baseline_results.pkl::all_scenarios[(""knn"", ""block30d"")]"
KNN,block30d,deterministic,395,17750,2021-06-01,0.20000000470317902,3.0400000847876076,1,"C:\Users\yasemin.bozkurt\Desktop\article\DLPIF-repo-update\src\baseline_results.pkl::all_scenarios[(""knn"", ""block30d"")]"
KNN,block30d,deterministic,398,17748,2021-06-02,5.600000198185445,5.160000224411488,1,"C:\Users\yasemin.bozkurt\Desktop\article\DLPIF-repo-update\src\baseline_results.pkl::all_scenarios[(""knn"", ""block30d"")]"
KNN,block30d,deterministic,399,17750,2021-06-02,6.800000126659871,0.0,1,"C:\Users\yasemin.bozkurt\Desktop\article\DLPIF-repo-update\src\baseline_results.pkl::all_scenarios[(""knn"", ""block30d"")]"
KNN,block30d,deterministic,402,17748,2021-06-03,1.0000000068917871,0.600000030733645,1,"C:\Users\yasemin.bozkurt\Desktop\article\DLPIF-repo-update\src\baseline_results.pkl::all_scenarios[(""knn"", ""block30d"")]"
KNN,block30d,deterministic,403,17750,2021-06-03,0.0,0.0800000035436824,1,"C:\Users\yasemin.bozkurt\Desktop\article\DLPIF-repo-update\src\baseline_results.pkl::all_scenarios[(""knn"", ""block30d"")]"
KNN,block30d,deterministic,406,17748,2021-06-04,0.0,0.0,1,"C:\Users\yasemin.bozkurt\Desktop\article\DLPIF-repo-update\src\baseline_results.pkl::all_scenarios[(""knn"", ""block30d"")]"
KNN,block30d,deterministic,407,17750,2021-06-04,0.0,0.0400000017718412,1,"C:\Users\yasemin.bozkurt\Desktop\article\DLPIF-repo-update\src\baseline_results.pkl::all_scenarios[(""knn"", ""block30d"")]"
KNN,block30d,deterministic,410,17748,2021-06-05,0.0,0.0,1,"C:\Users\yasemin.bozkurt\Desktop\article\DLPIF-repo-update\src\baseline_results.pkl::all_scenarios[(""knn"", ""block30d"")]"
KNN,block30d,deterministic,411,17750,2021-06-05,0.0,0.0,1,"C:\Users\yasemin.bozkurt\Desktop\article\DLPIF-repo-update\src\baseline_results.pkl::all_scenarios[(""knn"", ""block30d"")]"
KNN,block30d,deterministic,414,17748,2021-06-06,0.0,0.0,1,"C:\Users\yasemin.bozkurt\Desktop\article\DLPIF-repo-update\src\baseline_results.pkl::all_scenarios[(""knn"", ""block30d"")]"
KNN,block30d,deterministic,415,17750,2021-06-06,0.0,0.0,1,"C:\Users\yasemin.bozkurt\Desktop\article\DLPIF-repo-update\src\baseline_results.pkl::all_scenarios[(""knn"", ""block30d"")]"
KNN,block30d,deterministic,418,17748,2021-06-07,0.0,0.0,1,"C:\Users\yasemin.bozkurt\Desktop\article\DLPIF-repo-update\src\baseline_results.pkl::all_scenarios[(""knn"", ""block30d"")]"
KNN,block30d,deterministic,422,17748,2021-06-08,0.0,0.0400000017718412,1,"C:\Users\yasemin.bozkurt\Desktop\article\DLPIF-repo-update\src\baseline_results.pkl::all_scenarios[(""knn"", ""block30d"")]"
KNN,block30d,deterministic,426,17748,2021-06-09,4.80000024586916,1.6400000352412463,1,"C:\Users\yasemin.bozkurt\Desktop\article\DLPIF-repo-update\src\baseline_results.pkl::all_scenarios[(""knn"", ""block30d"")]"
KNN,block30d,deterministic,430,17748,2021-06-10,0.20000000470317902,6.080000169575215,1,"C:\Users\yasemin.bozkurt\Desktop\article\DLPIF-repo-update\src\baseline_results.pkl::all_scenarios[(""knn"", ""block30d"")]"
KNN,block30d,deterministic,434,17748,2021-06-11,3.2000000752508644,4.2400000132620335,1,"C:\Users\yasemin.bozkurt\Desktop\article\DLPIF-repo-update\src\baseline_results.pkl::all_scenarios[(""knn"", ""block30d"")]"
KNN,block30d,deterministic,438,17748,2021-06-12,10.000000467896463,0.600000030733645,1,"C:\Users\yasemin.bozkurt\Desktop\article\DLPIF-repo-update\src\baseline_results.pkl::all_scenarios[(""knn"", ""block30d"")]"
KNN,block30d,deterministic,442,17748,2021-06-13,0.0,0.1200000094715506,1,"C:\Users\yasemin.bozkurt\Desktop\article\DLPIF-repo-update\src\baseline_results.pkl::all_scenarios[(""knn"", ""block30d"")]"
KNN,block30d,deterministic,446,17748,2021-06-14,4.400000003725291,8.12000004798174,1,"C:\Users\yasemin.bozkurt\Desktop\article\DLPIF-repo-update\src\baseline_results.pkl::all_scenarios[(""knn"", ""block30d"")]"
KNN,block30d,deterministic,671,17750,2021-08-09,0.0,0.0,1,"C:\Users\yasemin.bozkurt\Desktop\article\DLPIF-repo-update\src\baseline_results.pkl::all_scenarios[(""knn"", ""block30d"")]"
KNN,block30d,deterministic,675,17750,2021-08-10,0.0,0.0,1,"C:\Users\yasemin.bozkurt\Desktop\article\DLPIF-repo-update\src\baseline_results.pkl::all_scenarios[(""knn"", ""block30d"")]"
KNN,block30d,deterministic,679,17750,2021-08-11,0.0,0.0,1,"C:\Users\yasemin.bozkurt\Desktop\article\DLPIF-repo-update\src\baseline_results.pkl::all_scenarios[(""knn"", ""block30d"")]"
KNN,block30d,deterministic,683,17750,2021-08-12,0.0,0.1600000070873648,1,"C:\Users\yasemin.bozkurt\Desktop\article\DLPIF-repo-update\src\baseline_results.pkl::all_scenarios[(""knn"", ""block30d"")]"
KNN,block30d,deterministic,687,17750,2021-08-13,0.0,0.0,1,"C:\Users\yasemin.bozkurt\Desktop\article\DLPIF-repo-update\src\baseline_results.pkl::all_scenarios[(""knn"", ""block30d"")]"
KNN,block30d,deterministic,691,17750,2021-08-14,0.0,0.0,1,"C:\Users\yasemin.bozkurt\Desktop\article\DLPIF-repo-update\src\baseline_results.pkl::all_scenarios[(""knn"", ""block30d"")]"
KNN,block30d,deterministic,695,17750,2021-08-15,0.0,0.0,1,"C:\Users\yasemin.bozkurt\Desktop\article\DLPIF-repo-update\src\baseline_results.pkl::all_scenarios[(""knn"", ""block30d"")]"
KNN,block30d,deterministic,699,17750,2021-08-16,0.0,0.0,1,"C:\Users\yasemin.bozkurt\Desktop\article\DLPIF-repo-update\src\baseline_results.pkl::all_scenarios[(""knn"", ""block30d"")]"
KNN,block30d,deterministic,703,17750,2021-08-17,0.0,0.0,1,"C:\Users\yasemin.bozkurt\Desktop\article\DLPIF-repo-update\src\baseline_results.pkl::all_scenarios[(""knn"", ""block30d"")]"
KNN,block30d,deterministic,707,17750,2021-08-18,0.0,0.0,1,"C:\Users\yasemin.bozkurt\Desktop\article\DLPIF-repo-update\src\baseline_results.pkl::all_scenarios[(""knn"", ""block30d"")]"
KNN,block30d,deterministic,711,17750,2021-08-19,0.0,0.0,1,"C:\Users\yasemin.bozkurt\Desktop\article\DLPIF-repo-update\src\baseline_results.pkl::all_scenarios[(""knn"", ""block30d"")]"
KNN,block30d,deterministic,715,17750,2021-08-20,0.0,0.0,1,"C:\Users\yasemin.bozkurt\Desktop\article\DLPIF-repo-update\src\baseline_results.pkl::all_scenarios[(""knn"", ""block30d"")]"
KNN,block30d,deterministic,719,17750,2021-08-21,0.0,0.0,1,"C:\Users\yasemin.bozkurt\Desktop\article\DLPIF-repo-update\src\baseline_results.pkl::all_scenarios[(""knn"", ""block30d"")]"
KNN,block30d,deterministic,722,17748,2021-08-22,0.0,0.0,1,"C:\Users\yasemin.bozkurt\Desktop\article\DLPIF-repo-update\src\baseline_results.pkl::all_scenarios[(""knn"", ""block30d"")]"
KNN,block30d,deterministic,723,17750,2021-08-22,0.0,0.0,1,"C:\Users\yasemin.bozkurt\Desktop\article\DLPIF-repo-update\src\baseline_results.pkl::all_scenarios[(""knn"", ""block30d"")]"
KNN,block30d,deterministic,726,17748,2021-08-23,0.0,1.2400000590831042,1,"C:\Users\yasemin.bozkurt\Desktop\article\DLPIF-repo-update\src\baseline_results.pkl::all_scenarios[(""knn"", ""block30d"")]"
KNN,block30d,deterministic,727,17750,2021-08-23,0.0,0.0,1,"C:\Users\yasemin.bozkurt\Desktop\article\DLPIF-repo-update\src\baseline_results.pkl::all_scenarios[(""knn"", ""block30d"")]"
KNN,block30d,deterministic,730,17748,2021-08-24,0.0,0.0,1,"C:\Users\yasemin.bozkurt\Desktop\article\DLPIF-repo-update\src\baseline_results.pkl::all_scenarios[(""knn"", ""block30d"")]"
KNN,block30d,deterministic,731,17750,2021-08-24,0.0,0.0,1,"C:\Users\yasemin.bozkurt\Desktop\article\DLPIF-repo-update\src\baseline_results.pkl::all_scenarios[(""knn"", ""block30d"")]"
KNN,block30d,deterministic,734,17748,2021-08-25,0.0,0.0,1,"C:\Users\yasemin.bozkurt\Desktop\article\DLPIF-repo-update\src\baseline_results.pkl::all_scenarios[(""knn"", ""block30d"")]"
KNN,block30d,deterministic,735,17750,2021-08-25,0.0,0.0,1,"C:\Users\yasemin.bozkurt\Desktop\article\DLPIF-repo-update\src\baseline_results.pkl::all_scenarios[(""knn"", ""block30d"")]"
KNN,block30d,deterministic,738,17748,2021-08-26,0.0,0.0,1,"C:\Users\yasemin.bozkurt\Desktop\article\DLPIF-repo-update\src\baseline_results.pkl::all_scenarios[(""knn"", ""block30d"")]"
KNN,block30d,deterministic,739,17750,2021-08-26,0.0,0.0,1,"C:\Users\yasemin.bozkurt\Desktop\article\DLPIF-repo-update\src\baseline_results.pkl::all_scenarios[(""knn"", ""block30d"")]"
KNN,block30d,deterministic,742,17748,2021-08-27,0.0,0.0,1,"C:\Users\yasemin.bozkurt\Desktop\article\DLPIF-repo-update\src\baseline_results.pkl::all_scenarios[(""knn"", ""block30d"")]"
KNN,block30d,deterministic,743,17750,2021-08-27,0.0,0.0,1,"C:\Users\yasemin.bozkurt\Desktop\article\DLPIF-repo-update\src\baseline_results.pkl::all_scenarios[(""knn"", ""block30d"")]"
KNN,block30d,deterministic,746,17748,2021-08-28,0.0,0.8000000188127161,1,"C:\Users\yasemin.bozkurt\Desktop\article\DLPIF-repo-update\src\baseline_results.pkl::all_scenarios[(""knn"", ""block30d"")]"
KNN,block30d,deterministic,747,17750,2021-08-28,0.0,0.0,1,"C:\Users\yasemin.bozkurt\Desktop\article\DLPIF-repo-update\src\baseline_results.pkl::all_scenarios[(""knn"", ""block30d"")]"
KNN,block30d,deterministic,750,17748,2021-08-29,0.0,1.760000028088689,1,"C:\Users\yasemin.bozkurt\Desktop\article\DLPIF-repo-update\src\baseline_results.pkl::all_scenarios[(""knn"", ""block30d"")]"
KNN,block30d,deterministic,751,17750,2021-08-29,0.0,0.0,1,"C:\Users\yasemin.bozkurt\Desktop\article\DLPIF-repo-update\src\baseline_results.pkl::all_scenarios[(""knn"", ""block30d"")]"
KNN,block30d,deterministic,754,17748,2021-08-30,0.0,0.0,1,"C:\Users\yasemin.bozkurt\Desktop\article\DLPIF-repo-update\src\baseline_results.pkl::all_scenarios[(""knn"", ""block30d"")]"
KNN,block30d,deterministic,755,17750,2021-08-30,0.0,0.0,1,"C:\Users\yasemin.bozkurt\Desktop\article\DLPIF-repo-update\src\baseline_results.pkl::all_scenarios[(""knn"", ""block30d"")]"
KNN,block30d,deterministic,758,17748,2021-08-31,0.0,0.0,1,"C:\Users\yasemin.bozkurt\Desktop\article\DLPIF-repo-update\src\baseline_results.pkl::all_scenarios[(""knn"", ""block30d"")]"
KNN,block30d,deterministic,759,17750,2021-08-31,0.0,0.0,1,"C:\Users\yasemin.bozkurt\Desktop\article\DLPIF-repo-update\src\baseline_results.pkl::all_scenarios[(""knn"", ""block30d"")]"
KNN,block30d,deterministic,762,17748,2021-09-01,0.0,0.0,1,"C:\Users\yasemin.bozkurt\Desktop\article\DLPIF-repo-update\src\baseline_results.pkl::all_scenarios[(""knn"", ""block30d"")]"
KNN,block30d,deterministic,763,17750,2021-09-01,0.0,0.0,1,"C:\Users\yasemin.bozkurt\Desktop\article\DLPIF-repo-update\src\baseline_results.pkl::all_scenarios[(""knn"", ""block30d"")]"
KNN,block30d,deterministic,766,17748,2021-09-02,0.0,0.0,1,"C:\Users\yasemin.bozkurt\Desktop\article\DLPIF-repo-update\src\baseline_results.pkl::all_scenarios[(""knn"", ""block30d"")]"
KNN,block30d,deterministic,767,17750,2021-09-02,0.0,0.0,1,"C:\Users\yasemin.bozkurt\Desktop\article\DLPIF-repo-update\src\baseline_results.pkl::all_scenarios[(""knn"", ""block30d"")]"
KNN,block30d,deterministic,770,17748,2021-09-03,0.0,1.8000000257045032,1,"C:\Users\yasemin.bozkurt\Desktop\article\DLPIF-repo-update\src\baseline_results.pkl::all_scenarios[(""knn"", ""block30d"")]"
KNN,block30d,deterministic,771,17750,2021-09-03,0.0,0.0,1,"C:\Users\yasemin.bozkurt\Desktop\article\DLPIF-repo-update\src\baseline_results.pkl::all_scenarios[(""knn"", ""block30d"")]"
KNN,block30d,deterministic,774,17748,2021-09-04,0.0,0.0,1,"C:\Users\yasemin.bozkurt\Desktop\article\DLPIF-repo-update\src\baseline_results.pkl::all_scenarios[(""knn"", ""block30d"")]"
KNN,block30d,deterministic,775,17750,2021-09-04,0.0,0.0,1,"C:\Users\yasemin.bozkurt\Desktop\article\DLPIF-repo-update\src\baseline_results.pkl::all_scenarios[(""knn"", ""block30d"")]"
KNN,block30d,deterministic,778,17748,2021-09-05,0.0,0.0800000035436824,1,"C:\Users\yasemin.bozkurt\Desktop\article\DLPIF-repo-update\src\baseline_results.pkl::all_scenarios[(""knn"", ""block30d"")]"
KNN,block30d,deterministic,779,17750,2021-09-05,0.0,0.0,1,"C:\Users\yasemin.bozkurt\Desktop\article\DLPIF-repo-update\src\baseline_results.pkl::all_scenarios[(""knn"", ""block30d"")]"
KNN,block30d,deterministic,782,17748,2021-09-06,0.0,0.20000000470317902,1,"C:\Users\yasemin.bozkurt\Desktop\article\DLPIF-repo-update\src\baseline_results.pkl::all_scenarios[(""knn"", ""block30d"")]"
KNN,block30d,deterministic,783,17750,2021-09-06,0.0,0.0,1,"C:\Users\yasemin.bozkurt\Desktop\article\DLPIF-repo-update\src\baseline_results.pkl::all_scenarios[(""knn"", ""block30d"")]"
KNN,block30d,deterministic,786,17748,2021-09-07,0.0,0.0,1,"C:\Users\yasemin.bozkurt\Desktop\article\DLPIF-repo-update\src\baseline_results.pkl::all_scenarios[(""knn"", ""block30d"")]"
KNN,block30d,deterministic,787,17750,2021-09-07,0.0,0.0,1,"C:\Users\yasemin.bozkurt\Desktop\article\DLPIF-repo-update\src\baseline_results.pkl::all_scenarios[(""knn"", ""block30d"")]"
KNN,block30d,deterministic,790,17748,2021-09-08,0.0,0.0,1,"C:\Users\yasemin.bozkurt\Desktop\article\DLPIF-repo-update\src\baseline_results.pkl::all_scenarios[(""knn"", ""block30d"")]"
KNN,block30d,deterministic,794,17748,2021-09-09,0.0,3.8000000394880775,1,"C:\Users\yasemin.bozkurt\Desktop\article\DLPIF-repo-update\src\baseline_results.pkl::all_scenarios[(""knn"", ""block30d"")]"
KNN,block30d,deterministic,798,17748,2021-09-10,9.800000479817392,7.140000106394291,1,"C:\Users\yasemin.bozkurt\Desktop\article\DLPIF-repo-update\src\baseline_results.pkl::all_scenarios[(""knn"", ""block30d"")]"
KNN,block30d,deterministic,802,17748,2021-09-11,1.8000000257045032,0.1600000070873648,1,"C:\Users\yasemin.bozkurt\Desktop\article\DLPIF-repo-update\src\baseline_results.pkl::all_scenarios[(""knn"", ""block30d"")]"
KNN,block30d,deterministic,806,17748,2021-09-12,0.0,0.0,1,"C:\Users\yasemin.bozkurt\Desktop\article\DLPIF-repo-update\src\baseline_results.pkl::all_scenarios[(""knn"", ""block30d"")]"
KNN,block30d,deterministic,810,17748,2021-09-13,0.0,0.20000000470317902,1,"C:\Users\yasemin.bozkurt\Desktop\article\DLPIF-repo-update\src\baseline_results.pkl::all_scenarios[(""knn"", ""block30d"")]"
KNN,block30d,deterministic,814,17748,2021-09-14,0.0,0.1600000070873648,1,"C:\Users\yasemin.bozkurt\Desktop\article\DLPIF-repo-update\src\baseline_results.pkl::all_scenarios[(""knn"", ""block30d"")]"
KNN,block30d,deterministic,818,17748,2021-09-15,0.0,4.600000257790089,1,"C:\Users\yasemin.bozkurt\Desktop\article\DLPIF-repo-update\src\baseline_results.pkl::all_scenarios[(""knn"", ""block30d"")]"
KNN,block30d,deterministic,822,17748,2021-09-16,0.0,5.56000020056963,1,"C:\Users\yasemin.bozkurt\Desktop\article\DLPIF-repo-update\src\baseline_results.pkl::all_scenarios[(""knn"", ""block30d"")]"
KNN,block30d,deterministic,826,17748,2021-09-17,0.0,1.4400000471621752,1,"C:\Users\yasemin.bozkurt\Desktop\article\DLPIF-repo-update\src\baseline_results.pkl::all_scenarios[(""knn"", ""block30d"")]"
KNN,block30d,deterministic,830,17748,2021-09-18,0.0,0.0,1,"C:\Users\yasemin.bozkurt\Desktop\article\DLPIF-repo-update\src\baseline_results.pkl::all_scenarios[(""knn"", ""block30d"")]"
KNN,block30d,deterministic,834,17748,2021-09-19,0.0,0.0,1,"C:\Users\yasemin.bozkurt\Desktop\article\DLPIF-repo-update\src\baseline_results.pkl::all_scenarios[(""knn"", ""block30d"")]"
KNN,block30d,deterministic,838,17748,2021-09-20,0.0,0.0,1,"C:\Users\yasemin.bozkurt\Desktop\article\DLPIF-repo-update\src\baseline_results.pkl::all_scenarios[(""knn"", ""block30d"")]"
KNN,block30d,deterministic,860,17155,2021-09-26,0.0,0.0,1,"C:\Users\yasemin.bozkurt\Desktop\article\DLPIF-repo-update\src\baseline_results.pkl::all_scenarios[(""knn"", ""block30d"")]"
KNN,block30d,deterministic,864,17155,2021-09-27,0.0,0.0,1,"C:\Users\yasemin.bozkurt\Desktop\article\DLPIF-repo-update\src\baseline_results.pkl::all_scenarios[(""knn"", ""block30d"")]"
KNN,block30d,deterministic,868,17155,2021-09-28,0.0,0.20000000470317902,1,"C:\Users\yasemin.bozkurt\Desktop\article\DLPIF-repo-update\src\baseline_results.pkl::all_scenarios[(""knn"", ""block30d"")]"
KNN,block30d,deterministic,872,17155,2021-09-29,0.0,2.3200001277029516,1,"C:\Users\yasemin.bozkurt\Desktop\article\DLPIF-repo-update\src\baseline_results.pkl::all_scenarios[(""knn"", ""block30d"")]"
KNN,block30d,deterministic,876,17155,2021-09-30,0.0,0.0400000017718412,1,"C:\Users\yasemin.bozkurt\Desktop\article\DLPIF-repo-update\src\baseline_results.pkl::all_scenarios[(""knn"", ""block30d"")]"
KNN,block30d,deterministic,880,17155,2021-10-01,0.0,0.0,1,"C:\Users\yasemin.bozkurt\Desktop\article\DLPIF-repo-update\src\baseline_results.pkl::all_scenarios[(""knn"", ""block30d"")]"
KNN,block30d,deterministic,884,17155,2021-10-02,0.0,0.0400000017718412,1,"C:\Users\yasemin.bozkurt\Desktop\article\DLPIF-repo-update\src\baseline_results.pkl::all_scenarios[(""knn"", ""block30d"")]"
KNN,block30d,deterministic,888,17155,2021-10-03,0.0,0.3200000141747296,1,"C:\Users\yasemin.bozkurt\Desktop\article\DLPIF-repo-update\src\baseline_results.pkl::all_scenarios[(""knn"", ""block30d"")]"
KNN,block30d,deterministic,892,17155,2021-10-04,0.0,0.3600000117905438,1,"C:\Users\yasemin.bozkurt\Desktop\article\DLPIF-repo-update\src\baseline_results.pkl::all_scenarios[(""knn"", ""block30d"")]"
KNN,block30d,deterministic,896,17155,2021-10-05,0.0,0.0400000017718412,1,"C:\Users\yasemin.bozkurt\Desktop\article\DLPIF-repo-update\src\baseline_results.pkl::all_scenarios[(""knn"", ""block30d"")]"
KNN,block30d,deterministic,900,17155,2021-10-06,0.0,0.0,1,"C:\Users\yasemin.bozkurt\Desktop\article\DLPIF-repo-update\src\baseline_results.pkl::all_scenarios[(""knn"", ""block30d"")]"
KNN,block30d,deterministic,904,17155,2021-10-07,0.0,0.0,1,"C:\Users\yasemin.bozkurt\Desktop\article\DLPIF-repo-update\src\baseline_results.pkl::all_scenarios[(""knn"", ""block30d"")]"
KNN,block30d,deterministic,908,17155,2021-10-08,0.0,0.0,1,"C:\Users\yasemin.bozkurt\Desktop\article\DLPIF-repo-update\src\baseline_results.pkl::all_scenarios[(""knn"", ""block30d"")]"
KNN,block30d,deterministic,912,17155,2021-10-09,0.0,0.0,1,"C:\Users\yasemin.bozkurt\Desktop\article\DLPIF-repo-update\src\baseline_results.pkl::all_scenarios[(""knn"", ""block30d"")]"
KNN,block30d,deterministic,916,17155,2021-10-10,0.0,0.0,1,"C:\Users\yasemin.bozkurt\Desktop\article\DLPIF-repo-update\src\baseline_results.pkl::all_scenarios[(""knn"", ""block30d"")]"
KNN,block30d,deterministic,920,17155,2021-10-11,0.0,0.0,1,"C:\Users\yasemin.bozkurt\Desktop\article\DLPIF-repo-update\src\baseline_results.pkl::all_scenarios[(""knn"", ""block30d"")]"
KNN,block30d,deterministic,924,17155,2021-10-12,0.0,0.0,1,"C:\Users\yasemin.bozkurt\Desktop\article\DLPIF-repo-update\src\baseline_results.pkl::all_scenarios[(""knn"", ""block30d"")]"
KNN,block30d,deterministic,928,17155,2021-10-13,12.200000336766244,2.240000132471323,1,"C:\Users\yasemin.bozkurt\Desktop\article\DLPIF-repo-update\src\baseline_results.pkl::all_scenarios[(""knn"", ""block30d"")]"
KNN,block30d,deterministic,932,17155,2021-10-14,0.0,4.400000003725291,1,"C:\Users\yasemin.bozkurt\Desktop\article\DLPIF-repo-update\src\baseline_results.pkl::all_scenarios[(""knn"", ""block30d"")]"
KNN,block30d,deterministic,936,17155,2021-10-15,0.0,1.1200000662356615,1,"C:\Users\yasemin.bozkurt\Desktop\article\DLPIF-repo-update\src\baseline_results.pkl::all_scenarios[(""knn"", ""block30d"")]"
KNN,block30d,deterministic,940,17155,2021-10-16,0.600000030733645,0.0,1,"C:\Users\yasemin.bozkurt\Desktop\article\DLPIF-repo-update\src\baseline_results.pkl::all_scenarios[(""knn"", ""block30d"")]"
KNN,block30d,deterministic,944,17155,2021-10-17,9.200000515580179,1.0800000021234155,1,"C:\Users\yasemin.bozkurt\Desktop\article\DLPIF-repo-update\src\baseline_results.pkl::all_scenarios[(""knn"", ""block30d"")]"
KNN,block30d,deterministic,948,17155,2021-10-18,10.000000467896463,3.120000080019236,1,"C:\Users\yasemin.bozkurt\Desktop\article\DLPIF-repo-update\src\baseline_results.pkl::all_scenarios[(""knn"", ""block30d"")]"
KNN,block30d,deterministic,952,17155,2021-10-19,0.0,1.760000028088689,1,"C:\Users\yasemin.bozkurt\Desktop\article\DLPIF-repo-update\src\baseline_results.pkl::all_scenarios[(""knn"", ""block30d"")]"
KNN,block30d,deterministic,956,17155,2021-10-20,0.0,0.0,1,"C:\Users\yasemin.bozkurt\Desktop\article\DLPIF-repo-update\src\baseline_results.pkl::all_scenarios[(""knn"", ""block30d"")]"
KNN,block30d,deterministic,960,17155,2021-10-21,0.0,0.0,1,"C:\Users\yasemin.bozkurt\Desktop\article\DLPIF-repo-update\src\baseline_results.pkl::all_scenarios[(""knn"", ""block30d"")]"
KNN,block30d,deterministic,964,17155,2021-10-22,0.0,0.0,1,"C:\Users\yasemin.bozkurt\Desktop\article\DLPIF-repo-update\src\baseline_results.pkl::all_scenarios[(""knn"", ""block30d"")]"
KNN,block30d,deterministic,968,17155,2021-10-23,0.0,0.0,1,"C:\Users\yasemin.bozkurt\Desktop\article\DLPIF-repo-update\src\baseline_results.pkl::all_scenarios[(""knn"", ""block30d"")]"
KNN,block30d,deterministic,972,17155,2021-10-24,0.0,1.2400000590831042,1,"C:\Users\yasemin.bozkurt\Desktop\article\DLPIF-repo-update\src\baseline_results.pkl::all_scenarios[(""knn"", ""block30d"")]"
KNN,block30d,deterministic,976,17155,2021-10-25,0.0,0.20000000470317902,1,"C:\Users\yasemin.bozkurt\Desktop\article\DLPIF-repo-update\src\baseline_results.pkl::all_scenarios[(""knn"", ""block30d"")]"
KNN,block30d,deterministic,1304,17155,2022-01-15,0.0,0.20000000470317902,1,"C:\Users\yasemin.bozkurt\Desktop\article\DLPIF-repo-update\src\baseline_results.pkl::all_scenarios[(""knn"", ""block30d"")]"
KNN,block30d,deterministic,1308,17155,2022-01-16,0.0,0.0400000017718412,1,"C:\Users\yasemin.bozkurt\Desktop\article\DLPIF-repo-update\src\baseline_results.pkl::all_scenarios[(""knn"", ""block30d"")]"
KNN,block30d,deterministic,1312,17155,2022-01-17,0.0,0.0,1,"C:\Users\yasemin.bozkurt\Desktop\article\DLPIF-repo-update\src\baseline_results.pkl::all_scenarios[(""knn"", ""block30d"")]"
KNN,block30d,deterministic,1316,17155,2022-01-18,2.2000000018626453,0.3200000141747296,1,"C:\Users\yasemin.bozkurt\Desktop\article\DLPIF-repo-update\src\baseline_results.pkl::all_scenarios[(""knn"", ""block30d"")]"
KNN,block30d,deterministic,1320,17155,2022-01-19,0.600000030733645,0.7600000211969019,1,"C:\Users\yasemin.bozkurt\Desktop\article\DLPIF-repo-update\src\baseline_results.pkl::all_scenarios[(""knn"", ""block30d"")]"
KNN,block30d,deterministic,1324,17155,2022-01-20,0.20000000470317902,0.1600000070873648,1,"C:\Users\yasemin.bozkurt\Desktop\article\DLPIF-repo-update\src\baseline_results.pkl::all_scenarios[(""knn"", ""block30d"")]"
KNN,block30d,deterministic,1328,17155,2022-01-21,0.0,0.0,1,"C:\Users\yasemin.bozkurt\Desktop\article\DLPIF-repo-update\src\baseline_results.pkl::all_scenarios[(""knn"", ""block30d"")]"
KNN,block30d,deterministic,1332,17155,2022-01-22,12.200000336766244,0.7200000235810876,1,"C:\Users\yasemin.bozkurt\Desktop\article\DLPIF-repo-update\src\baseline_results.pkl::all_scenarios[(""knn"", ""block30d"")]"
KNN,block30d,deterministic,1336,17155,2022-01-23,13.600000253319742,3.4000000633299354,1,"C:\Users\yasemin.bozkurt\Desktop\article\DLPIF-repo-update\src\baseline_results.pkl::all_scenarios[(""knn"", ""block30d"")]"
KNN,block30d,deterministic,1340,17155,2022-01-24,0.0,0.0400000017718412,1,"C:\Users\yasemin.bozkurt\Desktop\article\DLPIF-repo-update\src\baseline_results.pkl::all_scenarios[(""knn"", ""block30d"")]"
KNN,block30d,deterministic,1344,17155,2022-01-25,0.0,1.20000006146729,1,"C:\Users\yasemin.bozkurt\Desktop\article\DLPIF-repo-update\src\baseline_results.pkl::all_scenarios[(""knn"", ""block30d"")]"
KNN,block30d,deterministic,1348,17155,2022-01-26,0.20000000470317902,2.8000000990927223,1,"C:\Users\yasemin.bozkurt\Desktop\article\DLPIF-repo-update\src\baseline_results.pkl::all_scenarios[(""knn"", ""block30d"")]"
KNN,block30d,deterministic,1352,17155,2022-01-27,0.0,0.1200000094715506,1,"C:\Users\yasemin.bozkurt\Desktop\article\DLPIF-repo-update\src\baseline_results.pkl::all_scenarios[(""knn"", ""block30d"")]"
KNN,block30d,deterministic,1355,17750,2022-01-27,0.0,0.0,1,"C:\Users\yasemin.bozkurt\Desktop\article\DLPIF-repo-update\src\baseline_results.pkl::all_scenarios[(""knn"", ""block30d"")]"
KNN,block30d,deterministic,1356,17155,2022-01-28,0.0,1.0400000710040331,1,"C:\Users\yasemin.bozkurt\Desktop\article\DLPIF-repo-update\src\baseline_results.pkl::all_scenarios[(""knn"", ""block30d"")]"
KNN,block30d,deterministic,1359,17750,2022-01-28,0.0,0.2800000165589154,1,"C:\Users\yasemin.bozkurt\Desktop\article\DLPIF-repo-update\src\baseline_results.pkl::all_scenarios[(""knn"", ""block30d"")]"
KNN,block30d,deterministic,1360,17155,2022-01-29,0.0,0.1600000070873648,1,"C:\Users\yasemin.bozkurt\Desktop\article\DLPIF-repo-update\src\baseline_results.pkl::all_scenarios[(""knn"", ""block30d"")]"
KNN,block30d,deterministic,1363,17750,2022-01-29,0.0,1.0400000710040331,1,"C:\Users\yasemin.bozkurt\Desktop\article\DLPIF-repo-update\src\baseline_results.pkl::all_scenarios[(""knn"", ""block30d"")]"
KNN,block30d,deterministic,1364,17155,2022-01-30,0.0,0.0,1,"C:\Users\yasemin.bozkurt\Desktop\article\DLPIF-repo-update\src\baseline_results.pkl::all_scenarios[(""knn"", ""block30d"")]"
KNN,block30d,deterministic,1367,17750,2022-01-30,0.0,0.0,1,"C:\Users\yasemin.bozkurt\Desktop\article\DLPIF-repo-update\src\baseline_results.pkl::all_scenarios[(""knn"", ""block30d"")]"
KNN,block30d,deterministic,1368,17155,2022-01-31,0.8000000188127161,14.120000222325325,1,"C:\Users\yasemin.bozkurt\Desktop\article\DLPIF-repo-update\src\baseline_results.pkl::all_scenarios[(""knn"", ""block30d"")]"
KNN,block30d,deterministic,1371,17750,2022-01-31,5.0000002339482315,0.3600000117905438,1,"C:\Users\yasemin.bozkurt\Desktop\article\DLPIF-repo-update\src\baseline_results.pkl::all_scenarios[(""knn"", ""block30d"")]"
KNN,block30d,deterministic,1372,17155,2022-02-01,0.20000000470317902,0.0,1,"C:\Users\yasemin.bozkurt\Desktop\article\DLPIF-repo-update\src\baseline_results.pkl::all_scenarios[(""knn"", ""block30d"")]"
KNN,block30d,deterministic,1375,17750,2022-02-01,1.20000006146729,0.6800000259652734,1,"C:\Users\yasemin.bozkurt\Desktop\article\DLPIF-repo-update\src\baseline_results.pkl::all_scenarios[(""knn"", ""block30d"")]"
KNN,block30d,deterministic,1376,17155,2022-02-02,0.0,6.240000160038472,1,"C:\Users\yasemin.bozkurt\Desktop\article\DLPIF-repo-update\src\baseline_results.pkl::all_scenarios[(""knn"", ""block30d"")]"
KNN,block30d,deterministic,1379,17750,2022-02-02,0.0,1.4000000495463611,1,"C:\Users\yasemin.bozkurt\Desktop\article\DLPIF-repo-update\src\baseline_results.pkl::all_scenarios[(""knn"", ""block30d"")]"
KNN,block30d,deterministic,1380,17155,2022-02-03,2.40000012293458,3.4400000609457497,1,"C:\Users\yasemin.bozkurt\Desktop\article\DLPIF-repo-update\src\baseline_results.pkl::all_scenarios[(""knn"", ""block30d"")]"
KNN,block30d,deterministic,1383,17750,2022-02-03,17.800000002980234,3.9600000299513343,1,"C:\Users\yasemin.bozkurt\Desktop\article\DLPIF-repo-update\src\baseline_results.pkl::all_scenarios[(""knn"", ""block30d"")]"
KNN,block30d,deterministic,1384,17155,2022-02-04,4.80000024586916,10.800000420212747,1,"C:\Users\yasemin.bozkurt\Desktop\article\DLPIF-repo-update\src\baseline_results.pkl::all_scenarios[(""knn"", ""block30d"")]"
KNN,block30d,deterministic,1387,17750,2022-02-04,3.8000000394880775,0.8800000140443445,1,"C:\Users\yasemin.bozkurt\Desktop\article\DLPIF-repo-update\src\baseline_results.pkl::all_scenarios[(""knn"", ""block30d"")]"
KNN,block30d,deterministic,1388,17155,2022-02-05,0.0,0.0,1,"C:\Users\yasemin.bozkurt\Desktop\article\DLPIF-repo-update\src\baseline_results.pkl::all_scenarios[(""knn"", ""block30d"")]"
KNN,block30d,deterministic,1391,17750,2022-02-05,0.0,0.0,1,"C:\Users\yasemin.bozkurt\Desktop\article\DLPIF-repo-update\src\baseline_results.pkl::all_scenarios[(""knn"", ""block30d"")]"
KNN,block30d,deterministic,1392,17155,2022-02-06,0.0,0.0,1,"C:\Users\yasemin.bozkurt\Desktop\article\DLPIF-repo-update\src\baseline_results.pkl::all_scenarios[(""knn"", ""block30d"")]"
KNN,block30d,deterministic,1395,17750,2022-02-06,0.20000000470317902,0.0,1,"C:\Users\yasemin.bozkurt\Desktop\article\DLPIF-repo-update\src\baseline_results.pkl::all_scenarios[(""knn"", ""block30d"")]"
KNN,block30d,deterministic,1396,17155,2022-02-07,0.0,0.0,1,"C:\Users\yasemin.bozkurt\Desktop\article\DLPIF-repo-update\src\baseline_results.pkl::all_scenarios[(""knn"", ""block30d"")]"
KNN,block30d,deterministic,1399,17750,2022-02-07,0.20000000470317902,0.0400000017718412,1,"C:\Users\yasemin.bozkurt\Desktop\article\DLPIF-repo-update\src\baseline_results.pkl::all_scenarios[(""knn"", ""block30d"")]"
KNN,block30d,deterministic,1400,17155,2022-02-08,5.600000198185445,3.520000056177378,1,"C:\Users\yasemin.bozkurt\Desktop\article\DLPIF-repo-update\src\baseline_results.pkl::all_scenarios[(""knn"", ""block30d"")]"
KNN,block30d,deterministic,1403,17750,2022-02-08,7.600000078976155,2.2800001300871373,1,"C:\Users\yasemin.bozkurt\Desktop\article\DLPIF-repo-update\src\baseline_results.pkl::all_scenarios[(""knn"", ""block30d"")]"
KNN,block30d,deterministic,1404,17155,2022-02-09,20.60000090003014,5.120000226795674,1,"C:\Users\yasemin.bozkurt\Desktop\article\DLPIF-repo-update\src\baseline_results.pkl::all_scenarios[(""knn"", ""block30d"")]"
KNN,block30d,deterministic,1407,17750,2022-02-09,14.200000217556955,0.0800000035436824,1,"C:\Users\yasemin.bozkurt\Desktop\article\DLPIF-repo-update\src\baseline_results.pkl::all_scenarios[(""knn"", ""block30d"")]"
KNN,block30d,deterministic,1408,17155,2022-02-10,0.20000000470317902,0.8800000140443445,1,"C:\Users\yasemin.bozkurt\Desktop\article\DLPIF-repo-update\src\baseline_results.pkl::all_scenarios[(""knn"", ""block30d"")]"
KNN,block30d,deterministic,1411,17750,2022-02-10,3.6000000514090065,0.0800000035436824,1,"C:\Users\yasemin.bozkurt\Desktop\article\DLPIF-repo-update\src\baseline_results.pkl::all_scenarios[(""knn"", ""block30d"")]"
KNN,block30d,deterministic,1412,17155,2022-02-11,0.20000000470317902,0.0,1,"C:\Users\yasemin.bozkurt\Desktop\article\DLPIF-repo-update\src\baseline_results.pkl::all_scenarios[(""knn"", ""block30d"")]"
KNN,block30d,deterministic,1415,17750,2022-02-11,0.20000000470317902,0.0,1,"C:\Users\yasemin.bozkurt\Desktop\article\DLPIF-repo-update\src\baseline_results.pkl::all_scenarios[(""knn"", ""block30d"")]"
KNN,block30d,deterministic,1416,17155,2022-02-12,0.0,0.0,1,"C:\Users\yasemin.bozkurt\Desktop\article\DLPIF-repo-update\src\baseline_results.pkl::all_scenarios[(""knn"", ""block30d"")]"
KNN,block30d,deterministic,1419,17750,2022-02-12,0.0,0.0,1,"C:\Users\yasemin.bozkurt\Desktop\article\DLPIF-repo-update\src\baseline_results.pkl::all_scenarios[(""knn"", ""block30d"")]"
KNN,block30d,deterministic,1420,17155,2022-02-13,0.0,0.1600000070873648,1,"C:\Users\yasemin.bozkurt\Desktop\article\DLPIF-repo-update\src\baseline_results.pkl::all_scenarios[(""knn"", ""block30d"")]"
KNN,block30d,deterministic,1423,17750,2022-02-13,0.0,0.1200000094715506,1,"C:\Users\yasemin.bozkurt\Desktop\article\DLPIF-repo-update\src\baseline_results.pkl::all_scenarios[(""knn"", ""block30d"")]"
KNN,block30d,deterministic,1427,17750,2022-02-14,0.0,3.840000037103892,1,"C:\Users\yasemin.bozkurt\Desktop\article\DLPIF-repo-update\src\baseline_results.pkl::all_scenarios[(""knn"", ""block30d"")]"
KNN,block30d,deterministic,1431,17750,2022-02-15,0.0,0.0,1,"C:\Users\yasemin.bozkurt\Desktop\article\DLPIF-repo-update\src\baseline_results.pkl::all_scenarios[(""knn"", ""block30d"")]"
KNN,block30d,deterministic,1435,17750,2022-02-16,0.0,0.0,1,"C:\Users\yasemin.bozkurt\Desktop\article\DLPIF-repo-update\src\baseline_results.pkl::all_scenarios[(""knn"", ""block30d"")]"
KNN,block30d,deterministic,1439,17750,2022-02-17,0.0,0.0,1,"C:\Users\yasemin.bozkurt\Desktop\article\DLPIF-repo-update\src\baseline_results.pkl::all_scenarios[(""knn"", ""block30d"")]"
KNN,block30d,deterministic,1442,17748,2022-02-18,0.0,2.7200001038610937,1,"C:\Users\yasemin.bozkurt\Desktop\article\DLPIF-repo-update\src\baseline_results.pkl::all_scenarios[(""knn"", ""block30d"")]"
KNN,block30d,deterministic,1443,17750,2022-02-18,0.0,0.0400000017718412,1,"C:\Users\yasemin.bozkurt\Desktop\article\DLPIF-repo-update\src\baseline_results.pkl::all_scenarios[(""knn"", ""block30d"")]"
KNN,block30d,deterministic,1446,17748,2022-02-19,6.6000001385808,0.0,1,"C:\Users\yasemin.bozkurt\Desktop\article\DLPIF-repo-update\src\baseline_results.pkl::all_scenarios[(""knn"", ""block30d"")]"
KNN,block30d,deterministic,1447,17750,2022-02-19,5.800000186264516,0.1600000070873648,1,"C:\Users\yasemin.bozkurt\Desktop\article\DLPIF-repo-update\src\baseline_results.pkl::all_scenarios[(""knn"", ""block30d"")]"
KNN,block30d,deterministic,1450,17748,2022-02-20,0.20000000470317902,0.0,1,"C:\Users\yasemin.bozkurt\Desktop\article\DLPIF-repo-update\src\baseline_results.pkl::all_scenarios[(""knn"", ""block30d"")]"
KNN,block30d,deterministic,1451,17750,2022-02-20,0.20000000470317902,0.0,1,"C:\Users\yasemin.bozkurt\Desktop\article\DLPIF-repo-update\src\baseline_results.pkl::all_scenarios[(""knn"", ""block30d"")]"
KNN,block30d,deterministic,1454,17748,2022-02-21,0.0,0.0,1,"C:\Users\yasemin.bozkurt\Desktop\article\DLPIF-repo-update\src\baseline_results.pkl::all_scenarios[(""knn"", ""block30d"")]"
KNN,block30d,deterministic,1455,17750,2022-02-21,0.0,0.0400000017718412,1,"C:\Users\yasemin.bozkurt\Desktop\article\DLPIF-repo-update\src\baseline_results.pkl::all_scenarios[(""knn"", ""block30d"")]"
KNN,block30d,deterministic,1458,17748,2022-02-22,0.0,2.960000089555979,1,"C:\Users\yasemin.bozkurt\Desktop\article\DLPIF-repo-update\src\baseline_results.pkl::all_scenarios[(""knn"", ""block30d"")]"
KNN,block30d,deterministic,1459,17750,2022-02-22,0.20000000470317902,0.0,1,"C:\Users\yasemin.bozkurt\Desktop\article\DLPIF-repo-update\src\baseline_results.pkl::all_scenarios[(""knn"", ""block30d"")]"
KNN,block30d,deterministic,1462,17748,2022-02-23,1.20000006146729,3.0000000871717933,1,"C:\Users\yasemin.bozkurt\Desktop\article\DLPIF-repo-update\src\baseline_results.pkl::all_scenarios[(""knn"", ""block30d"")]"
KNN,block30d,deterministic,1463,17750,2022-02-23,1.6000000376254322,0.3600000117905438,1,"C:\Users\yasemin.bozkurt\Desktop\article\DLPIF-repo-update\src\baseline_results.pkl::all_scenarios[(""knn"", ""block30d"")]"
KNN,block30d,deterministic,1466,17748,2022-02-24,2.40000012293458,7.36000009328127,1,"C:\Users\yasemin.bozkurt\Desktop\article\DLPIF-repo-update\src\baseline_results.pkl::all_scenarios[(""knn"", ""block30d"")]"
KNN,block30d,deterministic,1467,17750,2022-02-24,3.4000000633299354,8.440000028908253,1,"C:\Users\yasemin.bozkurt\Desktop\article\DLPIF-repo-update\src\baseline_results.pkl::all_scenarios[(""knn"", ""block30d"")]"
KNN,block30d,deterministic,1470,17748,2022-02-25,6.200000162422658,11.640000370144845,1,"C:\Users\yasemin.bozkurt\Desktop\article\DLPIF-repo-update\src\baseline_results.pkl::all_scenarios[(""knn"", ""block30d"")]"
KNN,block30d,deterministic,1471,17750,2022-02-25,4.20000001564622,1.0400000710040331,1,"C:\Users\yasemin.bozkurt\Desktop\article\DLPIF-repo-update\src\baseline_results.pkl::all_scenarios[(""knn"", ""block30d"")]"
KNN,block30d,deterministic,1474,17748,2022-02-26,0.600000030733645,1.4400000471621752,1,"C:\Users\yasemin.bozkurt\Desktop\article\DLPIF-repo-update\src\baseline_results.pkl::all_scenarios[(""knn"", ""block30d"")]"
KNN,block30d,deterministic,1478,17748,2022-02-27,0.0,4.840000243484974,1,"C:\Users\yasemin.bozkurt\Desktop\article\DLPIF-repo-update\src\baseline_results.pkl::all_scenarios[(""knn"", ""block30d"")]"
KNN,block30d,deterministic,1482,17748,2022-02-28,5.600000198185445,10.240000453591348,1,"C:\Users\yasemin.bozkurt\Desktop\article\DLPIF-repo-update\src\baseline_results.pkl::all_scenarios[(""knn"", ""block30d"")]"
KNN,block30d,deterministic,1486,17748,2022-03-01,4.400000003725291,3.560000053793192,1,"C:\Users\yasemin.bozkurt\Desktop\article\DLPIF-repo-update\src\baseline_results.pkl::all_scenarios[(""knn"", ""block30d"")]"
KNN,block30d,deterministic,1490,17748,2022-03-02,0.20000000470317902,5.800000186264516,1,"C:\Users\yasemin.bozkurt\Desktop\article\DLPIF-repo-update\src\baseline_results.pkl::all_scenarios[(""knn"", ""block30d"")]"
KNN,block30d,deterministic,1494,17748,2022-03-03,0.0,2.8000000990927223,1,"C:\Users\yasemin.bozkurt\Desktop\article\DLPIF-repo-update\src\baseline_results.pkl::all_scenarios[(""knn"", ""block30d"")]"
KNN,block30d,deterministic,1498,17748,2022-03-04,0.0,0.0,1,"C:\Users\yasemin.bozkurt\Desktop\article\DLPIF-repo-update\src\baseline_results.pkl::all_scenarios[(""knn"", ""block30d"")]"
KNN,block30d,deterministic,1502,17748,2022-03-05,0.40000000940635805,2.000000146776438,1,"C:\Users\yasemin.bozkurt\Desktop\article\DLPIF-repo-update\src\baseline_results.pkl::all_scenarios[(""knn"", ""block30d"")]"
KNN,block30d,deterministic,1506,17748,2022-03-06,0.8000000188127161,5.080000229179859,1,"C:\Users\yasemin.bozkurt\Desktop\article\DLPIF-repo-update\src\baseline_results.pkl::all_scenarios[(""knn"", ""block30d"")]"
KNN,block30d,deterministic,1510,17748,2022-03-07,5.600000198185445,6.240000160038472,1,"C:\Users\yasemin.bozkurt\Desktop\article\DLPIF-repo-update\src\baseline_results.pkl::all_scenarios[(""knn"", ""block30d"")]"
KNN,block30d,deterministic,1514,17748,2022-03-08,8.60000001937151,15.280000153183938,1,"C:\Users\yasemin.bozkurt\Desktop\article\DLPIF-repo-update\src\baseline_results.pkl::all_scenarios[(""knn"", ""block30d"")]"
KNN,block30d,deterministic,1518,17748,2022-03-09,1.4000000495463611,6.680000133812428,1,"C:\Users\yasemin.bozkurt\Desktop\article\DLPIF-repo-update\src\baseline_results.pkl::all_scenarios[(""knn"", ""block30d"")]"
KNN,block30d,deterministic,1522,17748,2022-03-10,0.0,0.6400000283494592,1,"C:\Users\yasemin.bozkurt\Desktop\article\DLPIF-repo-update\src\baseline_results.pkl::all_scenarios[(""knn"", ""block30d"")]"
KNN,block30d,deterministic,1526,17748,2022-03-11,0.0,0.5600000331178308,1,"C:\Users\yasemin.bozkurt\Desktop\article\DLPIF-repo-update\src\baseline_results.pkl::all_scenarios[(""knn"", ""block30d"")]"
KNN,block30d,deterministic,1530,17748,2022-03-12,0.0,0.0800000035436824,1,"C:\Users\yasemin.bozkurt\Desktop\article\DLPIF-repo-update\src\baseline_results.pkl::all_scenarios[(""knn"", ""block30d"")]"
KNN,block30d,deterministic,1534,17748,2022-03-13,0.20000000470317902,0.600000030733645,1,"C:\Users\yasemin.bozkurt\Desktop\article\DLPIF-repo-update\src\baseline_results.pkl::all_scenarios[(""knn"", ""block30d"")]"
KNN,block30d,deterministic,1538,17748,2022-03-14,0.40000000940635805,0.0,1,"C:\Users\yasemin.bozkurt\Desktop\article\DLPIF-repo-update\src\baseline_results.pkl::all_scenarios[(""knn"", ""block30d"")]"
KNN,block30d,deterministic,1542,17748,2022-03-15,0.0,0.0800000035436824,1,"C:\Users\yasemin.bozkurt\Desktop\article\DLPIF-repo-update\src\baseline_results.pkl::all_scenarios[(""knn"", ""block30d"")]"
KNN,block30d,deterministic,1543,17750,2022-03-15,0.0,0.9600000757724048,1,"C:\Users\yasemin.bozkurt\Desktop\article\DLPIF-repo-update\src\baseline_results.pkl::all_scenarios[(""knn"", ""block30d"")]"
KNN,block30d,deterministic,1546,17748,2022-03-16,0.0,0.2800000165589154,1,"C:\Users\yasemin.bozkurt\Desktop\article\DLPIF-repo-update\src\baseline_results.pkl::all_scenarios[(""knn"", ""block30d"")]"
KNN,block30d,deterministic,1547,17750,2022-03-16,0.0,0.0400000017718412,1,"C:\Users\yasemin.bozkurt\Desktop\article\DLPIF-repo-update\src\baseline_results.pkl::all_scenarios[(""knn"", ""block30d"")]"
KNN,block30d,deterministic,1550,17748,2022-03-17,0.0,0.0,1,"C:\Users\yasemin.bozkurt\Desktop\article\DLPIF-repo-update\src\baseline_results.pkl::all_scenarios[(""knn"", ""block30d"")]"
KNN,block30d,deterministic,1551,17750,2022-03-17,0.0,0.8000000188127161,1,"C:\Users\yasemin.bozkurt\Desktop\article\DLPIF-repo-update\src\baseline_results.pkl::all_scenarios[(""knn"", ""block30d"")]"
KNN,block30d,deterministic,1554,17748,2022-03-18,0.0,0.3600000117905438,1,"C:\Users\yasemin.bozkurt\Desktop\article\DLPIF-repo-update\src\baseline_results.pkl::all_scenarios[(""knn"", ""block30d"")]"
KNN,block30d,deterministic,1555,17750,2022-03-18,0.0,0.0400000017718412,1,"C:\Users\yasemin.bozkurt\Desktop\article\DLPIF-repo-update\src\baseline_results.pkl::all_scenarios[(""knn"", ""block30d"")]"
KNN,block30d,deterministic,1558,17748,2022-03-19,0.0,0.600000030733645,1,"C:\Users\yasemin.bozkurt\Desktop\article\DLPIF-repo-update\src\baseline_results.pkl::all_scenarios[(""knn"", ""block30d"")]"
KNN,block30d,deterministic,1559,17750,2022-03-19,0.0,1.560000040009618,1,"C:\Users\yasemin.bozkurt\Desktop\article\DLPIF-repo-update\src\baseline_results.pkl::all_scenarios[(""knn"", ""block30d"")]"
KNN,block30d,deterministic,1563,17750,2022-03-20,0.0,0.0,1,"C:\Users\yasemin.bozkurt\Desktop\article\DLPIF-repo-update\src\baseline_results.pkl::all_scenarios[(""knn"", ""block30d"")]"
KNN,block30d,deterministic,1567,17750,2022-03-21,0.0,0.0,1,"C:\Users\yasemin.bozkurt\Desktop\article\DLPIF-repo-update\src\baseline_results.pkl::all_scenarios[(""knn"", ""block30d"")]"
KNN,block30d,deterministic,1571,17750,2022-03-22,0.0,0.8800000140443445,1,"C:\Users\yasemin.bozkurt\Desktop\article\DLPIF-repo-update\src\baseline_results.pkl::all_scenarios[(""knn"", ""block30d"")]"
KNN,block30d,deterministic,1575,17750,2022-03-23,0.0,0.0,1,"C:\Users\yasemin.bozkurt\Desktop\article\DLPIF-repo-update\src\baseline_results.pkl::all_scenarios[(""knn"", ""block30d"")]"
KNN,block30d,deterministic,1579,17750,2022-03-24,0.0,1.1200000662356615,1,"C:\Users\yasemin.bozkurt\Desktop\article\DLPIF-repo-update\src\baseline_results.pkl::all_scenarios[(""knn"", ""block30d"")]"
KNN,block30d,deterministic,1583,17750,2022-03-25,0.0,0.0,1,"C:\Users\yasemin.bozkurt\Desktop\article\DLPIF-repo-update\src\baseline_results.pkl::all_scenarios[(""knn"", ""block30d"")]"
KNN,block30d,deterministic,1587,17750,2022-03-26,0.0,0.0,1,"C:\Users\yasemin.bozkurt\Desktop\article\DLPIF-repo-update\src\baseline_results.pkl::all_scenarios[(""knn"", ""block30d"")]"
KNN,block30d,deterministic,1591,17750,2022-03-27,0.0,0.0,1,"C:\Users\yasemin.bozkurt\Desktop\article\DLPIF-repo-update\src\baseline_results.pkl::all_scenarios[(""knn"", ""block30d"")]"
KNN,block30d,deterministic,1595,17750,2022-03-28,0.0,0.0,1,"C:\Users\yasemin.bozkurt\Desktop\article\DLPIF-repo-update\src\baseline_results.pkl::all_scenarios[(""knn"", ""block30d"")]"
KNN,block30d,deterministic,1599,17750,2022-03-29,0.0,0.0800000035436824,1,"C:\Users\yasemin.bozkurt\Desktop\article\DLPIF-repo-update\src\baseline_results.pkl::all_scenarios[(""knn"", ""block30d"")]"
KNN,block30d,deterministic,1603,17750,2022-03-30,0.8000000188127161,0.0,1,"C:\Users\yasemin.bozkurt\Desktop\article\DLPIF-repo-update\src\baseline_results.pkl::all_scenarios[(""knn"", ""block30d"")]"
KNN,block30d,deterministic,1607,17750,2022-03-31,0.0,0.0,1,"C:\Users\yasemin.bozkurt\Desktop\article\DLPIF-repo-update\src\baseline_results.pkl::all_scenarios[(""knn"", ""block30d"")]"
KNN,block30d,deterministic,1611,17750,2022-04-01,0.0,0.0,1,"C:\Users\yasemin.bozkurt\Desktop\article\DLPIF-repo-update\src\baseline_results.pkl::all_scenarios[(""knn"", ""block30d"")]"
KNN,block30d,deterministic,1615,17750,2022-04-02,0.0,0.3200000141747296,1,"C:\Users\yasemin.bozkurt\Desktop\article\DLPIF-repo-update\src\baseline_results.pkl::all_scenarios[(""knn"", ""block30d"")]"
KNN,block30d,deterministic,1619,17750,2022-04-03,0.0,3.16000007763505,1,"C:\Users\yasemin.bozkurt\Desktop\article\DLPIF-repo-update\src\baseline_results.pkl::all_scenarios[(""knn"", ""block30d"")]"
KNN,block30d,deterministic,1623,17750,2022-04-04,0.0,0.0,1,"C:\Users\yasemin.bozkurt\Desktop\article\DLPIF-repo-update\src\baseline_results.pkl::all_scenarios[(""knn"", ""block30d"")]"
KNN,block30d,deterministic,1627,17750,2022-04-05,0.0,0.0,1,"C:\Users\yasemin.bozkurt\Desktop\article\DLPIF-repo-update\src\baseline_results.pkl::all_scenarios[(""knn"", ""block30d"")]"
KNN,block30d,deterministic,1631,17750,2022-04-06,0.0,0.0,1,"C:\Users\yasemin.bozkurt\Desktop\article\DLPIF-repo-update\src\baseline_results.pkl::all_scenarios[(""knn"", ""block30d"")]"
KNN,block30d,deterministic,1635,17750,2022-04-07,0.0,0.0,1,"C:\Users\yasemin.bozkurt\Desktop\article\DLPIF-repo-update\src\baseline_results.pkl::all_scenarios[(""knn"", ""block30d"")]"
KNN,block30d,deterministic,1639,17750,2022-04-08,6.200000162422658,0.3600000117905438,1,"C:\Users\yasemin.bozkurt\Desktop\article\DLPIF-repo-update\src\baseline_results.pkl::all_scenarios[(""knn"", ""block30d"")]"
KNN,block30d,deterministic,1643,17750,2022-04-09,0.40000000940635805,0.0,1,"C:\Users\yasemin.bozkurt\Desktop\article\DLPIF-repo-update\src\baseline_results.pkl::all_scenarios[(""knn"", ""block30d"")]"
KNN,block30d,deterministic,1647,17750,2022-04-10,0.0,0.0,1,"C:\Users\yasemin.bozkurt\Desktop\article\DLPIF-repo-update\src\baseline_results.pkl::all_scenarios[(""knn"", ""block30d"")]"
KNN,block30d,deterministic,1651,17750,2022-04-11,6.800000126659871,0.6400000283494592,1,"C:\Users\yasemin.bozkurt\Desktop\article\DLPIF-repo-update\src\baseline_results.pkl::all_scenarios[(""knn"", ""block30d"")]"
KNN,block30d,deterministic,1655,17750,2022-04-12,2.0000000137835743,0.12000000115949662,1,"C:\Users\yasemin.bozkurt\Desktop\article\DLPIF-repo-update\src\baseline_results.pkl::all_scenarios[(""knn"", ""block30d"")]"
KNN,block30d,deterministic,1659,17750,2022-04-13,0.0,0.0800000035436824,1,"C:\Users\yasemin.bozkurt\Desktop\article\DLPIF-repo-update\src\baseline_results.pkl::all_scenarios[(""knn"", ""block30d"")]"
KNN,block30d,deterministic,1685,17704,2022-04-20,1.0000000068917871,6.120000167191029,1,"C:\Users\yasemin.bozkurt\Desktop\article\DLPIF-repo-update\src\baseline_results.pkl::all_scenarios[(""knn"", ""block30d"")]"
KNN,block30d,deterministic,1689,17704,2022-04-21,0.0,0.0,1,"C:\Users\yasemin.bozkurt\Desktop\article\DLPIF-repo-update\src\baseline_results.pkl::all_scenarios[(""knn"", ""block30d"")]"
KNN,block30d,deterministic,1693,17704,2022-04-22,0.0,0.0,1,"C:\Users\yasemin.bozkurt\Desktop\article\DLPIF-repo-update\src\baseline_results.pkl::all_scenarios[(""knn"", ""block30d"")]"
KNN,block30d,deterministic,1697,17704,2022-04-23,0.0,0.0,1,"C:\Users\yasemin.bozkurt\Desktop\article\DLPIF-repo-update\src\baseline_results.pkl::all_scenarios[(""knn"", ""block30d"")]"
KNN,block30d,deterministic,1701,17704,2022-04-24,0.0,0.0,1,"C:\Users\yasemin.bozkurt\Desktop\article\DLPIF-repo-update\src\baseline_results.pkl::all_scenarios[(""knn"", ""block30d"")]"
KNN,block30d,deterministic,1705,17704,2022-04-25,0.0,0.0,1,"C:\Users\yasemin.bozkurt\Desktop\article\DLPIF-repo-update\src\baseline_results.pkl::all_scenarios[(""knn"", ""block30d"")]"
KNN,block30d,deterministic,1709,17704,2022-04-26,0.0,0.0,1,"C:\Users\yasemin.bozkurt\Desktop\article\DLPIF-repo-update\src\baseline_results.pkl::all_scenarios[(""knn"", ""block30d"")]"
KNN,block30d,deterministic,1713,17704,2022-04-27,0.0,0.0,1,"C:\Users\yasemin.bozkurt\Desktop\article\DLPIF-repo-update\src\baseline_results.pkl::all_scenarios[(""knn"", ""block30d"")]"
KNN,block30d,deterministic,1717,17704,2022-04-28,0.0,0.0,1,"C:\Users\yasemin.bozkurt\Desktop\article\DLPIF-repo-update\src\baseline_results.pkl::all_scenarios[(""knn"", ""block30d"")]"
KNN,block30d,deterministic,1721,17704,2022-04-29,0.0,0.0,1,"C:\Users\yasemin.bozkurt\Desktop\article\DLPIF-repo-update\src\baseline_results.pkl::all_scenarios[(""knn"", ""block30d"")]"
KNN,block30d,deterministic,1725,17704,2022-04-30,0.0,3.560000053793192,1,"C:\Users\yasemin.bozkurt\Desktop\article\DLPIF-repo-update\src\baseline_results.pkl::all_scenarios[(""knn"", ""block30d"")]"
KNN,block30d,deterministic,1729,17704,2022-05-01,0.0,0.2800000165589154,1,"C:\Users\yasemin.bozkurt\Desktop\article\DLPIF-repo-update\src\baseline_results.pkl::all_scenarios[(""knn"", ""block30d"")]"
KNN,block30d,deterministic,1733,17704,2022-05-02,0.0,0.8400000164285303,1,"C:\Users\yasemin.bozkurt\Desktop\article\DLPIF-repo-update\src\baseline_results.pkl::all_scenarios[(""knn"", ""block30d"")]"
KNN,block30d,deterministic,1737,17704,2022-05-03,1.8000000257045032,8.64000054895878,1,"C:\Users\yasemin.bozkurt\Desktop\article\DLPIF-repo-update\src\baseline_results.pkl::all_scenarios[(""knn"", ""block30d"")]"
KNN,block30d,deterministic,1741,17704,2022-05-04,4.400000003725291,3.0000000871717933,1,"C:\Users\yasemin.bozkurt\Desktop\article\DLPIF-repo-update\src\baseline_results.pkl::all_scenarios[(""knn"", ""block30d"")]"
KNN,block30d,deterministic,1745,17704,2022-05-05,0.0,0.0,1,"C:\Users\yasemin.bozkurt\Desktop\article\DLPIF-repo-update\src\baseline_results.pkl::all_scenarios[(""knn"", ""block30d"")]"
KNN,block30d,deterministic,1749,17704,2022-05-06,0.0,0.1600000070873648,1,"C:\Users\yasemin.bozkurt\Desktop\article\DLPIF-repo-update\src\baseline_results.pkl::all_scenarios[(""knn"", ""block30d"")]"
KNN,block30d,deterministic,1752,17155,2022-05-07,0.0,2.240000132471323,1,"C:\Users\yasemin.bozkurt\Desktop\article\DLPIF-repo-update\src\baseline_results.pkl::all_scenarios[(""knn"", ""block30d"")]"
KNN,block30d,deterministic,1753,17704,2022-05-07,0.0,0.1600000070873648,1,"C:\Users\yasemin.bozkurt\Desktop\article\DLPIF-repo-update\src\baseline_results.pkl::all_scenarios[(""knn"", ""block30d"")]"
KNN,block30d,deterministic,1756,17155,2022-05-08,0.0,0.0400000017718412,1,"C:\Users\yasemin.bozkurt\Desktop\article\DLPIF-repo-update\src\baseline_results.pkl::all_scenarios[(""knn"", ""block30d"")]"
KNN,block30d,deterministic,1757,17704,2022-05-08,0.0,0.0,1,"C:\Users\yasemin.bozkurt\Desktop\article\DLPIF-repo-update\src\baseline_results.pkl::all_scenarios[(""knn"", ""block30d"")]"
KNN,block30d,deterministic,1760,17155,2022-05-09,0.0,0.12000000115949662,1,"C:\Users\yasemin.bozkurt\Desktop\article\DLPIF-repo-update\src\baseline_results.pkl::all_scenarios[(""knn"", ""block30d"")]"
KNN,block30d,deterministic,1761,17704,2022-05-09,0.0,0.0,1,"C:\Users\yasemin.bozkurt\Desktop\article\DLPIF-repo-update\src\baseline_results.pkl::all_scenarios[(""knn"", ""block30d"")]"
KNN,block30d,deterministic,1764,17155,2022-05-10,0.0,0.0,1,"C:\Users\yasemin.bozkurt\Desktop\article\DLPIF-repo-update\src\baseline_results.pkl::all_scenarios[(""knn"", ""block30d"")]"
KNN,block30d,deterministic,1765,17704,2022-05-10,0.0,0.0,1,"C:\Users\yasemin.bozkurt\Desktop\article\DLPIF-repo-update\src\baseline_results.pkl::all_scenarios[(""knn"", ""block30d"")]"
KNN,block30d,deterministic,1768,17155,2022-05-11,0.0,2.8400000967085366,1,"C:\Users\yasemin.bozkurt\Desktop\article\DLPIF-repo-update\src\baseline_results.pkl::all_scenarios[(""knn"", ""block30d"")]"
KNN,block30d,deterministic,1769,17704,2022-05-11,5.4000002101063735,0.7600000211969019,1,"C:\Users\yasemin.bozkurt\Desktop\article\DLPIF-repo-update\src\baseline_results.pkl::all_scenarios[(""knn"", ""block30d"")]"
KNN,block30d,deterministic,1772,17155,2022-05-12,3.6000000514090065,0.0,1,"C:\Users\yasemin.bozkurt\Desktop\article\DLPIF-repo-update\src\baseline_results.pkl::all_scenarios[(""knn"", ""block30d"")]"
KNN,block30d,deterministic,1773,17704,2022-05-12,0.0,0.0,1,"C:\Users\yasemin.bozkurt\Desktop\article\DLPIF-repo-update\src\baseline_results.pkl::all_scenarios[(""knn"", ""block30d"")]"
KNN,block30d,deterministic,1776,17155,2022-05-13,0.0,0.0,1,"C:\Users\yasemin.bozkurt\Desktop\article\DLPIF-repo-update\src\baseline_results.pkl::all_scenarios[(""knn"", ""block30d"")]"
KNN,block30d,deterministic,1777,17704,2022-05-13,0.0,0.0,1,"C:\Users\yasemin.bozkurt\Desktop\article\DLPIF-repo-update\src\baseline_results.pkl::all_scenarios[(""knn"", ""block30d"")]"
KNN,block30d,deterministic,1780,17155,2022-05-14,0.600000030733645,0.0400000017718412,1,"C:\Users\yasemin.bozkurt\Desktop\article\DLPIF-repo-update\src\baseline_results.pkl::all_scenarios[(""knn"", ""block30d"")]"
KNN,block30d,deterministic,1781,17704,2022-05-14,0.40000000940635805,0.0400000017718412,1,"C:\Users\yasemin.bozkurt\Desktop\article\DLPIF-repo-update\src\baseline_results.pkl::all_scenarios[(""knn"", ""block30d"")]"
KNN,block30d,deterministic,1784,17155,2022-05-15,0.600000030733645,2.440000120550394,1,"C:\Users\yasemin.bozkurt\Desktop\article\DLPIF-repo-update\src\baseline_results.pkl::all_scenarios[(""knn"", ""block30d"")]"
KNN,block30d,deterministic,1785,17704,2022-05-15,6.200000162422658,0.0,1,"C:\Users\yasemin.bozkurt\Desktop\article\DLPIF-repo-update\src\baseline_results.pkl::all_scenarios[(""knn"", ""block30d"")]"
KNN,block30d,deterministic,1788,17155,2022-05-16,0.0,0.0,1,"C:\Users\yasemin.bozkurt\Desktop\article\DLPIF-repo-update\src\baseline_results.pkl::all_scenarios[(""knn"", ""block30d"")]"
KNN,block30d,deterministic,1789,17704,2022-05-16,0.0,0.0,1,"C:\Users\yasemin.bozkurt\Desktop\article\DLPIF-repo-update\src\baseline_results.pkl::all_scenarios[(""knn"", ""block30d"")]"
KNN,block30d,deterministic,1792,17155,2022-05-17,14.600000193715097,1.8000000257045032,1,"C:\Users\yasemin.bozkurt\Desktop\article\DLPIF-repo-update\src\baseline_results.pkl::all_scenarios[(""knn"", ""block30d"")]"
KNN,block30d,deterministic,1793,17704,2022-05-17,0.20000000470317902,0.0,1,"C:\Users\yasemin.bozkurt\Desktop\article\DLPIF-repo-update\src\baseline_results.pkl::all_scenarios[(""knn"", ""block30d"")]"
KNN,block30d,deterministic,1796,17155,2022-05-18,0.0,0.0,1,"C:\Users\yasemin.bozkurt\Desktop\article\DLPIF-repo-update\src\baseline_results.pkl::all_scenarios[(""knn"", ""block30d"")]"
KNN,block30d,deterministic,1797,17704,2022-05-18,0.0,0.0,1,"C:\Users\yasemin.bozkurt\Desktop\article\DLPIF-repo-update\src\baseline_results.pkl::all_scenarios[(""knn"", ""block30d"")]"
KNN,block30d,deterministic,1800,17155,2022-05-19,0.600000030733645,0.0400000017718412,1,"C:\Users\yasemin.bozkurt\Desktop\article\DLPIF-repo-update\src\baseline_results.pkl::all_scenarios[(""knn"", ""block30d"")]"
KNN,block30d,deterministic,1801,17704,2022-05-19,2.8000000990927223,1.000000073388219,1,"C:\Users\yasemin.bozkurt\Desktop\article\DLPIF-repo-update\src\baseline_results.pkl::all_scenarios[(""knn"", ""block30d"")]"
KNN,block30d,deterministic,1804,17155,2022-05-20,0.0,0.0,1,"C:\Users\yasemin.bozkurt\Desktop\article\DLPIF-repo-update\src\baseline_results.pkl::all_scenarios[(""knn"", ""block30d"")]"
KNN,block30d,deterministic,1808,17155,2022-05-21,0.0,0.0,1,"C:\Users\yasemin.bozkurt\Desktop\article\DLPIF-repo-update\src\baseline_results.pkl::all_scenarios[(""knn"", ""block30d"")]"
KNN,block30d,deterministic,1812,17155,2022-05-22,0.0,0.0,1,"C:\Users\yasemin.bozkurt\Desktop\article\DLPIF-repo-update\src\baseline_results.pkl::all_scenarios[(""knn"", ""block30d"")]"
KNN,block30d,deterministic,1816,17155,2022-05-23,0.0,0.1600000070873648,1,"C:\Users\yasemin.bozkurt\Desktop\article\DLPIF-repo-update\src\baseline_results.pkl::all_scenarios[(""knn"", ""block30d"")]"
KNN,block30d,deterministic,1820,17155,2022-05-24,0.0,0.0,1,"C:\Users\yasemin.bozkurt\Desktop\article\DLPIF-repo-update\src\baseline_results.pkl::all_scenarios[(""knn"", ""block30d"")]"
KNN,block30d,deterministic,1821,17704,2022-05-24,0.0,0.0,1,"C:\Users\yasemin.bozkurt\Desktop\article\DLPIF-repo-update\src\baseline_results.pkl::all_scenarios[(""knn"", ""block30d"")]"
KNN,block30d,deterministic,1824,17155,2022-05-25,0.0,0.0,1,"C:\Users\yasemin.bozkurt\Desktop\article\DLPIF-repo-update\src\baseline_results.pkl::all_scenarios[(""knn"", ""block30d"")]"
KNN,block30d,deterministic,1825,17704,2022-05-25,0.20000000470317902,0.0,1,"C:\Users\yasemin.bozkurt\Desktop\article\DLPIF-repo-update\src\baseline_results.pkl::all_scenarios[(""knn"", ""block30d"")]"
KNN,block30d,deterministic,1828,17155,2022-05-26,0.0,0.40000000940635805,1,"C:\Users\yasemin.bozkurt\Desktop\article\DLPIF-repo-update\src\baseline_results.pkl::all_scenarios[(""knn"", ""block30d"")]"
KNN,block30d,deterministic,1829,17704,2022-05-26,0.0,0.0,1,"C:\Users\yasemin.bozkurt\Desktop\article\DLPIF-repo-update\src\baseline_results.pkl::all_scenarios[(""knn"", ""block30d"")]"
KNN,block30d,deterministic,1832,17155,2022-05-27,0.40000000940635805,0.0,1,"C:\Users\yasemin.bozkurt\Desktop\article\DLPIF-repo-update\src\baseline_results.pkl::all_scenarios[(""knn"", ""block30d"")]"
KNN,block30d,deterministic,1833,17704,2022-05-27,0.0,0.0,1,"C:\Users\yasemin.bozkurt\Desktop\article\DLPIF-repo-update\src\baseline_results.pkl::all_scenarios[(""knn"", ""block30d"")]"
KNN,block30d,deterministic,1836,17155,2022-05-28,1.0000000068917871,0.0,1,"C:\Users\yasemin.bozkurt\Desktop\article\DLPIF-repo-update\src\baseline_results.pkl::all_scenarios[(""knn"", ""block30d"")]"
KNN,block30d,deterministic,1837,17704,2022-05-28,1.20000006146729,0.0,1,"C:\Users\yasemin.bozkurt\Desktop\article\DLPIF-repo-update\src\baseline_results.pkl::all_scenarios[(""knn"", ""block30d"")]"
KNN,block30d,deterministic,1840,17155,2022-05-29,0.0,0.0,1,"C:\Users\yasemin.bozkurt\Desktop\article\DLPIF-repo-update\src\baseline_results.pkl::all_scenarios[(""knn"", ""block30d"")]"
KNN,block30d,deterministic,1841,17704,2022-05-29,0.0,0.0,1,"C:\Users\yasemin.bozkurt\Desktop\article\DLPIF-repo-update\src\baseline_results.pkl::all_scenarios[(""knn"", ""block30d"")]"
KNN,block30d,deterministic,1844,17155,2022-05-30,1.0000000068917871,0.0,1,"C:\Users\yasemin.bozkurt\Desktop\article\DLPIF-repo-update\src\baseline_results.pkl::all_scenarios[(""knn"", ""block30d"")]"
KNN,block30d,deterministic,1845,17704,2022-05-30,0.0,0.0,1,"C:\Users\yasemin.bozkurt\Desktop\article\DLPIF-repo-update\src\baseline_results.pkl::all_scenarios[(""knn"", ""block30d"")]"
KNN,block30d,deterministic,1848,17155,2022-05-31,0.0,0.0,1,"C:\Users\yasemin.bozkurt\Desktop\article\DLPIF-repo-update\src\baseline_results.pkl::all_scenarios[(""knn"", ""block30d"")]"
KNN,block30d,deterministic,1849,17704,2022-05-31,0.0,0.0,1,"C:\Users\yasemin.bozkurt\Desktop\article\DLPIF-repo-update\src\baseline_results.pkl::all_scenarios[(""knn"", ""block30d"")]"
KNN,block30d,deterministic,1852,17155,2022-06-01,0.0,0.0,1,"C:\Users\yasemin.bozkurt\Desktop\article\DLPIF-repo-update\src\baseline_results.pkl::all_scenarios[(""knn"", ""block30d"")]"
KNN,block30d,deterministic,1853,17704,2022-06-01,0.0,0.0,1,"C:\Users\yasemin.bozkurt\Desktop\article\DLPIF-repo-update\src\baseline_results.pkl::all_scenarios[(""knn"", ""block30d"")]"
KNN,block30d,deterministic,1856,17155,2022-06-02,0.0,0.0,1,"C:\Users\yasemin.bozkurt\Desktop\article\DLPIF-repo-update\src\baseline_results.pkl::all_scenarios[(""knn"", ""block30d"")]"
KNN,block30d,deterministic,1857,17704,2022-06-02,0.0,0.0,1,"C:\Users\yasemin.bozkurt\Desktop\article\DLPIF-repo-update\src\baseline_results.pkl::all_scenarios[(""knn"", ""block30d"")]"
KNN,block30d,deterministic,1860,17155,2022-06-03,0.600000030733645,0.2400000189431012,1,"C:\Users\yasemin.bozkurt\Desktop\article\DLPIF-repo-update\src\baseline_results.pkl::all_scenarios[(""knn"", ""block30d"")]"
KNN,block30d,deterministic,1861,17704,2022-06-03,2.2000000018626453,0.0,1,"C:\Users\yasemin.bozkurt\Desktop\article\DLPIF-repo-update\src\baseline_results.pkl::all_scenarios[(""knn"", ""block30d"")]"
KNN,block30d,deterministic,1864,17155,2022-06-04,0.20000000470317902,0.2400000189431012,1,"C:\Users\yasemin.bozkurt\Desktop\article\DLPIF-repo-update\src\baseline_results.pkl::all_scenarios[(""knn"", ""block30d"")]"
KNN,block30d,deterministic,1865,17704,2022-06-04,0.0,1.1200000662356615,1,"C:\Users\yasemin.bozkurt\Desktop\article\DLPIF-repo-update\src\baseline_results.pkl::all_scenarios[(""knn"", ""block30d"")]"
KNN,block30d,deterministic,1868,17155,2022-06-05,0.0,0.5200000355020166,1,"C:\Users\yasemin.bozkurt\Desktop\article\DLPIF-repo-update\src\baseline_results.pkl::all_scenarios[(""knn"", ""block30d"")]"
KNN,block30d,deterministic,1869,17704,2022-06-05,0.0,0.0,1,"C:\Users\yasemin.bozkurt\Desktop\article\DLPIF-repo-update\src\baseline_results.pkl::all_scenarios[(""knn"", ""block30d"")]"
KNN,block30d,deterministic,1873,17704,2022-06-06,0.0,0.0,1,"C:\Users\yasemin.bozkurt\Desktop\article\DLPIF-repo-update\src\baseline_results.pkl::all_scenarios[(""knn"", ""block30d"")]"
KNN,block30d,deterministic,1877,17704,2022-06-07,0.0,3.980000294744969,1,"C:\Users\yasemin.bozkurt\Desktop\article\DLPIF-repo-update\src\baseline_results.pkl::all_scenarios[(""knn"", ""block30d"")]"
KNN,block30d,deterministic,1881,17704,2022-06-08,0.0,0.40000000940635805,1,"C:\Users\yasemin.bozkurt\Desktop\article\DLPIF-repo-update\src\baseline_results.pkl::all_scenarios[(""knn"", ""block30d"")]"
KNN,block30d,deterministic,1885,17704,2022-06-09,0.0,0.0400000017718412,1,"C:\Users\yasemin.bozkurt\Desktop\article\DLPIF-repo-update\src\baseline_results.pkl::all_scenarios[(""knn"", ""block30d"")]"
KNN,block30d,deterministic,1889,17704,2022-06-10,8.40000003129244,0.0,1,"C:\Users\yasemin.bozkurt\Desktop\article\DLPIF-repo-update\src\baseline_results.pkl::all_scenarios[(""knn"", ""block30d"")]"
KNN,block30d,deterministic,1893,17704,2022-06-11,4.400000003725291,3.2400000728666787,1,"C:\Users\yasemin.bozkurt\Desktop\article\DLPIF-repo-update\src\baseline_results.pkl::all_scenarios[(""knn"", ""block30d"")]"
KNN,block30d,deterministic,1897,17704,2022-06-12,21.00000087618828,12.000000348687173,1,"C:\Users\yasemin.bozkurt\Desktop\article\DLPIF-repo-update\src\baseline_results.pkl::all_scenarios[(""knn"", ""block30d"")]"
KNN,block30d,deterministic,1901,17704,2022-06-13,17.600000014901163,1.760000028088689,1,"C:\Users\yasemin.bozkurt\Desktop\article\DLPIF-repo-update\src\baseline_results.pkl::all_scenarios[(""knn"", ""block30d"")]"
KNN,block30d,deterministic,1905,17704,2022-06-14,0.0,0.0,1,"C:\Users\yasemin.bozkurt\Desktop\article\DLPIF-repo-update\src\baseline_results.pkl::all_scenarios[(""knn"", ""block30d"")]"
KNN,block30d,deterministic,1909,17704,2022-06-15,0.0,0.20000000470317902,1,"C:\Users\yasemin.bozkurt\Desktop\article\DLPIF-repo-update\src\baseline_results.pkl::all_scenarios[(""knn"", ""block30d"")]"
KNN,block30d,deterministic,1913,17704,2022-06-16,4.000000027567149,5.920000179111958,1,"C:\Users\yasemin.bozkurt\Desktop\article\DLPIF-repo-update\src\baseline_results.pkl::all_scenarios[(""knn"", ""block30d"")]"
KNN,block30d,deterministic,1917,17704,2022-06-17,40.00000187158585,6.760000129044056,1,"C:\Users\yasemin.bozkurt\Desktop\article\DLPIF-repo-update\src\baseline_results.pkl::all_scenarios[(""knn"", ""block30d"")]"
KNN,block30d,deterministic,1921,17704,2022-06-18,0.0,0.0400000017718412,1,"C:\Users\yasemin.bozkurt\Desktop\article\DLPIF-repo-update\src\baseline_results.pkl::all_scenarios[(""knn"", ""block30d"")]"
KNN,block30d,deterministic,1925,17704,2022-06-19,2.8000000990927223,2.6800001062452794,1,"C:\Users\yasemin.bozkurt\Desktop\article\DLPIF-repo-update\src\baseline_results.pkl::all_scenarios[(""knn"", ""block30d"")]"
KNN,block30d,deterministic,1929,17704,2022-06-20,0.0,2.760000101476908,1,"C:\Users\yasemin.bozkurt\Desktop\article\DLPIF-repo-update\src\baseline_results.pkl::all_scenarios[(""knn"", ""block30d"")]"
KNN,block30d,deterministic,1933,17704,2022-06-21,1.0000000068917871,0.960000009275973,1,"C:\Users\yasemin.bozkurt\Desktop\article\DLPIF-repo-update\src\baseline_results.pkl::all_scenarios[(""knn"", ""block30d"")]"
KNN,block30d,deterministic,1937,17704,2022-06-22,0.20000000470317902,0.0400000017718412,1,"C:\Users\yasemin.bozkurt\Desktop\article\DLPIF-repo-update\src\baseline_results.pkl::all_scenarios[(""knn"", ""block30d"")]"
KNN,block30d,deterministic,2117,17704,2022-08-06,0.0,0.0,1,"C:\Users\yasemin.bozkurt\Desktop\article\DLPIF-repo-update\src\baseline_results.pkl::all_scenarios[(""knn"", ""block30d"")]"
KNN,block30d,deterministic,2121,17704,2022-08-07,0.0,0.0,1,"C:\Users\yasemin.bozkurt\Desktop\article\DLPIF-repo-update\src\baseline_results.pkl::all_scenarios[(""knn"", ""block30d"")]"
KNN,block30d,deterministic,2125,17704,2022-08-08,0.0,0.0400000017718412,1,"C:\Users\yasemin.bozkurt\Desktop\article\DLPIF-repo-update\src\baseline_results.pkl::all_scenarios[(""knn"", ""block30d"")]"
KNN,block30d,deterministic,2129,17704,2022-08-09,13.40000026524067,1.6000000376254322,1,"C:\Users\yasemin.bozkurt\Desktop\article\DLPIF-repo-update\src\baseline_results.pkl::all_scenarios[(""knn"", ""block30d"")]"
KNN,block30d,deterministic,2133,17704,2022-08-10,7.000000114738942,0.0,1,"C:\Users\yasemin.bozkurt\Desktop\article\DLPIF-repo-update\src\baseline_results.pkl::all_scenarios[(""knn"", ""block30d"")]"
KNN,block30d,deterministic,2137,17704,2022-08-11,0.0,0.0400000017718412,1,"C:\Users\yasemin.bozkurt\Desktop\article\DLPIF-repo-update\src\baseline_results.pkl::all_scenarios[(""knn"", ""block30d"")]"
KNN,block30d,deterministic,2141,17704,2022-08-12,0.0,0.0,1,"C:\Users\yasemin.bozkurt\Desktop\article\DLPIF-repo-update\src\baseline_results.pkl::all_scenarios[(""knn"", ""block30d"")]"
KNN,block30d,deterministic,2145,17704,2022-08-13,0.0,1.9200001515448095,1,"C:\Users\yasemin.bozkurt\Desktop\article\DLPIF-repo-update\src\baseline_results.pkl::all_scenarios[(""knn"", ""block30d"")]"
KNN,block30d,deterministic,2149,17704,2022-08-14,2.2000000018626453,3.2000000752508644,1,"C:\Users\yasemin.bozkurt\Desktop\article\DLPIF-repo-update\src\baseline_results.pkl::all_scenarios[(""knn"", ""block30d"")]"
KNN,block30d,deterministic,2153,17704,2022-08-15,6.800000126659871,0.9200000116601588,1,"C:\Users\yasemin.bozkurt\Desktop\article\DLPIF-repo-update\src\baseline_results.pkl::all_scenarios[(""knn"", ""block30d"")]"
KNN,block30d,deterministic,2157,17704,2022-08-16,2.40000012293458,0.2400000189431012,1,"C:\Users\yasemin.bozkurt\Desktop\article\DLPIF-repo-update\src\baseline_results.pkl::all_scenarios[(""knn"", ""block30d"")]"
KNN,block30d,deterministic,2161,17704,2022-08-17,0.0,0.0,1,"C:\Users\yasemin.bozkurt\Desktop\article\DLPIF-repo-update\src\baseline_results.pkl::all_scenarios[(""knn"", ""block30d"")]"
KNN,block30d,deterministic,2165,17704,2022-08-18,0.0,0.0,1,"C:\Users\yasemin.bozkurt\Desktop\article\DLPIF-repo-update\src\baseline_results.pkl::all_scenarios[(""knn"", ""block30d"")]"
KNN,block30d,deterministic,2169,17704,2022-08-19,0.0,0.2400000189431012,1,"C:\Users\yasemin.bozkurt\Desktop\article\DLPIF-repo-update\src\baseline_results.pkl::all_scenarios[(""knn"", ""block30d"")]"
KNN,block30d,deterministic,2173,17704,2022-08-20,0.0,0.0,1,"C:\Users\yasemin.bozkurt\Desktop\article\DLPIF-repo-update\src\baseline_results.pkl::all_scenarios[(""knn"", ""block30d"")]"
KNN,block30d,deterministic,2177,17704,2022-08-21,0.0,0.0,1,"C:\Users\yasemin.bozkurt\Desktop\article\DLPIF-repo-update\src\baseline_results.pkl::all_scenarios[(""knn"", ""block30d"")]"
KNN,block30d,deterministic,2181,17704,2022-08-22,0.0,0.0,1,"C:\Users\yasemin.bozkurt\Desktop\article\DLPIF-repo-update\src\baseline_results.pkl::all_scenarios[(""knn"", ""block30d"")]"
KNN,block30d,deterministic,2185,17704,2022-08-23,0.0,0.0,1,"C:\Users\yasemin.bozkurt\Desktop\article\DLPIF-repo-update\src\baseline_results.pkl::all_scenarios[(""knn"", ""block30d"")]"
KNN,block30d,deterministic,2189,17704,2022-08-24,0.0,0.5600000331178308,1,"C:\Users\yasemin.bozkurt\Desktop\article\DLPIF-repo-update\src\baseline_results.pkl::all_scenarios[(""knn"", ""block30d"")]"
KNN,block30d,deterministic,2193,17704,2022-08-25,17.00000005066395,5.340000213682652,1,"C:\Users\yasemin.bozkurt\Desktop\article\DLPIF-repo-update\src\baseline_results.pkl::all_scenarios[(""knn"", ""block30d"")]"
KNN,block30d,deterministic,2197,17704,2022-08-26,0.0,2.7200001038610937,1,"C:\Users\yasemin.bozkurt\Desktop\article\DLPIF-repo-update\src\baseline_results.pkl::all_scenarios[(""knn"", ""block30d"")]"
KNN,block30d,deterministic,2201,17704,2022-08-27,6.800000126659871,10.50000043809414,1,"C:\Users\yasemin.bozkurt\Desktop\article\DLPIF-repo-update\src\baseline_results.pkl::all_scenarios[(""knn"", ""block30d"")]"
KNN,block30d,deterministic,2205,17704,2022-08-28,0.0,3.0400000847876076,1,"C:\Users\yasemin.bozkurt\Desktop\article\DLPIF-repo-update\src\baseline_results.pkl::all_scenarios[(""knn"", ""block30d"")]"
KNN,block30d,deterministic,2209,17704,2022-08-29,0.0,3.360000065714121,1,"C:\Users\yasemin.bozkurt\Desktop\article\DLPIF-repo-update\src\baseline_results.pkl::all_scenarios[(""knn"", ""block30d"")]"
KNN,block30d,deterministic,2213,17704,2022-08-30,0.0,3.9600000299513343,1,"C:\Users\yasemin.bozkurt\Desktop\article\DLPIF-repo-update\src\baseline_results.pkl::all_scenarios[(""knn"", ""block30d"")]"
KNN,block30d,deterministic,2217,17704,2022-08-31,0.0,0.6400000283494592,1,"C:\Users\yasemin.bozkurt\Desktop\article\DLPIF-repo-update\src\baseline_results.pkl::all_scenarios[(""knn"", ""block30d"")]"
KNN,block30d,deterministic,2221,17704,2022-09-01,2.6000001110136512,2.760000101476908,1,"C:\Users\yasemin.bozkurt\Desktop\article\DLPIF-repo-update\src\baseline_results.pkl::all_scenarios[(""knn"", ""block30d"")]"
KNN,block30d,deterministic,2225,17704,2022-09-02,8.800000007450581,3.8000000394880775,1,"C:\Users\yasemin.bozkurt\Desktop\article\DLPIF-repo-update\src\baseline_results.pkl::all_scenarios[(""knn"", ""block30d"")]"
KNN,block30d,deterministic,2229,17704,2022-09-03,0.0,0.2400000189431012,1,"C:\Users\yasemin.bozkurt\Desktop\article\DLPIF-repo-update\src\baseline_results.pkl::all_scenarios[(""knn"", ""block30d"")]"
KNN,block30d,deterministic,2233,17704,2022-09-04,0.0,2.960000089555979,1,"C:\Users\yasemin.bozkurt\Desktop\article\DLPIF-repo-update\src\baseline_results.pkl::all_scenarios[(""knn"", ""block30d"")]"
KNN,block30d,deterministic,2376,17155,2022-10-10,0.0,0.40000000940635805,1,"C:\Users\yasemin.bozkurt\Desktop\article\DLPIF-repo-update\src\baseline_results.pkl::all_scenarios[(""knn"", ""block30d"")]"
KNN,block30d,deterministic,2380,17155,2022-10-11,0.0,0.0,1,"C:\Users\yasemin.bozkurt\Desktop\article\DLPIF-repo-update\src\baseline_results.pkl::all_scenarios[(""knn"", ""block30d"")]"
KNN,block30d,deterministic,2384,17155,2022-10-12,0.0,0.1200000094715506,1,"C:\Users\yasemin.bozkurt\Desktop\article\DLPIF-repo-update\src\baseline_results.pkl::all_scenarios[(""knn"", ""block30d"")]"
KNN,block30d,deterministic,2388,17155,2022-10-13,0.0,0.0800000035436824,1,"C:\Users\yasemin.bozkurt\Desktop\article\DLPIF-repo-update\src\baseline_results.pkl::all_scenarios[(""knn"", ""block30d"")]"
KNN,block30d,deterministic,2392,17155,2022-10-14,0.0,2.1200001396238806,1,"C:\Users\yasemin.bozkurt\Desktop\article\DLPIF-repo-update\src\baseline_results.pkl::all_scenarios[(""knn"", ""block30d"")]"
KNN,block30d,deterministic,2396,17155,2022-10-15,4.300000009685755,12.900000295042993,1,"C:\Users\yasemin.bozkurt\Desktop\article\DLPIF-repo-update\src\baseline_results.pkl::all_scenarios[(""knn"", ""block30d"")]"
KNN,block30d,deterministic,2400,17155,2022-10-16,2.2000000018626453,9.160000517964363,1,"C:\Users\yasemin.bozkurt\Desktop\article\DLPIF-repo-update\src\baseline_results.pkl::all_scenarios[(""knn"", ""block30d"")]"
KNN,block30d,deterministic,2404,17155,2022-10-17,6.700000132620335,14.120000222325325,1,"C:\Users\yasemin.bozkurt\Desktop\article\DLPIF-repo-update\src\baseline_results.pkl::all_scenarios[(""knn"", ""block30d"")]"
KNN,block30d,deterministic,2408,17155,2022-10-18,0.10000000235158951,6.520000143349171,1,"C:\Users\yasemin.bozkurt\Desktop\article\DLPIF-repo-update\src\baseline_results.pkl::all_scenarios[(""knn"", ""block30d"")]"
KNN,block30d,deterministic,2412,17155,2022-10-19,0.0,1.7200000304728749,1,"C:\Users\yasemin.bozkurt\Desktop\article\DLPIF-repo-update\src\baseline_results.pkl::all_scenarios[(""knn"", ""block30d"")]"
KNN,block30d,deterministic,2416,17155,2022-10-20,0.0,1.920000018551946,1,"C:\Users\yasemin.bozkurt\Desktop\article\DLPIF-repo-update\src\baseline_results.pkl::all_scenarios[(""knn"", ""block30d"")]"
KNN,block30d,deterministic,2420,17155,2022-10-21,0.0,0.7200000235810876,1,"C:\Users\yasemin.bozkurt\Desktop\article\DLPIF-repo-update\src\baseline_results.pkl::all_scenarios[(""knn"", ""block30d"")]"
KNN,block30d,deterministic,2424,17155,2022-10-22,0.0,0.0,1,"C:\Users\yasemin.bozkurt\Desktop\article\DLPIF-repo-update\src\baseline_results.pkl::all_scenarios[(""knn"", ""block30d"")]"
KNN,block30d,deterministic,2428,17155,2022-10-23,0.0,0.0,1,"C:\Users\yasemin.bozkurt\Desktop\article\DLPIF-repo-update\src\baseline_results.pkl::all_scenarios[(""knn"", ""block30d"")]"
KNN,block30d,deterministic,2432,17155,2022-10-24,0.0,0.0,1,"C:\Users\yasemin.bozkurt\Desktop\article\DLPIF-repo-update\src\baseline_results.pkl::all_scenarios[(""knn"", ""block30d"")]"
KNN,block30d,deterministic,2436,17155,2022-10-25,0.0,0.0,1,"C:\Users\yasemin.bozkurt\Desktop\article\DLPIF-repo-update\src\baseline_results.pkl::all_scenarios[(""knn"", ""block30d"")]"
KNN,block30d,deterministic,2440,17155,2022-10-26,0.0,0.0,1,"C:\Users\yasemin.bozkurt\Desktop\article\DLPIF-repo-update\src\baseline_results.pkl::all_scenarios[(""knn"", ""block30d"")]"
KNN,block30d,deterministic,2444,17155,2022-10-27,0.0,0.0,1,"C:\Users\yasemin.bozkurt\Desktop\article\DLPIF-repo-update\src\baseline_results.pkl::all_scenarios[(""knn"", ""block30d"")]"
KNN,block30d,deterministic,2448,17155,2022-10-28,0.0,1.4000000495463611,1,"C:\Users\yasemin.bozkurt\Desktop\article\DLPIF-repo-update\src\baseline_results.pkl::all_scenarios[(""knn"", ""block30d"")]"
KNN,block30d,deterministic,2452,17155,2022-10-29,0.0,0.0,1,"C:\Users\yasemin.bozkurt\Desktop\article\DLPIF-repo-update\src\baseline_results.pkl::all_scenarios[(""knn"", ""block30d"")]"
KNN,block30d,deterministic,2456,17155,2022-10-30,0.0,0.0,1,"C:\Users\yasemin.bozkurt\Desktop\article\DLPIF-repo-update\src\baseline_results.pkl::all_scenarios[(""knn"", ""block30d"")]"
KNN,block30d,deterministic,2460,17155,2022-10-31,0.0,0.0,1,"C:\Users\yasemin.bozkurt\Desktop\article\DLPIF-repo-update\src\baseline_results.pkl::all_scenarios[(""knn"", ""block30d"")]"
KNN,block30d,deterministic,2464,17155,2022-11-01,0.0,0.0,1,"C:\Users\yasemin.bozkurt\Desktop\article\DLPIF-repo-update\src\baseline_results.pkl::all_scenarios[(""knn"", ""block30d"")]"
KNN,block30d,deterministic,2468,17155,2022-11-02,0.0,0.0,1,"C:\Users\yasemin.bozkurt\Desktop\article\DLPIF-repo-update\src\baseline_results.pkl::all_scenarios[(""knn"", ""block30d"")]"
KNN,block30d,deterministic,2472,17155,2022-11-03,0.0,0.0,1,"C:\Users\yasemin.bozkurt\Desktop\article\DLPIF-repo-update\src\baseline_results.pkl::all_scenarios[(""knn"", ""block30d"")]"
KNN,block30d,deterministic,2476,17155,2022-11-04,0.0,0.0,1,"C:\Users\yasemin.bozkurt\Desktop\article\DLPIF-repo-update\src\baseline_results.pkl::all_scenarios[(""knn"", ""block30d"")]"
KNN,block30d,deterministic,2480,17155,2022-11-05,0.0,0.0,1,"C:\Users\yasemin.bozkurt\Desktop\article\DLPIF-repo-update\src\baseline_results.pkl::all_scenarios[(""knn"", ""block30d"")]"
KNN,block30d,deterministic,2484,17155,2022-11-06,0.0,0.0,1,"C:\Users\yasemin.bozkurt\Desktop\article\DLPIF-repo-update\src\baseline_results.pkl::all_scenarios[(""knn"", ""block30d"")]"
KNN,block30d,deterministic,2488,17155,2022-11-07,0.0,0.0,1,"C:\Users\yasemin.bozkurt\Desktop\article\DLPIF-repo-update\src\baseline_results.pkl::all_scenarios[(""knn"", ""block30d"")]"
KNN,block30d,deterministic,2492,17155,2022-11-08,0.0,0.44000000702217223,1,"C:\Users\yasemin.bozkurt\Desktop\article\DLPIF-repo-update\src\baseline_results.pkl::all_scenarios[(""knn"", ""block30d"")]"
KNN,block30d,deterministic,2537,17704,2022-11-19,7.400000090897084,0.9200000116601588,1,"C:\Users\yasemin.bozkurt\Desktop\article\DLPIF-repo-update\src\baseline_results.pkl::all_scenarios[(""knn"", ""block30d"")]"
KNN,block30d,deterministic,2541,17704,2022-11-20,0.0,0.3200000141747296,1,"C:\Users\yasemin.bozkurt\Desktop\article\DLPIF-repo-update\src\baseline_results.pkl::all_scenarios[(""knn"", ""block30d"")]"
KNN,block30d,deterministic,2545,17704,2022-11-21,0.0,0.0800000035436824,1,"C:\Users\yasemin.bozkurt\Desktop\article\DLPIF-repo-update\src\baseline_results.pkl::all_scenarios[(""knn"", ""block30d"")]"
KNN,block30d,deterministic,2549,17704,2022-11-22,5.2000002220273025,3.0000000871717933,1,"C:\Users\yasemin.bozkurt\Desktop\article\DLPIF-repo-update\src\baseline_results.pkl::all_scenarios[(""knn"", ""block30d"")]"
KNN,block30d,deterministic,2553,17704,2022-11-23,0.0,1.2400000590831042,1,"C:\Users\yasemin.bozkurt\Desktop\article\DLPIF-repo-update\src\baseline_results.pkl::all_scenarios[(""knn"", ""block30d"")]"
KNN,block30d,deterministic,2557,17704,2022-11-24,2.0000000137835743,5.600000198185445,1,"C:\Users\yasemin.bozkurt\Desktop\article\DLPIF-repo-update\src\baseline_results.pkl::all_scenarios[(""knn"", ""block30d"")]"
KNN,block30d,deterministic,2561,17704,2022-11-25,1.4000000495463611,1.4400000471621752,1,"C:\Users\yasemin.bozkurt\Desktop\article\DLPIF-repo-update\src\baseline_results.pkl::all_scenarios[(""knn"", ""block30d"")]"
KNN,block30d,deterministic,2565,17704,2022-11-26,0.600000030733645,1.20000006146729,1,"C:\Users\yasemin.bozkurt\Desktop\article\DLPIF-repo-update\src\baseline_results.pkl::all_scenarios[(""knn"", ""block30d"")]"
KNN,block30d,deterministic,2569,17704,2022-11-27,0.20000000470317902,0.0,1,"C:\Users\yasemin.bozkurt\Desktop\article\DLPIF-repo-update\src\baseline_results.pkl::all_scenarios[(""knn"", ""block30d"")]"
KNN,block30d,deterministic,2573,17704,2022-11-28,0.0,0.0,1,"C:\Users\yasemin.bozkurt\Desktop\article\DLPIF-repo-update\src\baseline_results.pkl::all_scenarios[(""knn"", ""block30d"")]"
KNN,block30d,deterministic,2577,17704,2022-11-29,0.40000000940635805,3.16000007763505,1,"C:\Users\yasemin.bozkurt\Desktop\article\DLPIF-repo-update\src\baseline_results.pkl::all_scenarios[(""knn"", ""block30d"")]"
KNN,block30d,deterministic,2581,17704,2022-11-30,0.8000000188127161,1.4400000471621752,1,"C:\Users\yasemin.bozkurt\Desktop\article\DLPIF-repo-update\src\baseline_results.pkl::all_scenarios[(""knn"", ""block30d"")]"
KNN,block30d,deterministic,2585,17704,2022-12-01,0.0,1.0400000045076014,1,"C:\Users\yasemin.bozkurt\Desktop\article\DLPIF-repo-update\src\baseline_results.pkl::all_scenarios[(""knn"", ""block30d"")]"
KNN,block30d,deterministic,2589,17704,2022-12-02,1.8000000257045032,3.92000003233552,1,"C:\Users\yasemin.bozkurt\Desktop\article\DLPIF-repo-update\src\baseline_results.pkl::all_scenarios[(""knn"", ""block30d"")]"
KNN,block30d,deterministic,2593,17704,2022-12-03,0.40000000940635805,1.20000006146729,1,"C:\Users\yasemin.bozkurt\Desktop\article\DLPIF-repo-update\src\baseline_results.pkl::all_scenarios[(""knn"", ""block30d"")]"
KNN,block30d,deterministic,2597,17704,2022-12-04,0.0,0.20000000470317902,1,"C:\Users\yasemin.bozkurt\Desktop\article\DLPIF-repo-update\src\baseline_results.pkl::all_scenarios[(""knn"", ""block30d"")]"
KNN,block30d,deterministic,2601,17704,2022-12-05,0.0,5.760000188648701,1,"C:\Users\yasemin.bozkurt\Desktop\article\DLPIF-repo-update\src\baseline_results.pkl::all_scenarios[(""knn"", ""block30d"")]"
KNN,block30d,deterministic,2605,17704,2022-12-06,0.0,0.0,1,"C:\Users\yasemin.bozkurt\Desktop\article\DLPIF-repo-update\src\baseline_results.pkl::all_scenarios[(""knn"", ""block30d"")]"
KNN,block30d,deterministic,2609,17704,2022-12-07,0.0,0.0,1,"C:\Users\yasemin.bozkurt\Desktop\article\DLPIF-repo-update\src\baseline_results.pkl::all_scenarios[(""knn"", ""block30d"")]"
KNN,block30d,deterministic,2613,17704,2022-12-08,0.20000000470317902,0.5200000355020166,1,"C:\Users\yasemin.bozkurt\Desktop\article\DLPIF-repo-update\src\baseline_results.pkl::all_scenarios[(""knn"", ""block30d"")]"
KNN,block30d,deterministic,2617,17704,2022-12-09,0.600000030733645,6.000000174343587,1,"C:\Users\yasemin.bozkurt\Desktop\article\DLPIF-repo-update\src\baseline_results.pkl::all_scenarios[(""knn"", ""block30d"")]"
KNN,block30d,deterministic,2621,17704,2022-12-10,0.0,1.000000073388219,1,"C:\Users\yasemin.bozkurt\Desktop\article\DLPIF-repo-update\src\baseline_results.pkl::all_scenarios[(""knn"", ""block30d"")]"
KNN,block30d,deterministic,2625,17704,2022-12-11,2.8000000990927223,2.2800001300871373,1,"C:\Users\yasemin.bozkurt\Desktop\article\DLPIF-repo-update\src\baseline_results.pkl::all_scenarios[(""knn"", ""block30d"")]"
KNN,block30d,deterministic,2629,17704,2022-12-12,4.400000003725291,21.240000861883164,1,"C:\Users\yasemin.bozkurt\Desktop\article\DLPIF-repo-update\src\baseline_results.pkl::all_scenarios[(""knn"", ""block30d"")]"
KNN,block30d,deterministic,2633,17704,2022-12-13,1.6000000376254322,1.4000000495463611,1,"C:\Users\yasemin.bozkurt\Desktop\article\DLPIF-repo-update\src\baseline_results.pkl::all_scenarios[(""knn"", ""block30d"")]"
KNN,block30d,deterministic,2637,17704,2022-12-14,0.0,4.280000010877848,1,"C:\Users\yasemin.bozkurt\Desktop\article\DLPIF-repo-update\src\baseline_results.pkl::all_scenarios[(""knn"", ""block30d"")]"
KNN,block30d,deterministic,2641,17704,2022-12-15,0.0,9.560000494122505,1,"C:\Users\yasemin.bozkurt\Desktop\article\DLPIF-repo-update\src\baseline_results.pkl::all_scenarios[(""knn"", ""block30d"")]"
KNN,block30d,deterministic,2642,17748,2022-12-15,0.0,7.680000074207784,1,"C:\Users\yasemin.bozkurt\Desktop\article\DLPIF-repo-update\src\baseline_results.pkl::all_scenarios[(""knn"", ""block30d"")]"
KNN,block30d,deterministic,2645,17704,2022-12-16,0.0,0.0,1,"C:\Users\yasemin.bozkurt\Desktop\article\DLPIF-repo-update\src\baseline_results.pkl::all_scenarios[(""knn"", ""block30d"")]"
KNN,block30d,deterministic,2646,17748,2022-12-16,0.0,5.960000176727772,1,"C:\Users\yasemin.bozkurt\Desktop\article\DLPIF-repo-update\src\baseline_results.pkl::all_scenarios[(""knn"", ""block30d"")]"
KNN,block30d,deterministic,2649,17704,2022-12-17,0.0,0.0800000035436824,1,"C:\Users\yasemin.bozkurt\Desktop\article\DLPIF-repo-update\src\baseline_results.pkl::all_scenarios[(""knn"", ""block30d"")]"
KNN,block30d,deterministic,2650,17748,2022-12-17,0.0,8.880000002682209,1,"C:\Users\yasemin.bozkurt\Desktop\article\DLPIF-repo-update\src\baseline_results.pkl::all_scenarios[(""knn"", ""block30d"")]"
KNN,block30d,deterministic,2653,17704,2022-12-18,0.0,0.0800000035436824,1,"C:\Users\yasemin.bozkurt\Desktop\article\DLPIF-repo-update\src\baseline_results.pkl::all_scenarios[(""knn"", ""block30d"")]"
KNN,block30d,deterministic,2654,17748,2022-12-18,0.0,1.8800000209361316,1,"C:\Users\yasemin.bozkurt\Desktop\article\DLPIF-repo-update\src\baseline_results.pkl::all_scenarios[(""knn"", ""block30d"")]"
KNN,block30d,deterministic,2658,17748,2022-12-19,0.0,3.320000068098307,1,"C:\Users\yasemin.bozkurt\Desktop\article\DLPIF-repo-update\src\baseline_results.pkl::all_scenarios[(""knn"", ""block30d"")]"
KNN,block30d,deterministic,2662,17748,2022-12-20,0.0,0.2400000189431012,1,"C:\Users\yasemin.bozkurt\Desktop\article\DLPIF-repo-update\src\baseline_results.pkl::all_scenarios[(""knn"", ""block30d"")]"
KNN,block30d,deterministic,2666,17748,2022-12-21,0.0,0.0800000035436824,1,"C:\Users\yasemin.bozkurt\Desktop\article\DLPIF-repo-update\src\baseline_results.pkl::all_scenarios[(""knn"", ""block30d"")]"
KNN,block30d,deterministic,2670,17748,2022-12-22,0.0,0.0,1,"C:\Users\yasemin.bozkurt\Desktop\article\DLPIF-repo-update\src\baseline_results.pkl::all_scenarios[(""knn"", ""block30d"")]"
KNN,block30d,deterministic,2674,17748,2022-12-23,0.0,0.600000030733645,1,"C:\Users\yasemin.bozkurt\Desktop\article\DLPIF-repo-update\src\baseline_results.pkl::all_scenarios[(""knn"", ""block30d"")]"
KNN,block30d,deterministic,2678,17748,2022-12-24,0.0,2.240000132471323,1,"C:\Users\yasemin.bozkurt\Desktop\article\DLPIF-repo-update\src\baseline_results.pkl::all_scenarios[(""knn"", ""block30d"")]"
KNN,block30d,deterministic,2682,17748,2022-12-25,0.0,8.840000005066395,1,"C:\Users\yasemin.bozkurt\Desktop\article\DLPIF-repo-update\src\baseline_results.pkl::all_scenarios[(""knn"", ""block30d"")]"
KNN,block30d,deterministic,2686,17748,2022-12-26,0.20000000470317902,0.0,1,"C:\Users\yasemin.bozkurt\Desktop\article\DLPIF-repo-update\src\baseline_results.pkl::all_scenarios[(""knn"", ""block30d"")]"
KNN,block30d,deterministic,2690,17748,2022-12-27,0.0,0.0800000035436824,1,"C:\Users\yasemin.bozkurt\Desktop\article\DLPIF-repo-update\src\baseline_results.pkl::all_scenarios[(""knn"", ""block30d"")]"
KNN,block30d,deterministic,2694,17748,2022-12-28,0.0,0.0800000035436824,1,"C:\Users\yasemin.bozkurt\Desktop\article\DLPIF-repo-update\src\baseline_results.pkl::all_scenarios[(""knn"", ""block30d"")]"
KNN,block30d,deterministic,2698,17748,2022-12-29,0.0,0.44000000702217223,1,"C:\Users\yasemin.bozkurt\Desktop\article\DLPIF-repo-update\src\baseline_results.pkl::all_scenarios[(""knn"", ""block30d"")]"
KNN,block30d,deterministic,2702,17748,2022-12-30,0.0,0.0800000035436824,1,"C:\Users\yasemin.bozkurt\Desktop\article\DLPIF-repo-update\src\baseline_results.pkl::all_scenarios[(""knn"", ""block30d"")]"
KNN,block30d,deterministic,2706,17748,2022-12-31,0.0,0.0,1,"C:\Users\yasemin.bozkurt\Desktop\article\DLPIF-repo-update\src\baseline_results.pkl::all_scenarios[(""knn"", ""block30d"")]"
KNN,block30d,deterministic,2710,17748,2023-01-01,0.0,0.0,1,"C:\Users\yasemin.bozkurt\Desktop\article\DLPIF-repo-update\src\baseline_results.pkl::all_scenarios[(""knn"", ""block30d"")]"
KNN,block30d,deterministic,2714,17748,2023-01-02,0.0,0.0,1,"C:\Users\yasemin.bozkurt\Desktop\article\DLPIF-repo-update\src\baseline_results.pkl::all_scenarios[(""knn"", ""block30d"")]"
KNN,block30d,deterministic,2718,17748,2023-01-03,0.0,0.0,1,"C:\Users\yasemin.bozkurt\Desktop\article\DLPIF-repo-update\src\baseline_results.pkl::all_scenarios[(""knn"", ""block30d"")]"
KNN,block30d,deterministic,2722,17748,2023-01-04,0.0,0.2800000165589154,1,"C:\Users\yasemin.bozkurt\Desktop\article\DLPIF-repo-update\src\baseline_results.pkl::all_scenarios[(""knn"", ""block30d"")]"
KNN,block30d,deterministic,2726,17748,2023-01-05,0.0,2.1200001396238806,1,"C:\Users\yasemin.bozkurt\Desktop\article\DLPIF-repo-update\src\baseline_results.pkl::all_scenarios[(""knn"", ""block30d"")]"
KNN,block30d,deterministic,2730,17748,2023-01-06,0.0,0.0800000035436824,1,"C:\Users\yasemin.bozkurt\Desktop\article\DLPIF-repo-update\src\baseline_results.pkl::all_scenarios[(""knn"", ""block30d"")]"
KNN,block30d,deterministic,2734,17748,2023-01-07,0.0,0.0400000017718412,1,"C:\Users\yasemin.bozkurt\Desktop\article\DLPIF-repo-update\src\baseline_results.pkl::all_scenarios[(""knn"", ""block30d"")]"
KNN,block30d,deterministic,2738,17748,2023-01-08,0.0,0.0400000017718412,1,"C:\Users\yasemin.bozkurt\Desktop\article\DLPIF-repo-update\src\baseline_results.pkl::all_scenarios[(""knn"", ""block30d"")]"
KNN,block30d,deterministic,2742,17748,2023-01-09,0.0,0.0,1,"C:\Users\yasemin.bozkurt\Desktop\article\DLPIF-repo-update\src\baseline_results.pkl::all_scenarios[(""knn"", ""block30d"")]"
KNN,block30d,deterministic,2746,17748,2023-01-10,0.0,0.0800000035436824,1,"C:\Users\yasemin.bozkurt\Desktop\article\DLPIF-repo-update\src\baseline_results.pkl::all_scenarios[(""knn"", ""block30d"")]"
KNN,block30d,deterministic,2750,17748,2023-01-11,19.00000099539757,9.040000525116922,1,"C:\Users\yasemin.bozkurt\Desktop\article\DLPIF-repo-update\src\baseline_results.pkl::all_scenarios[(""knn"", ""block30d"")]"
KNN,block30d,deterministic,2754,17748,2023-01-12,19.00000099539757,8.84000053703785,1,"C:\Users\yasemin.bozkurt\Desktop\article\DLPIF-repo-update\src\baseline_results.pkl::all_scenarios[(""knn"", ""block30d"")]"
KNN,block30d,deterministic,2758,17748,2023-01-13,3.8000000394880775,3.680000046640635,1,"C:\Users\yasemin.bozkurt\Desktop\article\DLPIF-repo-update\src\baseline_results.pkl::all_scenarios[(""knn"", ""block30d"")]"
KNN,block30d,deterministic,2811,17750,2023-01-26,0.0,0.0,1,"C:\Users\yasemin.bozkurt\Desktop\article\DLPIF-repo-update\src\baseline_results.pkl::all_scenarios[(""knn"", ""block30d"")]"
KNN,block30d,deterministic,2815,17750,2023-01-27,0.0,0.7600000211969019,1,"C:\Users\yasemin.bozkurt\Desktop\article\DLPIF-repo-update\src\baseline_results.pkl::all_scenarios[(""knn"", ""block30d"")]"
KNN,block30d,deterministic,2819,17750,2023-01-28,20.60000090003014,5.600000198185445,1,"C:\Users\yasemin.bozkurt\Desktop\article\DLPIF-repo-update\src\baseline_results.pkl::all_scenarios[(""knn"", ""block30d"")]"
KNN,block30d,deterministic,2823,17750,2023-01-29,3.2000000752508644,4.880000241100788,1,"C:\Users\yasemin.bozkurt\Desktop\article\DLPIF-repo-update\src\baseline_results.pkl::all_scenarios[(""knn"", ""block30d"")]"
KNN,block30d,deterministic,2827,17750,2023-01-30,0.40000000940635805,8.080000050365925,1,"C:\Users\yasemin.bozkurt\Desktop\article\DLPIF-repo-update\src\baseline_results.pkl::all_scenarios[(""knn"", ""block30d"")]"
KNN,block30d,deterministic,2831,17750,2023-01-31,0.0,5.56000020056963,1,"C:\Users\yasemin.bozkurt\Desktop\article\DLPIF-repo-update\src\baseline_results.pkl::all_scenarios[(""knn"", ""block30d"")]"
KNN,block30d,deterministic,2835,17750,2023-02-01,0.600000030733645,6.6000001385808,1,"C:\Users\yasemin.bozkurt\Desktop\article\DLPIF-repo-update\src\baseline_results.pkl::all_scenarios[(""knn"", ""block30d"")]"
KNN,block30d,deterministic,2839,17750,2023-02-02,0.0,0.0,1,"C:\Users\yasemin.bozkurt\Desktop\article\DLPIF-repo-update\src\baseline_results.pkl::all_scenarios[(""knn"", ""block30d"")]"
KNN,block30d,deterministic,2843,17750,2023-02-03,0.0,0.8400000164285303,1,"C:\Users\yasemin.bozkurt\Desktop\article\DLPIF-repo-update\src\baseline_results.pkl::all_scenarios[(""knn"", ""block30d"")]"
KNN,block30d,deterministic,2847,17750,2023-02-04,0.8000000188127161,0.1200000094715506,1,"C:\Users\yasemin.bozkurt\Desktop\article\DLPIF-repo-update\src\baseline_results.pkl::all_scenarios[(""knn"", ""block30d"")]"
KNN,block30d,deterministic,2851,17750,2023-02-05,3.0000000871717933,0.1600000070873648,1,"C:\Users\yasemin.bozkurt\Desktop\article\DLPIF-repo-update\src\baseline_results.pkl::all_scenarios[(""knn"", ""block30d"")]"
KNN,block30d,deterministic,2855,17750,2023-02-06,0.600000030733645,0.20000000470317902,1,"C:\Users\yasemin.bozkurt\Desktop\article\DLPIF-repo-update\src\baseline_results.pkl::all_scenarios[(""knn"", ""block30d"")]"
KNN,block30d,deterministic,2859,17750,2023-02-07,0.0,6.160000164806843,1,"C:\Users\yasemin.bozkurt\Desktop\article\DLPIF-repo-update\src\baseline_results.pkl::all_scenarios[(""knn"", ""block30d"")]"
KNN,block30d,deterministic,2863,17750,2023-02-08,0.0,0.0,1,"C:\Users\yasemin.bozkurt\Desktop\article\DLPIF-repo-update\src\baseline_results.pkl::all_scenarios[(""knn"", ""block30d"")]"
KNN,block30d,deterministic,2867,17750,2023-02-09,0.0,0.0,1,"C:\Users\yasemin.bozkurt\Desktop\article\DLPIF-repo-update\src\baseline_results.pkl::all_scenarios[(""knn"", ""block30d"")]"
KNN,block30d,deterministic,2871,17750,2023-02-10,0.0,0.0,1,"C:\Users\yasemin.bozkurt\Desktop\article\DLPIF-repo-update\src\baseline_results.pkl::all_scenarios[(""knn"", ""block30d"")]"
KNN,block30d,deterministic,2875,17750,2023-02-11,0.0,0.0400000017718412,1,"C:\Users\yasemin.bozkurt\Desktop\article\DLPIF-repo-update\src\baseline_results.pkl::all_scenarios[(""knn"", ""block30d"")]"
KNN,block30d,deterministic,2879,17750,2023-02-12,0.0,0.0,1,"C:\Users\yasemin.bozkurt\Desktop\article\DLPIF-repo-update\src\baseline_results.pkl::all_scenarios[(""knn"", ""block30d"")]"
KNN,block30d,deterministic,2883,17750,2023-02-13,0.0,0.0,1,"C:\Users\yasemin.bozkurt\Desktop\article\DLPIF-repo-update\src\baseline_results.pkl::all_scenarios[(""knn"", ""block30d"")]"
KNN,block30d,deterministic,2887,17750,2023-02-14,0.0,0.0,1,"C:\Users\yasemin.bozkurt\Desktop\article\DLPIF-repo-update\src\baseline_results.pkl::all_scenarios[(""knn"", ""block30d"")]"
KNN,block30d,deterministic,2891,17750,2023-02-15,0.0,0.3200000141747296,1,"C:\Users\yasemin.bozkurt\Desktop\article\DLPIF-repo-update\src\baseline_results.pkl::all_scenarios[(""knn"", ""block30d"")]"
KNN,block30d,deterministic,2895,17750,2023-02-16,0.0,0.0,1,"C:\Users\yasemin.bozkurt\Desktop\article\DLPIF-repo-update\src\baseline_results.pkl::all_scenarios[(""knn"", ""block30d"")]"
KNN,block30d,deterministic,2899,17750,2023-02-17,0.0,0.0,1,"C:\Users\yasemin.bozkurt\Desktop\article\DLPIF-repo-update\src\baseline_results.pkl::all_scenarios[(""knn"", ""block30d"")]"
KNN,block30d,deterministic,2903,17750,2023-02-18,0.0,0.0,1,"C:\Users\yasemin.bozkurt\Desktop\article\DLPIF-repo-update\src\baseline_results.pkl::all_scenarios[(""knn"", ""block30d"")]"
KNN,block30d,deterministic,2907,17750,2023-02-19,0.0,0.0800000035436824,1,"C:\Users\yasemin.bozkurt\Desktop\article\DLPIF-repo-update\src\baseline_results.pkl::all_scenarios[(""knn"", ""block30d"")]"
KNN,block30d,deterministic,2911,17750,2023-02-20,0.0,0.8800000140443445,1,"C:\Users\yasemin.bozkurt\Desktop\article\DLPIF-repo-update\src\baseline_results.pkl::all_scenarios[(""knn"", ""block30d"")]"
KNN,block30d,deterministic,2915,17750,2023-02-21,0.0,0.0,1,"C:\Users\yasemin.bozkurt\Desktop\article\DLPIF-repo-update\src\baseline_results.pkl::all_scenarios[(""knn"", ""block30d"")]"
KNN,block30d,deterministic,2919,17750,2023-02-22,0.20000000470317902,0.0400000017718412,1,"C:\Users\yasemin.bozkurt\Desktop\article\DLPIF-repo-update\src\baseline_results.pkl::all_scenarios[(""knn"", ""block30d"")]"
KNN,block30d,deterministic,2923,17750,2023-02-23,0.0,0.0,1,"C:\Users\yasemin.bozkurt\Desktop\article\DLPIF-repo-update\src\baseline_results.pkl::all_scenarios[(""knn"", ""block30d"")]"
KNN,block30d,deterministic,2927,17750,2023-02-24,0.0,0.0,1,"C:\Users\yasemin.bozkurt\Desktop\article\DLPIF-repo-update\src\baseline_results.pkl::all_scenarios[(""knn"", ""block30d"")]"
KNN,block30d,deterministic,2997,17704,2023-03-14,0.0,1.96000001616776,1,"C:\Users\yasemin.bozkurt\Desktop\article\DLPIF-repo-update\src\baseline_results.pkl::all_scenarios[(""knn"", ""block30d"")]"
KNN,block30d,deterministic,3001,17704,2023-03-15,0.0,0.0,1,"C:\Users\yasemin.bozkurt\Desktop\article\DLPIF-repo-update\src\baseline_results.pkl::all_scenarios[(""knn"", ""block30d"")]"
KNN,block30d,deterministic,3005,17704,2023-03-16,0.8000000188127161,0.20000000470317902,1,"C:\Users\yasemin.bozkurt\Desktop\article\DLPIF-repo-update\src\baseline_results.pkl::all_scenarios[(""knn"", ""block30d"")]"
KNN,block30d,deterministic,3009,17704,2023-03-17,2.6000001110136512,12.480000320076943,1,"C:\Users\yasemin.bozkurt\Desktop\article\DLPIF-repo-update\src\baseline_results.pkl::all_scenarios[(""knn"", ""block30d"")]"
KNN,block30d,deterministic,3013,17704,2023-03-18,0.600000030733645,3.4800000585615636,1,"C:\Users\yasemin.bozkurt\Desktop\article\DLPIF-repo-update\src\baseline_results.pkl::all_scenarios[(""knn"", ""block30d"")]"
KNN,block30d,deterministic,3017,17704,2023-03-19,0.0,6.8800001218914995,1,"C:\Users\yasemin.bozkurt\Desktop\article\DLPIF-repo-update\src\baseline_results.pkl::all_scenarios[(""knn"", ""block30d"")]"
KNN,block30d,deterministic,3021,17704,2023-03-20,0.20000000470317902,1.2800000566989185,1,"C:\Users\yasemin.bozkurt\Desktop\article\DLPIF-repo-update\src\baseline_results.pkl::all_scenarios[(""knn"", ""block30d"")]"
KNN,block30d,deterministic,3025,17704,2023-03-21,0.0,0.0,1,"C:\Users\yasemin.bozkurt\Desktop\article\DLPIF-repo-update\src\baseline_results.pkl::all_scenarios[(""knn"", ""block30d"")]"
KNN,block30d,deterministic,3029,17704,2023-03-22,0.0,0.8400000164285303,1,"C:\Users\yasemin.bozkurt\Desktop\article\DLPIF-repo-update\src\baseline_results.pkl::all_scenarios[(""knn"", ""block30d"")]"
KNN,block30d,deterministic,3033,17704,2023-03-23,17.20000003874302,3.2400000728666787,1,"C:\Users\yasemin.bozkurt\Desktop\article\DLPIF-repo-update\src\baseline_results.pkl::all_scenarios[(""knn"", ""block30d"")]"
KNN,block30d,deterministic,3037,17704,2023-03-24,0.40000000940635805,1.20000006146729,1,"C:\Users\yasemin.bozkurt\Desktop\article\DLPIF-repo-update\src\baseline_results.pkl::all_scenarios[(""knn"", ""block30d"")]"
KNN,block30d,deterministic,3041,17704,2023-03-25,0.0,0.0,1,"C:\Users\yasemin.bozkurt\Desktop\article\DLPIF-repo-update\src\baseline_results.pkl::all_scenarios[(""knn"", ""block30d"")]"
KNN,block30d,deterministic,3045,17704,2023-03-26,0.0,0.0800000035436824,1,"C:\Users\yasemin.bozkurt\Desktop\article\DLPIF-repo-update\src\baseline_results.pkl::all_scenarios[(""knn"", ""block30d"")]"
KNN,block30d,deterministic,3049,17704,2023-03-27,0.0,0.0,1,"C:\Users\yasemin.bozkurt\Desktop\article\DLPIF-repo-update\src\baseline_results.pkl::all_scenarios[(""knn"", ""block30d"")]"
KNN,block30d,deterministic,3053,17704,2023-03-28,1.4000000495463611,0.600000030733645,1,"C:\Users\yasemin.bozkurt\Desktop\article\DLPIF-repo-update\src\baseline_results.pkl::all_scenarios[(""knn"", ""block30d"")]"
KNN,block30d,deterministic,3057,17704,2023-03-29,16.400000086426736,2.2800001300871373,1,"C:\Users\yasemin.bozkurt\Desktop\article\DLPIF-repo-update\src\baseline_results.pkl::all_scenarios[(""knn"", ""block30d"")]"
KNN,block30d,deterministic,3061,17704,2023-03-30,3.4000000633299354,0.0,1,"C:\Users\yasemin.bozkurt\Desktop\article\DLPIF-repo-update\src\baseline_results.pkl::all_scenarios[(""knn"", ""block30d"")]"
KNN,block30d,deterministic,3065,17704,2023-03-31,1.0000000068917871,0.0,1,"C:\Users\yasemin.bozkurt\Desktop\article\DLPIF-repo-update\src\baseline_results.pkl::all_scenarios[(""knn"", ""block30d"")]"
KNN,block30d,deterministic,3069,17704,2023-04-01,0.0,0.0,1,"C:\Users\yasemin.bozkurt\Desktop\article\DLPIF-repo-update\src\baseline_results.pkl::all_scenarios[(""knn"", ""block30d"")]"
KNN,block30d,deterministic,3073,17704,2023-04-02,0.0,1.560000040009618,1,"C:\Users\yasemin.bozkurt\Desktop\article\DLPIF-repo-update\src\baseline_results.pkl::all_scenarios[(""knn"", ""block30d"")]"
KNN,block30d,deterministic,3077,17704,2023-04-03,1.4000000495463611,0.0,1,"C:\Users\yasemin.bozkurt\Desktop\article\DLPIF-repo-update\src\baseline_results.pkl::all_scenarios[(""knn"", ""block30d"")]"
KNN,block30d,deterministic,3081,17704,2023-04-04,1.20000006146729,0.600000030733645,1,"C:\Users\yasemin.bozkurt\Desktop\article\DLPIF-repo-update\src\baseline_results.pkl::all_scenarios[(""knn"", ""block30d"")]"
KNN,block30d,deterministic,3085,17704,2023-04-05,5.600000198185445,9.760000482201576,1,"C:\Users\yasemin.bozkurt\Desktop\article\DLPIF-repo-update\src\baseline_results.pkl::all_scenarios[(""knn"", ""block30d"")]"
KNN,block30d,deterministic,3089,17704,2023-04-06,13.40000026524067,10.920000413060189,1,"C:\Users\yasemin.bozkurt\Desktop\article\DLPIF-repo-update\src\baseline_results.pkl::all_scenarios[(""knn"", ""block30d"")]"
KNN,block30d,deterministic,3093,17704,2023-04-07,7.800000067055226,4.040000025182962,1,"C:\Users\yasemin.bozkurt\Desktop\article\DLPIF-repo-update\src\baseline_results.pkl::all_scenarios[(""knn"", ""block30d"")]"
KNN,block30d,deterministic,3097,17704,2023-04-08,1.8000000257045032,1.0000000068917871,1,"C:\Users\yasemin.bozkurt\Desktop\article\DLPIF-repo-update\src\baseline_results.pkl::all_scenarios[(""knn"", ""block30d"")]"
KNN,block30d,deterministic,3101,17704,2023-04-09,0.0,1.0400000045076014,1,"C:\Users\yasemin.bozkurt\Desktop\article\DLPIF-repo-update\src\baseline_results.pkl::all_scenarios[(""knn"", ""block30d"")]"
KNN,block30d,deterministic,3105,17704,2023-04-10,0.40000000940635805,2.560000113397837,1,"C:\Users\yasemin.bozkurt\Desktop\article\DLPIF-repo-update\src\baseline_results.pkl::all_scenarios[(""knn"", ""block30d"")]"
KNN,block30d,deterministic,3109,17704,2023-04-11,1.20000006146729,1.6000000376254322,1,"C:\Users\yasemin.bozkurt\Desktop\article\DLPIF-repo-update\src\baseline_results.pkl::all_scenarios[(""knn"", ""block30d"")]"
KNN,block30d,deterministic,3113,17704,2023-04-12,1.0000000068917871,0.24000000231899324,1,"C:\Users\yasemin.bozkurt\Desktop\article\DLPIF-repo-update\src\baseline_results.pkl::all_scenarios[(""knn"", ""block30d"")]"
KNN,block30d,deterministic,3161,17704,2023-04-24,0.600000030733645,2.9200000919401647,1,"C:\Users\yasemin.bozkurt\Desktop\article\DLPIF-repo-update\src\baseline_results.pkl::all_scenarios[(""knn"", ""block30d"")]"
KNN,block30d,deterministic,3165,17704,2023-04-25,0.0,0.0400000017718412,1,"C:\Users\yasemin.bozkurt\Desktop\article\DLPIF-repo-update\src\baseline_results.pkl::all_scenarios[(""knn"", ""block30d"")]"
KNN,block30d,deterministic,3169,17704,2023-04-26,0.0,1.0400000045076014,1,"C:\Users\yasemin.bozkurt\Desktop\article\DLPIF-repo-update\src\baseline_results.pkl::all_scenarios[(""knn"", ""block30d"")]"
KNN,block30d,deterministic,3173,17704,2023-04-27,11.000000408291818,2.0400000113993886,1,"C:\Users\yasemin.bozkurt\Desktop\article\DLPIF-repo-update\src\baseline_results.pkl::all_scenarios[(""knn"", ""block30d"")]"
KNN,block30d,deterministic,3177,17704,2023-04-28,11.800000360608102,10.520000436902047,1,"C:\Users\yasemin.bozkurt\Desktop\article\DLPIF-repo-update\src\baseline_results.pkl::all_scenarios[(""knn"", ""block30d"")]"
KNN,block30d,deterministic,3181,17704,2023-04-29,3.2000000752508644,4.040000025182962,1,"C:\Users\yasemin.bozkurt\Desktop\article\DLPIF-repo-update\src\baseline_results.pkl::all_scenarios[(""knn"", ""block30d"")]"
KNN,block30d,deterministic,3185,17704,2023-04-30,0.0,0.6400000283494592,1,"C:\Users\yasemin.bozkurt\Desktop\article\DLPIF-repo-update\src\baseline_results.pkl::all_scenarios[(""knn"", ""block30d"")]"
KNN,block30d,deterministic,3189,17704,2023-05-01,0.0,0.0,1,"C:\Users\yasemin.bozkurt\Desktop\article\DLPIF-repo-update\src\baseline_results.pkl::all_scenarios[(""knn"", ""block30d"")]"
KNN,block30d,deterministic,3193,17704,2023-05-02,0.0,0.6400000283494592,1,"C:\Users\yasemin.bozkurt\Desktop\article\DLPIF-repo-update\src\baseline_results.pkl::all_scenarios[(""knn"", ""block30d"")]"
KNN,block30d,deterministic,3197,17704,2023-05-03,0.0,0.0400000017718412,1,"C:\Users\yasemin.bozkurt\Desktop\article\DLPIF-repo-update\src\baseline_results.pkl::all_scenarios[(""knn"", ""block30d"")]"
KNN,block30d,deterministic,3201,17704,2023-05-04,2.6000001110136512,8.020000585913658,1,"C:\Users\yasemin.bozkurt\Desktop\article\DLPIF-repo-update\src\baseline_results.pkl::all_scenarios[(""knn"", ""block30d"")]"
KNN,block30d,deterministic,3205,17704,2023-05-05,1.20000006146729,0.8000000188127161,1,"C:\Users\yasemin.bozkurt\Desktop\article\DLPIF-repo-update\src\baseline_results.pkl::all_scenarios[(""knn"", ""block30d"")]"
KNN,block30d,deterministic,3209,17704,2023-05-06,9.200000515580179,2.760000101476908,1,"C:\Users\yasemin.bozkurt\Desktop\article\DLPIF-repo-update\src\baseline_results.pkl::all_scenarios[(""knn"", ""block30d"")]"
KNN,block30d,deterministic,3213,17704,2023-05-07,0.0,0.8000000188127161,1,"C:\Users\yasemin.bozkurt\Desktop\article\DLPIF-repo-update\src\baseline_results.pkl::all_scenarios[(""knn"", ""block30d"")]"
KNN,block30d,deterministic,3216,17155,2023-05-08,0.0,0.5600000331178308,1,"C:\Users\yasemin.bozkurt\Desktop\article\DLPIF-repo-update\src\baseline_results.pkl::all_scenarios[(""knn"", ""block30d"")]"
KNN,block30d,deterministic,3217,17704,2023-05-08,0.0,0.9200000781565906,1,"C:\Users\yasemin.bozkurt\Desktop\article\DLPIF-repo-update\src\baseline_results.pkl::all_scenarios[(""knn"", ""block30d"")]"
KNN,block30d,deterministic,3220,17155,2023-05-09,0.0,0.12000000115949662,1,"C:\Users\yasemin.bozkurt\Desktop\article\DLPIF-repo-update\src\baseline_results.pkl::all_scenarios[(""knn"", ""block30d"")]"
KNN,block30d,deterministic,3221,17704,2023-05-09,0.0,0.0,1,"C:\Users\yasemin.bozkurt\Desktop\article\DLPIF-repo-update\src\baseline_results.pkl::all_scenarios[(""knn"", ""block30d"")]"
KNN,block30d,deterministic,3224,17155,2023-05-10,0.40000000940635805,2.6000001110136512,1,"C:\Users\yasemin.bozkurt\Desktop\article\DLPIF-repo-update\src\baseline_results.pkl::all_scenarios[(""knn"", ""block30d"")]"
KNN,block30d,deterministic,3225,17704,2023-05-10,0.0,4.680000253021717,1,"C:\Users\yasemin.bozkurt\Desktop\article\DLPIF-repo-update\src\baseline_results.pkl::all_scenarios[(""knn"", ""block30d"")]"
KNN,block30d,deterministic,3228,17155,2023-05-11,1.1000000009313227,2.6800001062452794,1,"C:\Users\yasemin.bozkurt\Desktop\article\DLPIF-repo-update\src\baseline_results.pkl::all_scenarios[(""knn"", ""block30d"")]"
KNN,block30d,deterministic,3229,17704,2023-05-11,1.4000000495463611,3.720000044256449,1,"C:\Users\yasemin.bozkurt\Desktop\article\DLPIF-repo-update\src\baseline_results.pkl::all_scenarios[(""knn"", ""block30d"")]"
KNN,block30d,deterministic,3232,17155,2023-05-12,6.700000132620335,8.200000575184824,1,"C:\Users\yasemin.bozkurt\Desktop\article\DLPIF-repo-update\src\baseline_results.pkl::all_scenarios[(""knn"", ""block30d"")]"
KNN,block30d,deterministic,3233,17704,2023-05-12,7.600000078976155,2.960000089555979,1,"C:\Users\yasemin.bozkurt\Desktop\article\DLPIF-repo-update\src\baseline_results.pkl::all_scenarios[(""knn"", ""block30d"")]"
KNN,block30d,deterministic,3236,17155,2023-05-13,1.6000000376254322,0.5600000331178308,1,"C:\Users\yasemin.bozkurt\Desktop\article\DLPIF-repo-update\src\baseline_results.pkl::all_scenarios[(""knn"", ""block30d"")]"
KNN,block30d,deterministic,3237,17704,2023-05-13,0.20000000470317902,2.440000120550394,1,"C:\Users\yasemin.bozkurt\Desktop\article\DLPIF-repo-update\src\baseline_results.pkl::all_scenarios[(""knn"", ""block30d"")]"
KNN,block30d,deterministic,3240,17155,2023-05-14,0.0,0.0,1,"C:\Users\yasemin.bozkurt\Desktop\article\DLPIF-repo-update\src\baseline_results.pkl::all_scenarios[(""knn"", ""block30d"")]"
KNN,block30d,deterministic,3241,17704,2023-05-14,0.0,1.0800000021234155,1,"C:\Users\yasemin.bozkurt\Desktop\article\DLPIF-repo-update\src\baseline_results.pkl::all_scenarios[(""knn"", ""block30d"")]"
KNN,block30d,deterministic,3244,17155,2023-05-15,0.0,0.0,1,"C:\Users\yasemin.bozkurt\Desktop\article\DLPIF-repo-update\src\baseline_results.pkl::all_scenarios[(""knn"", ""block30d"")]"
KNN,block30d,deterministic,3245,17704,2023-05-15,0.0,0.8800000140443445,1,"C:\Users\yasemin.bozkurt\Desktop\article\DLPIF-repo-update\src\baseline_results.pkl::all_scenarios[(""knn"", ""block30d"")]"
KNN,block30d,deterministic,3248,17155,2023-05-16,0.0,0.0,1,"C:\Users\yasemin.bozkurt\Desktop\article\DLPIF-repo-update\src\baseline_results.pkl::all_scenarios[(""knn"", ""block30d"")]"
KNN,block30d,deterministic,3249,17704,2023-05-16,0.0,0.0,1,"C:\Users\yasemin.bozkurt\Desktop\article\DLPIF-repo-update\src\baseline_results.pkl::all_scenarios[(""knn"", ""block30d"")]"
KNN,block30d,deterministic,3250,17748,2023-05-16,0.0,0.0,1,"C:\Users\yasemin.bozkurt\Desktop\article\DLPIF-repo-update\src\baseline_results.pkl::all_scenarios[(""knn"", ""block30d"")]"
KNN,block30d,deterministic,3252,17155,2023-05-17,2.3000001288950447,1.6800000328570606,1,"C:\Users\yasemin.bozkurt\Desktop\article\DLPIF-repo-update\src\baseline_results.pkl::all_scenarios[(""knn"", ""block30d"")]"
KNN,block30d,deterministic,3253,17704,2023-05-17,6.6000001385808,2.440000120550394,1,"C:\Users\yasemin.bozkurt\Desktop\article\DLPIF-repo-update\src\baseline_results.pkl::all_scenarios[(""knn"", ""block30d"")]"
KNN,block30d,deterministic,3254,17748,2023-05-17,9.800000479817392,3.120000080019236,1,"C:\Users\yasemin.bozkurt\Desktop\article\DLPIF-repo-update\src\baseline_results.pkl::all_scenarios[(""knn"", ""block30d"")]"
KNN,block30d,deterministic,3256,17155,2023-05-18,22.300000798702243,11.680000367760659,1,"C:\Users\yasemin.bozkurt\Desktop\article\DLPIF-repo-update\src\baseline_results.pkl::all_scenarios[(""knn"", ""block30d"")]"
KNN,block30d,deterministic,3257,17704,2023-05-18,31.400000256299975,2.560000113397837,1,"C:\Users\yasemin.bozkurt\Desktop\article\DLPIF-repo-update\src\baseline_results.pkl::all_scenarios[(""knn"", ""block30d"")]"
KNN,block30d,deterministic,3258,17748,2023-05-18,13.600000253319742,3.9600000299513343,1,"C:\Users\yasemin.bozkurt\Desktop\article\DLPIF-repo-update\src\baseline_results.pkl::all_scenarios[(""knn"", ""block30d"")]"
KNN,block30d,deterministic,3260,17155,2023-05-19,2.40000012293458,10.480000439286233,1,"C:\Users\yasemin.bozkurt\Desktop\article\DLPIF-repo-update\src\baseline_results.pkl::all_scenarios[(""knn"", ""block30d"")]"
KNN,block30d,deterministic,3261,17704,2023-05-19,6.800000126659871,9.60000049173832,1,"C:\Users\yasemin.bozkurt\Desktop\article\DLPIF-repo-update\src\baseline_results.pkl::all_scenarios[(""knn"", ""block30d"")]"
KNN,block30d,deterministic,3262,17748,2023-05-19,3.2000000752508644,3.2400000728666787,1,"C:\Users\yasemin.bozkurt\Desktop\article\DLPIF-repo-update\src\baseline_results.pkl::all_scenarios[(""knn"", ""block30d"")]"
KNN,block30d,deterministic,3264,17155,2023-05-20,0.9000000128522516,2.160000004246831,1,"C:\Users\yasemin.bozkurt\Desktop\article\DLPIF-repo-update\src\baseline_results.pkl::all_scenarios[(""knn"", ""block30d"")]"
KNN,block30d,deterministic,3265,17704,2023-05-20,2.6000001110136512,2.6000001110136512,1,"C:\Users\yasemin.bozkurt\Desktop\article\DLPIF-repo-update\src\baseline_results.pkl::all_scenarios[(""knn"", ""block30d"")]"
KNN,block30d,deterministic,3266,17748,2023-05-20,0.40000000940635805,3.4000000633299354,1,"C:\Users\yasemin.bozkurt\Desktop\article\DLPIF-repo-update\src\baseline_results.pkl::all_scenarios[(""knn"", ""block30d"")]"
KNN,block30d,deterministic,3268,17155,2023-05-21,0.0,5.520000202953816,1,"C:\Users\yasemin.bozkurt\Desktop\article\DLPIF-repo-update\src\baseline_results.pkl::all_scenarios[(""knn"", ""block30d"")]"
KNN,block30d,deterministic,3269,17704,2023-05-21,0.600000030733645,2.6000001110136512,1,"C:\Users\yasemin.bozkurt\Desktop\article\DLPIF-repo-update\src\baseline_results.pkl::all_scenarios[(""knn"", ""block30d"")]"
KNN,block30d,deterministic,3270,17748,2023-05-21,1.6000000376254322,1.1600000638514758,1,"C:\Users\yasemin.bozkurt\Desktop\article\DLPIF-repo-update\src\baseline_results.pkl::all_scenarios[(""knn"", ""block30d"")]"
KNN,block30d,deterministic,3272,17155,2023-05-22,2.2000000018626453,5.800000186264516,1,"C:\Users\yasemin.bozkurt\Desktop\article\DLPIF-repo-update\src\baseline_results.pkl::all_scenarios[(""knn"", ""block30d"")]"
KNN,block30d,deterministic,3273,17704,2023-05-22,18.000001055002215,11.32000038921833,1,"C:\Users\yasemin.bozkurt\Desktop\article\DLPIF-repo-update\src\baseline_results.pkl::all_scenarios[(""knn"", ""block30d"")]"
KNN,block30d,deterministic,3274,17748,2023-05-22,0.20000000470317902,0.0,1,"C:\Users\yasemin.bozkurt\Desktop\article\DLPIF-repo-update\src\baseline_results.pkl::all_scenarios[(""knn"", ""block30d"")]"
KNN,block30d,deterministic,3276,17155,2023-05-23,2.0000000137835743,2.6400001086294655,1,"C:\Users\yasemin.bozkurt\Desktop\article\DLPIF-repo-update\src\baseline_results.pkl::all_scenarios[(""knn"", ""block30d"")]"
KNN,block30d,deterministic,3277,17704,2023-05-23,0.20000000470317902,5.320000214874745,1,"C:\Users\yasemin.bozkurt\Desktop\article\DLPIF-repo-update\src\baseline_results.pkl::all_scenarios[(""knn"", ""block30d"")]"
KNN,block30d,deterministic,3278,17748,2023-05-23,23.800000709295276,4.280000010877848,1,"C:\Users\yasemin.bozkurt\Desktop\article\DLPIF-repo-update\src\baseline_results.pkl::all_scenarios[(""knn"", ""block30d"")]"
KNN,block30d,deterministic,3280,17155,2023-05-24,9.000000527501108,7.240000632405281,1,"C:\Users\yasemin.bozkurt\Desktop\article\DLPIF-repo-update\src\baseline_results.pkl::all_scenarios[(""knn"", ""block30d"")]"
KNN,block30d,deterministic,3282,17748,2023-05-24,0.40000000940635805,2.360000125318766,1,"C:\Users\yasemin.bozkurt\Desktop\article\DLPIF-repo-update\src\baseline_results.pkl::all_scenarios[(""knn"", ""block30d"")]"
KNN,block30d,deterministic,3284,17155,2023-05-25,1.8000000257045032,4.520000262558461,1,"C:\Users\yasemin.bozkurt\Desktop\article\DLPIF-repo-update\src\baseline_results.pkl::all_scenarios[(""knn"", ""block30d"")]"
KNN,block30d,deterministic,3286,17748,2023-05-25,0.0,3.680000046640635,1,"C:\Users\yasemin.bozkurt\Desktop\article\DLPIF-repo-update\src\baseline_results.pkl::all_scenarios[(""knn"", ""block30d"")]"
KNN,block30d,deterministic,3287,17750,2023-05-25,15.600000134110452,2.5200001157820227,1,"C:\Users\yasemin.bozkurt\Desktop\article\DLPIF-repo-update\src\baseline_results.pkl::all_scenarios[(""knn"", ""block30d"")]"
KNN,block30d,deterministic,3288,17155,2023-05-26,0.0,1.8800001539289952,1,"C:\Users\yasemin.bozkurt\Desktop\article\DLPIF-repo-update\src\baseline_results.pkl::all_scenarios[(""knn"", ""block30d"")]"
KNN,block30d,deterministic,3290,17748,2023-05-26,0.20000000470317902,4.360000272095204,1,"C:\Users\yasemin.bozkurt\Desktop\article\DLPIF-repo-update\src\baseline_results.pkl::all_scenarios[(""knn"", ""block30d"")]"
KNN,block30d,deterministic,3291,17750,2023-05-26,0.20000000470317902,2.6800001062452794,1,"C:\Users\yasemin.bozkurt\Desktop\article\DLPIF-repo-update\src\baseline_results.pkl::all_scenarios[(""knn"", ""block30d"")]"
KNN,block30d,deterministic,3292,17155,2023-05-27,0.0,3.8000000394880775,1,"C:\Users\yasemin.bozkurt\Desktop\article\DLPIF-repo-update\src\baseline_results.pkl::all_scenarios[(""knn"", ""block30d"")]"
KNN,block30d,deterministic,3294,17748,2023-05-27,0.20000000470317902,0.20000000470317902,1,"C:\Users\yasemin.bozkurt\Desktop\article\DLPIF-repo-update\src\baseline_results.pkl::all_scenarios[(""knn"", ""block30d"")]"
KNN,block30d,deterministic,3295,17750,2023-05-27,1.0000000068917871,2.9200000919401647,1,"C:\Users\yasemin.bozkurt\Desktop\article\DLPIF-repo-update\src\baseline_results.pkl::all_scenarios[(""knn"", ""block30d"")]"
KNN,block30d,deterministic,3296,17155,2023-05-28,10.100000461935998,14.880000177025796,1,"C:\Users\yasemin.bozkurt\Desktop\article\DLPIF-repo-update\src\baseline_results.pkl::all_scenarios[(""knn"", ""block30d"")]"
KNN,block30d,deterministic,3298,17748,2023-05-28,2.2000000018626453,0.44000000702217223,1,"C:\Users\yasemin.bozkurt\Desktop\article\DLPIF-repo-update\src\baseline_results.pkl::all_scenarios[(""knn"", ""block30d"")]"
KNN,block30d,deterministic,3299,17750,2023-05-28,11.600000372529031,5.480000205338002,1,"C:\Users\yasemin.bozkurt\Desktop\article\DLPIF-repo-update\src\baseline_results.pkl::all_scenarios[(""knn"", ""block30d"")]"
KNN,block30d,deterministic,3300,17155,2023-05-29,0.0,3.9400000311434273,1,"C:\Users\yasemin.bozkurt\Desktop\article\DLPIF-repo-update\src\baseline_results.pkl::all_scenarios[(""knn"", ""block30d"")]"
KNN,block30d,deterministic,3302,17748,2023-05-29,28.000000458955768,0.1600000070873648,1,"C:\Users\yasemin.bozkurt\Desktop\article\DLPIF-repo-update\src\baseline_results.pkl::all_scenarios[(""knn"", ""block30d"")]"
KNN,block30d,deterministic,3303,17750,2023-05-29,0.8000000188127161,4.560000260174275,1,"C:\Users\yasemin.bozkurt\Desktop\article\DLPIF-repo-update\src\baseline_results.pkl::all_scenarios[(""knn"", ""block30d"")]"
KNN,block30d,deterministic,3304,17155,2023-05-30,2.6000001110136512,7.560000081360341,1,"C:\Users\yasemin.bozkurt\Desktop\article\DLPIF-repo-update\src\baseline_results.pkl::all_scenarios[(""knn"", ""block30d"")]"
KNN,block30d,deterministic,3306,17748,2023-05-30,1.6000000376254322,0.1600000070873648,1,"C:\Users\yasemin.bozkurt\Desktop\article\DLPIF-repo-update\src\baseline_results.pkl::all_scenarios[(""knn"", ""block30d"")]"
KNN,block30d,deterministic,3307,17750,2023-05-30,18.000001055002215,7.36000009328127,1,"C:\Users\yasemin.bozkurt\Desktop\article\DLPIF-repo-update\src\baseline_results.pkl::all_scenarios[(""knn"", ""block30d"")]"
KNN,block30d,deterministic,3308,17155,2023-05-31,10.600000432133676,11.88000035583973,1,"C:\Users\yasemin.bozkurt\Desktop\article\DLPIF-repo-update\src\baseline_results.pkl::all_scenarios[(""knn"", ""block30d"")]"
KNN,block30d,deterministic,3310,17748,2023-05-31,2.0000000137835743,5.480000205338002,1,"C:\Users\yasemin.bozkurt\Desktop\article\DLPIF-repo-update\src\baseline_results.pkl::all_scenarios[(""knn"", ""block30d"")]"
KNN,block30d,deterministic,3311,17750,2023-05-31,1.4000000495463611,3.92000003233552,1,"C:\Users\yasemin.bozkurt\Desktop\article\DLPIF-repo-update\src\baseline_results.pkl::all_scenarios[(""knn"", ""block30d"")]"
KNN,block30d,deterministic,3312,17155,2023-06-01,30.700000298023227,14.920000174641611,1,"C:\Users\yasemin.bozkurt\Desktop\article\DLPIF-repo-update\src\baseline_results.pkl::all_scenarios[(""knn"", ""block30d"")]"
KNN,block30d,deterministic,3314,17748,2023-06-01,5.0000002339482315,2.7200001038610937,1,"C:\Users\yasemin.bozkurt\Desktop\article\DLPIF-repo-update\src\baseline_results.pkl::all_scenarios[(""knn"", ""block30d"")]"
KNN,block30d,deterministic,3315,17750,2023-06-01,0.8000000188127161,4.32000027447939,1,"C:\Users\yasemin.bozkurt\Desktop\article\DLPIF-repo-update\src\baseline_results.pkl::all_scenarios[(""knn"", ""block30d"")]"
KNN,block30d,deterministic,3316,17155,2023-06-02,2.3000001288950447,8.46000002771616,1,"C:\Users\yasemin.bozkurt\Desktop\article\DLPIF-repo-update\src\baseline_results.pkl::all_scenarios[(""knn"", ""block30d"")]"
KNN,block30d,deterministic,3318,17748,2023-06-02,1.6000000376254322,0.40000000940635805,1,"C:\Users\yasemin.bozkurt\Desktop\article\DLPIF-repo-update\src\baseline_results.pkl::all_scenarios[(""knn"", ""block30d"")]"
KNN,block30d,deterministic,3319,17750,2023-06-02,0.0,4.400000003725291,1,"C:\Users\yasemin.bozkurt\Desktop\article\DLPIF-repo-update\src\baseline_results.pkl::all_scenarios[(""knn"", ""block30d"")]"
KNN,block30d,deterministic,3320,17155,2023-06-03,27.200000506639483,10.840000417828561,1,"C:\Users\yasemin.bozkurt\Desktop\article\DLPIF-repo-update\src\baseline_results.pkl::all_scenarios[(""knn"", ""block30d"")]"
KNN,block30d,deterministic,3322,17748,2023-06-03,17.600000014901163,6.0400001719594005,1,"C:\Users\yasemin.bozkurt\Desktop\article\DLPIF-repo-update\src\baseline_results.pkl::all_scenarios[(""knn"", ""block30d"")]"
KNN,block30d,deterministic,3323,17750,2023-06-03,30.000000339746478,8.360000033676625,1,"C:\Users\yasemin.bozkurt\Desktop\article\DLPIF-repo-update\src\baseline_results.pkl::all_scenarios[(""knn"", ""block30d"")]"
KNN,block30d,deterministic,3324,17155,2023-06-04,19.00000099539757,10.720000424981118,1,"C:\Users\yasemin.bozkurt\Desktop\article\DLPIF-repo-update\src\baseline_results.pkl::all_scenarios[(""knn"", ""block30d"")]"
KNN,block30d,deterministic,3326,17748,2023-06-04,8.200000043213368,4.520000262558461,1,"C:\Users\yasemin.bozkurt\Desktop\article\DLPIF-repo-update\src\baseline_results.pkl::all_scenarios[(""knn"", ""block30d"")]"
KNN,block30d,deterministic,3327,17750,2023-06-04,1.8000000257045032,5.160000224411488,1,"C:\Users\yasemin.bozkurt\Desktop\article\DLPIF-repo-update\src\baseline_results.pkl::all_scenarios[(""knn"", ""block30d"")]"
KNN,block30d,deterministic,3328,17155,2023-06-05,0.0,1.4400000471621752,1,"C:\Users\yasemin.bozkurt\Desktop\article\DLPIF-repo-update\src\baseline_results.pkl::all_scenarios[(""knn"", ""block30d"")]"
KNN,block30d,deterministic,3330,17748,2023-06-05,0.600000030733645,14.64000019133091,1,"C:\Users\yasemin.bozkurt\Desktop\article\DLPIF-repo-update\src\baseline_results.pkl::all_scenarios[(""knn"", ""block30d"")]"
KNN,block30d,deterministic,3331,17750,2023-06-05,1.20000006146729,4.400000269711018,1,"C:\Users\yasemin.bozkurt\Desktop\article\DLPIF-repo-update\src\baseline_results.pkl::all_scenarios[(""knn"", ""block30d"")]"
KNN,block30d,deterministic,3332,17155,2023-06-06,0.0,1.2400000590831042,1,"C:\Users\yasemin.bozkurt\Desktop\article\DLPIF-repo-update\src\baseline_results.pkl::all_scenarios[(""knn"", ""block30d"")]"
KNN,block30d,deterministic,3334,17748,2023-06-06,0.20000000470317902,4.000000027567149,1,"C:\Users\yasemin.bozkurt\Desktop\article\DLPIF-repo-update\src\baseline_results.pkl::all_scenarios[(""knn"", ""block30d"")]"
KNN,block30d,deterministic,3335,17750,2023-06-06,0.20000000470317902,0.1200000094715506,1,"C:\Users\yasemin.bozkurt\Desktop\article\DLPIF-repo-update\src\baseline_results.pkl::all_scenarios[(""knn"", ""block30d"")]"
KNN,block30d,deterministic,3338,17748,2023-06-07,0.20000000470317902,2.760000101476908,1,"C:\Users\yasemin.bozkurt\Desktop\article\DLPIF-repo-update\src\baseline_results.pkl::all_scenarios[(""knn"", ""block30d"")]"
KNN,block30d,deterministic,3339,17750,2023-06-07,0.0,0.7600000211969019,1,"C:\Users\yasemin.bozkurt\Desktop\article\DLPIF-repo-update\src\baseline_results.pkl::all_scenarios[(""knn"", ""block30d"")]"
KNN,block30d,deterministic,3342,17748,2023-06-08,0.0,3.16000007763505,1,"C:\Users\yasemin.bozkurt\Desktop\article\DLPIF-repo-update\src\baseline_results.pkl::all_scenarios[(""knn"", ""block30d"")]"
KNN,block30d,deterministic,3343,17750,2023-06-08,0.0,0.8400000164285303,1,"C:\Users\yasemin.bozkurt\Desktop\article\DLPIF-repo-update\src\baseline_results.pkl::all_scenarios[(""knn"", ""block30d"")]"
KNN,block30d,deterministic,3346,17748,2023-06-09,4.000000027567149,3.4400000609457497,1,"C:\Users\yasemin.bozkurt\Desktop\article\DLPIF-repo-update\src\baseline_results.pkl::all_scenarios[(""knn"", ""block30d"")]"
KNN,block30d,deterministic,3347,17750,2023-06-09,8.800000007450581,5.280000217258931,1,"C:\Users\yasemin.bozkurt\Desktop\article\DLPIF-repo-update\src\baseline_results.pkl::all_scenarios[(""knn"", ""block30d"")]"
KNN,block30d,deterministic,3350,17748,2023-06-10,3.6000000514090065,3.4000000633299354,1,"C:\Users\yasemin.bozkurt\Desktop\article\DLPIF-repo-update\src\baseline_results.pkl::all_scenarios[(""knn"", ""block30d"")]"
KNN,block30d,deterministic,3351,17750,2023-06-10,0.600000030733645,1.760000028088689,1,"C:\Users\yasemin.bozkurt\Desktop\article\DLPIF-repo-update\src\baseline_results.pkl::all_scenarios[(""knn"", ""block30d"")]"
KNN,block30d,deterministic,3354,17748,2023-06-11,0.20000000470317902,1.560000040009618,1,"C:\Users\yasemin.bozkurt\Desktop\article\DLPIF-repo-update\src\baseline_results.pkl::all_scenarios[(""knn"", ""block30d"")]"
KNN,block30d,deterministic,3355,17750,2023-06-11,0.0,0.0,1,"C:\Users\yasemin.bozkurt\Desktop\article\DLPIF-repo-update\src\baseline_results.pkl::all_scenarios[(""knn"", ""block30d"")]"
KNN,block30d,deterministic,3358,17748,2023-06-12,0.0,3.640000315010548,1,"C:\Users\yasemin.bozkurt\Desktop\article\DLPIF-repo-update\src\baseline_results.pkl::all_scenarios[(""knn"", ""block30d"")]"
KNN,block30d,deterministic,3359,17750,2023-06-12,0.0,0.5600000331178308,1,"C:\Users\yasemin.bozkurt\Desktop\article\DLPIF-repo-update\src\baseline_results.pkl::all_scenarios[(""knn"", ""block30d"")]"
KNN,block30d,deterministic,3362,17748,2023-06-13,0.8000000188127161,6.360000152885914,1,"C:\Users\yasemin.bozkurt\Desktop\article\DLPIF-repo-update\src\baseline_results.pkl::all_scenarios[(""knn"", ""block30d"")]"
KNN,block30d,deterministic,3363,17750,2023-06-13,9.000000527501108,4.80000024586916,1,"C:\Users\yasemin.bozkurt\Desktop\article\DLPIF-repo-update\src\baseline_results.pkl::all_scenarios[(""knn"", ""block30d"")]"
KNN,block30d,deterministic,3366,17748,2023-06-14,0.20000000470317902,1.4800000447779895,1,"C:\Users\yasemin.bozkurt\Desktop\article\DLPIF-repo-update\src\baseline_results.pkl::all_scenarios[(""knn"", ""block30d"")]"
KNN,block30d,deterministic,3367,17750,2023-06-14,0.0,1.6400000352412463,1,"C:\Users\yasemin.bozkurt\Desktop\article\DLPIF-repo-update\src\baseline_results.pkl::all_scenarios[(""knn"", ""block30d"")]"
KNN,block30d,deterministic,3371,17750,2023-06-15,0.0,0.0400000017718412,1,"C:\Users\yasemin.bozkurt\Desktop\article\DLPIF-repo-update\src\baseline_results.pkl::all_scenarios[(""knn"", ""block30d"")]"
KNN,block30d,deterministic,3375,17750,2023-06-16,0.0,1.8000000257045032,1,"C:\Users\yasemin.bozkurt\Desktop\article\DLPIF-repo-update\src\baseline_results.pkl::all_scenarios[(""knn"", ""block30d"")]"
KNN,block30d,deterministic,3379,17750,2023-06-17,2.6000001110136512,10.200000455975534,1,"C:\Users\yasemin.bozkurt\Desktop\article\DLPIF-repo-update\src\baseline_results.pkl::all_scenarios[(""knn"", ""block30d"")]"
KNN,block30d,deterministic,3383,17750,2023-06-18,6.800000126659871,4.4400000013411045,1,"C:\Users\yasemin.bozkurt\Desktop\article\DLPIF-repo-update\src\baseline_results.pkl::all_scenarios[(""knn"", ""block30d"")]"
KNN,block30d,deterministic,3387,17750,2023-06-19,42.800001704692846,3.320000068098307,1,"C:\Users\yasemin.bozkurt\Desktop\article\DLPIF-repo-update\src\baseline_results.pkl::all_scenarios[(""knn"", ""block30d"")]"
KNN,block30d,deterministic,3391,17750,2023-06-20,0.20000000470317902,1.6400000352412463,1,"C:\Users\yasemin.bozkurt\Desktop\article\DLPIF-repo-update\src\baseline_results.pkl::all_scenarios[(""knn"", ""block30d"")]"
KNN,block30d,deterministic,3395,17750,2023-06-21,0.0,1.0400000045076014,1,"C:\Users\yasemin.bozkurt\Desktop\article\DLPIF-repo-update\src\baseline_results.pkl::all_scenarios[(""knn"", ""block30d"")]"
KNN,block30d,deterministic,3399,17750,2023-06-22,0.0,0.0800000035436824,1,"C:\Users\yasemin.bozkurt\Desktop\article\DLPIF-repo-update\src\baseline_results.pkl::all_scenarios[(""knn"", ""block30d"")]"
KNN,block30d,deterministic,3402,17748,2023-06-23,0.0,1.5200000423938038,1,"C:\Users\yasemin.bozkurt\Desktop\article\DLPIF-repo-update\src\baseline_results.pkl::all_scenarios[(""knn"", ""block30d"")]"
KNN,block30d,deterministic,3403,17750,2023-06-23,0.0,0.0400000017718412,1,"C:\Users\yasemin.bozkurt\Desktop\article\DLPIF-repo-update\src\baseline_results.pkl::all_scenarios[(""knn"", ""block30d"")]"
KNN,block30d,deterministic,3406,17748,2023-06-24,0.0,0.0,1,"C:\Users\yasemin.bozkurt\Desktop\article\DLPIF-repo-update\src\baseline_results.pkl::all_scenarios[(""knn"", ""block30d"")]"
KNN,block30d,deterministic,3410,17748,2023-06-25,0.0,1.4000000495463611,1,"C:\Users\yasemin.bozkurt\Desktop\article\DLPIF-repo-update\src\baseline_results.pkl::all_scenarios[(""knn"", ""block30d"")]"
KNN,block30d,deterministic,3414,17748,2023-06-26,0.0,2.1200001396238806,1,"C:\Users\yasemin.bozkurt\Desktop\article\DLPIF-repo-update\src\baseline_results.pkl::all_scenarios[(""knn"", ""block30d"")]"
KNN,block30d,deterministic,3418,17748,2023-06-27,0.0,1.4800000447779895,1,"C:\Users\yasemin.bozkurt\Desktop\article\DLPIF-repo-update\src\baseline_results.pkl::all_scenarios[(""knn"", ""block30d"")]"
KNN,block30d,deterministic,3422,17748,2023-06-28,0.0,3.520000056177378,1,"C:\Users\yasemin.bozkurt\Desktop\article\DLPIF-repo-update\src\baseline_results.pkl::all_scenarios[(""knn"", ""block30d"")]"
KNN,block30d,deterministic,3426,17748,2023-06-29,0.0,0.0,1,"C:\Users\yasemin.bozkurt\Desktop\article\DLPIF-repo-update\src\baseline_results.pkl::all_scenarios[(""knn"", ""block30d"")]"
KNN,block30d,deterministic,3430,17748,2023-06-30,0.0,0.3200000141747296,1,"C:\Users\yasemin.bozkurt\Desktop\article\DLPIF-repo-update\src\baseline_results.pkl::all_scenarios[(""knn"", ""block30d"")]"
KNN,block30d,deterministic,3434,17748,2023-07-01,0.0,0.0400000017718412,1,"C:\Users\yasemin.bozkurt\Desktop\article\DLPIF-repo-update\src\baseline_results.pkl::all_scenarios[(""knn"", ""block30d"")]"
KNN,block30d,deterministic,3438,17748,2023-07-02,0.0,0.0,1,"C:\Users\yasemin.bozkurt\Desktop\article\DLPIF-repo-update\src\baseline_results.pkl::all_scenarios[(""knn"", ""block30d"")]"
KNN,block30d,deterministic,3442,17748,2023-07-03,0.0,0.0,1,"C:\Users\yasemin.bozkurt\Desktop\article\DLPIF-repo-update\src\baseline_results.pkl::all_scenarios[(""knn"", ""block30d"")]"
KNN,block30d,deterministic,3446,17748,2023-07-04,0.0,4.560000260174275,1,"C:\Users\yasemin.bozkurt\Desktop\article\DLPIF-repo-update\src\baseline_results.pkl::all_scenarios[(""knn"", ""block30d"")]"
KNN,block30d,deterministic,3450,17748,2023-07-05,0.0,0.2800000165589154,1,"C:\Users\yasemin.bozkurt\Desktop\article\DLPIF-repo-update\src\baseline_results.pkl::all_scenarios[(""knn"", ""block30d"")]"
KNN,block30d,deterministic,3454,17748,2023-07-06,1.8000000257045032,12.960000291466715,1,"C:\Users\yasemin.bozkurt\Desktop\article\DLPIF-repo-update\src\baseline_results.pkl::all_scenarios[(""knn"", ""block30d"")]"
KNN,block30d,deterministic,3458,17748,2023-07-07,7.400000090897084,5.760000188648701,1,"C:\Users\yasemin.bozkurt\Desktop\article\DLPIF-repo-update\src\baseline_results.pkl::all_scenarios[(""knn"", ""block30d"")]"
KNN,block30d,deterministic,3462,17748,2023-07-08,0.40000000940635805,14.000000229477884,1,"C:\Users\yasemin.bozkurt\Desktop\article\DLPIF-repo-update\src\baseline_results.pkl::all_scenarios[(""knn"", ""block30d"")]"
KNN,block30d,deterministic,3466,17748,2023-07-09,0.0,0.0400000017718412,1,"C:\Users\yasemin.bozkurt\Desktop\article\DLPIF-repo-update\src\baseline_results.pkl::all_scenarios[(""knn"", ""block30d"")]"
KNN,block30d,deterministic,3470,17748,2023-07-10,0.0,0.0,1,"C:\Users\yasemin.bozkurt\Desktop\article\DLPIF-repo-update\src\baseline_results.pkl::all_scenarios[(""knn"", ""block30d"")]"
KNN,block30d,deterministic,3474,17748,2023-07-11,0.0,0.0400000017718412,1,"C:\Users\yasemin.bozkurt\Desktop\article\DLPIF-repo-update\src\baseline_results.pkl::all_scenarios[(""knn"", ""block30d"")]"
KNN,block30d,deterministic,3478,17748,2023-07-12,0.0,0.0,1,"C:\Users\yasemin.bozkurt\Desktop\article\DLPIF-repo-update\src\baseline_results.pkl::all_scenarios[(""knn"", ""block30d"")]"
KNN,block30d,deterministic,3482,17748,2023-07-13,0.0,0.2400000189431012,1,"C:\Users\yasemin.bozkurt\Desktop\article\DLPIF-repo-update\src\baseline_results.pkl::all_scenarios[(""knn"", ""block30d"")]"
KNN,block30d,deterministic,3486,17748,2023-07-14,0.0,0.0,1,"C:\Users\yasemin.bozkurt\Desktop\article\DLPIF-repo-update\src\baseline_results.pkl::all_scenarios[(""knn"", ""block30d"")]"
KNN,block30d,deterministic,3490,17748,2023-07-15,0.0,0.12000000115949662,1,"C:\Users\yasemin.bozkurt\Desktop\article\DLPIF-repo-update\src\baseline_results.pkl::all_scenarios[(""knn"", ""block30d"")]"
KNN,block30d,deterministic,3494,17748,2023-07-16,0.0,0.0,1,"C:\Users\yasemin.bozkurt\Desktop\article\DLPIF-repo-update\src\baseline_results.pkl::all_scenarios[(""knn"", ""block30d"")]"
KNN,block30d,deterministic,3498,17748,2023-07-17,0.0,0.0,1,"C:\Users\yasemin.bozkurt\Desktop\article\DLPIF-repo-update\src\baseline_results.pkl::all_scenarios[(""knn"", ""block30d"")]"
KNN,block30d,deterministic,3502,17748,2023-07-18,0.0,0.0,1,"C:\Users\yasemin.bozkurt\Desktop\article\DLPIF-repo-update\src\baseline_results.pkl::all_scenarios[(""knn"", ""block30d"")]"
KNN,block30d,deterministic,3506,17748,2023-07-19,0.0,0.20000000470317902,1,"C:\Users\yasemin.bozkurt\Desktop\article\DLPIF-repo-update\src\baseline_results.pkl::all_scenarios[(""knn"", ""block30d"")]"
KNN,block30d,deterministic,3510,17748,2023-07-20,0.0,0.0,1,"C:\Users\yasemin.bozkurt\Desktop\article\DLPIF-repo-update\src\baseline_results.pkl::all_scenarios[(""knn"", ""block30d"")]"
KNN,block30d,deterministic,3514,17748,2023-07-21,0.0,0.0,1,"C:\Users\yasemin.bozkurt\Desktop\article\DLPIF-repo-update\src\baseline_results.pkl::all_scenarios[(""knn"", ""block30d"")]"
KNN,block30d,deterministic,3518,17748,2023-07-22,0.0,0.0,1,"C:\Users\yasemin.bozkurt\Desktop\article\DLPIF-repo-update\src\baseline_results.pkl::all_scenarios[(""knn"", ""block30d"")]"
KNN,block30d,deterministic,3552,17155,2023-07-31,0.0,0.0,1,"C:\Users\yasemin.bozkurt\Desktop\article\DLPIF-repo-update\src\baseline_results.pkl::all_scenarios[(""knn"", ""block30d"")]"
KNN,block30d,deterministic,3556,17155,2023-08-01,0.0,0.0400000017718412,1,"C:\Users\yasemin.bozkurt\Desktop\article\DLPIF-repo-update\src\baseline_results.pkl::all_scenarios[(""knn"", ""block30d"")]"
KNN,block30d,deterministic,3560,17155,2023-08-02,0.0,0.0,1,"C:\Users\yasemin.bozkurt\Desktop\article\DLPIF-repo-update\src\baseline_results.pkl::all_scenarios[(""knn"", ""block30d"")]"
KNN,block30d,deterministic,3563,17750,2023-08-02,0.0,0.0,1,"C:\Users\yasemin.bozkurt\Desktop\article\DLPIF-repo-update\src\baseline_results.pkl::all_scenarios[(""knn"", ""block30d"")]"
KNN,block30d,deterministic,3564,17155,2023-08-03,0.0,0.0,1,"C:\Users\yasemin.bozkurt\Desktop\article\DLPIF-repo-update\src\baseline_results.pkl::all_scenarios[(""knn"", ""block30d"")]"
KNN,block30d,deterministic,3567,17750,2023-08-03,0.0,0.2800000165589154,1,"C:\Users\yasemin.bozkurt\Desktop\article\DLPIF-repo-update\src\baseline_results.pkl::all_scenarios[(""knn"", ""block30d"")]"
KNN,block30d,deterministic,3568,17155,2023-08-04,0.0,0.0,1,"C:\Users\yasemin.bozkurt\Desktop\article\DLPIF-repo-update\src\baseline_results.pkl::all_scenarios[(""knn"", ""block30d"")]"
KNN,block30d,deterministic,3571,17750,2023-08-04,0.0,0.0,1,"C:\Users\yasemin.bozkurt\Desktop\article\DLPIF-repo-update\src\baseline_results.pkl::all_scenarios[(""knn"", ""block30d"")]"
KNN,block30d,deterministic,3572,17155,2023-08-05,0.0,0.0,1,"C:\Users\yasemin.bozkurt\Desktop\article\DLPIF-repo-update\src\baseline_results.pkl::all_scenarios[(""knn"", ""block30d"")]"
KNN,block30d,deterministic,3575,17750,2023-08-05,0.0,0.0,1,"C:\Users\yasemin.bozkurt\Desktop\article\DLPIF-repo-update\src\baseline_results.pkl::all_scenarios[(""knn"", ""block30d"")]"
KNN,block30d,deterministic,3576,17155,2023-08-06,0.0,0.0,1,"C:\Users\yasemin.bozkurt\Desktop\article\DLPIF-repo-update\src\baseline_results.pkl::all_scenarios[(""knn"", ""block30d"")]"
KNN,block30d,deterministic,3579,17750,2023-08-06,0.0,0.0,1,"C:\Users\yasemin.bozkurt\Desktop\article\DLPIF-repo-update\src\baseline_results.pkl::all_scenarios[(""knn"", ""block30d"")]"
KNN,block30d,deterministic,3580,17155,2023-08-07,0.0,0.0,1,"C:\Users\yasemin.bozkurt\Desktop\article\DLPIF-repo-update\src\baseline_results.pkl::all_scenarios[(""knn"", ""block30d"")]"
KNN,block30d,deterministic,3583,17750,2023-08-07,0.0,0.0,1,"C:\Users\yasemin.bozkurt\Desktop\article\DLPIF-repo-update\src\baseline_results.pkl::all_scenarios[(""knn"", ""block30d"")]"
KNN,block30d,deterministic,3584,17155,2023-08-08,0.0,1.3200000543147328,1,"C:\Users\yasemin.bozkurt\Desktop\article\DLPIF-repo-update\src\baseline_results.pkl::all_scenarios[(""knn"", ""block30d"")]"
KNN,block30d,deterministic,3587,17750,2023-08-08,0.0,0.0400000017718412,1,"C:\Users\yasemin.bozkurt\Desktop\article\DLPIF-repo-update\src\baseline_results.pkl::all_scenarios[(""knn"", ""block30d"")]"
KNN,block30d,deterministic,3588,17155,2023-08-09,0.0,11.12000040113926,1,"C:\Users\yasemin.bozkurt\Desktop\article\DLPIF-repo-update\src\baseline_results.pkl::all_scenarios[(""knn"", ""block30d"")]"
KNN,block30d,deterministic,3591,17750,2023-08-09,0.0,0.0400000017718412,1,"C:\Users\yasemin.bozkurt\Desktop\article\DLPIF-repo-update\src\baseline_results.pkl::all_scenarios[(""knn"", ""block30d"")]"
KNN,block30d,deterministic,3592,17155,2023-08-10,0.20000000470317902,3.2400000728666787,1,"C:\Users\yasemin.bozkurt\Desktop\article\DLPIF-repo-update\src\baseline_results.pkl::all_scenarios[(""knn"", ""block30d"")]"
KNN,block30d,deterministic,3595,17750,2023-08-10,0.0,0.0400000017718412,1,"C:\Users\yasemin.bozkurt\Desktop\article\DLPIF-repo-update\src\baseline_results.pkl::all_scenarios[(""knn"", ""block30d"")]"
KNN,block30d,deterministic,3596,17155,2023-08-11,0.5000000034458936,0.3200000141747296,1,"C:\Users\yasemin.bozkurt\Desktop\article\DLPIF-repo-update\src\baseline_results.pkl::all_scenarios[(""knn"", ""block30d"")]"
KNN,block30d,deterministic,3599,17750,2023-08-11,0.0,0.960000009275973,1,"C:\Users\yasemin.bozkurt\Desktop\article\DLPIF-repo-update\src\baseline_results.pkl::all_scenarios[(""knn"", ""block30d"")]"
KNN,block30d,deterministic,3600,17155,2023-08-12,0.0,0.4800000378862024,1,"C:\Users\yasemin.bozkurt\Desktop\article\DLPIF-repo-update\src\baseline_results.pkl::all_scenarios[(""knn"", ""block30d"")]"
KNN,block30d,deterministic,3603,17750,2023-08-12,0.0,0.0,1,"C:\Users\yasemin.bozkurt\Desktop\article\DLPIF-repo-update\src\baseline_results.pkl::all_scenarios[(""knn"", ""block30d"")]"
KNN,block30d,deterministic,3604,17155,2023-08-13,0.0,5.080000229179859,1,"C:\Users\yasemin.bozkurt\Desktop\article\DLPIF-repo-update\src\baseline_results.pkl::all_scenarios[(""knn"", ""block30d"")]"
KNN,block30d,deterministic,3607,17750,2023-08-13,0.0,0.0,1,"C:\Users\yasemin.bozkurt\Desktop\article\DLPIF-repo-update\src\baseline_results.pkl::all_scenarios[(""knn"", ""block30d"")]"
KNN,block30d,deterministic,3608,17155,2023-08-14,0.0,5.080000229179859,1,"C:\Users\yasemin.bozkurt\Desktop\article\DLPIF-repo-update\src\baseline_results.pkl::all_scenarios[(""knn"", ""block30d"")]"
KNN,block30d,deterministic,3611,17750,2023-08-14,0.0,0.0,1,"C:\Users\yasemin.bozkurt\Desktop\article\DLPIF-repo-update\src\baseline_results.pkl::all_scenarios[(""knn"", ""block30d"")]"
KNN,block30d,deterministic,3612,17155,2023-08-15,0.0,0.0,1,"C:\Users\yasemin.bozkurt\Desktop\article\DLPIF-repo-update\src\baseline_results.pkl::all_scenarios[(""knn"", ""block30d"")]"
KNN,block30d,deterministic,3615,17750,2023-08-15,0.0,0.0,1,"C:\Users\yasemin.bozkurt\Desktop\article\DLPIF-repo-update\src\baseline_results.pkl::all_scenarios[(""knn"", ""block30d"")]"
KNN,block30d,deterministic,3616,17155,2023-08-16,0.0,0.0,1,"C:\Users\yasemin.bozkurt\Desktop\article\DLPIF-repo-update\src\baseline_results.pkl::all_scenarios[(""knn"", ""block30d"")]"
KNN,block30d,deterministic,3619,17750,2023-08-16,0.0,0.0,1,"C:\Users\yasemin.bozkurt\Desktop\article\DLPIF-repo-update\src\baseline_results.pkl::all_scenarios[(""knn"", ""block30d"")]"
KNN,block30d,deterministic,3620,17155,2023-08-17,0.0,0.0,1,"C:\Users\yasemin.bozkurt\Desktop\article\DLPIF-repo-update\src\baseline_results.pkl::all_scenarios[(""knn"", ""block30d"")]"
KNN,block30d,deterministic,3623,17750,2023-08-17,0.0,0.0,1,"C:\Users\yasemin.bozkurt\Desktop\article\DLPIF-repo-update\src\baseline_results.pkl::all_scenarios[(""knn"", ""block30d"")]"
KNN,block30d,deterministic,3624,17155,2023-08-18,0.0,0.0,1,"C:\Users\yasemin.bozkurt\Desktop\article\DLPIF-repo-update\src\baseline_results.pkl::all_scenarios[(""knn"", ""block30d"")]"
KNN,block30d,deterministic,3627,17750,2023-08-18,0.20000000470317902,0.0,1,"C:\Users\yasemin.bozkurt\Desktop\article\DLPIF-repo-update\src\baseline_results.pkl::all_scenarios[(""knn"", ""block30d"")]"
KNN,block30d,deterministic,3628,17155,2023-08-19,0.0,0.0,1,"C:\Users\yasemin.bozkurt\Desktop\article\DLPIF-repo-update\src\baseline_results.pkl::all_scenarios[(""knn"", ""block30d"")]"
KNN,block30d,deterministic,3631,17750,2023-08-19,0.40000000940635805,0.0,1,"C:\Users\yasemin.bozkurt\Desktop\article\DLPIF-repo-update\src\baseline_results.pkl::all_scenarios[(""knn"", ""block30d"")]"
KNN,block30d,deterministic,3632,17155,2023-08-20,0.0,0.0,1,"C:\Users\yasemin.bozkurt\Desktop\article\DLPIF-repo-update\src\baseline_results.pkl::all_scenarios[(""knn"", ""block30d"")]"
KNN,block30d,deterministic,3635,17750,2023-08-20,0.0,0.0,1,"C:\Users\yasemin.bozkurt\Desktop\article\DLPIF-repo-update\src\baseline_results.pkl::all_scenarios[(""knn"", ""block30d"")]"
KNN,block30d,deterministic,3636,17155,2023-08-21,0.0,0.0,1,"C:\Users\yasemin.bozkurt\Desktop\article\DLPIF-repo-update\src\baseline_results.pkl::all_scenarios[(""knn"", ""block30d"")]"
KNN,block30d,deterministic,3639,17750,2023-08-21,0.0,0.0,1,"C:\Users\yasemin.bozkurt\Desktop\article\DLPIF-repo-update\src\baseline_results.pkl::all_scenarios[(""knn"", ""block30d"")]"
KNN,block30d,deterministic,3640,17155,2023-08-22,0.0,0.0,1,"C:\Users\yasemin.bozkurt\Desktop\article\DLPIF-repo-update\src\baseline_results.pkl::all_scenarios[(""knn"", ""block30d"")]"
KNN,block30d,deterministic,3643,17750,2023-08-22,0.0,0.0,1,"C:\Users\yasemin.bozkurt\Desktop\article\DLPIF-repo-update\src\baseline_results.pkl::all_scenarios[(""knn"", ""block30d"")]"
KNN,block30d,deterministic,3644,17155,2023-08-23,0.0,0.0,1,"C:\Users\yasemin.bozkurt\Desktop\article\DLPIF-repo-update\src\baseline_results.pkl::all_scenarios[(""knn"", ""block30d"")]"
KNN,block30d,deterministic,3647,17750,2023-08-23,0.0,0.0,1,"C:\Users\yasemin.bozkurt\Desktop\article\DLPIF-repo-update\src\baseline_results.pkl::all_scenarios[(""knn"", ""block30d"")]"
KNN,block30d,deterministic,3648,17155,2023-08-24,0.0,0.0,1,"C:\Users\yasemin.bozkurt\Desktop\article\DLPIF-repo-update\src\baseline_results.pkl::all_scenarios[(""knn"", ""block30d"")]"
KNN,block30d,deterministic,3651,17750,2023-08-24,0.0,0.0,1,"C:\Users\yasemin.bozkurt\Desktop\article\DLPIF-repo-update\src\baseline_results.pkl::all_scenarios[(""knn"", ""block30d"")]"
KNN,block30d,deterministic,3652,17155,2023-08-25,0.0,0.0,1,"C:\Users\yasemin.bozkurt\Desktop\article\DLPIF-repo-update\src\baseline_results.pkl::all_scenarios[(""knn"", ""block30d"")]"
KNN,block30d,deterministic,3655,17750,2023-08-25,0.0,0.0,1,"C:\Users\yasemin.bozkurt\Desktop\article\DLPIF-repo-update\src\baseline_results.pkl::all_scenarios[(""knn"", ""block30d"")]"
KNN,block30d,deterministic,3656,17155,2023-08-26,0.0,0.0,1,"C:\Users\yasemin.bozkurt\Desktop\article\DLPIF-repo-update\src\baseline_results.pkl::all_scenarios[(""knn"", ""block30d"")]"
KNN,block30d,deterministic,3659,17750,2023-08-26,0.0,0.0,1,"C:\Users\yasemin.bozkurt\Desktop\article\DLPIF-repo-update\src\baseline_results.pkl::all_scenarios[(""knn"", ""block30d"")]"
KNN,block30d,deterministic,3660,17155,2023-08-27,0.0,0.1200000094715506,1,"C:\Users\yasemin.bozkurt\Desktop\article\DLPIF-repo-update\src\baseline_results.pkl::all_scenarios[(""knn"", ""block30d"")]"
KNN,block30d,deterministic,3663,17750,2023-08-27,0.0,0.0,1,"C:\Users\yasemin.bozkurt\Desktop\article\DLPIF-repo-update\src\baseline_results.pkl::all_scenarios[(""knn"", ""block30d"")]"
KNN,block30d,deterministic,3664,17155,2023-08-28,0.5000000034458936,0.0,1,"C:\Users\yasemin.bozkurt\Desktop\article\DLPIF-repo-update\src\baseline_results.pkl::all_scenarios[(""knn"", ""block30d"")]"
KNN,block30d,deterministic,3667,17750,2023-08-28,0.0,0.12000000115949662,1,"C:\Users\yasemin.bozkurt\Desktop\article\DLPIF-repo-update\src\baseline_results.pkl::all_scenarios[(""knn"", ""block30d"")]"
KNN,block30d,deterministic,3668,17155,2023-08-29,0.7000000247731806,0.0400000017718412,1,"C:\Users\yasemin.bozkurt\Desktop\article\DLPIF-repo-update\src\baseline_results.pkl::all_scenarios[(""knn"", ""block30d"")]"
KNN,block30d,deterministic,3671,17750,2023-08-29,0.0,0.0400000017718412,1,"C:\Users\yasemin.bozkurt\Desktop\article\DLPIF-repo-update\src\baseline_results.pkl::all_scenarios[(""knn"", ""block30d"")]"
KNN,block30d,deterministic,3675,17750,2023-08-30,0.0,0.0,1,"C:\Users\yasemin.bozkurt\Desktop\article\DLPIF-repo-update\src\baseline_results.pkl::all_scenarios[(""knn"", ""block30d"")]"
KNN,block30d,deterministic,3679,17750,2023-08-31,0.0,0.1200000094715506,1,"C:\Users\yasemin.bozkurt\Desktop\article\DLPIF-repo-update\src\baseline_results.pkl::all_scenarios[(""knn"", ""block30d"")]"
KNN,block30d,deterministic,3729,17704,2023-09-13,0.0,0.0400000017718412,1,"C:\Users\yasemin.bozkurt\Desktop\article\DLPIF-repo-update\src\baseline_results.pkl::all_scenarios[(""knn"", ""block30d"")]"
KNN,block30d,deterministic,3733,17704,2023-09-14,0.0,0.0,1,"C:\Users\yasemin.bozkurt\Desktop\article\DLPIF-repo-update\src\baseline_results.pkl::all_scenarios[(""knn"", ""block30d"")]"
KNN,block30d,deterministic,3737,17704,2023-09-15,0.0,0.0,1,"C:\Users\yasemin.bozkurt\Desktop\article\DLPIF-repo-update\src\baseline_results.pkl::all_scenarios[(""knn"", ""block30d"")]"
KNN,block30d,deterministic,3741,17704,2023-09-16,0.0,0.0,1,"C:\Users\yasemin.bozkurt\Desktop\article\DLPIF-repo-update\src\baseline_results.pkl::all_scenarios[(""knn"", ""block30d"")]"
KNN,block30d,deterministic,3745,17704,2023-09-17,0.0,0.1600000070873648,1,"C:\Users\yasemin.bozkurt\Desktop\article\DLPIF-repo-update\src\baseline_results.pkl::all_scenarios[(""knn"", ""block30d"")]"
KNN,block30d,deterministic,3749,17704,2023-09-18,0.0,0.0800000035436824,1,"C:\Users\yasemin.bozkurt\Desktop\article\DLPIF-repo-update\src\baseline_results.pkl::all_scenarios[(""knn"", ""block30d"")]"
KNN,block30d,deterministic,3753,17704,2023-09-19,0.0,0.0,1,"C:\Users\yasemin.bozkurt\Desktop\article\DLPIF-repo-update\src\baseline_results.pkl::all_scenarios[(""knn"", ""block30d"")]"
KNN,block30d,deterministic,3757,17704,2023-09-20,0.0,0.0,1,"C:\Users\yasemin.bozkurt\Desktop\article\DLPIF-repo-update\src\baseline_results.pkl::all_scenarios[(""knn"", ""block30d"")]"
KNN,block30d,deterministic,3761,17704,2023-09-21,0.0,0.0,1,"C:\Users\yasemin.bozkurt\Desktop\article\DLPIF-repo-update\src\baseline_results.pkl::all_scenarios[(""knn"", ""block30d"")]"
KNN,block30d,deterministic,3765,17704,2023-09-22,0.0,0.0400000017718412,1,"C:\Users\yasemin.bozkurt\Desktop\article\DLPIF-repo-update\src\baseline_results.pkl::all_scenarios[(""knn"", ""block30d"")]"
KNN,block30d,deterministic,3769,17704,2023-09-23,0.0,0.0,1,"C:\Users\yasemin.bozkurt\Desktop\article\DLPIF-repo-update\src\baseline_results.pkl::all_scenarios[(""knn"", ""block30d"")]"
KNN,block30d,deterministic,3773,17704,2023-09-24,0.0,0.0,1,"C:\Users\yasemin.bozkurt\Desktop\article\DLPIF-repo-update\src\baseline_results.pkl::all_scenarios[(""knn"", ""block30d"")]"
KNN,block30d,deterministic,3777,17704,2023-09-25,0.0,0.0,1,"C:\Users\yasemin.bozkurt\Desktop\article\DLPIF-repo-update\src\baseline_results.pkl::all_scenarios[(""knn"", ""block30d"")]"
KNN,block30d,deterministic,3781,17704,2023-09-26,0.0,0.0,1,"C:\Users\yasemin.bozkurt\Desktop\article\DLPIF-repo-update\src\baseline_results.pkl::all_scenarios[(""knn"", ""block30d"")]"
KNN,block30d,deterministic,3785,17704,2023-09-27,0.0,0.1600000070873648,1,"C:\Users\yasemin.bozkurt\Desktop\article\DLPIF-repo-update\src\baseline_results.pkl::all_scenarios[(""knn"", ""block30d"")]"
KNN,block30d,deterministic,3789,17704,2023-09-28,0.0,0.6800000259652734,1,"C:\Users\yasemin.bozkurt\Desktop\article\DLPIF-repo-update\src\baseline_results.pkl::all_scenarios[(""knn"", ""block30d"")]"
KNN,block30d,deterministic,3793,17704,2023-09-29,0.20000000470317902,2.160000137239695,1,"C:\Users\yasemin.bozkurt\Desktop\article\DLPIF-repo-update\src\baseline_results.pkl::all_scenarios[(""knn"", ""block30d"")]"
KNN,block30d,deterministic,3797,17704,2023-09-30,0.40000000940635805,2.960000089555979,1,"C:\Users\yasemin.bozkurt\Desktop\article\DLPIF-repo-update\src\baseline_results.pkl::all_scenarios[(""knn"", ""block30d"")]"
KNN,block30d,deterministic,3801,17704,2023-10-01,9.60000049173832,8.9800005286932,1,"C:\Users\yasemin.bozkurt\Desktop\article\DLPIF-repo-update\src\baseline_results.pkl::all_scenarios[(""knn"", ""block30d"")]"
KNN,block30d,deterministic,3805,17704,2023-10-02,17.40000002682209,6.920000119507313,1,"C:\Users\yasemin.bozkurt\Desktop\article\DLPIF-repo-update\src\baseline_results.pkl::all_scenarios[(""knn"", ""block30d"")]"
KNN,block30d,deterministic,3809,17704,2023-10-03,2.0000000137835743,0.0400000017718412,1,"C:\Users\yasemin.bozkurt\Desktop\article\DLPIF-repo-update\src\baseline_results.pkl::all_scenarios[(""knn"", ""block30d"")]"
KNN,block30d,deterministic,3813,17704,2023-10-04,0.20000000470317902,0.0,1,"C:\Users\yasemin.bozkurt\Desktop\article\DLPIF-repo-update\src\baseline_results.pkl::all_scenarios[(""knn"", ""block30d"")]"
KNN,block30d,deterministic,3817,17704,2023-10-05,0.0,0.0400000017718412,1,"C:\Users\yasemin.bozkurt\Desktop\article\DLPIF-repo-update\src\baseline_results.pkl::all_scenarios[(""knn"", ""block30d"")]"
KNN,block30d,deterministic,3821,17704,2023-10-06,0.0,0.0,1,"C:\Users\yasemin.bozkurt\Desktop\article\DLPIF-repo-update\src\baseline_results.pkl::all_scenarios[(""knn"", ""block30d"")]"
KNN,block30d,deterministic,3825,17704,2023-10-07,0.0,0.20000000470317902,1,"C:\Users\yasemin.bozkurt\Desktop\article\DLPIF-repo-update\src\baseline_results.pkl::all_scenarios[(""knn"", ""block30d"")]"
KNN,block30d,deterministic,3829,17704,2023-10-08,0.0,0.0,1,"C:\Users\yasemin.bozkurt\Desktop\article\DLPIF-repo-update\src\baseline_results.pkl::all_scenarios[(""knn"", ""block30d"")]"
KNN,block30d,deterministic,3833,17704,2023-10-09,0.0,1.2800000566989185,1,"C:\Users\yasemin.bozkurt\Desktop\article\DLPIF-repo-update\src\baseline_results.pkl::all_scenarios[(""knn"", ""block30d"")]"
KNN,block30d,deterministic,3837,17704,2023-10-10,0.0,0.0400000017718412,1,"C:\Users\yasemin.bozkurt\Desktop\article\DLPIF-repo-update\src\baseline_results.pkl::all_scenarios[(""knn"", ""block30d"")]"
KNN,block30d,deterministic,3841,17704,2023-10-11,0.0,0.0,1,"C:\Users\yasemin.bozkurt\Desktop\article\DLPIF-repo-update\src\baseline_results.pkl::all_scenarios[(""knn"", ""block30d"")]"
KNN,block30d,deterministic,3845,17704,2023-10-12,0.0,0.0,1,"C:\Users\yasemin.bozkurt\Desktop\article\DLPIF-repo-update\src\baseline_results.pkl::all_scenarios[(""knn"", ""block30d"")]"
KNN,block7d,deterministic,33,17704,2021-03-03,0.20000000470317902,0.0,1,"C:\Users\yasemin.bozkurt\Desktop\article\DLPIF-repo-update\src\baseline_results.pkl::all_scenarios[(""knn"", ""block7d"")]"
KNN,block7d,deterministic,34,17748,2021-03-03,0.0,1.560000040009618,1,"C:\Users\yasemin.bozkurt\Desktop\article\DLPIF-repo-update\src\baseline_results.pkl::all_scenarios[(""knn"", ""block7d"")]"
KNN,block7d,deterministic,37,17704,2021-03-04,0.0,0.0,1,"C:\Users\yasemin.bozkurt\Desktop\article\DLPIF-repo-update\src\baseline_results.pkl::all_scenarios[(""knn"", ""block7d"")]"
KNN,block7d,deterministic,38,17748,2021-03-04,0.0,0.0,1,"C:\Users\yasemin.bozkurt\Desktop\article\DLPIF-repo-update\src\baseline_results.pkl::all_scenarios[(""knn"", ""block7d"")]"
KNN,block7d,deterministic,41,17704,2021-03-05,0.0,0.0,1,"C:\Users\yasemin.bozkurt\Desktop\article\DLPIF-repo-update\src\baseline_results.pkl::all_scenarios[(""knn"", ""block7d"")]"
KNN,block7d,deterministic,42,17748,2021-03-05,0.0,0.0,1,"C:\Users\yasemin.bozkurt\Desktop\article\DLPIF-repo-update\src\baseline_results.pkl::all_scenarios[(""knn"", ""block7d"")]"
KNN,block7d,deterministic,45,17704,2021-03-06,0.0,0.0,1,"C:\Users\yasemin.bozkurt\Desktop\article\DLPIF-repo-update\src\baseline_results.pkl::all_scenarios[(""knn"", ""block7d"")]"
KNN,block7d,deterministic,46,17748,2021-03-06,0.0,0.7600000211969019,1,"C:\Users\yasemin.bozkurt\Desktop\article\DLPIF-repo-update\src\baseline_results.pkl::all_scenarios[(""knn"", ""block7d"")]"
KNN,block7d,deterministic,49,17704,2021-03-07,6.200000162422658,3.4800000585615636,1,"C:\Users\yasemin.bozkurt\Desktop\article\DLPIF-repo-update\src\baseline_results.pkl::all_scenarios[(""knn"", ""block7d"")]"
KNN,block7d,deterministic,50,17748,2021-03-07,2.0000000137835743,17.76000106930733,1,"C:\Users\yasemin.bozkurt\Desktop\article\DLPIF-repo-update\src\baseline_results.pkl::all_scenarios[(""knn"", ""block7d"")]"
KNN,block7d,deterministic,53,17704,2021-03-08,0.20000000470317902,0.0,1,"C:\Users\yasemin.bozkurt\Desktop\article\DLPIF-repo-update\src\baseline_results.pkl::all_scenarios[(""knn"", ""block7d"")]"
KNN,block7d,deterministic,54,17748,2021-03-08,0.0,2.1200001396238806,1,"C:\Users\yasemin.bozkurt\Desktop\article\DLPIF-repo-update\src\baseline_results.pkl::all_scenarios[(""knn"", ""block7d"")]"
KNN,block7d,deterministic,57,17704,2021-03-09,0.0,0.0400000017718412,1,"C:\Users\yasemin.bozkurt\Desktop\article\DLPIF-repo-update\src\baseline_results.pkl::all_scenarios[(""knn"", ""block7d"")]"
KNN,block7d,deterministic,58,17748,2021-03-09,0.0,0.0,1,"C:\Users\yasemin.bozkurt\Desktop\article\DLPIF-repo-update\src\baseline_results.pkl::all_scenarios[(""knn"", ""block7d"")]"
KNN,block7d,deterministic,66,17748,2021-03-11,0.20000000470317902,6.440000148117543,1,"C:\Users\yasemin.bozkurt\Desktop\article\DLPIF-repo-update\src\baseline_results.pkl::all_scenarios[(""knn"", ""block7d"")]"
KNN,block7d,deterministic,70,17748,2021-03-12,9.800000479817392,0.0400000017718412,1,"C:\Users\yasemin.bozkurt\Desktop\article\DLPIF-repo-update\src\baseline_results.pkl::all_scenarios[(""knn"", ""block7d"")]"
KNN,block7d,deterministic,74,17748,2021-03-13,0.20000000470317902,0.0,1,"C:\Users\yasemin.bozkurt\Desktop\article\DLPIF-repo-update\src\baseline_results.pkl::all_scenarios[(""knn"", ""block7d"")]"
KNN,block7d,deterministic,78,17748,2021-03-14,0.0,0.0800000035436824,1,"C:\Users\yasemin.bozkurt\Desktop\article\DLPIF-repo-update\src\baseline_results.pkl::all_scenarios[(""knn"", ""block7d"")]"
KNN,block7d,deterministic,82,17748,2021-03-15,0.0,0.1200000094715506,1,"C:\Users\yasemin.bozkurt\Desktop\article\DLPIF-repo-update\src\baseline_results.pkl::all_scenarios[(""knn"", ""block7d"")]"
KNN,block7d,deterministic,86,17748,2021-03-16,14.400000205636026,6.120000167191029,1,"C:\Users\yasemin.bozkurt\Desktop\article\DLPIF-repo-update\src\baseline_results.pkl::all_scenarios[(""knn"", ""block7d"")]"
KNN,block7d,deterministic,90,17748,2021-03-17,12.600000312924386,5.920000179111958,1,"C:\Users\yasemin.bozkurt\Desktop\article\DLPIF-repo-update\src\baseline_results.pkl::all_scenarios[(""knn"", ""block7d"")]"
KNN,block7d,deterministic,95,17750,2021-03-18,2.0000000137835743,3.840000037103892,1,"C:\Users\yasemin.bozkurt\Desktop\article\DLPIF-repo-update\src\baseline_results.pkl::all_scenarios[(""knn"", ""block7d"")]"
KNN,block7d,deterministic,96,17155,2021-03-19,3.4000000633299354,8.240000040829182,1,"C:\Users\yasemin.bozkurt\Desktop\article\DLPIF-repo-update\src\baseline_results.pkl::all_scenarios[(""knn"", ""block7d"")]"
KNN,block7d,deterministic,99,17750,2021-03-19,1.6000000376254322,3.0000000871717933,1,"C:\Users\yasemin.bozkurt\Desktop\article\DLPIF-repo-update\src\baseline_results.pkl::all_scenarios[(""knn"", ""block7d"")]"
KNN,block7d,deterministic,100,17155,2021-03-20,9.40000050365925,6.0400001719594005,1,"C:\Users\yasemin.bozkurt\Desktop\article\DLPIF-repo-update\src\baseline_results.pkl::all_scenarios[(""knn"", ""block7d"")]"
KNN,block7d,deterministic,103,17750,2021-03-20,19.600000959634784,9.200000515580179,1,"C:\Users\yasemin.bozkurt\Desktop\article\DLPIF-repo-update\src\baseline_results.pkl::all_scenarios[(""knn"", ""block7d"")]"
KNN,block7d,deterministic,104,17155,2021-03-21,14.000000229477884,2.4800001181662084,1,"C:\Users\yasemin.bozkurt\Desktop\article\DLPIF-repo-update\src\baseline_results.pkl::all_scenarios[(""knn"", ""block7d"")]"
KNN,block7d,deterministic,107,17750,2021-03-21,6.200000162422658,5.720000191032887,1,"C:\Users\yasemin.bozkurt\Desktop\article\DLPIF-repo-update\src\baseline_results.pkl::all_scenarios[(""knn"", ""block7d"")]"
KNN,block7d,deterministic,108,17155,2021-03-22,0.0,7.340000626444817,1,"C:\Users\yasemin.bozkurt\Desktop\article\DLPIF-repo-update\src\baseline_results.pkl::all_scenarios[(""knn"", ""block7d"")]"
KNN,block7d,deterministic,111,17750,2021-03-22,0.20000000470317902,1.5200000423938038,1,"C:\Users\yasemin.bozkurt\Desktop\article\DLPIF-repo-update\src\baseline_results.pkl::all_scenarios[(""knn"", ""block7d"")]"
KNN,block7d,deterministic,112,17155,2021-03-23,6.6000001385808,2.080000009015203,1,"C:\Users\yasemin.bozkurt\Desktop\article\DLPIF-repo-update\src\baseline_results.pkl::all_scenarios[(""knn"", ""block7d"")]"
KNN,block7d,deterministic,115,17750,2021-03-23,4.600000257790089,2.760000101476908,1,"C:\Users\yasemin.bozkurt\Desktop\article\DLPIF-repo-update\src\baseline_results.pkl::all_scenarios[(""knn"", ""block7d"")]"
KNN,block7d,deterministic,116,17155,2021-03-24,13.800000241398813,6.920000119507313,1,"C:\Users\yasemin.bozkurt\Desktop\article\DLPIF-repo-update\src\baseline_results.pkl::all_scenarios[(""knn"", ""block7d"")]"
KNN,block7d,deterministic,119,17750,2021-03-24,8.800000007450581,0.0800000035436824,1,"C:\Users\yasemin.bozkurt\Desktop\article\DLPIF-repo-update\src\baseline_results.pkl::all_scenarios[(""knn"", ""block7d"")]"
KNN,block7d,deterministic,120,17155,2021-03-25,1.0000000068917871,5.160000224411488,1,"C:\Users\yasemin.bozkurt\Desktop\article\DLPIF-repo-update\src\baseline_results.pkl::all_scenarios[(""knn"", ""block7d"")]"
KNN,block7d,deterministic,142,17748,2021-03-30,0.600000030733645,0.0800000035436824,1,"C:\Users\yasemin.bozkurt\Desktop\article\DLPIF-repo-update\src\baseline_results.pkl::all_scenarios[(""knn"", ""block7d"")]"
KNN,block7d,deterministic,146,17748,2021-03-31,0.600000030733645,2.440000120550394,1,"C:\Users\yasemin.bozkurt\Desktop\article\DLPIF-repo-update\src\baseline_results.pkl::all_scenarios[(""knn"", ""block7d"")]"
KNN,block7d,deterministic,150,17748,2021-04-01,0.600000030733645,5.280000217258931,1,"C:\Users\yasemin.bozkurt\Desktop\article\DLPIF-repo-update\src\baseline_results.pkl::all_scenarios[(""knn"", ""block7d"")]"
KNN,block7d,deterministic,154,17748,2021-04-02,0.0,0.8400000164285303,1,"C:\Users\yasemin.bozkurt\Desktop\article\DLPIF-repo-update\src\baseline_results.pkl::all_scenarios[(""knn"", ""block7d"")]"
KNN,block7d,deterministic,158,17748,2021-04-03,0.0,0.960000009275973,1,"C:\Users\yasemin.bozkurt\Desktop\article\DLPIF-repo-update\src\baseline_results.pkl::all_scenarios[(""knn"", ""block7d"")]"
KNN,block7d,deterministic,162,17748,2021-04-04,0.0,3.0800000824034215,1,"C:\Users\yasemin.bozkurt\Desktop\article\DLPIF-repo-update\src\baseline_results.pkl::all_scenarios[(""knn"", ""block7d"")]"
KNN,block7d,deterministic,166,17748,2021-04-05,7.400000090897084,4.2400000132620335,1,"C:\Users\yasemin.bozkurt\Desktop\article\DLPIF-repo-update\src\baseline_results.pkl::all_scenarios[(""knn"", ""block7d"")]"
KNN,block7d,deterministic,174,17748,2021-04-07,0.0,0.0400000017718412,1,"C:\Users\yasemin.bozkurt\Desktop\article\DLPIF-repo-update\src\baseline_results.pkl::all_scenarios[(""knn"", ""block7d"")]"
KNN,block7d,deterministic,178,17748,2021-04-08,0.0,6.280000157654286,1,"C:\Users\yasemin.bozkurt\Desktop\article\DLPIF-repo-update\src\baseline_results.pkl::all_scenarios[(""knn"", ""block7d"")]"
KNN,block7d,deterministic,182,17748,2021-04-09,1.6000000376254322,9.760000482201576,1,"C:\Users\yasemin.bozkurt\Desktop\article\DLPIF-repo-update\src\baseline_results.pkl::all_scenarios[(""knn"", ""block7d"")]"
KNN,block7d,deterministic,186,17748,2021-04-10,0.20000000470317902,0.600000030733645,1,"C:\Users\yasemin.bozkurt\Desktop\article\DLPIF-repo-update\src\baseline_results.pkl::all_scenarios[(""knn"", ""block7d"")]"
KNN,block7d,deterministic,190,17748,2021-04-11,0.20000000470317902,0.0400000017718412,1,"C:\Users\yasemin.bozkurt\Desktop\article\DLPIF-repo-update\src\baseline_results.pkl::all_scenarios[(""knn"", ""block7d"")]"
KNN,block7d,deterministic,194,17748,2021-04-12,0.0,0.0800000035436824,1,"C:\Users\yasemin.bozkurt\Desktop\article\DLPIF-repo-update\src\baseline_results.pkl::all_scenarios[(""knn"", ""block7d"")]"
KNN,block7d,deterministic,198,17748,2021-04-13,0.0,0.3600000117905438,1,"C:\Users\yasemin.bozkurt\Desktop\article\DLPIF-repo-update\src\baseline_results.pkl::all_scenarios[(""knn"", ""block7d"")]"
KNN,block7d,deterministic,269,17704,2021-05-01,0.0,0.0,1,"C:\Users\yasemin.bozkurt\Desktop\article\DLPIF-repo-update\src\baseline_results.pkl::all_scenarios[(""knn"", ""block7d"")]"
KNN,block7d,deterministic,273,17704,2021-05-02,0.0,0.0,1,"C:\Users\yasemin.bozkurt\Desktop\article\DLPIF-repo-update\src\baseline_results.pkl::all_scenarios[(""knn"", ""block7d"")]"
KNN,block7d,deterministic,277,17704,2021-05-03,0.0,0.0,1,"C:\Users\yasemin.bozkurt\Desktop\article\DLPIF-repo-update\src\baseline_results.pkl::all_scenarios[(""knn"", ""block7d"")]"
KNN,block7d,deterministic,281,17704,2021-05-04,0.0,0.3200000141747296,1,"C:\Users\yasemin.bozkurt\Desktop\article\DLPIF-repo-update\src\baseline_results.pkl::all_scenarios[(""knn"", ""block7d"")]"
KNN,block7d,deterministic,285,17704,2021-05-05,0.0,0.0400000017718412,1,"C:\Users\yasemin.bozkurt\Desktop\article\DLPIF-repo-update\src\baseline_results.pkl::all_scenarios[(""knn"", ""block7d"")]"
KNN,block7d,deterministic,289,17704,2021-05-06,0.20000000470317902,0.0800000035436824,1,"C:\Users\yasemin.bozkurt\Desktop\article\DLPIF-repo-update\src\baseline_results.pkl::all_scenarios[(""knn"", ""block7d"")]"
KNN,block7d,deterministic,290,17748,2021-05-06,0.0,0.8400000164285303,1,"C:\Users\yasemin.bozkurt\Desktop\article\DLPIF-repo-update\src\baseline_results.pkl::all_scenarios[(""knn"", ""block7d"")]"
KNN,block7d,deterministic,293,17704,2021-05-07,2.0000000137835743,0.0,1,"C:\Users\yasemin.bozkurt\Desktop\article\DLPIF-repo-update\src\baseline_results.pkl::all_scenarios[(""knn"", ""block7d"")]"
KNN,block7d,deterministic,294,17748,2021-05-07,0.0,0.0,1,"C:\Users\yasemin.bozkurt\Desktop\article\DLPIF-repo-update\src\baseline_results.pkl::all_scenarios[(""knn"", ""block7d"")]"
KNN,block7d,deterministic,295,17750,2021-05-07,0.40000000940635805,0.2800000165589154,1,"C:\Users\yasemin.bozkurt\Desktop\article\DLPIF-repo-update\src\baseline_results.pkl::all_scenarios[(""knn"", ""block7d"")]"
KNN,block7d,deterministic,298,17748,2021-05-08,0.0,0.9200000781565906,1,"C:\Users\yasemin.bozkurt\Desktop\article\DLPIF-repo-update\src\baseline_results.pkl::all_scenarios[(""knn"", ""block7d"")]"
KNN,block7d,deterministic,299,17750,2021-05-08,0.0,2.6000001110136512,1,"C:\Users\yasemin.bozkurt\Desktop\article\DLPIF-repo-update\src\baseline_results.pkl::all_scenarios[(""knn"", ""block7d"")]"
KNN,block7d,deterministic,302,17748,2021-05-09,0.40000000940635805,0.2400000189431012,1,"C:\Users\yasemin.bozkurt\Desktop\article\DLPIF-repo-update\src\baseline_results.pkl::all_scenarios[(""knn"", ""block7d"")]"
KNN,block7d,deterministic,303,17750,2021-05-09,0.0,0.40000000940635805,1,"C:\Users\yasemin.bozkurt\Desktop\article\DLPIF-repo-update\src\baseline_results.pkl::all_scenarios[(""knn"", ""block7d"")]"
KNN,block7d,deterministic,306,17748,2021-05-10,0.0,0.0,1,"C:\Users\yasemin.bozkurt\Desktop\article\DLPIF-repo-update\src\baseline_results.pkl::all_scenarios[(""knn"", ""block7d"")]"
KNN,block7d,deterministic,307,17750,2021-05-10,0.0,0.0,1,"C:\Users\yasemin.bozkurt\Desktop\article\DLPIF-repo-update\src\baseline_results.pkl::all_scenarios[(""knn"", ""block7d"")]"
KNN,block7d,deterministic,310,17748,2021-05-11,0.0,0.0,1,"C:\Users\yasemin.bozkurt\Desktop\article\DLPIF-repo-update\src\baseline_results.pkl::all_scenarios[(""knn"", ""block7d"")]"
KNN,block7d,deterministic,311,17750,2021-05-11,0.0,0.0,1,"C:\Users\yasemin.bozkurt\Desktop\article\DLPIF-repo-update\src\baseline_results.pkl::all_scenarios[(""knn"", ""block7d"")]"
KNN,block7d,deterministic,314,17748,2021-05-12,0.0,0.0400000017718412,1,"C:\Users\yasemin.bozkurt\Desktop\article\DLPIF-repo-update\src\baseline_results.pkl::all_scenarios[(""knn"", ""block7d"")]"
KNN,block7d,deterministic,315,17750,2021-05-12,0.0,0.0,1,"C:\Users\yasemin.bozkurt\Desktop\article\DLPIF-repo-update\src\baseline_results.pkl::all_scenarios[(""knn"", ""block7d"")]"
KNN,block7d,deterministic,317,17704,2021-05-13,0.0,0.0,1,"C:\Users\yasemin.bozkurt\Desktop\article\DLPIF-repo-update\src\baseline_results.pkl::all_scenarios[(""knn"", ""block7d"")]"
KNN,block7d,deterministic,319,17750,2021-05-13,0.0,0.0,1,"C:\Users\yasemin.bozkurt\Desktop\article\DLPIF-repo-update\src\baseline_results.pkl::all_scenarios[(""knn"", ""block7d"")]"
KNN,block7d,deterministic,321,17704,2021-05-14,0.0,0.0,1,"C:\Users\yasemin.bozkurt\Desktop\article\DLPIF-repo-update\src\baseline_results.pkl::all_scenarios[(""knn"", ""block7d"")]"
KNN,block7d,deterministic,325,17704,2021-05-15,0.0,0.0,1,"C:\Users\yasemin.bozkurt\Desktop\article\DLPIF-repo-update\src\baseline_results.pkl::all_scenarios[(""knn"", ""block7d"")]"
KNN,block7d,deterministic,329,17704,2021-05-16,0.0,0.1200000094715506,1,"C:\Users\yasemin.bozkurt\Desktop\article\DLPIF-repo-update\src\baseline_results.pkl::all_scenarios[(""knn"", ""block7d"")]"
KNN,block7d,deterministic,333,17704,2021-05-17,1.20000006146729,0.0,1,"C:\Users\yasemin.bozkurt\Desktop\article\DLPIF-repo-update\src\baseline_results.pkl::all_scenarios[(""knn"", ""block7d"")]"
KNN,block7d,deterministic,337,17704,2021-05-18,0.0,0.0,1,"C:\Users\yasemin.bozkurt\Desktop\article\DLPIF-repo-update\src\baseline_results.pkl::all_scenarios[(""knn"", ""block7d"")]"
KNN,block7d,deterministic,341,17704,2021-05-19,0.0,0.0,1,"C:\Users\yasemin.bozkurt\Desktop\article\DLPIF-repo-update\src\baseline_results.pkl::all_scenarios[(""knn"", ""block7d"")]"
KNN,block7d,deterministic,359,17750,2021-05-23,0.0,0.0,1,"C:\Users\yasemin.bozkurt\Desktop\article\DLPIF-repo-update\src\baseline_results.pkl::all_scenarios[(""knn"", ""block7d"")]"
KNN,block7d,deterministic,363,17750,2021-05-24,0.0,0.0,1,"C:\Users\yasemin.bozkurt\Desktop\article\DLPIF-repo-update\src\baseline_results.pkl::all_scenarios[(""knn"", ""block7d"")]"
KNN,block7d,deterministic,367,17750,2021-05-25,0.0,0.0,1,"C:\Users\yasemin.bozkurt\Desktop\article\DLPIF-repo-update\src\baseline_results.pkl::all_scenarios[(""knn"", ""block7d"")]"
KNN,block7d,deterministic,369,17704,2021-05-26,0.0,0.0,1,"C:\Users\yasemin.bozkurt\Desktop\article\DLPIF-repo-update\src\baseline_results.pkl::all_scenarios[(""knn"", ""block7d"")]"
KNN,block7d,deterministic,371,17750,2021-05-26,0.0,0.0,1,"C:\Users\yasemin.bozkurt\Desktop\article\DLPIF-repo-update\src\baseline_results.pkl::all_scenarios[(""knn"", ""block7d"")]"
KNN,block7d,deterministic,373,17704,2021-05-27,0.0,0.0,1,"C:\Users\yasemin.bozkurt\Desktop\article\DLPIF-repo-update\src\baseline_results.pkl::all_scenarios[(""knn"", ""block7d"")]"
KNN,block7d,deterministic,375,17750,2021-05-27,0.0,0.0,1,"C:\Users\yasemin.bozkurt\Desktop\article\DLPIF-repo-update\src\baseline_results.pkl::all_scenarios[(""knn"", ""block7d"")]"
KNN,block7d,deterministic,377,17704,2021-05-28,0.8000000188127161,0.1200000094715506,1,"C:\Users\yasemin.bozkurt\Desktop\article\DLPIF-repo-update\src\baseline_results.pkl::all_scenarios[(""knn"", ""block7d"")]"
KNN,block7d,deterministic,379,17750,2021-05-28,0.0,0.0,1,"C:\Users\yasemin.bozkurt\Desktop\article\DLPIF-repo-update\src\baseline_results.pkl::all_scenarios[(""knn"", ""block7d"")]"
KNN,block7d,deterministic,381,17704,2021-05-29,0.0,4.20000001564622,1,"C:\Users\yasemin.bozkurt\Desktop\article\DLPIF-repo-update\src\baseline_results.pkl::all_scenarios[(""knn"", ""block7d"")]"
KNN,block7d,deterministic,383,17750,2021-05-29,0.0,0.0400000017718412,1,"C:\Users\yasemin.bozkurt\Desktop\article\DLPIF-repo-update\src\baseline_results.pkl::all_scenarios[(""knn"", ""block7d"")]"
KNN,block7d,deterministic,385,17704,2021-05-30,0.0,0.12000000115949662,1,"C:\Users\yasemin.bozkurt\Desktop\article\DLPIF-repo-update\src\baseline_results.pkl::all_scenarios[(""knn"", ""block7d"")]"
KNN,block7d,deterministic,389,17704,2021-05-31,5.2000002220273025,2.6000001110136512,1,"C:\Users\yasemin.bozkurt\Desktop\article\DLPIF-repo-update\src\baseline_results.pkl::all_scenarios[(""knn"", ""block7d"")]"
KNN,block7d,deterministic,393,17704,2021-06-01,9.200000515580179,6.720000131428242,1,"C:\Users\yasemin.bozkurt\Desktop\article\DLPIF-repo-update\src\baseline_results.pkl::all_scenarios[(""knn"", ""block7d"")]"
KNN,block7d,deterministic,394,17748,2021-06-01,1.0000000068917871,5.440000207722187,1,"C:\Users\yasemin.bozkurt\Desktop\article\DLPIF-repo-update\src\baseline_results.pkl::all_scenarios[(""knn"", ""block7d"")]"
KNN,block7d,deterministic,398,17748,2021-06-02,5.600000198185445,0.8800000140443445,1,"C:\Users\yasemin.bozkurt\Desktop\article\DLPIF-repo-update\src\baseline_results.pkl::all_scenarios[(""knn"", ""block7d"")]"
KNN,block7d,deterministic,402,17748,2021-06-03,1.0000000068917871,0.0,1,"C:\Users\yasemin.bozkurt\Desktop\article\DLPIF-repo-update\src\baseline_results.pkl::all_scenarios[(""knn"", ""block7d"")]"
KNN,block7d,deterministic,406,17748,2021-06-04,0.0,0.0400000017718412,1,"C:\Users\yasemin.bozkurt\Desktop\article\DLPIF-repo-update\src\baseline_results.pkl::all_scenarios[(""knn"", ""block7d"")]"
KNN,block7d,deterministic,410,17748,2021-06-05,0.0,0.0400000017718412,1,"C:\Users\yasemin.bozkurt\Desktop\article\DLPIF-repo-update\src\baseline_results.pkl::all_scenarios[(""knn"", ""block7d"")]"
KNN,block7d,deterministic,414,17748,2021-06-06,0.0,0.0,1,"C:\Users\yasemin.bozkurt\Desktop\article\DLPIF-repo-update\src\baseline_results.pkl::all_scenarios[(""knn"", ""block7d"")]"
KNN,block7d,deterministic,418,17748,2021-06-07,0.0,0.0,1,"C:\Users\yasemin.bozkurt\Desktop\article\DLPIF-repo-update\src\baseline_results.pkl::all_scenarios[(""knn"", ""block7d"")]"
KNN,block7d,deterministic,424,17155,2021-06-09,6.800000126659871,2.0800001420080663,1,"C:\Users\yasemin.bozkurt\Desktop\article\DLPIF-repo-update\src\baseline_results.pkl::all_scenarios[(""knn"", ""block7d"")]"
KNN,block7d,deterministic,428,17155,2021-06-10,0.40000000940635805,5.120000226795674,1,"C:\Users\yasemin.bozkurt\Desktop\article\DLPIF-repo-update\src\baseline_results.pkl::all_scenarios[(""knn"", ""block7d"")]"
KNN,block7d,deterministic,432,17155,2021-06-11,7.800000067055226,0.44000000702217223,1,"C:\Users\yasemin.bozkurt\Desktop\article\DLPIF-repo-update\src\baseline_results.pkl::all_scenarios[(""knn"", ""block7d"")]"
KNN,block7d,deterministic,436,17155,2021-06-12,3.0000000871717933,5.040000231564045,1,"C:\Users\yasemin.bozkurt\Desktop\article\DLPIF-repo-update\src\baseline_results.pkl::all_scenarios[(""knn"", ""block7d"")]"
KNN,block7d,deterministic,440,17155,2021-06-13,0.20000000470317902,0.9600000757724048,1,"C:\Users\yasemin.bozkurt\Desktop\article\DLPIF-repo-update\src\baseline_results.pkl::all_scenarios[(""knn"", ""block7d"")]"
KNN,block7d,deterministic,444,17155,2021-06-14,1.6000000376254322,1.560000040009618,1,"C:\Users\yasemin.bozkurt\Desktop\article\DLPIF-repo-update\src\baseline_results.pkl::all_scenarios[(""knn"", ""block7d"")]"
KNN,block7d,deterministic,448,17155,2021-06-15,10.400000444054605,3.6400000490248208,1,"C:\Users\yasemin.bozkurt\Desktop\article\DLPIF-repo-update\src\baseline_results.pkl::all_scenarios[(""knn"", ""block7d"")]"
KNN,block7d,deterministic,472,17155,2021-06-21,8.800000007450581,6.360000152885914,1,"C:\Users\yasemin.bozkurt\Desktop\article\DLPIF-repo-update\src\baseline_results.pkl::all_scenarios[(""knn"", ""block7d"")]"
KNN,block7d,deterministic,476,17155,2021-06-22,2.8000000990927223,6.920000119507313,1,"C:\Users\yasemin.bozkurt\Desktop\article\DLPIF-repo-update\src\baseline_results.pkl::all_scenarios[(""knn"", ""block7d"")]"
KNN,block7d,deterministic,480,17155,2021-06-23,12.600000312924386,8.440000560879708,1,"C:\Users\yasemin.bozkurt\Desktop\article\DLPIF-repo-update\src\baseline_results.pkl::all_scenarios[(""knn"", ""block7d"")]"
KNN,block7d,deterministic,484,17155,2021-06-24,1.6000000376254322,0.20000000470317902,1,"C:\Users\yasemin.bozkurt\Desktop\article\DLPIF-repo-update\src\baseline_results.pkl::all_scenarios[(""knn"", ""block7d"")]"
KNN,block7d,deterministic,488,17155,2021-06-25,0.0,0.9200000116601588,1,"C:\Users\yasemin.bozkurt\Desktop\article\DLPIF-repo-update\src\baseline_results.pkl::all_scenarios[(""knn"", ""block7d"")]"
KNN,block7d,deterministic,492,17155,2021-06-26,0.0,0.0,1,"C:\Users\yasemin.bozkurt\Desktop\article\DLPIF-repo-update\src\baseline_results.pkl::all_scenarios[(""knn"", ""block7d"")]"
KNN,block7d,deterministic,496,17155,2021-06-27,0.0,0.0800000035436824,1,"C:\Users\yasemin.bozkurt\Desktop\article\DLPIF-repo-update\src\baseline_results.pkl::all_scenarios[(""knn"", ""block7d"")]"
KNN,block7d,deterministic,523,17750,2021-07-03,0.0,0.1200000094715506,1,"C:\Users\yasemin.bozkurt\Desktop\article\DLPIF-repo-update\src\baseline_results.pkl::all_scenarios[(""knn"", ""block7d"")]"
KNN,block7d,deterministic,527,17750,2021-07-04,0.600000030733645,0.0,1,"C:\Users\yasemin.bozkurt\Desktop\article\DLPIF-repo-update\src\baseline_results.pkl::all_scenarios[(""knn"", ""block7d"")]"
KNN,block7d,deterministic,531,17750,2021-07-05,0.0,0.0400000017718412,1,"C:\Users\yasemin.bozkurt\Desktop\article\DLPIF-repo-update\src\baseline_results.pkl::all_scenarios[(""knn"", ""block7d"")]"
KNN,block7d,deterministic,535,17750,2021-07-06,0.0,1.5200000423938038,1,"C:\Users\yasemin.bozkurt\Desktop\article\DLPIF-repo-update\src\baseline_results.pkl::all_scenarios[(""knn"", ""block7d"")]"
KNN,block7d,deterministic,539,17750,2021-07-07,0.0,0.0400000017718412,1,"C:\Users\yasemin.bozkurt\Desktop\article\DLPIF-repo-update\src\baseline_results.pkl::all_scenarios[(""knn"", ""block7d"")]"
KNN,block7d,deterministic,543,17750,2021-07-08,0.0,0.0400000017718412,1,"C:\Users\yasemin.bozkurt\Desktop\article\DLPIF-repo-update\src\baseline_results.pkl::all_scenarios[(""knn"", ""block7d"")]"
KNN,block7d,deterministic,547,17750,2021-07-09,0.0,0.0,1,"C:\Users\yasemin.bozkurt\Desktop\article\DLPIF-repo-update\src\baseline_results.pkl::all_scenarios[(""knn"", ""block7d"")]"
KNN,block7d,deterministic,595,17750,2021-07-21,0.0,0.0,1,"C:\Users\yasemin.bozkurt\Desktop\article\DLPIF-repo-update\src\baseline_results.pkl::all_scenarios[(""knn"", ""block7d"")]"
KNN,block7d,deterministic,599,17750,2021-07-22,0.0,0.0,1,"C:\Users\yasemin.bozkurt\Desktop\article\DLPIF-repo-update\src\baseline_results.pkl::all_scenarios[(""knn"", ""block7d"")]"
KNN,block7d,deterministic,603,17750,2021-07-23,0.0,0.0,1,"C:\Users\yasemin.bozkurt\Desktop\article\DLPIF-repo-update\src\baseline_results.pkl::all_scenarios[(""knn"", ""block7d"")]"
KNN,block7d,deterministic,607,17750,2021-07-24,0.0,0.2400000189431012,1,"C:\Users\yasemin.bozkurt\Desktop\article\DLPIF-repo-update\src\baseline_results.pkl::all_scenarios[(""knn"", ""block7d"")]"
KNN,block7d,deterministic,611,17750,2021-07-25,0.20000000470317902,1.4800000447779895,1,"C:\Users\yasemin.bozkurt\Desktop\article\DLPIF-repo-update\src\baseline_results.pkl::all_scenarios[(""knn"", ""block7d"")]"
KNN,block7d,deterministic,615,17750,2021-07-26,0.20000000470317902,0.0,1,"C:\Users\yasemin.bozkurt\Desktop\article\DLPIF-repo-update\src\baseline_results.pkl::all_scenarios[(""knn"", ""block7d"")]"
KNN,block7d,deterministic,619,17750,2021-07-27,0.0,0.0,1,"C:\Users\yasemin.bozkurt\Desktop\article\DLPIF-repo-update\src\baseline_results.pkl::all_scenarios[(""knn"", ""block7d"")]"
KNN,block7d,deterministic,629,17704,2021-07-30,0.0,0.0,1,"C:\Users\yasemin.bozkurt\Desktop\article\DLPIF-repo-update\src\baseline_results.pkl::all_scenarios[(""knn"", ""block7d"")]"
KNN,block7d,deterministic,633,17704,2021-07-31,0.0,0.0,1,"C:\Users\yasemin.bozkurt\Desktop\article\DLPIF-repo-update\src\baseline_results.pkl::all_scenarios[(""knn"", ""block7d"")]"
KNN,block7d,deterministic,637,17704,2021-08-01,0.0,0.0,1,"C:\Users\yasemin.bozkurt\Desktop\article\DLPIF-repo-update\src\baseline_results.pkl::all_scenarios[(""knn"", ""block7d"")]"
KNN,block7d,deterministic,641,17704,2021-08-02,0.0,0.0,1,"C:\Users\yasemin.bozkurt\Desktop\article\DLPIF-repo-update\src\baseline_results.pkl::all_scenarios[(""knn"", ""block7d"")]"
KNN,block7d,deterministic,642,17748,2021-08-02,0.0,0.0,1,"C:\Users\yasemin.bozkurt\Desktop\article\DLPIF-repo-update\src\baseline_results.pkl::all_scenarios[(""knn"", ""block7d"")]"
KNN,block7d,deterministic,645,17704,2021-08-03,0.0,0.0,1,"C:\Users\yasemin.bozkurt\Desktop\article\DLPIF-repo-update\src\baseline_results.pkl::all_scenarios[(""knn"", ""block7d"")]"
KNN,block7d,deterministic,646,17748,2021-08-03,0.0,0.0,1,"C:\Users\yasemin.bozkurt\Desktop\article\DLPIF-repo-update\src\baseline_results.pkl::all_scenarios[(""knn"", ""block7d"")]"
KNN,block7d,deterministic,649,17704,2021-08-04,0.0,0.0,1,"C:\Users\yasemin.bozkurt\Desktop\article\DLPIF-repo-update\src\baseline_results.pkl::all_scenarios[(""knn"", ""block7d"")]"
KNN,block7d,deterministic,650,17748,2021-08-04,0.0,0.0,1,"C:\Users\yasemin.bozkurt\Desktop\article\DLPIF-repo-update\src\baseline_results.pkl::all_scenarios[(""knn"", ""block7d"")]"
KNN,block7d,deterministic,653,17704,2021-08-05,0.0,0.0,1,"C:\Users\yasemin.bozkurt\Desktop\article\DLPIF-repo-update\src\baseline_results.pkl::all_scenarios[(""knn"", ""block7d"")]"
KNN,block7d,deterministic,654,17748,2021-08-05,0.0,0.1600000070873648,1,"C:\Users\yasemin.bozkurt\Desktop\article\DLPIF-repo-update\src\baseline_results.pkl::all_scenarios[(""knn"", ""block7d"")]"
KNN,block7d,deterministic,658,17748,2021-08-06,0.0,0.0,1,"C:\Users\yasemin.bozkurt\Desktop\article\DLPIF-repo-update\src\baseline_results.pkl::all_scenarios[(""knn"", ""block7d"")]"
KNN,block7d,deterministic,662,17748,2021-08-07,0.0,0.4800000046379865,1,"C:\Users\yasemin.bozkurt\Desktop\article\DLPIF-repo-update\src\baseline_results.pkl::all_scenarios[(""knn"", ""block7d"")]"
KNN,block7d,deterministic,666,17748,2021-08-08,0.0,0.0,1,"C:\Users\yasemin.bozkurt\Desktop\article\DLPIF-repo-update\src\baseline_results.pkl::all_scenarios[(""knn"", ""block7d"")]"
KNN,block7d,deterministic,672,17155,2021-08-10,0.0,0.0,1,"C:\Users\yasemin.bozkurt\Desktop\article\DLPIF-repo-update\src\baseline_results.pkl::all_scenarios[(""knn"", ""block7d"")]"
KNN,block7d,deterministic,675,17750,2021-08-10,0.0,0.0,1,"C:\Users\yasemin.bozkurt\Desktop\article\DLPIF-repo-update\src\baseline_results.pkl::all_scenarios[(""knn"", ""block7d"")]"
KNN,block7d,deterministic,676,17155,2021-08-11,0.0,0.0,1,"C:\Users\yasemin.bozkurt\Desktop\article\DLPIF-repo-update\src\baseline_results.pkl::all_scenarios[(""knn"", ""block7d"")]"
KNN,block7d,deterministic,679,17750,2021-08-11,0.0,0.0,1,"C:\Users\yasemin.bozkurt\Desktop\article\DLPIF-repo-update\src\baseline_results.pkl::all_scenarios[(""knn"", ""block7d"")]"
KNN,block7d,deterministic,680,17155,2021-08-12,0.0,0.0,1,"C:\Users\yasemin.bozkurt\Desktop\article\DLPIF-repo-update\src\baseline_results.pkl::all_scenarios[(""knn"", ""block7d"")]"
KNN,block7d,deterministic,683,17750,2021-08-12,0.0,0.0400000017718412,1,"C:\Users\yasemin.bozkurt\Desktop\article\DLPIF-repo-update\src\baseline_results.pkl::all_scenarios[(""knn"", ""block7d"")]"
KNN,block7d,deterministic,684,17155,2021-08-13,0.0,0.600000030733645,1,"C:\Users\yasemin.bozkurt\Desktop\article\DLPIF-repo-update\src\baseline_results.pkl::all_scenarios[(""knn"", ""block7d"")]"
KNN,block7d,deterministic,687,17750,2021-08-13,0.0,0.0,1,"C:\Users\yasemin.bozkurt\Desktop\article\DLPIF-repo-update\src\baseline_results.pkl::all_scenarios[(""knn"", ""block7d"")]"
KNN,block7d,deterministic,688,17155,2021-08-14,0.0,0.600000030733645,1,"C:\Users\yasemin.bozkurt\Desktop\article\DLPIF-repo-update\src\baseline_results.pkl::all_scenarios[(""knn"", ""block7d"")]"
KNN,block7d,deterministic,691,17750,2021-08-14,0.0,0.0,1,"C:\Users\yasemin.bozkurt\Desktop\article\DLPIF-repo-update\src\baseline_results.pkl::all_scenarios[(""knn"", ""block7d"")]"
KNN,block7d,deterministic,692,17155,2021-08-15,0.0,0.0,1,"C:\Users\yasemin.bozkurt\Desktop\article\DLPIF-repo-update\src\baseline_results.pkl::all_scenarios[(""knn"", ""block7d"")]"
KNN,block7d,deterministic,695,17750,2021-08-15,0.0,0.0,1,"C:\Users\yasemin.bozkurt\Desktop\article\DLPIF-repo-update\src\baseline_results.pkl::all_scenarios[(""knn"", ""block7d"")]"
KNN,block7d,deterministic,696,17155,2021-08-16,0.0,0.0,1,"C:\Users\yasemin.bozkurt\Desktop\article\DLPIF-repo-update\src\baseline_results.pkl::all_scenarios[(""knn"", ""block7d"")]"
KNN,block7d,deterministic,699,17750,2021-08-16,0.0,0.0,1,"C:\Users\yasemin.bozkurt\Desktop\article\DLPIF-repo-update\src\baseline_results.pkl::all_scenarios[(""knn"", ""block7d"")]"
KNN,block7d,deterministic,761,17704,2021-09-01,0.0,0.2400000189431012,1,"C:\Users\yasemin.bozkurt\Desktop\article\DLPIF-repo-update\src\baseline_results.pkl::all_scenarios[(""knn"", ""block7d"")]"
KNN,block7d,deterministic,765,17704,2021-09-02,0.0,0.0,1,"C:\Users\yasemin.bozkurt\Desktop\article\DLPIF-repo-update\src\baseline_results.pkl::all_scenarios[(""knn"", ""block7d"")]"
KNN,block7d,deterministic,769,17704,2021-09-03,0.0,0.0400000017718412,1,"C:\Users\yasemin.bozkurt\Desktop\article\DLPIF-repo-update\src\baseline_results.pkl::all_scenarios[(""knn"", ""block7d"")]"
KNN,block7d,deterministic,770,17748,2021-09-03,0.0,0.0,1,"C:\Users\yasemin.bozkurt\Desktop\article\DLPIF-repo-update\src\baseline_results.pkl::all_scenarios[(""knn"", ""block7d"")]"
KNN,block7d,deterministic,773,17704,2021-09-04,0.0,0.0,1,"C:\Users\yasemin.bozkurt\Desktop\article\DLPIF-repo-update\src\baseline_results.pkl::all_scenarios[(""knn"", ""block7d"")]"
KNN,block7d,deterministic,774,17748,2021-09-04,0.0,0.0,1,"C:\Users\yasemin.bozkurt\Desktop\article\DLPIF-repo-update\src\baseline_results.pkl::all_scenarios[(""knn"", ""block7d"")]"
KNN,block7d,deterministic,777,17704,2021-09-05,0.0,1.4400000471621752,1,"C:\Users\yasemin.bozkurt\Desktop\article\DLPIF-repo-update\src\baseline_results.pkl::all_scenarios[(""knn"", ""block7d"")]"
KNN,block7d,deterministic,778,17748,2021-09-05,0.0,0.0,1,"C:\Users\yasemin.bozkurt\Desktop\article\DLPIF-repo-update\src\baseline_results.pkl::all_scenarios[(""knn"", ""block7d"")]"
KNN,block7d,deterministic,781,17704,2021-09-06,0.0,1.6800000328570606,1,"C:\Users\yasemin.bozkurt\Desktop\article\DLPIF-repo-update\src\baseline_results.pkl::all_scenarios[(""knn"", ""block7d"")]"
KNN,block7d,deterministic,782,17748,2021-09-06,0.0,0.0,1,"C:\Users\yasemin.bozkurt\Desktop\article\DLPIF-repo-update\src\baseline_results.pkl::all_scenarios[(""knn"", ""block7d"")]"
KNN,block7d,deterministic,785,17704,2021-09-07,0.0,1.2800000566989185,1,"C:\Users\yasemin.bozkurt\Desktop\article\DLPIF-repo-update\src\baseline_results.pkl::all_scenarios[(""knn"", ""block7d"")]"
KNN,block7d,deterministic,786,17748,2021-09-07,0.0,0.0400000017718412,1,"C:\Users\yasemin.bozkurt\Desktop\article\DLPIF-repo-update\src\baseline_results.pkl::all_scenarios[(""knn"", ""block7d"")]"
KNN,block7d,deterministic,790,17748,2021-09-08,0.0,0.0,1,"C:\Users\yasemin.bozkurt\Desktop\article\DLPIF-repo-update\src\baseline_results.pkl::all_scenarios[(""knn"", ""block7d"")]"
KNN,block7d,deterministic,794,17748,2021-09-09,0.0,0.0,1,"C:\Users\yasemin.bozkurt\Desktop\article\DLPIF-repo-update\src\baseline_results.pkl::all_scenarios[(""knn"", ""block7d"")]"
KNN,block7d,deterministic,806,17748,2021-09-12,0.0,1.4800000447779895,1,"C:\Users\yasemin.bozkurt\Desktop\article\DLPIF-repo-update\src\baseline_results.pkl::all_scenarios[(""knn"", ""block7d"")]"
KNN,block7d,deterministic,810,17748,2021-09-13,0.0,0.0,1,"C:\Users\yasemin.bozkurt\Desktop\article\DLPIF-repo-update\src\baseline_results.pkl::all_scenarios[(""knn"", ""block7d"")]"
KNN,block7d,deterministic,814,17748,2021-09-14,0.0,0.9200000781565906,1,"C:\Users\yasemin.bozkurt\Desktop\article\DLPIF-repo-update\src\baseline_results.pkl::all_scenarios[(""knn"", ""block7d"")]"
KNN,block7d,deterministic,818,17748,2021-09-15,0.0,0.2800000165589154,1,"C:\Users\yasemin.bozkurt\Desktop\article\DLPIF-repo-update\src\baseline_results.pkl::all_scenarios[(""knn"", ""block7d"")]"
KNN,block7d,deterministic,820,17155,2021-09-16,14.400000205636026,0.6400000283494592,1,"C:\Users\yasemin.bozkurt\Desktop\article\DLPIF-repo-update\src\baseline_results.pkl::all_scenarios[(""knn"", ""block7d"")]"
KNN,block7d,deterministic,822,17748,2021-09-16,0.0,0.0400000017718412,1,"C:\Users\yasemin.bozkurt\Desktop\article\DLPIF-repo-update\src\baseline_results.pkl::all_scenarios[(""knn"", ""block7d"")]"
KNN,block7d,deterministic,824,17155,2021-09-17,0.0,0.0400000017718412,1,"C:\Users\yasemin.bozkurt\Desktop\article\DLPIF-repo-update\src\baseline_results.pkl::all_scenarios[(""knn"", ""block7d"")]"
KNN,block7d,deterministic,826,17748,2021-09-17,0.0,0.5200000355020166,1,"C:\Users\yasemin.bozkurt\Desktop\article\DLPIF-repo-update\src\baseline_results.pkl::all_scenarios[(""knn"", ""block7d"")]"
KNN,block7d,deterministic,828,17155,2021-09-18,0.0,0.0,1,"C:\Users\yasemin.bozkurt\Desktop\article\DLPIF-repo-update\src\baseline_results.pkl::all_scenarios[(""knn"", ""block7d"")]"
KNN,block7d,deterministic,830,17748,2021-09-18,0.0,0.0,1,"C:\Users\yasemin.bozkurt\Desktop\article\DLPIF-repo-update\src\baseline_results.pkl::all_scenarios[(""knn"", ""block7d"")]"
KNN,block7d,deterministic,832,17155,2021-09-19,0.0,0.0,1,"C:\Users\yasemin.bozkurt\Desktop\article\DLPIF-repo-update\src\baseline_results.pkl::all_scenarios[(""knn"", ""block7d"")]"
KNN,block7d,deterministic,836,17155,2021-09-20,0.0,1.8800001539289952,1,"C:\Users\yasemin.bozkurt\Desktop\article\DLPIF-repo-update\src\baseline_results.pkl::all_scenarios[(""knn"", ""block7d"")]"
KNN,block7d,deterministic,840,17155,2021-09-21,0.0,0.20000000470317902,1,"C:\Users\yasemin.bozkurt\Desktop\article\DLPIF-repo-update\src\baseline_results.pkl::all_scenarios[(""knn"", ""block7d"")]"
KNN,block7d,deterministic,844,17155,2021-09-22,0.0,0.4800000046379865,1,"C:\Users\yasemin.bozkurt\Desktop\article\DLPIF-repo-update\src\baseline_results.pkl::all_scenarios[(""knn"", ""block7d"")]"
KNN,block7d,deterministic,849,17704,2021-09-23,0.20000000470317902,0.2800000165589154,1,"C:\Users\yasemin.bozkurt\Desktop\article\DLPIF-repo-update\src\baseline_results.pkl::all_scenarios[(""knn"", ""block7d"")]"
KNN,block7d,deterministic,853,17704,2021-09-24,0.0,0.0800000035436824,1,"C:\Users\yasemin.bozkurt\Desktop\article\DLPIF-repo-update\src\baseline_results.pkl::all_scenarios[(""knn"", ""block7d"")]"
KNN,block7d,deterministic,857,17704,2021-09-25,0.0,0.0,1,"C:\Users\yasemin.bozkurt\Desktop\article\DLPIF-repo-update\src\baseline_results.pkl::all_scenarios[(""knn"", ""block7d"")]"
KNN,block7d,deterministic,861,17704,2021-09-26,0.20000000470317902,0.0,1,"C:\Users\yasemin.bozkurt\Desktop\article\DLPIF-repo-update\src\baseline_results.pkl::all_scenarios[(""knn"", ""block7d"")]"
KNN,block7d,deterministic,865,17704,2021-09-27,0.0,0.0,1,"C:\Users\yasemin.bozkurt\Desktop\article\DLPIF-repo-update\src\baseline_results.pkl::all_scenarios[(""knn"", ""block7d"")]"
KNN,block7d,deterministic,869,17704,2021-09-28,0.0,0.0,1,"C:\Users\yasemin.bozkurt\Desktop\article\DLPIF-repo-update\src\baseline_results.pkl::all_scenarios[(""knn"", ""block7d"")]"
KNN,block7d,deterministic,873,17704,2021-09-29,0.0,0.0800000035436824,1,"C:\Users\yasemin.bozkurt\Desktop\article\DLPIF-repo-update\src\baseline_results.pkl::all_scenarios[(""knn"", ""block7d"")]"
KNN,block7d,deterministic,879,17750,2021-09-30,0.0,0.0400000017718412,1,"C:\Users\yasemin.bozkurt\Desktop\article\DLPIF-repo-update\src\baseline_results.pkl::all_scenarios[(""knn"", ""block7d"")]"
KNN,block7d,deterministic,883,17750,2021-10-01,0.0,0.0,1,"C:\Users\yasemin.bozkurt\Desktop\article\DLPIF-repo-update\src\baseline_results.pkl::all_scenarios[(""knn"", ""block7d"")]"
KNN,block7d,deterministic,884,17155,2021-10-02,0.0,0.0,1,"C:\Users\yasemin.bozkurt\Desktop\article\DLPIF-repo-update\src\baseline_results.pkl::all_scenarios[(""knn"", ""block7d"")]"
KNN,block7d,deterministic,887,17750,2021-10-02,0.0,3.0000000871717933,1,"C:\Users\yasemin.bozkurt\Desktop\article\DLPIF-repo-update\src\baseline_results.pkl::all_scenarios[(""knn"", ""block7d"")]"
KNN,block7d,deterministic,888,17155,2021-10-03,0.0,4.000000027567149,1,"C:\Users\yasemin.bozkurt\Desktop\article\DLPIF-repo-update\src\baseline_results.pkl::all_scenarios[(""knn"", ""block7d"")]"
KNN,block7d,deterministic,891,17750,2021-10-03,0.0,0.0400000017718412,1,"C:\Users\yasemin.bozkurt\Desktop\article\DLPIF-repo-update\src\baseline_results.pkl::all_scenarios[(""knn"", ""block7d"")]"
KNN,block7d,deterministic,892,17155,2021-10-04,0.0,0.0400000017718412,1,"C:\Users\yasemin.bozkurt\Desktop\article\DLPIF-repo-update\src\baseline_results.pkl::all_scenarios[(""knn"", ""block7d"")]"
KNN,block7d,deterministic,895,17750,2021-10-04,0.0,0.0,1,"C:\Users\yasemin.bozkurt\Desktop\article\DLPIF-repo-update\src\baseline_results.pkl::all_scenarios[(""knn"", ""block7d"")]"
KNN,block7d,deterministic,896,17155,2021-10-05,0.0,0.1600000070873648,1,"C:\Users\yasemin.bozkurt\Desktop\article\DLPIF-repo-update\src\baseline_results.pkl::all_scenarios[(""knn"", ""block7d"")]"
KNN,block7d,deterministic,899,17750,2021-10-05,0.0,0.0,1,"C:\Users\yasemin.bozkurt\Desktop\article\DLPIF-repo-update\src\baseline_results.pkl::all_scenarios[(""knn"", ""block7d"")]"
KNN,block7d,deterministic,900,17155,2021-10-06,0.0,1.96000001616776,1,"C:\Users\yasemin.bozkurt\Desktop\article\DLPIF-repo-update\src\baseline_results.pkl::all_scenarios[(""knn"", ""block7d"")]"
KNN,block7d,deterministic,903,17750,2021-10-06,0.0,0.0,1,"C:\Users\yasemin.bozkurt\Desktop\article\DLPIF-repo-update\src\baseline_results.pkl::all_scenarios[(""knn"", ""block7d"")]"
KNN,block7d,deterministic,904,17155,2021-10-07,0.0,0.0,1,"C:\Users\yasemin.bozkurt\Desktop\article\DLPIF-repo-update\src\baseline_results.pkl::all_scenarios[(""knn"", ""block7d"")]"
KNN,block7d,deterministic,908,17155,2021-10-08,0.0,0.0,1,"C:\Users\yasemin.bozkurt\Desktop\article\DLPIF-repo-update\src\baseline_results.pkl::all_scenarios[(""knn"", ""block7d"")]"
KNN,block7d,deterministic,950,17748,2021-10-18,0.600000030733645,7.520000083744526,1,"C:\Users\yasemin.bozkurt\Desktop\article\DLPIF-repo-update\src\baseline_results.pkl::all_scenarios[(""knn"", ""block7d"")]"
KNN,block7d,deterministic,954,17748,2021-10-19,0.20000000470317902,7.120000107586384,1,"C:\Users\yasemin.bozkurt\Desktop\article\DLPIF-repo-update\src\baseline_results.pkl::all_scenarios[(""knn"", ""block7d"")]"
KNN,block7d,deterministic,958,17748,2021-10-20,0.0,0.24000000231899324,1,"C:\Users\yasemin.bozkurt\Desktop\article\DLPIF-repo-update\src\baseline_results.pkl::all_scenarios[(""knn"", ""block7d"")]"
KNN,block7d,deterministic,962,17748,2021-10-21,0.0,0.0,1,"C:\Users\yasemin.bozkurt\Desktop\article\DLPIF-repo-update\src\baseline_results.pkl::all_scenarios[(""knn"", ""block7d"")]"
KNN,block7d,deterministic,966,17748,2021-10-22,0.0,0.0,1,"C:\Users\yasemin.bozkurt\Desktop\article\DLPIF-repo-update\src\baseline_results.pkl::all_scenarios[(""knn"", ""block7d"")]"
KNN,block7d,deterministic,968,17155,2021-10-23,0.0,0.0,1,"C:\Users\yasemin.bozkurt\Desktop\article\DLPIF-repo-update\src\baseline_results.pkl::all_scenarios[(""knn"", ""block7d"")]"
KNN,block7d,deterministic,970,17748,2021-10-23,0.0,0.0800000035436824,1,"C:\Users\yasemin.bozkurt\Desktop\article\DLPIF-repo-update\src\baseline_results.pkl::all_scenarios[(""knn"", ""block7d"")]"
KNN,block7d,deterministic,972,17155,2021-10-24,0.0,0.9600000757724048,1,"C:\Users\yasemin.bozkurt\Desktop\article\DLPIF-repo-update\src\baseline_results.pkl::all_scenarios[(""knn"", ""block7d"")]"
KNN,block7d,deterministic,974,17748,2021-10-24,0.0,0.0400000017718412,1,"C:\Users\yasemin.bozkurt\Desktop\article\DLPIF-repo-update\src\baseline_results.pkl::all_scenarios[(""knn"", ""block7d"")]"
KNN,block7d,deterministic,976,17155,2021-10-25,0.0,2.360000125318766,1,"C:\Users\yasemin.bozkurt\Desktop\article\DLPIF-repo-update\src\baseline_results.pkl::all_scenarios[(""knn"", ""block7d"")]"
KNN,block7d,deterministic,980,17155,2021-10-26,0.0,0.2800000165589154,1,"C:\Users\yasemin.bozkurt\Desktop\article\DLPIF-repo-update\src\baseline_results.pkl::all_scenarios[(""knn"", ""block7d"")]"
KNN,block7d,deterministic,984,17155,2021-10-27,0.0,0.2400000189431012,1,"C:\Users\yasemin.bozkurt\Desktop\article\DLPIF-repo-update\src\baseline_results.pkl::all_scenarios[(""knn"", ""block7d"")]"
KNN,block7d,deterministic,988,17155,2021-10-28,0.0,0.0400000017718412,1,"C:\Users\yasemin.bozkurt\Desktop\article\DLPIF-repo-update\src\baseline_results.pkl::all_scenarios[(""knn"", ""block7d"")]"
KNN,block7d,deterministic,992,17155,2021-10-29,0.0,0.0400000017718412,1,"C:\Users\yasemin.bozkurt\Desktop\article\DLPIF-repo-update\src\baseline_results.pkl::all_scenarios[(""knn"", ""block7d"")]"
KNN,block7d,deterministic,1011,17750,2021-11-02,0.40000000940635805,2.40000012293458,1,"C:\Users\yasemin.bozkurt\Desktop\article\DLPIF-repo-update\src\baseline_results.pkl::all_scenarios[(""knn"", ""block7d"")]"
KNN,block7d,deterministic,1015,17750,2021-11-03,10.000000467896463,1.2400000590831042,1,"C:\Users\yasemin.bozkurt\Desktop\article\DLPIF-repo-update\src\baseline_results.pkl::all_scenarios[(""knn"", ""block7d"")]"
KNN,block7d,deterministic,1019,17750,2021-11-04,0.0,0.0,1,"C:\Users\yasemin.bozkurt\Desktop\article\DLPIF-repo-update\src\baseline_results.pkl::all_scenarios[(""knn"", ""block7d"")]"
KNN,block7d,deterministic,1023,17750,2021-11-05,0.0,0.5200000355020166,1,"C:\Users\yasemin.bozkurt\Desktop\article\DLPIF-repo-update\src\baseline_results.pkl::all_scenarios[(""knn"", ""block7d"")]"
KNN,block7d,deterministic,1027,17750,2021-11-06,0.20000000470317902,0.0800000035436824,1,"C:\Users\yasemin.bozkurt\Desktop\article\DLPIF-repo-update\src\baseline_results.pkl::all_scenarios[(""knn"", ""block7d"")]"
KNN,block7d,deterministic,1031,17750,2021-11-07,0.0,0.0,1,"C:\Users\yasemin.bozkurt\Desktop\article\DLPIF-repo-update\src\baseline_results.pkl::all_scenarios[(""knn"", ""block7d"")]"
KNN,block7d,deterministic,1035,17750,2021-11-08,0.0,0.0400000017718412,1,"C:\Users\yasemin.bozkurt\Desktop\article\DLPIF-repo-update\src\baseline_results.pkl::all_scenarios[(""knn"", ""block7d"")]"
KNN,block7d,deterministic,1072,17155,2021-11-18,0.0,0.0400000017718412,1,"C:\Users\yasemin.bozkurt\Desktop\article\DLPIF-repo-update\src\baseline_results.pkl::all_scenarios[(""knn"", ""block7d"")]"
KNN,block7d,deterministic,1076,17155,2021-11-19,0.0,0.3200000141747296,1,"C:\Users\yasemin.bozkurt\Desktop\article\DLPIF-repo-update\src\baseline_results.pkl::all_scenarios[(""knn"", ""block7d"")]"
KNN,block7d,deterministic,1080,17155,2021-11-20,0.20000000470317902,1.4800000447779895,1,"C:\Users\yasemin.bozkurt\Desktop\article\DLPIF-repo-update\src\baseline_results.pkl::all_scenarios[(""knn"", ""block7d"")]"
KNN,block7d,deterministic,1084,17155,2021-11-21,0.0,0.0,1,"C:\Users\yasemin.bozkurt\Desktop\article\DLPIF-repo-update\src\baseline_results.pkl::all_scenarios[(""knn"", ""block7d"")]"
KNN,block7d,deterministic,1088,17155,2021-11-22,0.0,0.0,1,"C:\Users\yasemin.bozkurt\Desktop\article\DLPIF-repo-update\src\baseline_results.pkl::all_scenarios[(""knn"", ""block7d"")]"
KNN,block7d,deterministic,1092,17155,2021-11-23,0.0,2.440000120550394,1,"C:\Users\yasemin.bozkurt\Desktop\article\DLPIF-repo-update\src\baseline_results.pkl::all_scenarios[(""knn"", ""block7d"")]"
KNN,block7d,deterministic,1096,17155,2021-11-24,10.200000455975534,0.8800000140443445,1,"C:\Users\yasemin.bozkurt\Desktop\article\DLPIF-repo-update\src\baseline_results.pkl::all_scenarios[(""knn"", ""block7d"")]"
KNN,block7d,deterministic,1103,17750,2021-11-25,5.0000002339482315,1.6000000376254322,1,"C:\Users\yasemin.bozkurt\Desktop\article\DLPIF-repo-update\src\baseline_results.pkl::all_scenarios[(""knn"", ""block7d"")]"
KNN,block7d,deterministic,1107,17750,2021-11-26,0.0,0.0800000035436824,1,"C:\Users\yasemin.bozkurt\Desktop\article\DLPIF-repo-update\src\baseline_results.pkl::all_scenarios[(""knn"", ""block7d"")]"
KNN,block7d,deterministic,1111,17750,2021-11-27,3.0000000871717933,4.120000020414591,1,"C:\Users\yasemin.bozkurt\Desktop\article\DLPIF-repo-update\src\baseline_results.pkl::all_scenarios[(""knn"", ""block7d"")]"
KNN,block7d,deterministic,1115,17750,2021-11-28,8.800000007450581,8.800000007450581,1,"C:\Users\yasemin.bozkurt\Desktop\article\DLPIF-repo-update\src\baseline_results.pkl::all_scenarios[(""knn"", ""block7d"")]"
KNN,block7d,deterministic,1116,17155,2021-11-29,0.20000000470317902,2.240000132471323,1,"C:\Users\yasemin.bozkurt\Desktop\article\DLPIF-repo-update\src\baseline_results.pkl::all_scenarios[(""knn"", ""block7d"")]"
KNN,block7d,deterministic,1119,17750,2021-11-29,0.0,0.0,1,"C:\Users\yasemin.bozkurt\Desktop\article\DLPIF-repo-update\src\baseline_results.pkl::all_scenarios[(""knn"", ""block7d"")]"
KNN,block7d,deterministic,1120,17155,2021-11-30,19.600000959634784,3.0800000824034215,1,"C:\Users\yasemin.bozkurt\Desktop\article\DLPIF-repo-update\src\baseline_results.pkl::all_scenarios[(""knn"", ""block7d"")]"
KNN,block7d,deterministic,1123,17750,2021-11-30,16.600000074505807,5.0000002339482315,1,"C:\Users\yasemin.bozkurt\Desktop\article\DLPIF-repo-update\src\baseline_results.pkl::all_scenarios[(""knn"", ""block7d"")]"
KNN,block7d,deterministic,1124,17155,2021-12-01,13.800000241398813,0.0400000017718412,1,"C:\Users\yasemin.bozkurt\Desktop\article\DLPIF-repo-update\src\baseline_results.pkl::all_scenarios[(""knn"", ""block7d"")]"
KNN,block7d,deterministic,1127,17750,2021-12-01,17.20000003874302,3.720000044256449,1,"C:\Users\yasemin.bozkurt\Desktop\article\DLPIF-repo-update\src\baseline_results.pkl::all_scenarios[(""knn"", ""block7d"")]"
KNN,block7d,deterministic,1128,17155,2021-12-02,0.0,0.0,1,"C:\Users\yasemin.bozkurt\Desktop\article\DLPIF-repo-update\src\baseline_results.pkl::all_scenarios[(""knn"", ""block7d"")]"
KNN,block7d,deterministic,1132,17155,2021-12-03,0.20000000470317902,0.5200000022538007,1,"C:\Users\yasemin.bozkurt\Desktop\article\DLPIF-repo-update\src\baseline_results.pkl::all_scenarios[(""knn"", ""block7d"")]"
KNN,block7d,deterministic,1136,17155,2021-12-04,0.20000000470317902,4.120000020414591,1,"C:\Users\yasemin.bozkurt\Desktop\article\DLPIF-repo-update\src\baseline_results.pkl::all_scenarios[(""knn"", ""block7d"")]"
KNN,block7d,deterministic,1140,17155,2021-12-05,0.8000000188127161,0.9200000116601588,1,"C:\Users\yasemin.bozkurt\Desktop\article\DLPIF-repo-update\src\baseline_results.pkl::all_scenarios[(""knn"", ""block7d"")]"
KNN,block7d,deterministic,1199,17750,2021-12-19,0.600000030733645,5.360000212490559,1,"C:\Users\yasemin.bozkurt\Desktop\article\DLPIF-repo-update\src\baseline_results.pkl::all_scenarios[(""knn"", ""block7d"")]"
KNN,block7d,deterministic,1203,17750,2021-12-20,0.600000030733645,1.4400000471621752,1,"C:\Users\yasemin.bozkurt\Desktop\article\DLPIF-repo-update\src\baseline_results.pkl::all_scenarios[(""knn"", ""block7d"")]"
KNN,block7d,deterministic,1207,17750,2021-12-21,0.40000000940635805,0.960000009275973,1,"C:\Users\yasemin.bozkurt\Desktop\article\DLPIF-repo-update\src\baseline_results.pkl::all_scenarios[(""knn"", ""block7d"")]"
KNN,block7d,deterministic,1211,17750,2021-12-22,3.4000000633299354,0.4800000378862024,1,"C:\Users\yasemin.bozkurt\Desktop\article\DLPIF-repo-update\src\baseline_results.pkl::all_scenarios[(""knn"", ""block7d"")]"
KNN,block7d,deterministic,1215,17750,2021-12-23,0.0,0.4800000378862024,1,"C:\Users\yasemin.bozkurt\Desktop\article\DLPIF-repo-update\src\baseline_results.pkl::all_scenarios[(""knn"", ""block7d"")]"
KNN,block7d,deterministic,1219,17750,2021-12-24,0.0,0.2800000165589154,1,"C:\Users\yasemin.bozkurt\Desktop\article\DLPIF-repo-update\src\baseline_results.pkl::all_scenarios[(""knn"", ""block7d"")]"
KNN,block7d,deterministic,1223,17750,2021-12-25,0.0,0.0,1,"C:\Users\yasemin.bozkurt\Desktop\article\DLPIF-repo-update\src\baseline_results.pkl::all_scenarios[(""knn"", ""block7d"")]"
KNN,block7d,deterministic,1270,17748,2022-01-06,0.0,0.20000000470317902,1,"C:\Users\yasemin.bozkurt\Desktop\article\DLPIF-repo-update\src\baseline_results.pkl::all_scenarios[(""knn"", ""block7d"")]"
KNN,block7d,deterministic,1274,17748,2022-01-07,0.0,1.0400000710040331,1,"C:\Users\yasemin.bozkurt\Desktop\article\DLPIF-repo-update\src\baseline_results.pkl::all_scenarios[(""knn"", ""block7d"")]"
KNN,block7d,deterministic,1278,17748,2022-01-08,0.0,0.44000000702217223,1,"C:\Users\yasemin.bozkurt\Desktop\article\DLPIF-repo-update\src\baseline_results.pkl::all_scenarios[(""knn"", ""block7d"")]"
KNN,block7d,deterministic,1282,17748,2022-01-09,2.6000001110136512,4.160000018030406,1,"C:\Users\yasemin.bozkurt\Desktop\article\DLPIF-repo-update\src\baseline_results.pkl::all_scenarios[(""knn"", ""block7d"")]"
KNN,block7d,deterministic,1286,17748,2022-01-10,0.600000030733645,1.560000040009618,1,"C:\Users\yasemin.bozkurt\Desktop\article\DLPIF-repo-update\src\baseline_results.pkl::all_scenarios[(""knn"", ""block7d"")]"
KNN,block7d,deterministic,1290,17748,2022-01-11,3.0000000871717933,2.0400000113993886,1,"C:\Users\yasemin.bozkurt\Desktop\article\DLPIF-repo-update\src\baseline_results.pkl::all_scenarios[(""knn"", ""block7d"")]"
KNN,block7d,deterministic,1294,17748,2022-01-12,1.20000006146729,2.1200001396238806,1,"C:\Users\yasemin.bozkurt\Desktop\article\DLPIF-repo-update\src\baseline_results.pkl::all_scenarios[(""knn"", ""block7d"")]"
KNN,block7d,deterministic,1332,17155,2022-01-22,12.200000336766244,0.7200000235810876,1,"C:\Users\yasemin.bozkurt\Desktop\article\DLPIF-repo-update\src\baseline_results.pkl::all_scenarios[(""knn"", ""block7d"")]"
KNN,block7d,deterministic,1336,17155,2022-01-23,13.600000253319742,2.360000125318766,1,"C:\Users\yasemin.bozkurt\Desktop\article\DLPIF-repo-update\src\baseline_results.pkl::all_scenarios[(""knn"", ""block7d"")]"
KNN,block7d,deterministic,1339,17750,2022-01-23,1.4000000495463611,0.6800000259652734,1,"C:\Users\yasemin.bozkurt\Desktop\article\DLPIF-repo-update\src\baseline_results.pkl::all_scenarios[(""knn"", ""block7d"")]"
KNN,block7d,deterministic,1340,17155,2022-01-24,0.0,1.4000000495463611,1,"C:\Users\yasemin.bozkurt\Desktop\article\DLPIF-repo-update\src\baseline_results.pkl::all_scenarios[(""knn"", ""block7d"")]"
KNN,block7d,deterministic,1343,17750,2022-01-24,0.8000000188127161,0.0,1,"C:\Users\yasemin.bozkurt\Desktop\article\DLPIF-repo-update\src\baseline_results.pkl::all_scenarios[(""knn"", ""block7d"")]"
KNN,block7d,deterministic,1344,17155,2022-01-25,0.0,0.6400000283494592,1,"C:\Users\yasemin.bozkurt\Desktop\article\DLPIF-repo-update\src\baseline_results.pkl::all_scenarios[(""knn"", ""block7d"")]"
KNN,block7d,deterministic,1347,17750,2022-01-25,0.0,0.6400000283494592,1,"C:\Users\yasemin.bozkurt\Desktop\article\DLPIF-repo-update\src\baseline_results.pkl::all_scenarios[(""knn"", ""block7d"")]"
KNN,block7d,deterministic,1348,17155,2022-01-26,0.20000000470317902,4.440000267326832,1,"C:\Users\yasemin.bozkurt\Desktop\article\DLPIF-repo-update\src\baseline_results.pkl::all_scenarios[(""knn"", ""block7d"")]"
KNN,block7d,deterministic,1351,17750,2022-01-26,0.20000000470317902,0.9400000104680658,1,"C:\Users\yasemin.bozkurt\Desktop\article\DLPIF-repo-update\src\baseline_results.pkl::all_scenarios[(""knn"", ""block7d"")]"
KNN,block7d,deterministic,1352,17155,2022-01-27,0.0,0.1200000094715506,1,"C:\Users\yasemin.bozkurt\Desktop\article\DLPIF-repo-update\src\baseline_results.pkl::all_scenarios[(""knn"", ""block7d"")]"
KNN,block7d,deterministic,1355,17750,2022-01-27,0.0,1.1600000638514758,1,"C:\Users\yasemin.bozkurt\Desktop\article\DLPIF-repo-update\src\baseline_results.pkl::all_scenarios[(""knn"", ""block7d"")]"
KNN,block7d,deterministic,1356,17155,2022-01-28,0.0,1.4000000495463611,1,"C:\Users\yasemin.bozkurt\Desktop\article\DLPIF-repo-update\src\baseline_results.pkl::all_scenarios[(""knn"", ""block7d"")]"
KNN,block7d,deterministic,1359,17750,2022-01-28,0.0,0.0,1,"C:\Users\yasemin.bozkurt\Desktop\article\DLPIF-repo-update\src\baseline_results.pkl::all_scenarios[(""knn"", ""block7d"")]"
KNN,block7d,deterministic,1363,17750,2022-01-29,0.0,1.0400000710040331,1,"C:\Users\yasemin.bozkurt\Desktop\article\DLPIF-repo-update\src\baseline_results.pkl::all_scenarios[(""knn"", ""block7d"")]"
KNN,block7d,deterministic,1420,17155,2022-02-13,0.0,1.5200000423938038,1,"C:\Users\yasemin.bozkurt\Desktop\article\DLPIF-repo-update\src\baseline_results.pkl::all_scenarios[(""knn"", ""block7d"")]"
KNN,block7d,deterministic,1424,17155,2022-02-14,0.0,9.280000510811806,1,"C:\Users\yasemin.bozkurt\Desktop\article\DLPIF-repo-update\src\baseline_results.pkl::all_scenarios[(""knn"", ""block7d"")]"
KNN,block7d,deterministic,1428,17155,2022-02-15,0.0,1.2400000590831042,1,"C:\Users\yasemin.bozkurt\Desktop\article\DLPIF-repo-update\src\baseline_results.pkl::all_scenarios[(""knn"", ""block7d"")]"
KNN,block7d,deterministic,1432,17155,2022-02-16,0.0,0.0,1,"C:\Users\yasemin.bozkurt\Desktop\article\DLPIF-repo-update\src\baseline_results.pkl::all_scenarios[(""knn"", ""block7d"")]"
KNN,block7d,deterministic,1436,17155,2022-02-17,0.0,0.0400000017718412,1,"C:\Users\yasemin.bozkurt\Desktop\article\DLPIF-repo-update\src\baseline_results.pkl::all_scenarios[(""knn"", ""block7d"")]"
KNN,block7d,deterministic,1440,17155,2022-02-18,0.0,3.6400000490248208,1,"C:\Users\yasemin.bozkurt\Desktop\article\DLPIF-repo-update\src\baseline_results.pkl::all_scenarios[(""knn"", ""block7d"")]"
KNN,block7d,deterministic,1444,17155,2022-02-19,8.000000055134297,0.9600000757724048,1,"C:\Users\yasemin.bozkurt\Desktop\article\DLPIF-repo-update\src\baseline_results.pkl::all_scenarios[(""knn"", ""block7d"")]"
KNN,block7d,deterministic,1450,17748,2022-02-20,0.20000000470317902,0.0,1,"C:\Users\yasemin.bozkurt\Desktop\article\DLPIF-repo-update\src\baseline_results.pkl::all_scenarios[(""knn"", ""block7d"")]"
KNN,block7d,deterministic,1454,17748,2022-02-21,0.0,0.0,1,"C:\Users\yasemin.bozkurt\Desktop\article\DLPIF-repo-update\src\baseline_results.pkl::all_scenarios[(""knn"", ""block7d"")]"
KNN,block7d,deterministic,1458,17748,2022-02-22,0.0,2.960000089555979,1,"C:\Users\yasemin.bozkurt\Desktop\article\DLPIF-repo-update\src\baseline_results.pkl::all_scenarios[(""knn"", ""block7d"")]"
KNN,block7d,deterministic,1462,17748,2022-02-23,1.20000006146729,3.0000000871717933,1,"C:\Users\yasemin.bozkurt\Desktop\article\DLPIF-repo-update\src\baseline_results.pkl::all_scenarios[(""knn"", ""block7d"")]"
KNN,block7d,deterministic,1466,17748,2022-02-24,2.40000012293458,7.36000009328127,1,"C:\Users\yasemin.bozkurt\Desktop\article\DLPIF-repo-update\src\baseline_results.pkl::all_scenarios[(""knn"", ""block7d"")]"
KNN,block7d,deterministic,1470,17748,2022-02-25,6.200000162422658,11.640000370144845,1,"C:\Users\yasemin.bozkurt\Desktop\article\DLPIF-repo-update\src\baseline_results.pkl::all_scenarios[(""knn"", ""block7d"")]"
KNN,block7d,deterministic,1474,17748,2022-02-26,0.600000030733645,1.4400000471621752,1,"C:\Users\yasemin.bozkurt\Desktop\article\DLPIF-repo-update\src\baseline_results.pkl::all_scenarios[(""knn"", ""block7d"")]"
KNN,block7d,deterministic,1497,17704,2022-03-04,0.0,3.0400000847876076,1,"C:\Users\yasemin.bozkurt\Desktop\article\DLPIF-repo-update\src\baseline_results.pkl::all_scenarios[(""knn"", ""block7d"")]"
KNN,block7d,deterministic,1501,17704,2022-03-05,0.0,3.120000080019236,1,"C:\Users\yasemin.bozkurt\Desktop\article\DLPIF-repo-update\src\baseline_results.pkl::all_scenarios[(""knn"", ""block7d"")]"
KNN,block7d,deterministic,1505,17704,2022-03-06,5.600000198185445,14.080000224709512,1,"C:\Users\yasemin.bozkurt\Desktop\article\DLPIF-repo-update\src\baseline_results.pkl::all_scenarios[(""knn"", ""block7d"")]"
KNN,block7d,deterministic,1509,17704,2022-03-07,1.4000000495463611,3.880000034719706,1,"C:\Users\yasemin.bozkurt\Desktop\article\DLPIF-repo-update\src\baseline_results.pkl::all_scenarios[(""knn"", ""block7d"")]"
KNN,block7d,deterministic,1513,17704,2022-03-08,5.0000002339482315,1.1600000638514758,1,"C:\Users\yasemin.bozkurt\Desktop\article\DLPIF-repo-update\src\baseline_results.pkl::all_scenarios[(""knn"", ""block7d"")]"
KNN,block7d,deterministic,1517,17704,2022-03-09,0.40000000940635805,0.5200000355020166,1,"C:\Users\yasemin.bozkurt\Desktop\article\DLPIF-repo-update\src\baseline_results.pkl::all_scenarios[(""knn"", ""block7d"")]"
KNN,block7d,deterministic,1521,17704,2022-03-10,0.0,1.8800001539289952,1,"C:\Users\yasemin.bozkurt\Desktop\article\DLPIF-repo-update\src\baseline_results.pkl::all_scenarios[(""knn"", ""block7d"")]"
KNN,block7d,deterministic,1526,17748,2022-03-11,0.0,0.5600000331178308,1,"C:\Users\yasemin.bozkurt\Desktop\article\DLPIF-repo-update\src\baseline_results.pkl::all_scenarios[(""knn"", ""block7d"")]"
KNN,block7d,deterministic,1530,17748,2022-03-12,0.0,0.0800000035436824,1,"C:\Users\yasemin.bozkurt\Desktop\article\DLPIF-repo-update\src\baseline_results.pkl::all_scenarios[(""knn"", ""block7d"")]"
KNN,block7d,deterministic,1534,17748,2022-03-13,0.20000000470317902,0.600000030733645,1,"C:\Users\yasemin.bozkurt\Desktop\article\DLPIF-repo-update\src\baseline_results.pkl::all_scenarios[(""knn"", ""block7d"")]"
KNN,block7d,deterministic,1538,17748,2022-03-14,0.40000000940635805,0.0,1,"C:\Users\yasemin.bozkurt\Desktop\article\DLPIF-repo-update\src\baseline_results.pkl::all_scenarios[(""knn"", ""block7d"")]"
KNN,block7d,deterministic,1542,17748,2022-03-15,0.0,0.0800000035436824,1,"C:\Users\yasemin.bozkurt\Desktop\article\DLPIF-repo-update\src\baseline_results.pkl::all_scenarios[(""knn"", ""block7d"")]"
KNN,block7d,deterministic,1546,17748,2022-03-16,0.0,0.2800000165589154,1,"C:\Users\yasemin.bozkurt\Desktop\article\DLPIF-repo-update\src\baseline_results.pkl::all_scenarios[(""knn"", ""block7d"")]"
KNN,block7d,deterministic,1550,17748,2022-03-17,0.0,0.0,1,"C:\Users\yasemin.bozkurt\Desktop\article\DLPIF-repo-update\src\baseline_results.pkl::all_scenarios[(""knn"", ""block7d"")]"
KNN,block7d,deterministic,1570,17748,2022-03-22,0.0,0.0,1,"C:\Users\yasemin.bozkurt\Desktop\article\DLPIF-repo-update\src\baseline_results.pkl::all_scenarios[(""knn"", ""block7d"")]"
KNN,block7d,deterministic,1574,17748,2022-03-23,0.0,0.20000000470317902,1,"C:\Users\yasemin.bozkurt\Desktop\article\DLPIF-repo-update\src\baseline_results.pkl::all_scenarios[(""knn"", ""block7d"")]"
KNN,block7d,deterministic,1577,17704,2022-03-24,0.0,0.1800000058952719,1,"C:\Users\yasemin.bozkurt\Desktop\article\DLPIF-repo-update\src\baseline_results.pkl::all_scenarios[(""knn"", ""block7d"")]"
KNN,block7d,deterministic,1578,17748,2022-03-24,0.0,2.000000146776438,1,"C:\Users\yasemin.bozkurt\Desktop\article\DLPIF-repo-update\src\baseline_results.pkl::all_scenarios[(""knn"", ""block7d"")]"
KNN,block7d,deterministic,1581,17704,2022-03-25,0.0,0.0,1,"C:\Users\yasemin.bozkurt\Desktop\article\DLPIF-repo-update\src\baseline_results.pkl::all_scenarios[(""knn"", ""block7d"")]"
KNN,block7d,deterministic,1582,17748,2022-03-25,0.0,0.0400000017718412,1,"C:\Users\yasemin.bozkurt\Desktop\article\DLPIF-repo-update\src\baseline_results.pkl::all_scenarios[(""knn"", ""block7d"")]"
KNN,block7d,deterministic,1585,17704,2022-03-26,0.0,0.0400000017718412,1,"C:\Users\yasemin.bozkurt\Desktop\article\DLPIF-repo-update\src\baseline_results.pkl::all_scenarios[(""knn"", ""block7d"")]"
KNN,block7d,deterministic,1586,17748,2022-03-26,0.0,0.0,1,"C:\Users\yasemin.bozkurt\Desktop\article\DLPIF-repo-update\src\baseline_results.pkl::all_scenarios[(""knn"", ""block7d"")]"
KNN,block7d,deterministic,1589,17704,2022-03-27,0.0,0.0,1,"C:\Users\yasemin.bozkurt\Desktop\article\DLPIF-repo-update\src\baseline_results.pkl::all_scenarios[(""knn"", ""block7d"")]"
KNN,block7d,deterministic,1590,17748,2022-03-27,0.0,0.0,1,"C:\Users\yasemin.bozkurt\Desktop\article\DLPIF-repo-update\src\baseline_results.pkl::all_scenarios[(""knn"", ""block7d"")]"
KNN,block7d,deterministic,1593,17704,2022-03-28,0.0,0.0,1,"C:\Users\yasemin.bozkurt\Desktop\article\DLPIF-repo-update\src\baseline_results.pkl::all_scenarios[(""knn"", ""block7d"")]"
KNN,block7d,deterministic,1594,17748,2022-03-28,0.0,0.0,1,"C:\Users\yasemin.bozkurt\Desktop\article\DLPIF-repo-update\src\baseline_results.pkl::all_scenarios[(""knn"", ""block7d"")]"
KNN,block7d,deterministic,1597,17704,2022-03-29,0.0,0.5600000331178308,1,"C:\Users\yasemin.bozkurt\Desktop\article\DLPIF-repo-update\src\baseline_results.pkl::all_scenarios[(""knn"", ""block7d"")]"
KNN,block7d,deterministic,1601,17704,2022-03-30,0.600000030733645,1.920000018551946,1,"C:\Users\yasemin.bozkurt\Desktop\article\DLPIF-repo-update\src\baseline_results.pkl::all_scenarios[(""knn"", ""block7d"")]"
KNN,block7d,deterministic,1625,17704,2022-04-05,0.0,0.0400000017718412,1,"C:\Users\yasemin.bozkurt\Desktop\article\DLPIF-repo-update\src\baseline_results.pkl::all_scenarios[(""knn"", ""block7d"")]"
KNN,block7d,deterministic,1629,17704,2022-04-06,0.0,0.0,1,"C:\Users\yasemin.bozkurt\Desktop\article\DLPIF-repo-update\src\baseline_results.pkl::all_scenarios[(""knn"", ""block7d"")]"
KNN,block7d,deterministic,1633,17704,2022-04-07,0.0,0.1200000094715506,1,"C:\Users\yasemin.bozkurt\Desktop\article\DLPIF-repo-update\src\baseline_results.pkl::all_scenarios[(""knn"", ""block7d"")]"
KNN,block7d,deterministic,1637,17704,2022-04-08,1.4000000495463611,14.44000020325184,1,"C:\Users\yasemin.bozkurt\Desktop\article\DLPIF-repo-update\src\baseline_results.pkl::all_scenarios[(""knn"", ""block7d"")]"
KNN,block7d,deterministic,1641,17704,2022-04-09,0.0,0.0,1,"C:\Users\yasemin.bozkurt\Desktop\article\DLPIF-repo-update\src\baseline_results.pkl::all_scenarios[(""knn"", ""block7d"")]"
KNN,block7d,deterministic,1645,17704,2022-04-10,0.0,0.0,1,"C:\Users\yasemin.bozkurt\Desktop\article\DLPIF-repo-update\src\baseline_results.pkl::all_scenarios[(""knn"", ""block7d"")]"
KNN,block7d,deterministic,1649,17704,2022-04-11,2.0000000137835743,3.0800000824034215,1,"C:\Users\yasemin.bozkurt\Desktop\article\DLPIF-repo-update\src\baseline_results.pkl::all_scenarios[(""knn"", ""block7d"")]"
KNN,block7d,deterministic,1680,17155,2022-04-19,0.0,3.2400000728666787,1,"C:\Users\yasemin.bozkurt\Desktop\article\DLPIF-repo-update\src\baseline_results.pkl::all_scenarios[(""knn"", ""block7d"")]"
KNN,block7d,deterministic,1684,17155,2022-04-20,1.8000000257045032,0.0,1,"C:\Users\yasemin.bozkurt\Desktop\article\DLPIF-repo-update\src\baseline_results.pkl::all_scenarios[(""knn"", ""block7d"")]"
KNN,block7d,deterministic,1688,17155,2022-04-21,0.0,0.0,1,"C:\Users\yasemin.bozkurt\Desktop\article\DLPIF-repo-update\src\baseline_results.pkl::all_scenarios[(""knn"", ""block7d"")]"
KNN,block7d,deterministic,1692,17155,2022-04-22,0.0,0.0,1,"C:\Users\yasemin.bozkurt\Desktop\article\DLPIF-repo-update\src\baseline_results.pkl::all_scenarios[(""knn"", ""block7d"")]"
KNN,block7d,deterministic,1696,17155,2022-04-23,0.0,0.0,1,"C:\Users\yasemin.bozkurt\Desktop\article\DLPIF-repo-update\src\baseline_results.pkl::all_scenarios[(""knn"", ""block7d"")]"
KNN,block7d,deterministic,1700,17155,2022-04-24,0.0,0.0,1,"C:\Users\yasemin.bozkurt\Desktop\article\DLPIF-repo-update\src\baseline_results.pkl::all_scenarios[(""knn"", ""block7d"")]"
KNN,block7d,deterministic,1704,17155,2022-04-25,0.0,0.0400000017718412,1,"C:\Users\yasemin.bozkurt\Desktop\article\DLPIF-repo-update\src\baseline_results.pkl::all_scenarios[(""knn"", ""block7d"")]"
KNN,block7d,deterministic,1707,17750,2022-04-25,0.0,0.0,1,"C:\Users\yasemin.bozkurt\Desktop\article\DLPIF-repo-update\src\baseline_results.pkl::all_scenarios[(""knn"", ""block7d"")]"
KNN,block7d,deterministic,1711,17750,2022-04-26,0.0,0.0,1,"C:\Users\yasemin.bozkurt\Desktop\article\DLPIF-repo-update\src\baseline_results.pkl::all_scenarios[(""knn"", ""block7d"")]"
KNN,block7d,deterministic,1715,17750,2022-04-27,0.0,0.0,1,"C:\Users\yasemin.bozkurt\Desktop\article\DLPIF-repo-update\src\baseline_results.pkl::all_scenarios[(""knn"", ""block7d"")]"
KNN,block7d,deterministic,1719,17750,2022-04-28,0.0,0.0,1,"C:\Users\yasemin.bozkurt\Desktop\article\DLPIF-repo-update\src\baseline_results.pkl::all_scenarios[(""knn"", ""block7d"")]"
KNN,block7d,deterministic,1723,17750,2022-04-29,0.0,0.0,1,"C:\Users\yasemin.bozkurt\Desktop\article\DLPIF-repo-update\src\baseline_results.pkl::all_scenarios[(""knn"", ""block7d"")]"
KNN,block7d,deterministic,1727,17750,2022-04-30,0.20000000470317902,0.8800000140443445,1,"C:\Users\yasemin.bozkurt\Desktop\article\DLPIF-repo-update\src\baseline_results.pkl::all_scenarios[(""knn"", ""block7d"")]"
KNN,block7d,deterministic,1731,17750,2022-05-01,0.20000000470317902,0.0400000017718412,1,"C:\Users\yasemin.bozkurt\Desktop\article\DLPIF-repo-update\src\baseline_results.pkl::all_scenarios[(""knn"", ""block7d"")]"
KNN,block7d,deterministic,1744,17155,2022-05-05,1.0000000068917871,1.000000073388219,1,"C:\Users\yasemin.bozkurt\Desktop\article\DLPIF-repo-update\src\baseline_results.pkl::all_scenarios[(""knn"", ""block7d"")]"
KNN,block7d,deterministic,1748,17155,2022-05-06,0.0,0.0800000035436824,1,"C:\Users\yasemin.bozkurt\Desktop\article\DLPIF-repo-update\src\baseline_results.pkl::all_scenarios[(""knn"", ""block7d"")]"
KNN,block7d,deterministic,1752,17155,2022-05-07,0.0,0.8400000164285303,1,"C:\Users\yasemin.bozkurt\Desktop\article\DLPIF-repo-update\src\baseline_results.pkl::all_scenarios[(""knn"", ""block7d"")]"
KNN,block7d,deterministic,1756,17155,2022-05-08,0.0,0.0400000017718412,1,"C:\Users\yasemin.bozkurt\Desktop\article\DLPIF-repo-update\src\baseline_results.pkl::all_scenarios[(""knn"", ""block7d"")]"
KNN,block7d,deterministic,1760,17155,2022-05-09,0.0,0.0400000017718412,1,"C:\Users\yasemin.bozkurt\Desktop\article\DLPIF-repo-update\src\baseline_results.pkl::all_scenarios[(""knn"", ""block7d"")]"
KNN,block7d,deterministic,1762,17748,2022-05-09,0.0,0.0800000035436824,1,"C:\Users\yasemin.bozkurt\Desktop\article\DLPIF-repo-update\src\baseline_results.pkl::all_scenarios[(""knn"", ""block7d"")]"
KNN,block7d,deterministic,1764,17155,2022-05-10,0.0,0.0800000035436824,1,"C:\Users\yasemin.bozkurt\Desktop\article\DLPIF-repo-update\src\baseline_results.pkl::all_scenarios[(""knn"", ""block7d"")]"
KNN,block7d,deterministic,1765,17704,2022-05-10,0.0,0.0,1,"C:\Users\yasemin.bozkurt\Desktop\article\DLPIF-repo-update\src\baseline_results.pkl::all_scenarios[(""knn"", ""block7d"")]"
KNN,block7d,deterministic,1766,17748,2022-05-10,0.0,0.0,1,"C:\Users\yasemin.bozkurt\Desktop\article\DLPIF-repo-update\src\baseline_results.pkl::all_scenarios[(""knn"", ""block7d"")]"
KNN,block7d,deterministic,1768,17155,2022-05-11,0.0,0.2800000165589154,1,"C:\Users\yasemin.bozkurt\Desktop\article\DLPIF-repo-update\src\baseline_results.pkl::all_scenarios[(""knn"", ""block7d"")]"
KNN,block7d,deterministic,1769,17704,2022-05-11,5.4000002101063735,1.560000040009618,1,"C:\Users\yasemin.bozkurt\Desktop\article\DLPIF-repo-update\src\baseline_results.pkl::all_scenarios[(""knn"", ""block7d"")]"
KNN,block7d,deterministic,1770,17748,2022-05-11,3.0000000871717933,4.80000024586916,1,"C:\Users\yasemin.bozkurt\Desktop\article\DLPIF-repo-update\src\baseline_results.pkl::all_scenarios[(""knn"", ""block7d"")]"
KNN,block7d,deterministic,1771,17750,2022-05-11,0.8000000188127161,1.4400000471621752,1,"C:\Users\yasemin.bozkurt\Desktop\article\DLPIF-repo-update\src\baseline_results.pkl::all_scenarios[(""knn"", ""block7d"")]"
KNN,block7d,deterministic,1773,17704,2022-05-12,0.0,0.0,1,"C:\Users\yasemin.bozkurt\Desktop\article\DLPIF-repo-update\src\baseline_results.pkl::all_scenarios[(""knn"", ""block7d"")]"
KNN,block7d,deterministic,1774,17748,2022-05-12,4.400000003725291,1.20000006146729,1,"C:\Users\yasemin.bozkurt\Desktop\article\DLPIF-repo-update\src\baseline_results.pkl::all_scenarios[(""knn"", ""block7d"")]"
KNN,block7d,deterministic,1775,17750,2022-05-12,9.800000479817392,0.0400000017718412,1,"C:\Users\yasemin.bozkurt\Desktop\article\DLPIF-repo-update\src\baseline_results.pkl::all_scenarios[(""knn"", ""block7d"")]"
KNN,block7d,deterministic,1777,17704,2022-05-13,0.0,0.4800000378862024,1,"C:\Users\yasemin.bozkurt\Desktop\article\DLPIF-repo-update\src\baseline_results.pkl::all_scenarios[(""knn"", ""block7d"")]"
KNN,block7d,deterministic,1778,17748,2022-05-13,0.20000000470317902,0.0,1,"C:\Users\yasemin.bozkurt\Desktop\article\DLPIF-repo-update\src\baseline_results.pkl::all_scenarios[(""knn"", ""block7d"")]"
KNN,block7d,deterministic,1779,17750,2022-05-13,0.20000000470317902,0.0,1,"C:\Users\yasemin.bozkurt\Desktop\article\DLPIF-repo-update\src\baseline_results.pkl::all_scenarios[(""knn"", ""block7d"")]"
KNN,block7d,deterministic,1781,17704,2022-05-14,0.40000000940635805,0.0400000017718412,1,"C:\Users\yasemin.bozkurt\Desktop\article\DLPIF-repo-update\src\baseline_results.pkl::all_scenarios[(""knn"", ""block7d"")]"
KNN,block7d,deterministic,1782,17748,2022-05-14,6.000000174343587,1.000000073388219,1,"C:\Users\yasemin.bozkurt\Desktop\article\DLPIF-repo-update\src\baseline_results.pkl::all_scenarios[(""knn"", ""block7d"")]"
KNN,block7d,deterministic,1783,17750,2022-05-14,0.8000000188127161,0.0800000035436824,1,"C:\Users\yasemin.bozkurt\Desktop\article\DLPIF-repo-update\src\baseline_results.pkl::all_scenarios[(""knn"", ""block7d"")]"
KNN,block7d,deterministic,1785,17704,2022-05-15,6.200000162422658,0.24000000231899324,1,"C:\Users\yasemin.bozkurt\Desktop\article\DLPIF-repo-update\src\baseline_results.pkl::all_scenarios[(""knn"", ""block7d"")]"
KNN,block7d,deterministic,1786,17748,2022-05-15,0.20000000470317902,0.9200000781565906,1,"C:\Users\yasemin.bozkurt\Desktop\article\DLPIF-repo-update\src\baseline_results.pkl::all_scenarios[(""knn"", ""block7d"")]"
KNN,block7d,deterministic,1787,17750,2022-05-15,4.80000024586916,1.4400000471621752,1,"C:\Users\yasemin.bozkurt\Desktop\article\DLPIF-repo-update\src\baseline_results.pkl::all_scenarios[(""knn"", ""block7d"")]"
KNN,block7d,deterministic,1789,17704,2022-05-16,0.0,1.20000006146729,1,"C:\Users\yasemin.bozkurt\Desktop\article\DLPIF-repo-update\src\baseline_results.pkl::all_scenarios[(""knn"", ""block7d"")]"
KNN,block7d,deterministic,1791,17750,2022-05-16,0.0,0.0,1,"C:\Users\yasemin.bozkurt\Desktop\article\DLPIF-repo-update\src\baseline_results.pkl::all_scenarios[(""knn"", ""block7d"")]"
KNN,block7d,deterministic,1795,17750,2022-05-17,1.0000000068917871,0.0,1,"C:\Users\yasemin.bozkurt\Desktop\article\DLPIF-repo-update\src\baseline_results.pkl::all_scenarios[(""knn"", ""block7d"")]"
KNN,block7d,deterministic,1798,17748,2022-05-18,0.20000000470317902,0.0,1,"C:\Users\yasemin.bozkurt\Desktop\article\DLPIF-repo-update\src\baseline_results.pkl::all_scenarios[(""knn"", ""block7d"")]"
KNN,block7d,deterministic,1802,17748,2022-05-19,0.0,3.0400000847876076,1,"C:\Users\yasemin.bozkurt\Desktop\article\DLPIF-repo-update\src\baseline_results.pkl::all_scenarios[(""knn"", ""block7d"")]"
KNN,block7d,deterministic,1806,17748,2022-05-20,0.20000000470317902,0.0,1,"C:\Users\yasemin.bozkurt\Desktop\article\DLPIF-repo-update\src\baseline_results.pkl::all_scenarios[(""knn"", ""block7d"")]"
KNN,block7d,deterministic,1810,17748,2022-05-21,0.0,0.40000000940635805,1,"C:\Users\yasemin.bozkurt\Desktop\article\DLPIF-repo-update\src\baseline_results.pkl::all_scenarios[(""knn"", ""block7d"")]"
KNN,block7d,deterministic,1814,17748,2022-05-22,0.0,0.1600000070873648,1,"C:\Users\yasemin.bozkurt\Desktop\article\DLPIF-repo-update\src\baseline_results.pkl::all_scenarios[(""knn"", ""block7d"")]"
KNN,block7d,deterministic,1818,17748,2022-05-23,0.0,0.0,1,"C:\Users\yasemin.bozkurt\Desktop\article\DLPIF-repo-update\src\baseline_results.pkl::all_scenarios[(""knn"", ""block7d"")]"
KNN,block7d,deterministic,1820,17155,2022-05-24,0.0,0.0,1,"C:\Users\yasemin.bozkurt\Desktop\article\DLPIF-repo-update\src\baseline_results.pkl::all_scenarios[(""knn"", ""block7d"")]"
KNN,block7d,deterministic,1822,17748,2022-05-24,0.0,0.0400000017718412,1,"C:\Users\yasemin.bozkurt\Desktop\article\DLPIF-repo-update\src\baseline_results.pkl::all_scenarios[(""knn"", ""block7d"")]"
KNN,block7d,deterministic,1824,17155,2022-05-25,0.0,0.0,1,"C:\Users\yasemin.bozkurt\Desktop\article\DLPIF-repo-update\src\baseline_results.pkl::all_scenarios[(""knn"", ""block7d"")]"
KNN,block7d,deterministic,1828,17155,2022-05-26,0.0,0.4800000046379865,1,"C:\Users\yasemin.bozkurt\Desktop\article\DLPIF-repo-update\src\baseline_results.pkl::all_scenarios[(""knn"", ""block7d"")]"
KNN,block7d,deterministic,1832,17155,2022-05-27,0.40000000940635805,0.0,1,"C:\Users\yasemin.bozkurt\Desktop\article\DLPIF-repo-update\src\baseline_results.pkl::all_scenarios[(""knn"", ""block7d"")]"
KNN,block7d,deterministic,1836,17155,2022-05-28,1.0000000068917871,0.0800000035436824,1,"C:\Users\yasemin.bozkurt\Desktop\article\DLPIF-repo-update\src\baseline_results.pkl::all_scenarios[(""knn"", ""block7d"")]"
KNN,block7d,deterministic,1840,17155,2022-05-29,0.0,0.3200000141747296,1,"C:\Users\yasemin.bozkurt\Desktop\article\DLPIF-repo-update\src\baseline_results.pkl::all_scenarios[(""knn"", ""block7d"")]"
KNN,block7d,deterministic,1844,17155,2022-05-30,1.0000000068917871,0.0,1,"C:\Users\yasemin.bozkurt\Desktop\article\DLPIF-repo-update\src\baseline_results.pkl::all_scenarios[(""knn"", ""block7d"")]"
KNN,block7d,deterministic,1868,17155,2022-06-05,0.0,0.0,1,"C:\Users\yasemin.bozkurt\Desktop\article\DLPIF-repo-update\src\baseline_results.pkl::all_scenarios[(""knn"", ""block7d"")]"
KNN,block7d,deterministic,1872,17155,2022-06-06,0.0,0.2400000189431012,1,"C:\Users\yasemin.bozkurt\Desktop\article\DLPIF-repo-update\src\baseline_results.pkl::all_scenarios[(""knn"", ""block7d"")]"
KNN,block7d,deterministic,1876,17155,2022-06-07,0.0,0.24000000231899324,1,"C:\Users\yasemin.bozkurt\Desktop\article\DLPIF-repo-update\src\baseline_results.pkl::all_scenarios[(""knn"", ""block7d"")]"
KNN,block7d,deterministic,1880,17155,2022-06-08,0.0,1.6400000352412463,1,"C:\Users\yasemin.bozkurt\Desktop\article\DLPIF-repo-update\src\baseline_results.pkl::all_scenarios[(""knn"", ""block7d"")]"
KNN,block7d,deterministic,1884,17155,2022-06-09,0.0,2.3200001277029516,1,"C:\Users\yasemin.bozkurt\Desktop\article\DLPIF-repo-update\src\baseline_results.pkl::all_scenarios[(""knn"", ""block7d"")]"
KNN,block7d,deterministic,1888,17155,2022-06-10,0.8000000188127161,0.0,1,"C:\Users\yasemin.bozkurt\Desktop\article\DLPIF-repo-update\src\baseline_results.pkl::all_scenarios[(""knn"", ""block7d"")]"
KNN,block7d,deterministic,1892,17155,2022-06-11,1.0000000068917871,11.40000038444996,1,"C:\Users\yasemin.bozkurt\Desktop\article\DLPIF-repo-update\src\baseline_results.pkl::all_scenarios[(""knn"", ""block7d"")]"
KNN,block7d,deterministic,1915,17750,2022-06-16,2.8000000990927223,2.8800000943243504,1,"C:\Users\yasemin.bozkurt\Desktop\article\DLPIF-repo-update\src\baseline_results.pkl::all_scenarios[(""knn"", ""block7d"")]"
KNN,block7d,deterministic,1919,17750,2022-06-17,5.2000002220273025,5.520000202953816,1,"C:\Users\yasemin.bozkurt\Desktop\article\DLPIF-repo-update\src\baseline_results.pkl::all_scenarios[(""knn"", ""block7d"")]"
KNN,block7d,deterministic,1923,17750,2022-06-18,0.0,2.160000004246831,1,"C:\Users\yasemin.bozkurt\Desktop\article\DLPIF-repo-update\src\baseline_results.pkl::all_scenarios[(""knn"", ""block7d"")]"
KNN,block7d,deterministic,1927,17750,2022-06-19,9.60000049173832,4.920000238716603,1,"C:\Users\yasemin.bozkurt\Desktop\article\DLPIF-repo-update\src\baseline_results.pkl::all_scenarios[(""knn"", ""block7d"")]"
KNN,block7d,deterministic,1931,17750,2022-06-20,0.20000000470317902,0.0,1,"C:\Users\yasemin.bozkurt\Desktop\article\DLPIF-repo-update\src\baseline_results.pkl::all_scenarios[(""knn"", ""block7d"")]"
KNN,block7d,deterministic,1935,17750,2022-06-21,0.0,1.000000073388219,1,"C:\Users\yasemin.bozkurt\Desktop\article\DLPIF-repo-update\src\baseline_results.pkl::all_scenarios[(""knn"", ""block7d"")]"
KNN,block7d,deterministic,1939,17750,2022-06-22,0.0,0.5200000355020166,1,"C:\Users\yasemin.bozkurt\Desktop\article\DLPIF-repo-update\src\baseline_results.pkl::all_scenarios[(""knn"", ""block7d"")]"
KNN,block7d,deterministic,1944,17155,2022-06-24,0.0,0.24000000231899324,1,"C:\Users\yasemin.bozkurt\Desktop\article\DLPIF-repo-update\src\baseline_results.pkl::all_scenarios[(""knn"", ""block7d"")]"
KNN,block7d,deterministic,1948,17155,2022-06-25,0.0,2.040000144392252,1,"C:\Users\yasemin.bozkurt\Desktop\article\DLPIF-repo-update\src\baseline_results.pkl::all_scenarios[(""knn"", ""block7d"")]"
KNN,block7d,deterministic,1952,17155,2022-06-26,0.0,0.6400000283494592,1,"C:\Users\yasemin.bozkurt\Desktop\article\DLPIF-repo-update\src\baseline_results.pkl::all_scenarios[(""knn"", ""block7d"")]"
KNN,block7d,deterministic,1956,17155,2022-06-27,0.0,0.0,1,"C:\Users\yasemin.bozkurt\Desktop\article\DLPIF-repo-update\src\baseline_results.pkl::all_scenarios[(""knn"", ""block7d"")]"
KNN,block7d,deterministic,1960,17155,2022-06-28,3.0000000871717933,6.760000129044056,1,"C:\Users\yasemin.bozkurt\Desktop\article\DLPIF-repo-update\src\baseline_results.pkl::all_scenarios[(""knn"", ""block7d"")]"
KNN,block7d,deterministic,1962,17748,2022-06-28,0.20000000470317902,4.080000022798777,1,"C:\Users\yasemin.bozkurt\Desktop\article\DLPIF-repo-update\src\baseline_results.pkl::all_scenarios[(""knn"", ""block7d"")]"
KNN,block7d,deterministic,1964,17155,2022-06-29,0.20000000470317902,2.1200001396238806,1,"C:\Users\yasemin.bozkurt\Desktop\article\DLPIF-repo-update\src\baseline_results.pkl::all_scenarios[(""knn"", ""block7d"")]"
KNN,block7d,deterministic,1966,17748,2022-06-29,2.0000000137835743,1.5200000423938038,1,"C:\Users\yasemin.bozkurt\Desktop\article\DLPIF-repo-update\src\baseline_results.pkl::all_scenarios[(""knn"", ""block7d"")]"
KNN,block7d,deterministic,1968,17155,2022-06-30,0.0,1.8000000257045032,1,"C:\Users\yasemin.bozkurt\Desktop\article\DLPIF-repo-update\src\baseline_results.pkl::all_scenarios[(""knn"", ""block7d"")]"
KNN,block7d,deterministic,1970,17748,2022-06-30,0.0,0.9000000128522516,1,"C:\Users\yasemin.bozkurt\Desktop\article\DLPIF-repo-update\src\baseline_results.pkl::all_scenarios[(""knn"", ""block7d"")]"
KNN,block7d,deterministic,1974,17748,2022-07-01,0.0,0.0,1,"C:\Users\yasemin.bozkurt\Desktop\article\DLPIF-repo-update\src\baseline_results.pkl::all_scenarios[(""knn"", ""block7d"")]"
KNN,block7d,deterministic,1978,17748,2022-07-02,0.0,0.0800000035436824,1,"C:\Users\yasemin.bozkurt\Desktop\article\DLPIF-repo-update\src\baseline_results.pkl::all_scenarios[(""knn"", ""block7d"")]"
KNN,block7d,deterministic,1982,17748,2022-07-03,0.0,0.0800000035436824,1,"C:\Users\yasemin.bozkurt\Desktop\article\DLPIF-repo-update\src\baseline_results.pkl::all_scenarios[(""knn"", ""block7d"")]"
KNN,block7d,deterministic,1986,17748,2022-07-04,0.0,0.0,1,"C:\Users\yasemin.bozkurt\Desktop\article\DLPIF-repo-update\src\baseline_results.pkl::all_scenarios[(""knn"", ""block7d"")]"
KNN,block7d,deterministic,1991,17750,2022-07-05,0.0,0.0,1,"C:\Users\yasemin.bozkurt\Desktop\article\DLPIF-repo-update\src\baseline_results.pkl::all_scenarios[(""knn"", ""block7d"")]"
KNN,block7d,deterministic,1995,17750,2022-07-06,0.0,0.0,1,"C:\Users\yasemin.bozkurt\Desktop\article\DLPIF-repo-update\src\baseline_results.pkl::all_scenarios[(""knn"", ""block7d"")]"
KNN,block7d,deterministic,1999,17750,2022-07-07,0.0,0.0,1,"C:\Users\yasemin.bozkurt\Desktop\article\DLPIF-repo-update\src\baseline_results.pkl::all_scenarios[(""knn"", ""block7d"")]"
KNN,block7d,deterministic,2003,17750,2022-07-08,0.0,0.0,1,"C:\Users\yasemin.bozkurt\Desktop\article\DLPIF-repo-update\src\baseline_results.pkl::all_scenarios[(""knn"", ""block7d"")]"
KNN,block7d,deterministic,2007,17750,2022-07-09,0.0,0.0,1,"C:\Users\yasemin.bozkurt\Desktop\article\DLPIF-repo-update\src\baseline_results.pkl::all_scenarios[(""knn"", ""block7d"")]"
KNN,block7d,deterministic,2011,17750,2022-07-10,2.2000000018626453,0.12000000115949662,1,"C:\Users\yasemin.bozkurt\Desktop\article\DLPIF-repo-update\src\baseline_results.pkl::all_scenarios[(""knn"", ""block7d"")]"
KNN,block7d,deterministic,2015,17750,2022-07-11,0.20000000470317902,0.0,1,"C:\Users\yasemin.bozkurt\Desktop\article\DLPIF-repo-update\src\baseline_results.pkl::all_scenarios[(""knn"", ""block7d"")]"
KNN,block7d,deterministic,2048,17155,2022-07-20,0.0,0.0,1,"C:\Users\yasemin.bozkurt\Desktop\article\DLPIF-repo-update\src\baseline_results.pkl::all_scenarios[(""knn"", ""block7d"")]"
KNN,block7d,deterministic,2052,17155,2022-07-21,0.0,0.0,1,"C:\Users\yasemin.bozkurt\Desktop\article\DLPIF-repo-update\src\baseline_results.pkl::all_scenarios[(""knn"", ""block7d"")]"
KNN,block7d,deterministic,2056,17155,2022-07-22,0.0,0.0,1,"C:\Users\yasemin.bozkurt\Desktop\article\DLPIF-repo-update\src\baseline_results.pkl::all_scenarios[(""knn"", ""block7d"")]"
KNN,block7d,deterministic,2060,17155,2022-07-23,0.0,0.0400000017718412,1,"C:\Users\yasemin.bozkurt\Desktop\article\DLPIF-repo-update\src\baseline_results.pkl::all_scenarios[(""knn"", ""block7d"")]"
KNN,block7d,deterministic,2064,17155,2022-07-24,0.0,0.0,1,"C:\Users\yasemin.bozkurt\Desktop\article\DLPIF-repo-update\src\baseline_results.pkl::all_scenarios[(""knn"", ""block7d"")]"
KNN,block7d,deterministic,2068,17155,2022-07-25,0.0,0.0,1,"C:\Users\yasemin.bozkurt\Desktop\article\DLPIF-repo-update\src\baseline_results.pkl::all_scenarios[(""knn"", ""block7d"")]"
KNN,block7d,deterministic,2072,17155,2022-07-26,0.0,0.0,1,"C:\Users\yasemin.bozkurt\Desktop\article\DLPIF-repo-update\src\baseline_results.pkl::all_scenarios[(""knn"", ""block7d"")]"
KNN,block7d,deterministic,2087,17750,2022-07-29,0.0,0.0,1,"C:\Users\yasemin.bozkurt\Desktop\article\DLPIF-repo-update\src\baseline_results.pkl::all_scenarios[(""knn"", ""block7d"")]"
KNN,block7d,deterministic,2091,17750,2022-07-30,0.0,0.0,1,"C:\Users\yasemin.bozkurt\Desktop\article\DLPIF-repo-update\src\baseline_results.pkl::all_scenarios[(""knn"", ""block7d"")]"
KNN,block7d,deterministic,2095,17750,2022-07-31,0.0,0.0,1,"C:\Users\yasemin.bozkurt\Desktop\article\DLPIF-repo-update\src\baseline_results.pkl::all_scenarios[(""knn"", ""block7d"")]"
KNN,block7d,deterministic,2099,17750,2022-08-01,0.0,0.0,1,"C:\Users\yasemin.bozkurt\Desktop\article\DLPIF-repo-update\src\baseline_results.pkl::all_scenarios[(""knn"", ""block7d"")]"
KNN,block7d,deterministic,2100,17155,2022-08-02,0.0,0.0,1,"C:\Users\yasemin.bozkurt\Desktop\article\DLPIF-repo-update\src\baseline_results.pkl::all_scenarios[(""knn"", ""block7d"")]"
KNN,block7d,deterministic,2103,17750,2022-08-02,0.0,0.0400000017718412,1,"C:\Users\yasemin.bozkurt\Desktop\article\DLPIF-repo-update\src\baseline_results.pkl::all_scenarios[(""knn"", ""block7d"")]"
KNN,block7d,deterministic,2104,17155,2022-08-03,0.0,0.0,1,"C:\Users\yasemin.bozkurt\Desktop\article\DLPIF-repo-update\src\baseline_results.pkl::all_scenarios[(""knn"", ""block7d"")]"
KNN,block7d,deterministic,2105,17704,2022-08-03,0.0,0.0,1,"C:\Users\yasemin.bozkurt\Desktop\article\DLPIF-repo-update\src\baseline_results.pkl::all_scenarios[(""knn"", ""block7d"")]"
KNN,block7d,deterministic,2107,17750,2022-08-03,0.0,0.0,1,"C:\Users\yasemin.bozkurt\Desktop\article\DLPIF-repo-update\src\baseline_results.pkl::all_scenarios[(""knn"", ""block7d"")]"
KNN,block7d,deterministic,2108,17155,2022-08-04,0.0,1.1600000638514758,1,"C:\Users\yasemin.bozkurt\Desktop\article\DLPIF-repo-update\src\baseline_results.pkl::all_scenarios[(""knn"", ""block7d"")]"
KNN,block7d,deterministic,2109,17704,2022-08-04,0.0,0.0,1,"C:\Users\yasemin.bozkurt\Desktop\article\DLPIF-repo-update\src\baseline_results.pkl::all_scenarios[(""knn"", ""block7d"")]"
KNN,block7d,deterministic,2111,17750,2022-08-04,0.0,0.0,1,"C:\Users\yasemin.bozkurt\Desktop\article\DLPIF-repo-update\src\baseline_results.pkl::all_scenarios[(""knn"", ""block7d"")]"
KNN,block7d,deterministic,2112,17155,2022-08-05,0.0,5.640000195801258,1,"C:\Users\yasemin.bozkurt\Desktop\article\DLPIF-repo-update\src\baseline_results.pkl::all_scenarios[(""knn"", ""block7d"")]"
KNN,block7d,deterministic,2113,17704,2022-08-05,0.20000000470317902,0.0,1,"C:\Users\yasemin.bozkurt\Desktop\article\DLPIF-repo-update\src\baseline_results.pkl::all_scenarios[(""knn"", ""block7d"")]"
KNN,block7d,deterministic,2116,17155,2022-08-06,0.0,4.400000003725291,1,"C:\Users\yasemin.bozkurt\Desktop\article\DLPIF-repo-update\src\baseline_results.pkl::all_scenarios[(""knn"", ""block7d"")]"
KNN,block7d,deterministic,2117,17704,2022-08-06,0.0,0.0,1,"C:\Users\yasemin.bozkurt\Desktop\article\DLPIF-repo-update\src\baseline_results.pkl::all_scenarios[(""knn"", ""block7d"")]"
KNN,block7d,deterministic,2120,17155,2022-08-07,14.400000205636026,6.480000145733357,1,"C:\Users\yasemin.bozkurt\Desktop\article\DLPIF-repo-update\src\baseline_results.pkl::all_scenarios[(""knn"", ""block7d"")]"
KNN,block7d,deterministic,2121,17704,2022-08-07,0.0,0.0,1,"C:\Users\yasemin.bozkurt\Desktop\article\DLPIF-repo-update\src\baseline_results.pkl::all_scenarios[(""knn"", ""block7d"")]"
KNN,block7d,deterministic,2124,17155,2022-08-08,0.0,4.160000018030406,1,"C:\Users\yasemin.bozkurt\Desktop\article\DLPIF-repo-update\src\baseline_results.pkl::all_scenarios[(""knn"", ""block7d"")]"
KNN,block7d,deterministic,2125,17704,2022-08-08,0.0,0.3200000141747296,1,"C:\Users\yasemin.bozkurt\Desktop\article\DLPIF-repo-update\src\baseline_results.pkl::all_scenarios[(""knn"", ""block7d"")]"
KNN,block7d,deterministic,2129,17704,2022-08-09,13.40000026524067,1.6000000376254322,1,"C:\Users\yasemin.bozkurt\Desktop\article\DLPIF-repo-update\src\baseline_results.pkl::all_scenarios[(""knn"", ""block7d"")]"
KNN,block7d,deterministic,2197,17704,2022-08-26,0.0,10.000000467896463,1,"C:\Users\yasemin.bozkurt\Desktop\article\DLPIF-repo-update\src\baseline_results.pkl::all_scenarios[(""knn"", ""block7d"")]"
KNN,block7d,deterministic,2201,17704,2022-08-27,6.800000126659871,10.50000043809414,1,"C:\Users\yasemin.bozkurt\Desktop\article\DLPIF-repo-update\src\baseline_results.pkl::all_scenarios[(""knn"", ""block7d"")]"
KNN,block7d,deterministic,2205,17704,2022-08-28,0.0,3.0400000847876076,1,"C:\Users\yasemin.bozkurt\Desktop\article\DLPIF-repo-update\src\baseline_results.pkl::all_scenarios[(""knn"", ""block7d"")]"
KNN,block7d,deterministic,2209,17704,2022-08-29,0.0,3.520000056177378,1,"C:\Users\yasemin.bozkurt\Desktop\article\DLPIF-repo-update\src\baseline_results.pkl::all_scenarios[(""knn"", ""block7d"")]"
KNN,block7d,deterministic,2213,17704,2022-08-30,0.0,4.520000262558461,1,"C:\Users\yasemin.bozkurt\Desktop\article\DLPIF-repo-update\src\baseline_results.pkl::all_scenarios[(""knn"", ""block7d"")]"
KNN,block7d,deterministic,2217,17704,2022-08-31,0.0,0.5600000331178308,1,"C:\Users\yasemin.bozkurt\Desktop\article\DLPIF-repo-update\src\baseline_results.pkl::all_scenarios[(""knn"", ""block7d"")]"
KNN,block7d,deterministic,2221,17704,2022-09-01,2.6000001110136512,7.7200000718235975,1,"C:\Users\yasemin.bozkurt\Desktop\article\DLPIF-repo-update\src\baseline_results.pkl::all_scenarios[(""knn"", ""block7d"")]"
KNN,block7d,deterministic,2235,17750,2022-09-04,0.0,0.0,1,"C:\Users\yasemin.bozkurt\Desktop\article\DLPIF-repo-update\src\baseline_results.pkl::all_scenarios[(""knn"", ""block7d"")]"
KNN,block7d,deterministic,2239,17750,2022-09-05,0.0,0.7200000235810876,1,"C:\Users\yasemin.bozkurt\Desktop\article\DLPIF-repo-update\src\baseline_results.pkl::all_scenarios[(""knn"", ""block7d"")]"
KNN,block7d,deterministic,2243,17750,2022-09-06,0.0,0.0,1,"C:\Users\yasemin.bozkurt\Desktop\article\DLPIF-repo-update\src\baseline_results.pkl::all_scenarios[(""knn"", ""block7d"")]"
KNN,block7d,deterministic,2247,17750,2022-09-07,0.0,0.0400000017718412,1,"C:\Users\yasemin.bozkurt\Desktop\article\DLPIF-repo-update\src\baseline_results.pkl::all_scenarios[(""knn"", ""block7d"")]"
KNN,block7d,deterministic,2251,17750,2022-09-08,0.0,0.0,1,"C:\Users\yasemin.bozkurt\Desktop\article\DLPIF-repo-update\src\baseline_results.pkl::all_scenarios[(""knn"", ""block7d"")]"
KNN,block7d,deterministic,2255,17750,2022-09-09,0.0,0.0,1,"C:\Users\yasemin.bozkurt\Desktop\article\DLPIF-repo-update\src\baseline_results.pkl::all_scenarios[(""knn"", ""block7d"")]"
KNN,block7d,deterministic,2259,17750,2022-09-10,0.0,0.0,1,"C:\Users\yasemin.bozkurt\Desktop\article\DLPIF-repo-update\src\baseline_results.pkl::all_scenarios[(""knn"", ""block7d"")]"
KNN,block7d,deterministic,2282,17748,2022-09-16,0.0,0.0,1,"C:\Users\yasemin.bozkurt\Desktop\article\DLPIF-repo-update\src\baseline_results.pkl::all_scenarios[(""knn"", ""block7d"")]"
KNN,block7d,deterministic,2286,17748,2022-09-17,0.0,0.0,1,"C:\Users\yasemin.bozkurt\Desktop\article\DLPIF-repo-update\src\baseline_results.pkl::all_scenarios[(""knn"", ""block7d"")]"
KNN,block7d,deterministic,2290,17748,2022-09-18,0.0,0.0800000035436824,1,"C:\Users\yasemin.bozkurt\Desktop\article\DLPIF-repo-update\src\baseline_results.pkl::all_scenarios[(""knn"", ""block7d"")]"
KNN,block7d,deterministic,2294,17748,2022-09-19,0.0,0.0,1,"C:\Users\yasemin.bozkurt\Desktop\article\DLPIF-repo-update\src\baseline_results.pkl::all_scenarios[(""knn"", ""block7d"")]"
KNN,block7d,deterministic,2298,17748,2022-09-20,0.0,0.0,1,"C:\Users\yasemin.bozkurt\Desktop\article\DLPIF-repo-update\src\baseline_results.pkl::all_scenarios[(""knn"", ""block7d"")]"
KNN,block7d,deterministic,2302,17748,2022-09-21,0.0,3.6000003173947337,1,"C:\Users\yasemin.bozkurt\Desktop\article\DLPIF-repo-update\src\baseline_results.pkl::all_scenarios[(""knn"", ""block7d"")]"
KNN,block7d,deterministic,2306,17748,2022-09-22,0.0,2.40000012293458,1,"C:\Users\yasemin.bozkurt\Desktop\article\DLPIF-repo-update\src\baseline_results.pkl::all_scenarios[(""knn"", ""block7d"")]"
KNN,block7d,deterministic,2312,17155,2022-09-24,0.0,0.0,1,"C:\Users\yasemin.bozkurt\Desktop\article\DLPIF-repo-update\src\baseline_results.pkl::all_scenarios[(""knn"", ""block7d"")]"
KNN,block7d,deterministic,2316,17155,2022-09-25,0.0,0.0,1,"C:\Users\yasemin.bozkurt\Desktop\article\DLPIF-repo-update\src\baseline_results.pkl::all_scenarios[(""knn"", ""block7d"")]"
KNN,block7d,deterministic,2320,17155,2022-09-26,0.0,0.0,1,"C:\Users\yasemin.bozkurt\Desktop\article\DLPIF-repo-update\src\baseline_results.pkl::all_scenarios[(""knn"", ""block7d"")]"
KNN,block7d,deterministic,2324,17155,2022-09-27,0.0,0.0,1,"C:\Users\yasemin.bozkurt\Desktop\article\DLPIF-repo-update\src\baseline_results.pkl::all_scenarios[(""knn"", ""block7d"")]"
KNN,block7d,deterministic,2328,17155,2022-09-28,0.0,0.0,1,"C:\Users\yasemin.bozkurt\Desktop\article\DLPIF-repo-update\src\baseline_results.pkl::all_scenarios[(""knn"", ""block7d"")]"
KNN,block7d,deterministic,2332,17155,2022-09-29,9.200000515580179,2.3200001277029516,1,"C:\Users\yasemin.bozkurt\Desktop\article\DLPIF-repo-update\src\baseline_results.pkl::all_scenarios[(""knn"", ""block7d"")]"
KNN,block7d,deterministic,2336,17155,2022-09-30,0.0,0.0,1,"C:\Users\yasemin.bozkurt\Desktop\article\DLPIF-repo-update\src\baseline_results.pkl::all_scenarios[(""knn"", ""block7d"")]"
KNN,block7d,deterministic,2355,17750,2022-10-04,0.0,0.0,1,"C:\Users\yasemin.bozkurt\Desktop\article\DLPIF-repo-update\src\baseline_results.pkl::all_scenarios[(""knn"", ""block7d"")]"
KNN,block7d,deterministic,2359,17750,2022-10-05,0.0,0.0400000017718412,1,"C:\Users\yasemin.bozkurt\Desktop\article\DLPIF-repo-update\src\baseline_results.pkl::all_scenarios[(""knn"", ""block7d"")]"
KNN,block7d,deterministic,2363,17750,2022-10-06,0.0,0.0,1,"C:\Users\yasemin.bozkurt\Desktop\article\DLPIF-repo-update\src\baseline_results.pkl::all_scenarios[(""knn"", ""block7d"")]"
KNN,block7d,deterministic,2367,17750,2022-10-07,0.0,0.6800000259652734,1,"C:\Users\yasemin.bozkurt\Desktop\article\DLPIF-repo-update\src\baseline_results.pkl::all_scenarios[(""knn"", ""block7d"")]"
KNN,block7d,deterministic,2371,17750,2022-10-08,0.0,3.2400000728666787,1,"C:\Users\yasemin.bozkurt\Desktop\article\DLPIF-repo-update\src\baseline_results.pkl::all_scenarios[(""knn"", ""block7d"")]"
KNN,block7d,deterministic,2375,17750,2022-10-09,0.0,0.0,1,"C:\Users\yasemin.bozkurt\Desktop\article\DLPIF-repo-update\src\baseline_results.pkl::all_scenarios[(""knn"", ""block7d"")]"
KNN,block7d,deterministic,2379,17750,2022-10-10,0.0,0.0400000017718412,1,"C:\Users\yasemin.bozkurt\Desktop\article\DLPIF-repo-update\src\baseline_results.pkl::all_scenarios[(""knn"", ""block7d"")]"
KNN,block7d,deterministic,2393,17704,2022-10-14,0.0,0.0,1,"C:\Users\yasemin.bozkurt\Desktop\article\DLPIF-repo-update\src\baseline_results.pkl::all_scenarios[(""knn"", ""block7d"")]"
KNN,block7d,deterministic,2397,17704,2022-10-15,8.800000007450581,5.360000212490559,1,"C:\Users\yasemin.bozkurt\Desktop\article\DLPIF-repo-update\src\baseline_results.pkl::all_scenarios[(""knn"", ""block7d"")]"
KNN,block7d,deterministic,2398,17748,2022-10-15,2.6000001110136512,10.280000451207162,1,"C:\Users\yasemin.bozkurt\Desktop\article\DLPIF-repo-update\src\baseline_results.pkl::all_scenarios[(""knn"", ""block7d"")]"
KNN,block7d,deterministic,2401,17704,2022-10-16,4.400000003725291,6.0400001719594005,1,"C:\Users\yasemin.bozkurt\Desktop\article\DLPIF-repo-update\src\baseline_results.pkl::all_scenarios[(""knn"", ""block7d"")]"
KNN,block7d,deterministic,2402,17748,2022-10-16,1.8000000257045032,8.400000563263895,1,"C:\Users\yasemin.bozkurt\Desktop\article\DLPIF-repo-update\src\baseline_results.pkl::all_scenarios[(""knn"", ""block7d"")]"
KNN,block7d,deterministic,2405,17704,2022-10-17,0.8000000188127161,3.760000041872263,1,"C:\Users\yasemin.bozkurt\Desktop\article\DLPIF-repo-update\src\baseline_results.pkl::all_scenarios[(""knn"", ""block7d"")]"
KNN,block7d,deterministic,2406,17748,2022-10-17,0.0,9.560000494122505,1,"C:\Users\yasemin.bozkurt\Desktop\article\DLPIF-repo-update\src\baseline_results.pkl::all_scenarios[(""knn"", ""block7d"")]"
KNN,block7d,deterministic,2409,17704,2022-10-18,0.0,3.4000000633299354,1,"C:\Users\yasemin.bozkurt\Desktop\article\DLPIF-repo-update\src\baseline_results.pkl::all_scenarios[(""knn"", ""block7d"")]"
KNN,block7d,deterministic,2410,17748,2022-10-18,0.0,2.0800001420080663,1,"C:\Users\yasemin.bozkurt\Desktop\article\DLPIF-repo-update\src\baseline_results.pkl::all_scenarios[(""knn"", ""block7d"")]"
KNN,block7d,deterministic,2413,17704,2022-10-19,0.0,0.2400000189431012,1,"C:\Users\yasemin.bozkurt\Desktop\article\DLPIF-repo-update\src\baseline_results.pkl::all_scenarios[(""knn"", ""block7d"")]"
KNN,block7d,deterministic,2414,17748,2022-10-19,0.0,0.5600000331178308,1,"C:\Users\yasemin.bozkurt\Desktop\article\DLPIF-repo-update\src\baseline_results.pkl::all_scenarios[(""knn"", ""block7d"")]"
KNN,block7d,deterministic,2417,17704,2022-10-20,0.0,2.200000134855509,1,"C:\Users\yasemin.bozkurt\Desktop\article\DLPIF-repo-update\src\baseline_results.pkl::all_scenarios[(""knn"", ""block7d"")]"
KNN,block7d,deterministic,2418,17748,2022-10-20,0.0,2.0000000137835743,1,"C:\Users\yasemin.bozkurt\Desktop\article\DLPIF-repo-update\src\baseline_results.pkl::all_scenarios[(""knn"", ""block7d"")]"
KNN,block7d,deterministic,2422,17748,2022-10-21,0.0,0.0800000035436824,1,"C:\Users\yasemin.bozkurt\Desktop\article\DLPIF-repo-update\src\baseline_results.pkl::all_scenarios[(""knn"", ""block7d"")]"
KNN,block7d,deterministic,2457,17704,2022-10-30,0.0,0.0,1,"C:\Users\yasemin.bozkurt\Desktop\article\DLPIF-repo-update\src\baseline_results.pkl::all_scenarios[(""knn"", ""block7d"")]"
KNN,block7d,deterministic,2460,17155,2022-10-31,0.0,0.0,1,"C:\Users\yasemin.bozkurt\Desktop\article\DLPIF-repo-update\src\baseline_results.pkl::all_scenarios[(""knn"", ""block7d"")]"
KNN,block7d,deterministic,2461,17704,2022-10-31,0.0,0.0,1,"C:\Users\yasemin.bozkurt\Desktop\article\DLPIF-repo-update\src\baseline_results.pkl::all_scenarios[(""knn"", ""block7d"")]"
KNN,block7d,deterministic,2464,17155,2022-11-01,0.0,0.0,1,"C:\Users\yasemin.bozkurt\Desktop\article\DLPIF-repo-update\src\baseline_results.pkl::all_scenarios[(""knn"", ""block7d"")]"
KNN,block7d,deterministic,2465,17704,2022-11-01,0.0,0.0,1,"C:\Users\yasemin.bozkurt\Desktop\article\DLPIF-repo-update\src\baseline_results.pkl::all_scenarios[(""knn"", ""block7d"")]"
KNN,block7d,deterministic,2468,17155,2022-11-02,0.0,0.0,1,"C:\Users\yasemin.bozkurt\Desktop\article\DLPIF-repo-update\src\baseline_results.pkl::all_scenarios[(""knn"", ""block7d"")]"
KNN,block7d,deterministic,2469,17704,2022-11-02,0.0,0.0,1,"C:\Users\yasemin.bozkurt\Desktop\article\DLPIF-repo-update\src\baseline_results.pkl::all_scenarios[(""knn"", ""block7d"")]"
KNN,block7d,deterministic,2472,17155,2022-11-03,0.0,0.0,1,"C:\Users\yasemin.bozkurt\Desktop\article\DLPIF-repo-update\src\baseline_results.pkl::all_scenarios[(""knn"", ""block7d"")]"
KNN,block7d,deterministic,2473,17704,2022-11-03,0.0,0.0,1,"C:\Users\yasemin.bozkurt\Desktop\article\DLPIF-repo-update\src\baseline_results.pkl::all_scenarios[(""knn"", ""block7d"")]"
KNN,block7d,deterministic,2476,17155,2022-11-04,0.0,0.0,1,"C:\Users\yasemin.bozkurt\Desktop\article\DLPIF-repo-update\src\baseline_results.pkl::all_scenarios[(""knn"", ""block7d"")]"
KNN,block7d,deterministic,2477,17704,2022-11-04,0.0,0.0,1,"C:\Users\yasemin.bozkurt\Desktop\article\DLPIF-repo-update\src\baseline_results.pkl::all_scenarios[(""knn"", ""block7d"")]"
KNN,block7d,deterministic,2480,17155,2022-11-05,0.0,0.0,1,"C:\Users\yasemin.bozkurt\Desktop\article\DLPIF-repo-update\src\baseline_results.pkl::all_scenarios[(""knn"", ""block7d"")]"
KNN,block7d,deterministic,2481,17704,2022-11-05,0.0,0.0,1,"C:\Users\yasemin.bozkurt\Desktop\article\DLPIF-repo-update\src\baseline_results.pkl::all_scenarios[(""knn"", ""block7d"")]"
KNN,block7d,deterministic,2484,17155,2022-11-06,0.0,0.0,1,"C:\Users\yasemin.bozkurt\Desktop\article\DLPIF-repo-update\src\baseline_results.pkl::all_scenarios[(""knn"", ""block7d"")]"
KNN,block7d,deterministic,2491,17750,2022-11-07,0.0,0.0,1,"C:\Users\yasemin.bozkurt\Desktop\article\DLPIF-repo-update\src\baseline_results.pkl::all_scenarios[(""knn"", ""block7d"")]"
KNN,block7d,deterministic,2495,17750,2022-11-08,0.0,5.0000002339482315,1,"C:\Users\yasemin.bozkurt\Desktop\article\DLPIF-repo-update\src\baseline_results.pkl::all_scenarios[(""knn"", ""block7d"")]"
KNN,block7d,deterministic,2499,17750,2022-11-09,0.0,0.7600000211969019,1,"C:\Users\yasemin.bozkurt\Desktop\article\DLPIF-repo-update\src\baseline_results.pkl::all_scenarios[(""knn"", ""block7d"")]"
KNN,block7d,deterministic,2503,17750,2022-11-10,0.0,0.0,1,"C:\Users\yasemin.bozkurt\Desktop\article\DLPIF-repo-update\src\baseline_results.pkl::all_scenarios[(""knn"", ""block7d"")]"
KNN,block7d,deterministic,2507,17750,2022-11-11,0.0,0.0400000017718412,1,"C:\Users\yasemin.bozkurt\Desktop\article\DLPIF-repo-update\src\baseline_results.pkl::all_scenarios[(""knn"", ""block7d"")]"
KNN,block7d,deterministic,2511,17750,2022-11-12,0.0,0.0,1,"C:\Users\yasemin.bozkurt\Desktop\article\DLPIF-repo-update\src\baseline_results.pkl::all_scenarios[(""knn"", ""block7d"")]"
KNN,block7d,deterministic,2515,17750,2022-11-13,0.0,0.0,1,"C:\Users\yasemin.bozkurt\Desktop\article\DLPIF-repo-update\src\baseline_results.pkl::all_scenarios[(""knn"", ""block7d"")]"
KNN,block7d,deterministic,2522,17748,2022-11-15,0.0,0.0,1,"C:\Users\yasemin.bozkurt\Desktop\article\DLPIF-repo-update\src\baseline_results.pkl::all_scenarios[(""knn"", ""block7d"")]"
KNN,block7d,deterministic,2526,17748,2022-11-16,0.0,0.0,1,"C:\Users\yasemin.bozkurt\Desktop\article\DLPIF-repo-update\src\baseline_results.pkl::all_scenarios[(""knn"", ""block7d"")]"
KNN,block7d,deterministic,2530,17748,2022-11-17,0.0,0.3600000117905438,1,"C:\Users\yasemin.bozkurt\Desktop\article\DLPIF-repo-update\src\baseline_results.pkl::all_scenarios[(""knn"", ""block7d"")]"
KNN,block7d,deterministic,2534,17748,2022-11-18,0.0,6.280000157654286,1,"C:\Users\yasemin.bozkurt\Desktop\article\DLPIF-repo-update\src\baseline_results.pkl::all_scenarios[(""knn"", ""block7d"")]"
KNN,block7d,deterministic,2538,17748,2022-11-19,3.2000000752508644,3.180000076442957,1,"C:\Users\yasemin.bozkurt\Desktop\article\DLPIF-repo-update\src\baseline_results.pkl::all_scenarios[(""knn"", ""block7d"")]"
KNN,block7d,deterministic,2542,17748,2022-11-20,0.0,0.0400000017718412,1,"C:\Users\yasemin.bozkurt\Desktop\article\DLPIF-repo-update\src\baseline_results.pkl::all_scenarios[(""knn"", ""block7d"")]"
KNN,block7d,deterministic,2546,17748,2022-11-21,0.0,0.7200000235810876,1,"C:\Users\yasemin.bozkurt\Desktop\article\DLPIF-repo-update\src\baseline_results.pkl::all_scenarios[(""knn"", ""block7d"")]"
KNN,block7d,deterministic,2557,17704,2022-11-24,2.0000000137835743,5.600000198185445,1,"C:\Users\yasemin.bozkurt\Desktop\article\DLPIF-repo-update\src\baseline_results.pkl::all_scenarios[(""knn"", ""block7d"")]"
KNN,block7d,deterministic,2561,17704,2022-11-25,1.4000000495463611,1.4400000471621752,1,"C:\Users\yasemin.bozkurt\Desktop\article\DLPIF-repo-update\src\baseline_results.pkl::all_scenarios[(""knn"", ""block7d"")]"
KNN,block7d,deterministic,2565,17704,2022-11-26,0.600000030733645,2.9200000919401647,1,"C:\Users\yasemin.bozkurt\Desktop\article\DLPIF-repo-update\src\baseline_results.pkl::all_scenarios[(""knn"", ""block7d"")]"
KNN,block7d,deterministic,2566,17748,2022-11-26,0.600000030733645,6.520000143349171,1,"C:\Users\yasemin.bozkurt\Desktop\article\DLPIF-repo-update\src\baseline_results.pkl::all_scenarios[(""knn"", ""block7d"")]"
KNN,block7d,deterministic,2569,17704,2022-11-27,0.20000000470317902,0.0,1,"C:\Users\yasemin.bozkurt\Desktop\article\DLPIF-repo-update\src\baseline_results.pkl::all_scenarios[(""knn"", ""block7d"")]"
KNN,block7d,deterministic,2570,17748,2022-11-27,0.0,0.12000000115949662,1,"C:\Users\yasemin.bozkurt\Desktop\article\DLPIF-repo-update\src\baseline_results.pkl::all_scenarios[(""knn"", ""block7d"")]"
KNN,block7d,deterministic,2573,17704,2022-11-28,0.0,3.6000000514090065,1,"C:\Users\yasemin.bozkurt\Desktop\article\DLPIF-repo-update\src\baseline_results.pkl::all_scenarios[(""knn"", ""block7d"")]"
KNN,block7d,deterministic,2574,17748,2022-11-28,0.0,6.080000169575215,1,"C:\Users\yasemin.bozkurt\Desktop\article\DLPIF-repo-update\src\baseline_results.pkl::all_scenarios[(""knn"", ""block7d"")]"
KNN,block7d,deterministic,2577,17704,2022-11-29,0.40000000940635805,3.680000046640635,1,"C:\Users\yasemin.bozkurt\Desktop\article\DLPIF-repo-update\src\baseline_results.pkl::all_scenarios[(""knn"", ""block7d"")]"
KNN,block7d,deterministic,2578,17748,2022-11-29,0.0,4.960000236332417,1,"C:\Users\yasemin.bozkurt\Desktop\article\DLPIF-repo-update\src\baseline_results.pkl::all_scenarios[(""knn"", ""block7d"")]"
KNN,block7d,deterministic,2581,17704,2022-11-30,0.8000000188127161,0.0,1,"C:\Users\yasemin.bozkurt\Desktop\article\DLPIF-repo-update\src\baseline_results.pkl::all_scenarios[(""knn"", ""block7d"")]"
KNN,block7d,deterministic,2582,17748,2022-11-30,3.6000000514090065,2.8400000967085366,1,"C:\Users\yasemin.bozkurt\Desktop\article\DLPIF-repo-update\src\baseline_results.pkl::all_scenarios[(""knn"", ""block7d"")]"
KNN,block7d,deterministic,2586,17748,2022-12-01,5.4000002101063735,3.0800000824034215,1,"C:\Users\yasemin.bozkurt\Desktop\article\DLPIF-repo-update\src\baseline_results.pkl::all_scenarios[(""knn"", ""block7d"")]"
KNN,block7d,deterministic,2590,17748,2022-12-02,2.0000000137835743,5.120000226795674,1,"C:\Users\yasemin.bozkurt\Desktop\article\DLPIF-repo-update\src\baseline_results.pkl::all_scenarios[(""knn"", ""block7d"")]"
KNN,block7d,deterministic,2598,17748,2022-12-04,0.0,8.480000026524067,1,"C:\Users\yasemin.bozkurt\Desktop\article\DLPIF-repo-update\src\baseline_results.pkl::all_scenarios[(""knn"", ""block7d"")]"
KNN,block7d,deterministic,2602,17748,2022-12-05,0.0,2.4800001181662084,1,"C:\Users\yasemin.bozkurt\Desktop\article\DLPIF-repo-update\src\baseline_results.pkl::all_scenarios[(""knn"", ""block7d"")]"
KNN,block7d,deterministic,2606,17748,2022-12-06,0.0,10.480000439286233,1,"C:\Users\yasemin.bozkurt\Desktop\article\DLPIF-repo-update\src\baseline_results.pkl::all_scenarios[(""knn"", ""block7d"")]"
KNN,block7d,deterministic,2610,17748,2022-12-07,0.0,9.88000047504902,1,"C:\Users\yasemin.bozkurt\Desktop\article\DLPIF-repo-update\src\baseline_results.pkl::all_scenarios[(""knn"", ""block7d"")]"
KNN,block7d,deterministic,2614,17748,2022-12-08,0.0,0.9200000116601588,1,"C:\Users\yasemin.bozkurt\Desktop\article\DLPIF-repo-update\src\baseline_results.pkl::all_scenarios[(""knn"", ""block7d"")]"
KNN,block7d,deterministic,2618,17748,2022-12-09,0.20000000470317902,0.600000030733645,1,"C:\Users\yasemin.bozkurt\Desktop\article\DLPIF-repo-update\src\baseline_results.pkl::all_scenarios[(""knn"", ""block7d"")]"
KNN,block7d,deterministic,2622,17748,2022-12-10,0.0,4.760000248253346,1,"C:\Users\yasemin.bozkurt\Desktop\article\DLPIF-repo-update\src\baseline_results.pkl::all_scenarios[(""knn"", ""block7d"")]"
KNN,block7d,deterministic,2655,17750,2022-12-18,0.20000000470317902,2.3200001277029516,1,"C:\Users\yasemin.bozkurt\Desktop\article\DLPIF-repo-update\src\baseline_results.pkl::all_scenarios[(""knn"", ""block7d"")]"
KNN,block7d,deterministic,2659,17750,2022-12-19,0.0,0.20000000470317902,1,"C:\Users\yasemin.bozkurt\Desktop\article\DLPIF-repo-update\src\baseline_results.pkl::all_scenarios[(""knn"", ""block7d"")]"
KNN,block7d,deterministic,2663,17750,2022-12-20,0.0,0.0,1,"C:\Users\yasemin.bozkurt\Desktop\article\DLPIF-repo-update\src\baseline_results.pkl::all_scenarios[(""knn"", ""block7d"")]"
KNN,block7d,deterministic,2667,17750,2022-12-21,0.0,0.0,1,"C:\Users\yasemin.bozkurt\Desktop\article\DLPIF-repo-update\src\baseline_results.pkl::all_scenarios[(""knn"", ""block7d"")]"
KNN,block7d,deterministic,2671,17750,2022-12-22,0.0,0.1600000070873648,1,"C:\Users\yasemin.bozkurt\Desktop\article\DLPIF-repo-update\src\baseline_results.pkl::all_scenarios[(""knn"", ""block7d"")]"
KNN,block7d,deterministic,2675,17750,2022-12-23,0.0,0.0400000017718412,1,"C:\Users\yasemin.bozkurt\Desktop\article\DLPIF-repo-update\src\baseline_results.pkl::all_scenarios[(""knn"", ""block7d"")]"
KNN,block7d,deterministic,2679,17750,2022-12-24,0.0,2.240000132471323,1,"C:\Users\yasemin.bozkurt\Desktop\article\DLPIF-repo-update\src\baseline_results.pkl::all_scenarios[(""knn"", ""block7d"")]"
KNN,block7d,deterministic,2699,17750,2022-12-29,0.0,0.0,1,"C:\Users\yasemin.bozkurt\Desktop\article\DLPIF-repo-update\src\baseline_results.pkl::all_scenarios[(""knn"", ""block7d"")]"
KNN,block7d,deterministic,2703,17750,2022-12-30,0.0,0.0,1,"C:\Users\yasemin.bozkurt\Desktop\article\DLPIF-repo-update\src\baseline_results.pkl::all_scenarios[(""knn"", ""block7d"")]"
KNN,block7d,deterministic,2704,17155,2022-12-31,0.0,6.280000157654286,1,"C:\Users\yasemin.bozkurt\Desktop\article\DLPIF-repo-update\src\baseline_results.pkl::all_scenarios[(""knn"", ""block7d"")]"
KNN,block7d,deterministic,2707,17750,2022-12-31,0.0,0.0,1,"C:\Users\yasemin.bozkurt\Desktop\article\DLPIF-repo-update\src\baseline_results.pkl::all_scenarios[(""knn"", ""block7d"")]"
KNN,block7d,deterministic,2708,17155,2023-01-01,0.0,1.0400000710040331,1,"C:\Users\yasemin.bozkurt\Desktop\article\DLPIF-repo-update\src\baseline_results.pkl::all_scenarios[(""knn"", ""block7d"")]"
KNN,block7d,deterministic,2711,17750,2023-01-01,0.0,0.0,1,"C:\Users\yasemin.bozkurt\Desktop\article\DLPIF-repo-update\src\baseline_results.pkl::all_scenarios[(""knn"", ""block7d"")]"
KNN,block7d,deterministic,2712,17155,2023-01-02,0.0,0.0,1,"C:\Users\yasemin.bozkurt\Desktop\article\DLPIF-repo-update\src\baseline_results.pkl::all_scenarios[(""knn"", ""block7d"")]"
KNN,block7d,deterministic,2715,17750,2023-01-02,0.20000000470317902,0.0,1,"C:\Users\yasemin.bozkurt\Desktop\article\DLPIF-repo-update\src\baseline_results.pkl::all_scenarios[(""knn"", ""block7d"")]"
KNN,block7d,deterministic,2716,17155,2023-01-03,0.0,0.0,1,"C:\Users\yasemin.bozkurt\Desktop\article\DLPIF-repo-update\src\baseline_results.pkl::all_scenarios[(""knn"", ""block7d"")]"
KNN,block7d,deterministic,2719,17750,2023-01-03,0.0,0.0,1,"C:\Users\yasemin.bozkurt\Desktop\article\DLPIF-repo-update\src\baseline_results.pkl::all_scenarios[(""knn"", ""block7d"")]"
KNN,block7d,deterministic,2720,17155,2023-01-04,0.0,4.720000250637532,1,"C:\Users\yasemin.bozkurt\Desktop\article\DLPIF-repo-update\src\baseline_results.pkl::all_scenarios[(""knn"", ""block7d"")]"
KNN,block7d,deterministic,2723,17750,2023-01-04,0.0,0.0,1,"C:\Users\yasemin.bozkurt\Desktop\article\DLPIF-repo-update\src\baseline_results.pkl::all_scenarios[(""knn"", ""block7d"")]"
KNN,block7d,deterministic,2724,17155,2023-01-05,0.0,0.1200000094715506,1,"C:\Users\yasemin.bozkurt\Desktop\article\DLPIF-repo-update\src\baseline_results.pkl::all_scenarios[(""knn"", ""block7d"")]"
KNN,block7d,deterministic,2728,17155,2023-01-06,0.0,0.0,1,"C:\Users\yasemin.bozkurt\Desktop\article\DLPIF-repo-update\src\baseline_results.pkl::all_scenarios[(""knn"", ""block7d"")]"
KNN,block7d,deterministic,2741,17704,2023-01-09,0.0,0.0400000017718412,1,"C:\Users\yasemin.bozkurt\Desktop\article\DLPIF-repo-update\src\baseline_results.pkl::all_scenarios[(""knn"", ""block7d"")]"
KNN,block7d,deterministic,2745,17704,2023-01-10,0.0,0.20000000470317902,1,"C:\Users\yasemin.bozkurt\Desktop\article\DLPIF-repo-update\src\baseline_results.pkl::all_scenarios[(""knn"", ""block7d"")]"
KNN,block7d,deterministic,2749,17704,2023-01-11,0.20000000470317902,1.1600000638514758,1,"C:\Users\yasemin.bozkurt\Desktop\article\DLPIF-repo-update\src\baseline_results.pkl::all_scenarios[(""knn"", ""block7d"")]"
KNN,block7d,deterministic,2751,17750,2023-01-11,6.6000001385808,0.8400000164285303,1,"C:\Users\yasemin.bozkurt\Desktop\article\DLPIF-repo-update\src\baseline_results.pkl::all_scenarios[(""knn"", ""block7d"")]"
KNN,block7d,deterministic,2753,17704,2023-01-12,0.0,1.560000040009618,1,"C:\Users\yasemin.bozkurt\Desktop\article\DLPIF-repo-update\src\baseline_results.pkl::all_scenarios[(""knn"", ""block7d"")]"
KNN,block7d,deterministic,2755,17750,2023-01-12,26.4000005543232,3.4400000609457497,1,"C:\Users\yasemin.bozkurt\Desktop\article\DLPIF-repo-update\src\baseline_results.pkl::all_scenarios[(""knn"", ""block7d"")]"
KNN,block7d,deterministic,2757,17704,2023-01-13,0.0,1.4400000471621752,1,"C:\Users\yasemin.bozkurt\Desktop\article\DLPIF-repo-update\src\baseline_results.pkl::all_scenarios[(""knn"", ""block7d"")]"
KNN,block7d,deterministic,2759,17750,2023-01-13,1.4000000495463611,3.16000007763505,1,"C:\Users\yasemin.bozkurt\Desktop\article\DLPIF-repo-update\src\baseline_results.pkl::all_scenarios[(""knn"", ""block7d"")]"
KNN,block7d,deterministic,2761,17704,2023-01-14,0.0,0.0,1,"C:\Users\yasemin.bozkurt\Desktop\article\DLPIF-repo-update\src\baseline_results.pkl::all_scenarios[(""knn"", ""block7d"")]"
KNN,block7d,deterministic,2763,17750,2023-01-14,0.0,0.3600000117905438,1,"C:\Users\yasemin.bozkurt\Desktop\article\DLPIF-repo-update\src\baseline_results.pkl::all_scenarios[(""knn"", ""block7d"")]"
KNN,block7d,deterministic,2765,17704,2023-01-15,0.0,0.0400000017718412,1,"C:\Users\yasemin.bozkurt\Desktop\article\DLPIF-repo-update\src\baseline_results.pkl::all_scenarios[(""knn"", ""block7d"")]"
KNN,block7d,deterministic,2767,17750,2023-01-15,0.0,0.12000000115949662,1,"C:\Users\yasemin.bozkurt\Desktop\article\DLPIF-repo-update\src\baseline_results.pkl::all_scenarios[(""knn"", ""block7d"")]"
KNN,block7d,deterministic,2771,17750,2023-01-16,0.0,0.0400000017718412,1,"C:\Users\yasemin.bozkurt\Desktop\article\DLPIF-repo-update\src\baseline_results.pkl::all_scenarios[(""knn"", ""block7d"")]"
KNN,block7d,deterministic,2775,17750,2023-01-17,0.20000000470317902,0.0,1,"C:\Users\yasemin.bozkurt\Desktop\article\DLPIF-repo-update\src\baseline_results.pkl::all_scenarios[(""knn"", ""block7d"")]"
KNN,block7d,deterministic,2798,17748,2023-01-23,0.0,1.8400001563131811,1,"C:\Users\yasemin.bozkurt\Desktop\article\DLPIF-repo-update\src\baseline_results.pkl::all_scenarios[(""knn"", ""block7d"")]"
KNN,block7d,deterministic,2799,17750,2023-01-23,0.0,0.0,1,"C:\Users\yasemin.bozkurt\Desktop\article\DLPIF-repo-update\src\baseline_results.pkl::all_scenarios[(""knn"", ""block7d"")]"
KNN,block7d,deterministic,2802,17748,2023-01-24,0.0,3.6400000490248208,1,"C:\Users\yasemin.bozkurt\Desktop\article\DLPIF-repo-update\src\baseline_results.pkl::all_scenarios[(""knn"", ""block7d"")]"
KNN,block7d,deterministic,2803,17750,2023-01-24,0.20000000470317902,0.0,1,"C:\Users\yasemin.bozkurt\Desktop\article\DLPIF-repo-update\src\baseline_results.pkl::all_scenarios[(""knn"", ""block7d"")]"
KNN,block7d,deterministic,2806,17748,2023-01-25,0.0,2.2800001300871373,1,"C:\Users\yasemin.bozkurt\Desktop\article\DLPIF-repo-update\src\baseline_results.pkl::all_scenarios[(""knn"", ""block7d"")]"
KNN,block7d,deterministic,2807,17750,2023-01-25,0.20000000470317902,0.0,1,"C:\Users\yasemin.bozkurt\Desktop\article\DLPIF-repo-update\src\baseline_results.pkl::all_scenarios[(""knn"", ""block7d"")]"
KNN,block7d,deterministic,2810,17748,2023-01-26,0.0,1.2800000566989185,1,"C:\Users\yasemin.bozkurt\Desktop\article\DLPIF-repo-update\src\baseline_results.pkl::all_scenarios[(""knn"", ""block7d"")]"
KNN,block7d,deterministic,2811,17750,2023-01-26,0.0,0.0,1,"C:\Users\yasemin.bozkurt\Desktop\article\DLPIF-repo-update\src\baseline_results.pkl::all_scenarios[(""knn"", ""block7d"")]"
KNN,block7d,deterministic,2813,17704,2023-01-27,0.0,0.8400000164285303,1,"C:\Users\yasemin.bozkurt\Desktop\article\DLPIF-repo-update\src\baseline_results.pkl::all_scenarios[(""knn"", ""block7d"")]"
KNN,block7d,deterministic,2814,17748,2023-01-27,0.0,2.960000089555979,1,"C:\Users\yasemin.bozkurt\Desktop\article\DLPIF-repo-update\src\baseline_results.pkl::all_scenarios[(""knn"", ""block7d"")]"
KNN,block7d,deterministic,2815,17750,2023-01-27,0.0,0.0,1,"C:\Users\yasemin.bozkurt\Desktop\article\DLPIF-repo-update\src\baseline_results.pkl::all_scenarios[(""knn"", ""block7d"")]"
KNN,block7d,deterministic,2817,17704,2023-01-28,0.20000000470317902,4.840000243484974,1,"C:\Users\yasemin.bozkurt\Desktop\article\DLPIF-repo-update\src\baseline_results.pkl::all_scenarios[(""knn"", ""block7d"")]"
KNN,block7d,deterministic,2818,17748,2023-01-28,10.400000444054605,11.520000377297402,1,"C:\Users\yasemin.bozkurt\Desktop\article\DLPIF-repo-update\src\baseline_results.pkl::all_scenarios[(""knn"", ""block7d"")]"
KNN,block7d,deterministic,2819,17750,2023-01-28,20.60000090003014,8.800000007450581,1,"C:\Users\yasemin.bozkurt\Desktop\article\DLPIF-repo-update\src\baseline_results.pkl::all_scenarios[(""knn"", ""block7d"")]"
KNN,block7d,deterministic,2821,17704,2023-01-29,0.0,2.6800001062452794,1,"C:\Users\yasemin.bozkurt\Desktop\article\DLPIF-repo-update\src\baseline_results.pkl::all_scenarios[(""knn"", ""block7d"")]"
KNN,block7d,deterministic,2822,17748,2023-01-29,6.000000174343587,8.60000001937151,1,"C:\Users\yasemin.bozkurt\Desktop\article\DLPIF-repo-update\src\baseline_results.pkl::all_scenarios[(""knn"", ""block7d"")]"
KNN,block7d,deterministic,2823,17750,2023-01-29,3.2000000752508644,0.6800000259652734,1,"C:\Users\yasemin.bozkurt\Desktop\article\DLPIF-repo-update\src\baseline_results.pkl::all_scenarios[(""knn"", ""block7d"")]"
KNN,block7d,deterministic,2825,17704,2023-01-30,0.0,2.760000101476908,1,"C:\Users\yasemin.bozkurt\Desktop\article\DLPIF-repo-update\src\baseline_results.pkl::all_scenarios[(""knn"", ""block7d"")]"
KNN,block7d,deterministic,2829,17704,2023-01-31,0.0,0.20000000470317902,1,"C:\Users\yasemin.bozkurt\Desktop\article\DLPIF-repo-update\src\baseline_results.pkl::all_scenarios[(""knn"", ""block7d"")]"
KNN,block7d,deterministic,2831,17750,2023-01-31,0.0,0.0,1,"C:\Users\yasemin.bozkurt\Desktop\article\DLPIF-repo-update\src\baseline_results.pkl::all_scenarios[(""knn"", ""block7d"")]"
KNN,block7d,deterministic,2833,17704,2023-02-01,0.0,6.440000148117543,1,"C:\Users\yasemin.bozkurt\Desktop\article\DLPIF-repo-update\src\baseline_results.pkl::all_scenarios[(""knn"", ""block7d"")]"
KNN,block7d,deterministic,2835,17750,2023-02-01,0.600000030733645,0.2800000165589154,1,"C:\Users\yasemin.bozkurt\Desktop\article\DLPIF-repo-update\src\baseline_results.pkl::all_scenarios[(""knn"", ""block7d"")]"
KNN,block7d,deterministic,2837,17704,2023-02-02,0.0,0.1600000070873648,1,"C:\Users\yasemin.bozkurt\Desktop\article\DLPIF-repo-update\src\baseline_results.pkl::all_scenarios[(""knn"", ""block7d"")]"
KNN,block7d,deterministic,2839,17750,2023-02-02,0.0,0.0,1,"C:\Users\yasemin.bozkurt\Desktop\article\DLPIF-repo-update\src\baseline_results.pkl::all_scenarios[(""knn"", ""block7d"")]"
KNN,block7d,deterministic,2843,17750,2023-02-03,0.0,0.8400000164285303,1,"C:\Users\yasemin.bozkurt\Desktop\article\DLPIF-repo-update\src\baseline_results.pkl::all_scenarios[(""knn"", ""block7d"")]"
KNN,block7d,deterministic,2847,17750,2023-02-04,0.8000000188127161,1.9600001491606238,1,"C:\Users\yasemin.bozkurt\Desktop\article\DLPIF-repo-update\src\baseline_results.pkl::all_scenarios[(""knn"", ""block7d"")]"
KNN,block7d,deterministic,2851,17750,2023-02-05,3.0000000871717933,6.960000117123127,1,"C:\Users\yasemin.bozkurt\Desktop\article\DLPIF-repo-update\src\baseline_results.pkl::all_scenarios[(""knn"", ""block7d"")]"
KNN,block7d,deterministic,2855,17750,2023-02-06,0.600000030733645,0.12000000115949662,1,"C:\Users\yasemin.bozkurt\Desktop\article\DLPIF-repo-update\src\baseline_results.pkl::all_scenarios[(""knn"", ""block7d"")]"
KNN,block7d,deterministic,2889,17704,2023-02-15,0.0,0.0,1,"C:\Users\yasemin.bozkurt\Desktop\article\DLPIF-repo-update\src\baseline_results.pkl::all_scenarios[(""knn"", ""block7d"")]"
KNN,block7d,deterministic,2893,17704,2023-02-16,0.0,0.0,1,"C:\Users\yasemin.bozkurt\Desktop\article\DLPIF-repo-update\src\baseline_results.pkl::all_scenarios[(""knn"", ""block7d"")]"
KNN,block7d,deterministic,2897,17704,2023-02-17,0.0,0.0,1,"C:\Users\yasemin.bozkurt\Desktop\article\DLPIF-repo-update\src\baseline_results.pkl::all_scenarios[(""knn"", ""block7d"")]"
KNN,block7d,deterministic,2901,17704,2023-02-18,0.0,0.0,1,"C:\Users\yasemin.bozkurt\Desktop\article\DLPIF-repo-update\src\baseline_results.pkl::all_scenarios[(""knn"", ""block7d"")]"
KNN,block7d,deterministic,2905,17704,2023-02-19,0.0,0.0,1,"C:\Users\yasemin.bozkurt\Desktop\article\DLPIF-repo-update\src\baseline_results.pkl::all_scenarios[(""knn"", ""block7d"")]"
KNN,block7d,deterministic,2909,17704,2023-02-20,0.0,2.6800001062452794,1,"C:\Users\yasemin.bozkurt\Desktop\article\DLPIF-repo-update\src\baseline_results.pkl::all_scenarios[(""knn"", ""block7d"")]"
KNN,block7d,deterministic,2911,17750,2023-02-20,0.0,0.0,1,"C:\Users\yasemin.bozkurt\Desktop\article\DLPIF-repo-update\src\baseline_results.pkl::all_scenarios[(""knn"", ""block7d"")]"
KNN,block7d,deterministic,2913,17704,2023-02-21,0.20000000470317902,0.0,1,"C:\Users\yasemin.bozkurt\Desktop\article\DLPIF-repo-update\src\baseline_results.pkl::all_scenarios[(""knn"", ""block7d"")]"
KNN,block7d,deterministic,2915,17750,2023-02-21,0.0,0.0,1,"C:\Users\yasemin.bozkurt\Desktop\article\DLPIF-repo-update\src\baseline_results.pkl::all_scenarios[(""knn"", ""block7d"")]"
KNN,block7d,deterministic,2919,17750,2023-02-22,0.20000000470317902,0.0,1,"C:\Users\yasemin.bozkurt\Desktop\article\DLPIF-repo-update\src\baseline_results.pkl::all_scenarios[(""knn"", ""block7d"")]"
KNN,block7d,deterministic,2921,17704,2023-02-23,0.0,0.0,1,"C:\Users\yasemin.bozkurt\Desktop\article\DLPIF-repo-update\src\baseline_results.pkl::all_scenarios[(""knn"", ""block7d"")]"
KNN,block7d,deterministic,2923,17750,2023-02-23,0.0,0.0,1,"C:\Users\yasemin.bozkurt\Desktop\article\DLPIF-repo-update\src\baseline_results.pkl::all_scenarios[(""knn"", ""block7d"")]"
KNN,block7d,deterministic,2925,17704,2023-02-24,0.0,0.0,1,"C:\Users\yasemin.bozkurt\Desktop\article\DLPIF-repo-update\src\baseline_results.pkl::all_scenarios[(""knn"", ""block7d"")]"
KNN,block7d,deterministic,2927,17750,2023-02-24,0.0,0.0,1,"C:\Users\yasemin.bozkurt\Desktop\article\DLPIF-repo-update\src\baseline_results.pkl::all_scenarios[(""knn"", ""block7d"")]"
KNN,block7d,deterministic,2929,17704,2023-02-25,0.0,4.80000024586916,1,"C:\Users\yasemin.bozkurt\Desktop\article\DLPIF-repo-update\src\baseline_results.pkl::all_scenarios[(""knn"", ""block7d"")]"
KNN,block7d,deterministic,2931,17750,2023-02-25,0.0,0.0400000017718412,1,"C:\Users\yasemin.bozkurt\Desktop\article\DLPIF-repo-update\src\baseline_results.pkl::all_scenarios[(""knn"", ""block7d"")]"
KNN,block7d,deterministic,2933,17704,2023-02-26,0.0,0.0,1,"C:\Users\yasemin.bozkurt\Desktop\article\DLPIF-repo-update\src\baseline_results.pkl::all_scenarios[(""knn"", ""block7d"")]"
KNN,block7d,deterministic,2934,17748,2023-02-26,0.0,0.0,1,"C:\Users\yasemin.bozkurt\Desktop\article\DLPIF-repo-update\src\baseline_results.pkl::all_scenarios[(""knn"", ""block7d"")]"
KNN,block7d,deterministic,2935,17750,2023-02-26,0.0,0.4800000378862024,1,"C:\Users\yasemin.bozkurt\Desktop\article\DLPIF-repo-update\src\baseline_results.pkl::all_scenarios[(""knn"", ""block7d"")]"
KNN,block7d,deterministic,2937,17704,2023-02-27,0.0,0.0,1,"C:\Users\yasemin.bozkurt\Desktop\article\DLPIF-repo-update\src\baseline_results.pkl::all_scenarios[(""knn"", ""block7d"")]"
KNN,block7d,deterministic,2938,17748,2023-02-27,0.0,0.0800000035436824,1,"C:\Users\yasemin.bozkurt\Desktop\article\DLPIF-repo-update\src\baseline_results.pkl::all_scenarios[(""knn"", ""block7d"")]"
KNN,block7d,deterministic,2941,17704,2023-02-28,0.0,0.0,1,"C:\Users\yasemin.bozkurt\Desktop\article\DLPIF-repo-update\src\baseline_results.pkl::all_scenarios[(""knn"", ""block7d"")]"
KNN,block7d,deterministic,2942,17748,2023-02-28,0.0,0.0,1,"C:\Users\yasemin.bozkurt\Desktop\article\DLPIF-repo-update\src\baseline_results.pkl::all_scenarios[(""knn"", ""block7d"")]"
KNN,block7d,deterministic,2945,17704,2023-03-01,0.0,0.1600000070873648,1,"C:\Users\yasemin.bozkurt\Desktop\article\DLPIF-repo-update\src\baseline_results.pkl::all_scenarios[(""knn"", ""block7d"")]"
KNN,block7d,deterministic,2946,17748,2023-03-01,0.0,0.1200000094715506,1,"C:\Users\yasemin.bozkurt\Desktop\article\DLPIF-repo-update\src\baseline_results.pkl::all_scenarios[(""knn"", ""block7d"")]"
KNN,block7d,deterministic,2950,17748,2023-03-02,0.0,0.40000000940635805,1,"C:\Users\yasemin.bozkurt\Desktop\article\DLPIF-repo-update\src\baseline_results.pkl::all_scenarios[(""knn"", ""block7d"")]"
KNN,block7d,deterministic,2954,17748,2023-03-03,0.0,5.880000181496144,1,"C:\Users\yasemin.bozkurt\Desktop\article\DLPIF-repo-update\src\baseline_results.pkl::all_scenarios[(""knn"", ""block7d"")]"
KNN,block7d,deterministic,2958,17748,2023-03-04,0.0,5.800000186264516,1,"C:\Users\yasemin.bozkurt\Desktop\article\DLPIF-repo-update\src\baseline_results.pkl::all_scenarios[(""knn"", ""block7d"")]"
KNN,block7d,deterministic,3193,17704,2023-05-02,0.0,0.0,1,"C:\Users\yasemin.bozkurt\Desktop\article\DLPIF-repo-update\src\baseline_results.pkl::all_scenarios[(""knn"", ""block7d"")]"
KNN,block7d,deterministic,3195,17750,2023-05-02,0.0,0.0,1,"C:\Users\yasemin.bozkurt\Desktop\article\DLPIF-repo-update\src\baseline_results.pkl::all_scenarios[(""knn"", ""block7d"")]"
KNN,block7d,deterministic,3197,17704,2023-05-03,0.0,0.0,1,"C:\Users\yasemin.bozkurt\Desktop\article\DLPIF-repo-update\src\baseline_results.pkl::all_scenarios[(""knn"", ""block7d"")]"
KNN,block7d,deterministic,3199,17750,2023-05-03,0.0,0.0,1,"C:\Users\yasemin.bozkurt\Desktop\article\DLPIF-repo-update\src\baseline_results.pkl::all_scenarios[(""knn"", ""block7d"")]"
KNN,block7d,deterministic,3201,17704,2023-05-04,2.6000001110136512,2.6000001110136512,1,"C:\Users\yasemin.bozkurt\Desktop\article\DLPIF-repo-update\src\baseline_results.pkl::all_scenarios[(""knn"", ""block7d"")]"
KNN,block7d,deterministic,3203,17750,2023-05-04,2.2000000018626453,3.6400000490248208,1,"C:\Users\yasemin.bozkurt\Desktop\article\DLPIF-repo-update\src\baseline_results.pkl::all_scenarios[(""knn"", ""block7d"")]"
KNN,block7d,deterministic,3205,17704,2023-05-05,1.20000006146729,2.3200001277029516,1,"C:\Users\yasemin.bozkurt\Desktop\article\DLPIF-repo-update\src\baseline_results.pkl::all_scenarios[(""knn"", ""block7d"")]"
KNN,block7d,deterministic,3207,17750,2023-05-05,2.40000012293458,1.20000006146729,1,"C:\Users\yasemin.bozkurt\Desktop\article\DLPIF-repo-update\src\baseline_results.pkl::all_scenarios[(""knn"", ""block7d"")]"
KNN,block7d,deterministic,3209,17704,2023-05-06,9.200000515580179,1.6000000376254322,1,"C:\Users\yasemin.bozkurt\Desktop\article\DLPIF-repo-update\src\baseline_results.pkl::all_scenarios[(""knn"", ""block7d"")]"
KNN,block7d,deterministic,3211,17750,2023-05-06,9.200000515580179,5.4000002101063735,1,"C:\Users\yasemin.bozkurt\Desktop\article\DLPIF-repo-update\src\baseline_results.pkl::all_scenarios[(""knn"", ""block7d"")]"
KNN,block7d,deterministic,3213,17704,2023-05-07,0.0,5.800000186264516,1,"C:\Users\yasemin.bozkurt\Desktop\article\DLPIF-repo-update\src\baseline_results.pkl::all_scenarios[(""knn"", ""block7d"")]"
KNN,block7d,deterministic,3215,17750,2023-05-07,0.0,2.080000009015203,1,"C:\Users\yasemin.bozkurt\Desktop\article\DLPIF-repo-update\src\baseline_results.pkl::all_scenarios[(""knn"", ""block7d"")]"
KNN,block7d,deterministic,3217,17704,2023-05-08,0.0,0.0,1,"C:\Users\yasemin.bozkurt\Desktop\article\DLPIF-repo-update\src\baseline_results.pkl::all_scenarios[(""knn"", ""block7d"")]"
KNN,block7d,deterministic,3219,17750,2023-05-08,0.20000000470317902,0.0,1,"C:\Users\yasemin.bozkurt\Desktop\article\DLPIF-repo-update\src\baseline_results.pkl::all_scenarios[(""knn"", ""block7d"")]"
KNN,block7d,deterministic,3256,17155,2023-05-18,22.300000798702243,6.760000129044056,1,"C:\Users\yasemin.bozkurt\Desktop\article\DLPIF-repo-update\src\baseline_results.pkl::all_scenarios[(""knn"", ""block7d"")]"
KNN,block7d,deterministic,3260,17155,2023-05-19,2.40000012293458,8.080000050365925,1,"C:\Users\yasemin.bozkurt\Desktop\article\DLPIF-repo-update\src\baseline_results.pkl::all_scenarios[(""knn"", ""block7d"")]"
KNN,block7d,deterministic,3264,17155,2023-05-20,0.9000000128522516,0.0400000017718412,1,"C:\Users\yasemin.bozkurt\Desktop\article\DLPIF-repo-update\src\baseline_results.pkl::all_scenarios[(""knn"", ""block7d"")]"
KNN,block7d,deterministic,3268,17155,2023-05-21,0.0,0.44000000702217223,1,"C:\Users\yasemin.bozkurt\Desktop\article\DLPIF-repo-update\src\baseline_results.pkl::all_scenarios[(""knn"", ""block7d"")]"
KNN,block7d,deterministic,3272,17155,2023-05-22,2.2000000018626453,4.600000257790089,1,"C:\Users\yasemin.bozkurt\Desktop\article\DLPIF-repo-update\src\baseline_results.pkl::all_scenarios[(""knn"", ""block7d"")]"
KNN,block7d,deterministic,3276,17155,2023-05-23,2.0000000137835743,1.7200000304728749,1,"C:\Users\yasemin.bozkurt\Desktop\article\DLPIF-repo-update\src\baseline_results.pkl::all_scenarios[(""knn"", ""block7d"")]"
KNN,block7d,deterministic,3280,17155,2023-05-24,9.000000527501108,9.240000513195993,1,"C:\Users\yasemin.bozkurt\Desktop\article\DLPIF-repo-update\src\baseline_results.pkl::all_scenarios[(""knn"", ""block7d"")]"
KNN,block7d,deterministic,3287,17750,2023-05-25,15.600000134110452,3.16000007763505,1,"C:\Users\yasemin.bozkurt\Desktop\article\DLPIF-repo-update\src\baseline_results.pkl::all_scenarios[(""knn"", ""block7d"")]"
KNN,block7d,deterministic,3291,17750,2023-05-26,0.20000000470317902,2.6000001110136512,1,"C:\Users\yasemin.bozkurt\Desktop\article\DLPIF-repo-update\src\baseline_results.pkl::all_scenarios[(""knn"", ""block7d"")]"
KNN,block7d,deterministic,3295,17750,2023-05-27,1.0000000068917871,2.4800001181662084,1,"C:\Users\yasemin.bozkurt\Desktop\article\DLPIF-repo-update\src\baseline_results.pkl::all_scenarios[(""knn"", ""block7d"")]"
KNN,block7d,deterministic,3299,17750,2023-05-28,11.600000372529031,5.160000224411488,1,"C:\Users\yasemin.bozkurt\Desktop\article\DLPIF-repo-update\src\baseline_results.pkl::all_scenarios[(""knn"", ""block7d"")]"
KNN,block7d,deterministic,3303,17750,2023-05-29,0.8000000188127161,4.720000250637532,1,"C:\Users\yasemin.bozkurt\Desktop\article\DLPIF-repo-update\src\baseline_results.pkl::all_scenarios[(""knn"", ""block7d"")]"
KNN,block7d,deterministic,3305,17704,2023-05-30,8.40000003129244,9.760000482201576,1,"C:\Users\yasemin.bozkurt\Desktop\article\DLPIF-repo-update\src\baseline_results.pkl::all_scenarios[(""knn"", ""block7d"")]"
KNN,block7d,deterministic,3307,17750,2023-05-30,18.000001055002215,8.64000054895878,1,"C:\Users\yasemin.bozkurt\Desktop\article\DLPIF-repo-update\src\baseline_results.pkl::all_scenarios[(""knn"", ""block7d"")]"
KNN,block7d,deterministic,3309,17704,2023-05-31,0.0,5.520000202953816,1,"C:\Users\yasemin.bozkurt\Desktop\article\DLPIF-repo-update\src\baseline_results.pkl::all_scenarios[(""knn"", ""block7d"")]"
KNN,block7d,deterministic,3311,17750,2023-05-31,1.4000000495463611,4.760000248253346,1,"C:\Users\yasemin.bozkurt\Desktop\article\DLPIF-repo-update\src\baseline_results.pkl::all_scenarios[(""knn"", ""block7d"")]"
KNN,block7d,deterministic,3313,17704,2023-06-01,0.600000030733645,7.9200000599026685,1,"C:\Users\yasemin.bozkurt\Desktop\article\DLPIF-repo-update\src\baseline_results.pkl::all_scenarios[(""knn"", ""block7d"")]"
KNN,block7d,deterministic,3317,17704,2023-06-02,1.6000000376254322,0.6800000259652734,1,"C:\Users\yasemin.bozkurt\Desktop\article\DLPIF-repo-update\src\baseline_results.pkl::all_scenarios[(""knn"", ""block7d"")]"
KNN,block7d,deterministic,3319,17750,2023-06-02,0.0,5.120000226795674,1,"C:\Users\yasemin.bozkurt\Desktop\article\DLPIF-repo-update\src\baseline_results.pkl::all_scenarios[(""knn"", ""block7d"")]"
KNN,block7d,deterministic,3321,17704,2023-06-03,6.6000001385808,15.320000150799753,1,"C:\Users\yasemin.bozkurt\Desktop\article\DLPIF-repo-update\src\baseline_results.pkl::all_scenarios[(""knn"", ""block7d"")]"
KNN,block7d,deterministic,3323,17750,2023-06-03,30.000000339746478,8.360000033676625,1,"C:\Users\yasemin.bozkurt\Desktop\article\DLPIF-repo-update\src\baseline_results.pkl::all_scenarios[(""knn"", ""block7d"")]"
KNN,block7d,deterministic,3325,17704,2023-06-04,7.400000090897084,7.760000069439412,1,"C:\Users\yasemin.bozkurt\Desktop\article\DLPIF-repo-update\src\baseline_results.pkl::all_scenarios[(""knn"", ""block7d"")]"
KNN,block7d,deterministic,3327,17750,2023-06-04,1.8000000257045032,5.160000224411488,1,"C:\Users\yasemin.bozkurt\Desktop\article\DLPIF-repo-update\src\baseline_results.pkl::all_scenarios[(""knn"", ""block7d"")]"
KNN,block7d,deterministic,3329,17704,2023-06-05,0.20000000470317902,3.92000003233552,1,"C:\Users\yasemin.bozkurt\Desktop\article\DLPIF-repo-update\src\baseline_results.pkl::all_scenarios[(""knn"", ""block7d"")]"
KNN,block7d,deterministic,3331,17750,2023-06-05,1.20000006146729,4.400000269711018,1,"C:\Users\yasemin.bozkurt\Desktop\article\DLPIF-repo-update\src\baseline_results.pkl::all_scenarios[(""knn"", ""block7d"")]"
KNN,block7d,deterministic,3335,17750,2023-06-06,0.20000000470317902,0.5200000355020166,1,"C:\Users\yasemin.bozkurt\Desktop\article\DLPIF-repo-update\src\baseline_results.pkl::all_scenarios[(""knn"", ""block7d"")]"
KNN,block7d,deterministic,3339,17750,2023-06-07,0.0,0.0,1,"C:\Users\yasemin.bozkurt\Desktop\article\DLPIF-repo-update\src\baseline_results.pkl::all_scenarios[(""knn"", ""block7d"")]"
KNN,block7d,deterministic,3343,17750,2023-06-08,0.0,0.0800000035436824,1,"C:\Users\yasemin.bozkurt\Desktop\article\DLPIF-repo-update\src\baseline_results.pkl::all_scenarios[(""knn"", ""block7d"")]"
KNN,block7d,deterministic,3377,17704,2023-06-17,1.20000006146729,0.8000000188127161,1,"C:\Users\yasemin.bozkurt\Desktop\article\DLPIF-repo-update\src\baseline_results.pkl::all_scenarios[(""knn"", ""block7d"")]"
KNN,block7d,deterministic,3381,17704,2023-06-18,7.800000067055226,3.760000041872263,1,"C:\Users\yasemin.bozkurt\Desktop\article\DLPIF-repo-update\src\baseline_results.pkl::all_scenarios[(""knn"", ""block7d"")]"
KNN,block7d,deterministic,3385,17704,2023-06-19,30.20000032782555,11.88000035583973,1,"C:\Users\yasemin.bozkurt\Desktop\article\DLPIF-repo-update\src\baseline_results.pkl::all_scenarios[(""knn"", ""block7d"")]"
KNN,block7d,deterministic,3387,17750,2023-06-19,42.800001704692846,1.4800000447779895,1,"C:\Users\yasemin.bozkurt\Desktop\article\DLPIF-repo-update\src\baseline_results.pkl::all_scenarios[(""knn"", ""block7d"")]"
KNN,block7d,deterministic,3389,17704,2023-06-20,15.800000122189523,2.8800000943243504,1,"C:\Users\yasemin.bozkurt\Desktop\article\DLPIF-repo-update\src\baseline_results.pkl::all_scenarios[(""knn"", ""block7d"")]"
KNN,block7d,deterministic,3391,17750,2023-06-20,0.20000000470317902,0.6400000283494592,1,"C:\Users\yasemin.bozkurt\Desktop\article\DLPIF-repo-update\src\baseline_results.pkl::all_scenarios[(""knn"", ""block7d"")]"
KNN,block7d,deterministic,3393,17704,2023-06-21,0.0,0.0400000017718412,1,"C:\Users\yasemin.bozkurt\Desktop\article\DLPIF-repo-update\src\baseline_results.pkl::all_scenarios[(""knn"", ""block7d"")]"
KNN,block7d,deterministic,3395,17750,2023-06-21,0.0,0.0,1,"C:\Users\yasemin.bozkurt\Desktop\article\DLPIF-repo-update\src\baseline_results.pkl::all_scenarios[(""knn"", ""block7d"")]"
KNN,block7d,deterministic,3397,17704,2023-06-22,0.0,0.0400000017718412,1,"C:\Users\yasemin.bozkurt\Desktop\article\DLPIF-repo-update\src\baseline_results.pkl::all_scenarios[(""knn"", ""block7d"")]"
KNN,block7d,deterministic,3399,17750,2023-06-22,0.0,0.0,1,"C:\Users\yasemin.bozkurt\Desktop\article\DLPIF-repo-update\src\baseline_results.pkl::all_scenarios[(""knn"", ""block7d"")]"
KNN,block7d,deterministic,3401,17704,2023-06-23,0.0,0.0800000035436824,1,"C:\Users\yasemin.bozkurt\Desktop\article\DLPIF-repo-update\src\baseline_results.pkl::all_scenarios[(""knn"", ""block7d"")]"
KNN,block7d,deterministic,3403,17750,2023-06-23,0.0,0.0400000017718412,1,"C:\Users\yasemin.bozkurt\Desktop\article\DLPIF-repo-update\src\baseline_results.pkl::all_scenarios[(""knn"", ""block7d"")]"
KNN,block7d,deterministic,3407,17750,2023-06-24,0.0,0.1600000070873648,1,"C:\Users\yasemin.bozkurt\Desktop\article\DLPIF-repo-update\src\baseline_results.pkl::all_scenarios[(""knn"", ""block7d"")]"
KNN,block7d,deterministic,3411,17750,2023-06-25,0.0,0.0800000035436824,1,"C:\Users\yasemin.bozkurt\Desktop\article\DLPIF-repo-update\src\baseline_results.pkl::all_scenarios[(""knn"", ""block7d"")]"
KNN,block7d,deterministic,3442,17748,2023-07-03,0.0,0.0,1,"C:\Users\yasemin.bozkurt\Desktop\article\DLPIF-repo-update\src\baseline_results.pkl::all_scenarios[(""knn"", ""block7d"")]"
KNN,block7d,deterministic,3446,17748,2023-07-04,0.0,3.320000068098307,1,"C:\Users\yasemin.bozkurt\Desktop\article\DLPIF-repo-update\src\baseline_results.pkl::all_scenarios[(""knn"", ""block7d"")]"
KNN,block7d,deterministic,3450,17748,2023-07-05,0.0,3.2800000704824925,1,"C:\Users\yasemin.bozkurt\Desktop\article\DLPIF-repo-update\src\baseline_results.pkl::all_scenarios[(""knn"", ""block7d"")]"
KNN,block7d,deterministic,3454,17748,2023-07-06,1.8000000257045032,8.12000004798174,1,"C:\Users\yasemin.bozkurt\Desktop\article\DLPIF-repo-update\src\baseline_results.pkl::all_scenarios[(""knn"", ""block7d"")]"
KNN,block7d,deterministic,3458,17748,2023-07-07,7.400000090897084,0.9200000116601588,1,"C:\Users\yasemin.bozkurt\Desktop\article\DLPIF-repo-update\src\baseline_results.pkl::all_scenarios[(""knn"", ""block7d"")]"
KNN,block7d,deterministic,3462,17748,2023-07-08,0.40000000940635805,2.360000125318766,1,"C:\Users\yasemin.bozkurt\Desktop\article\DLPIF-repo-update\src\baseline_results.pkl::all_scenarios[(""knn"", ""block7d"")]"
KNN,block7d,deterministic,3466,17748,2023-07-09,0.0,1.1200000662356615,1,"C:\Users\yasemin.bozkurt\Desktop\article\DLPIF-repo-update\src\baseline_results.pkl::all_scenarios[(""knn"", ""block7d"")]"
KNN,block7d,deterministic,3484,17155,2023-07-14,0.0,0.0,1,"C:\Users\yasemin.bozkurt\Desktop\article\DLPIF-repo-update\src\baseline_results.pkl::all_scenarios[(""knn"", ""block7d"")]"
KNN,block7d,deterministic,3486,17748,2023-07-14,0.0,0.0,1,"C:\Users\yasemin.bozkurt\Desktop\article\DLPIF-repo-update\src\baseline_results.pkl::all_scenarios[(""knn"", ""block7d"")]"
KNN,block7d,deterministic,3488,17155,2023-07-15,0.0,0.0,1,"C:\Users\yasemin.bozkurt\Desktop\article\DLPIF-repo-update\src\baseline_results.pkl::all_scenarios[(""knn"", ""block7d"")]"
KNN,block7d,deterministic,3490,17748,2023-07-15,0.0,0.12000000115949662,1,"C:\Users\yasemin.bozkurt\Desktop\article\DLPIF-repo-update\src\baseline_results.pkl::all_scenarios[(""knn"", ""block7d"")]"
KNN,block7d,deterministic,3492,17155,2023-07-16,0.0,0.0,1,"C:\Users\yasemin.bozkurt\Desktop\article\DLPIF-repo-update\src\baseline_results.pkl::all_scenarios[(""knn"", ""block7d"")]"
KNN,block7d,deterministic,3494,17748,2023-07-16,0.0,0.0,1,"C:\Users\yasemin.bozkurt\Desktop\article\DLPIF-repo-update\src\baseline_results.pkl::all_scenarios[(""knn"", ""block7d"")]"
KNN,block7d,deterministic,3496,17155,2023-07-17,0.0,0.0,1,"C:\Users\yasemin.bozkurt\Desktop\article\DLPIF-repo-update\src\baseline_results.pkl::all_scenarios[(""knn"", ""block7d"")]"
KNN,block7d,deterministic,3498,17748,2023-07-17,0.0,0.0,1,"C:\Users\yasemin.bozkurt\Desktop\article\DLPIF-repo-update\src\baseline_results.pkl::all_scenarios[(""knn"", ""block7d"")]"
KNN,block7d,deterministic,3500,17155,2023-07-18,0.0,0.40000000940635805,1,"C:\Users\yasemin.bozkurt\Desktop\article\DLPIF-repo-update\src\baseline_results.pkl::all_scenarios[(""knn"", ""block7d"")]"
KNN,block7d,deterministic,3502,17748,2023-07-18,0.0,0.0,1,"C:\Users\yasemin.bozkurt\Desktop\article\DLPIF-repo-update\src\baseline_results.pkl::all_scenarios[(""knn"", ""block7d"")]"
KNN,block7d,deterministic,3504,17155,2023-07-19,0.0,0.0,1,"C:\Users\yasemin.bozkurt\Desktop\article\DLPIF-repo-update\src\baseline_results.pkl::all_scenarios[(""knn"", ""block7d"")]"
KNN,block7d,deterministic,3505,17704,2023-07-19,0.0,0.0,1,"C:\Users\yasemin.bozkurt\Desktop\article\DLPIF-repo-update\src\baseline_results.pkl::all_scenarios[(""knn"", ""block7d"")]"
KNN,block7d,deterministic,3506,17748,2023-07-19,0.0,0.20000000470317902,1,"C:\Users\yasemin.bozkurt\Desktop\article\DLPIF-repo-update\src\baseline_results.pkl::all_scenarios[(""knn"", ""block7d"")]"
KNN,block7d,deterministic,3508,17155,2023-07-20,0.0,0.0,1,"C:\Users\yasemin.bozkurt\Desktop\article\DLPIF-repo-update\src\baseline_results.pkl::all_scenarios[(""knn"", ""block7d"")]"
KNN,block7d,deterministic,3509,17704,2023-07-20,0.0,0.0,1,"C:\Users\yasemin.bozkurt\Desktop\article\DLPIF-repo-update\src\baseline_results.pkl::all_scenarios[(""knn"", ""block7d"")]"
KNN,block7d,deterministic,3510,17748,2023-07-20,0.0,0.0,1,"C:\Users\yasemin.bozkurt\Desktop\article\DLPIF-repo-update\src\baseline_results.pkl::all_scenarios[(""knn"", ""block7d"")]"
KNN,block7d,deterministic,3513,17704,2023-07-21,0.0,1.7200000304728749,1,"C:\Users\yasemin.bozkurt\Desktop\article\DLPIF-repo-update\src\baseline_results.pkl::all_scenarios[(""knn"", ""block7d"")]"
KNN,block7d,deterministic,3517,17704,2023-07-22,0.0,0.0,1,"C:\Users\yasemin.bozkurt\Desktop\article\DLPIF-repo-update\src\baseline_results.pkl::all_scenarios[(""knn"", ""block7d"")]"
KNN,block7d,deterministic,3520,17155,2023-07-23,0.0,0.0,1,"C:\Users\yasemin.bozkurt\Desktop\article\DLPIF-repo-update\src\baseline_results.pkl::all_scenarios[(""knn"", ""block7d"")]"
KNN,block7d,deterministic,3521,17704,2023-07-23,0.0,0.0,1,"C:\Users\yasemin.bozkurt\Desktop\article\DLPIF-repo-update\src\baseline_results.pkl::all_scenarios[(""knn"", ""block7d"")]"
KNN,block7d,deterministic,3524,17155,2023-07-24,0.0,0.0,1,"C:\Users\yasemin.bozkurt\Desktop\article\DLPIF-repo-update\src\baseline_results.pkl::all_scenarios[(""knn"", ""block7d"")]"
KNN,block7d,deterministic,3525,17704,2023-07-24,0.0,0.0,1,"C:\Users\yasemin.bozkurt\Desktop\article\DLPIF-repo-update\src\baseline_results.pkl::all_scenarios[(""knn"", ""block7d"")]"
KNN,block7d,deterministic,3526,17748,2023-07-24,0.0,0.0,1,"C:\Users\yasemin.bozkurt\Desktop\article\DLPIF-repo-update\src\baseline_results.pkl::all_scenarios[(""knn"", ""block7d"")]"
KNN,block7d,deterministic,3528,17155,2023-07-25,0.0,0.0,1,"C:\Users\yasemin.bozkurt\Desktop\article\DLPIF-repo-update\src\baseline_results.pkl::all_scenarios[(""knn"", ""block7d"")]"
KNN,block7d,deterministic,3529,17704,2023-07-25,0.0,0.0,1,"C:\Users\yasemin.bozkurt\Desktop\article\DLPIF-repo-update\src\baseline_results.pkl::all_scenarios[(""knn"", ""block7d"")]"
KNN,block7d,deterministic,3530,17748,2023-07-25,0.0,0.0,1,"C:\Users\yasemin.bozkurt\Desktop\article\DLPIF-repo-update\src\baseline_results.pkl::all_scenarios[(""knn"", ""block7d"")]"
KNN,block7d,deterministic,3532,17155,2023-07-26,0.0,0.0,1,"C:\Users\yasemin.bozkurt\Desktop\article\DLPIF-repo-update\src\baseline_results.pkl::all_scenarios[(""knn"", ""block7d"")]"
KNN,block7d,deterministic,3534,17748,2023-07-26,0.0,0.0,1,"C:\Users\yasemin.bozkurt\Desktop\article\DLPIF-repo-update\src\baseline_results.pkl::all_scenarios[(""knn"", ""block7d"")]"
KNN,block7d,deterministic,3536,17155,2023-07-27,0.0,0.0,1,"C:\Users\yasemin.bozkurt\Desktop\article\DLPIF-repo-update\src\baseline_results.pkl::all_scenarios[(""knn"", ""block7d"")]"
KNN,block7d,deterministic,3538,17748,2023-07-27,0.0,0.0,1,"C:\Users\yasemin.bozkurt\Desktop\article\DLPIF-repo-update\src\baseline_results.pkl::all_scenarios[(""knn"", ""block7d"")]"
KNN,block7d,deterministic,3540,17155,2023-07-28,0.0,0.0,1,"C:\Users\yasemin.bozkurt\Desktop\article\DLPIF-repo-update\src\baseline_results.pkl::all_scenarios[(""knn"", ""block7d"")]"
KNN,block7d,deterministic,3542,17748,2023-07-28,0.0,0.0,1,"C:\Users\yasemin.bozkurt\Desktop\article\DLPIF-repo-update\src\baseline_results.pkl::all_scenarios[(""knn"", ""block7d"")]"
KNN,block7d,deterministic,3544,17155,2023-07-29,0.0,0.0,1,"C:\Users\yasemin.bozkurt\Desktop\article\DLPIF-repo-update\src\baseline_results.pkl::all_scenarios[(""knn"", ""block7d"")]"
KNN,block7d,deterministic,3546,17748,2023-07-29,0.0,0.0400000017718412,1,"C:\Users\yasemin.bozkurt\Desktop\article\DLPIF-repo-update\src\baseline_results.pkl::all_scenarios[(""knn"", ""block7d"")]"
KNN,block7d,deterministic,3550,17748,2023-07-30,0.0,0.0,1,"C:\Users\yasemin.bozkurt\Desktop\article\DLPIF-repo-update\src\baseline_results.pkl::all_scenarios[(""knn"", ""block7d"")]"
KNN,block7d,deterministic,3557,17704,2023-08-01,0.0,0.0,1,"C:\Users\yasemin.bozkurt\Desktop\article\DLPIF-repo-update\src\baseline_results.pkl::all_scenarios[(""knn"", ""block7d"")]"
KNN,block7d,deterministic,3561,17704,2023-08-02,0.0,0.0,1,"C:\Users\yasemin.bozkurt\Desktop\article\DLPIF-repo-update\src\baseline_results.pkl::all_scenarios[(""knn"", ""block7d"")]"
KNN,block7d,deterministic,3565,17704,2023-08-03,0.0,0.0,1,"C:\Users\yasemin.bozkurt\Desktop\article\DLPIF-repo-update\src\baseline_results.pkl::all_scenarios[(""knn"", ""block7d"")]"
KNN,block7d,deterministic,3569,17704,2023-08-04,0.0,0.0,1,"C:\Users\yasemin.bozkurt\Desktop\article\DLPIF-repo-update\src\baseline_results.pkl::all_scenarios[(""knn"", ""block7d"")]"
KNN,block7d,deterministic,3572,17155,2023-08-05,0.0,0.0,1,"C:\Users\yasemin.bozkurt\Desktop\article\DLPIF-repo-update\src\baseline_results.pkl::all_scenarios[(""knn"", ""block7d"")]"
KNN,block7d,deterministic,3573,17704,2023-08-05,0.0,0.0,1,"C:\Users\yasemin.bozkurt\Desktop\article\DLPIF-repo-update\src\baseline_results.pkl::all_scenarios[(""knn"", ""block7d"")]"
KNN,block7d,deterministic,3576,17155,2023-08-06,0.0,0.0,1,"C:\Users\yasemin.bozkurt\Desktop\article\DLPIF-repo-update\src\baseline_results.pkl::all_scenarios[(""knn"", ""block7d"")]"
KNN,block7d,deterministic,3577,17704,2023-08-06,0.0,0.0,1,"C:\Users\yasemin.bozkurt\Desktop\article\DLPIF-repo-update\src\baseline_results.pkl::all_scenarios[(""knn"", ""block7d"")]"
KNN,block7d,deterministic,3580,17155,2023-08-07,0.0,0.0,1,"C:\Users\yasemin.bozkurt\Desktop\article\DLPIF-repo-update\src\baseline_results.pkl::all_scenarios[(""knn"", ""block7d"")]"
KNN,block7d,deterministic,3581,17704,2023-08-07,0.0,1.8000001586973668,1,"C:\Users\yasemin.bozkurt\Desktop\article\DLPIF-repo-update\src\baseline_results.pkl::all_scenarios[(""knn"", ""block7d"")]"
KNN,block7d,deterministic,3584,17155,2023-08-08,0.0,3.6000000514090065,1,"C:\Users\yasemin.bozkurt\Desktop\article\DLPIF-repo-update\src\baseline_results.pkl::all_scenarios[(""knn"", ""block7d"")]"
KNN,block7d,deterministic,3588,17155,2023-08-09,0.0,11.12000040113926,1,"C:\Users\yasemin.bozkurt\Desktop\article\DLPIF-repo-update\src\baseline_results.pkl::all_scenarios[(""knn"", ""block7d"")]"
KNN,block7d,deterministic,3592,17155,2023-08-10,0.20000000470317902,3.2400000728666787,1,"C:\Users\yasemin.bozkurt\Desktop\article\DLPIF-repo-update\src\baseline_results.pkl::all_scenarios[(""knn"", ""block7d"")]"
KNN,block7d,deterministic,3596,17155,2023-08-11,0.5000000034458936,0.3200000141747296,1,"C:\Users\yasemin.bozkurt\Desktop\article\DLPIF-repo-update\src\baseline_results.pkl::all_scenarios[(""knn"", ""block7d"")]"
KNN,block7d,deterministic,3605,17704,2023-08-13,0.0,0.0,1,"C:\Users\yasemin.bozkurt\Desktop\article\DLPIF-repo-update\src\baseline_results.pkl::all_scenarios[(""knn"", ""block7d"")]"
KNN,block7d,deterministic,3609,17704,2023-08-14,0.0,0.0,1,"C:\Users\yasemin.bozkurt\Desktop\article\DLPIF-repo-update\src\baseline_results.pkl::all_scenarios[(""knn"", ""block7d"")]"
KNN,block7d,deterministic,3613,17704,2023-08-15,0.0,0.0,1,"C:\Users\yasemin.bozkurt\Desktop\article\DLPIF-repo-update\src\baseline_results.pkl::all_scenarios[(""knn"", ""block7d"")]"
KNN,block7d,deterministic,3617,17704,2023-08-16,0.0,0.0,1,"C:\Users\yasemin.bozkurt\Desktop\article\DLPIF-repo-update\src\baseline_results.pkl::all_scenarios[(""knn"", ""block7d"")]"
KNN,block7d,deterministic,3621,17704,2023-08-17,9.40000050365925,0.0,1,"C:\Users\yasemin.bozkurt\Desktop\article\DLPIF-repo-update\src\baseline_results.pkl::all_scenarios[(""knn"", ""block7d"")]"
KNN,block7d,deterministic,3625,17704,2023-08-18,9.800000479817392,0.0,1,"C:\Users\yasemin.bozkurt\Desktop\article\DLPIF-repo-update\src\baseline_results.pkl::all_scenarios[(""knn"", ""block7d"")]"
KNN,block7d,deterministic,3629,17704,2023-08-19,1.4000000495463611,0.0,1,"C:\Users\yasemin.bozkurt\Desktop\article\DLPIF-repo-update\src\baseline_results.pkl::all_scenarios[(""knn"", ""block7d"")]"
KNN,block7d,deterministic,3758,17748,2023-09-20,0.0,1.4800000447779895,1,"C:\Users\yasemin.bozkurt\Desktop\article\DLPIF-repo-update\src\baseline_results.pkl::all_scenarios[(""knn"", ""block7d"")]"
KNN,block7d,deterministic,3762,17748,2023-09-21,0.0,0.0,1,"C:\Users\yasemin.bozkurt\Desktop\article\DLPIF-repo-update\src\baseline_results.pkl::all_scenarios[(""knn"", ""block7d"")]"
KNN,block7d,deterministic,3766,17748,2023-09-22,0.0,0.0,1,"C:\Users\yasemin.bozkurt\Desktop\article\DLPIF-repo-update\src\baseline_results.pkl::all_scenarios[(""knn"", ""block7d"")]"
KNN,block7d,deterministic,3770,17748,2023-09-23,0.0,0.3200000141747296,1,"C:\Users\yasemin.bozkurt\Desktop\article\DLPIF-repo-update\src\baseline_results.pkl::all_scenarios[(""knn"", ""block7d"")]"
KNN,block7d,deterministic,3773,17704,2023-09-24,0.0,0.0,1,"C:\Users\yasemin.bozkurt\Desktop\article\DLPIF-repo-update\src\baseline_results.pkl::all_scenarios[(""knn"", ""block7d"")]"
KNN,block7d,deterministic,3774,17748,2023-09-24,0.0,0.0,1,"C:\Users\yasemin.bozkurt\Desktop\article\DLPIF-repo-update\src\baseline_results.pkl::all_scenarios[(""knn"", ""block7d"")]"
KNN,block7d,deterministic,3777,17704,2023-09-25,0.0,0.0,1,"C:\Users\yasemin.bozkurt\Desktop\article\DLPIF-repo-update\src\baseline_results.pkl::all_scenarios[(""knn"", ""block7d"")]"
KNN,block7d,deterministic,3778,17748,2023-09-25,0.0,0.0,1,"C:\Users\yasemin.bozkurt\Desktop\article\DLPIF-repo-update\src\baseline_results.pkl::all_scenarios[(""knn"", ""block7d"")]"
KNN,block7d,deterministic,3781,17704,2023-09-26,0.0,0.0,1,"C:\Users\yasemin.bozkurt\Desktop\article\DLPIF-repo-update\src\baseline_results.pkl::all_scenarios[(""knn"", ""block7d"")]"
KNN,block7d,deterministic,3782,17748,2023-09-26,0.0,0.1600000070873648,1,"C:\Users\yasemin.bozkurt\Desktop\article\DLPIF-repo-update\src\baseline_results.pkl::all_scenarios[(""knn"", ""block7d"")]"
KNN,block7d,deterministic,3785,17704,2023-09-27,0.0,0.1600000070873648,1,"C:\Users\yasemin.bozkurt\Desktop\article\DLPIF-repo-update\src\baseline_results.pkl::all_scenarios[(""knn"", ""block7d"")]"
KNN,block7d,deterministic,3789,17704,2023-09-28,0.0,0.6800000259652734,1,"C:\Users\yasemin.bozkurt\Desktop\article\DLPIF-repo-update\src\baseline_results.pkl::all_scenarios[(""knn"", ""block7d"")]"
KNN,block7d,deterministic,3793,17704,2023-09-29,0.20000000470317902,2.160000137239695,1,"C:\Users\yasemin.bozkurt\Desktop\article\DLPIF-repo-update\src\baseline_results.pkl::all_scenarios[(""knn"", ""block7d"")]"
KNN,block7d,deterministic,3797,17704,2023-09-30,0.40000000940635805,2.960000089555979,1,"C:\Users\yasemin.bozkurt\Desktop\article\DLPIF-repo-update\src\baseline_results.pkl::all_scenarios[(""knn"", ""block7d"")]"
KNN,block7d,deterministic,3833,17704,2023-10-09,0.0,5.56000020056963,1,"C:\Users\yasemin.bozkurt\Desktop\article\DLPIF-repo-update\src\baseline_results.pkl::all_scenarios[(""knn"", ""block7d"")]"
KNN,block7d,deterministic,3837,17704,2023-10-10,0.0,2.760000101476908,1,"C:\Users\yasemin.bozkurt\Desktop\article\DLPIF-repo-update\src\baseline_results.pkl::all_scenarios[(""knn"", ""block7d"")]"
KNN,block7d,deterministic,3841,17704,2023-10-11,0.0,0.0,1,"C:\Users\yasemin.bozkurt\Desktop\article\DLPIF-repo-update\src\baseline_results.pkl::all_scenarios[(""knn"", ""block7d"")]"
KNN,block7d,deterministic,3845,17704,2023-10-12,0.0,0.0,1,"C:\Users\yasemin.bozkurt\Desktop\article\DLPIF-repo-update\src\baseline_results.pkl::all_scenarios[(""knn"", ""block7d"")]"
KNN,block7d,deterministic,3849,17704,2023-10-13,0.0,0.0,1,"C:\Users\yasemin.bozkurt\Desktop\article\DLPIF-repo-update\src\baseline_results.pkl::all_scenarios[(""knn"", ""block7d"")]"
KNN,block7d,deterministic,3853,17704,2023-10-14,0.0,0.0400000017718412,1,"C:\Users\yasemin.bozkurt\Desktop\article\DLPIF-repo-update\src\baseline_results.pkl::all_scenarios[(""knn"", ""block7d"")]"
KNN,block7d,deterministic,3857,17704,2023-10-15,0.0,0.0,1,"C:\Users\yasemin.bozkurt\Desktop\article\DLPIF-repo-update\src\baseline_results.pkl::all_scenarios[(""knn"", ""block7d"")]"
KNN,block7d,deterministic,3868,17155,2023-10-18,0.10000000235158951,4.760000248253346,1,"C:\Users\yasemin.bozkurt\Desktop\article\DLPIF-repo-update\src\baseline_results.pkl::all_scenarios[(""knn"", ""block7d"")]"
KNN,block7d,deterministic,3872,17155,2023-10-19,0.3000000153668225,0.20000000470317902,1,"C:\Users\yasemin.bozkurt\Desktop\article\DLPIF-repo-update\src\baseline_results.pkl::all_scenarios[(""knn"", ""block7d"")]"
KNN,block7d,deterministic,3876,17155,2023-10-20,0.20000000470317902,0.0,1,"C:\Users\yasemin.bozkurt\Desktop\article\DLPIF-repo-update\src\baseline_results.pkl::all_scenarios[(""knn"", ""block7d"")]"
KNN,block7d,deterministic,3880,17155,2023-10-21,0.0,0.0,1,"C:\Users\yasemin.bozkurt\Desktop\article\DLPIF-repo-update\src\baseline_results.pkl::all_scenarios[(""knn"", ""block7d"")]"
KNN,block7d,deterministic,3884,17155,2023-10-22,0.0,0.0,1,"C:\Users\yasemin.bozkurt\Desktop\article\DLPIF-repo-update\src\baseline_results.pkl::all_scenarios[(""knn"", ""block7d"")]"
KNN,block7d,deterministic,3888,17155,2023-10-23,0.0,0.0,1,"C:\Users\yasemin.bozkurt\Desktop\article\DLPIF-repo-update\src\baseline_results.pkl::all_scenarios[(""knn"", ""block7d"")]"
KNN,block7d,deterministic,3892,17155,2023-10-24,0.0,0.0,1,"C:\Users\yasemin.bozkurt\Desktop\article\DLPIF-repo-update\src\baseline_results.pkl::all_scenarios[(""knn"", ""block7d"")]"
KNN,block7d,deterministic,3977,17704,2023-11-14,5.800000186264516,3.92000003233552,1,"C:\Users\yasemin.bozkurt\Desktop\article\DLPIF-repo-update\src\baseline_results.pkl::all_scenarios[(""knn"", ""block7d"")]"
KNN,block7d,deterministic,3981,17704,2023-11-15,5.0000002339482315,0.0,1,"C:\Users\yasemin.bozkurt\Desktop\article\DLPIF-repo-update\src\baseline_results.pkl::all_scenarios[(""knn"", ""block7d"")]"
KNN,block7d,deterministic,3984,17155,2023-11-16,0.0,2.3200001277029516,1,"C:\Users\yasemin.bozkurt\Desktop\article\DLPIF-repo-update\src\baseline_results.pkl::all_scenarios[(""knn"", ""block7d"")]"
KNN,block7d,deterministic,3985,17704,2023-11-16,1.6000000376254322,1.6400000352412463,1,"C:\Users\yasemin.bozkurt\Desktop\article\DLPIF-repo-update\src\baseline_results.pkl::all_scenarios[(""knn"", ""block7d"")]"
KNN,block7d,deterministic,3988,17155,2023-11-17,5.900000180304051,0.0,1,"C:\Users\yasemin.bozkurt\Desktop\article\DLPIF-repo-update\src\baseline_results.pkl::all_scenarios[(""knn"", ""block7d"")]"
KNN,block7d,deterministic,3989,17704,2023-11-17,3.6000000514090065,0.0,1,"C:\Users\yasemin.bozkurt\Desktop\article\DLPIF-repo-update\src\baseline_results.pkl::all_scenarios[(""knn"", ""block7d"")]"
KNN,block7d,deterministic,3992,17155,2023-11-18,7.3000000968575485,3.760000041872263,1,"C:\Users\yasemin.bozkurt\Desktop\article\DLPIF-repo-update\src\baseline_results.pkl::all_scenarios[(""knn"", ""block7d"")]"
KNN,block7d,deterministic,3993,17704,2023-11-18,4.80000024586916,2.960000089555979,1,"C:\Users\yasemin.bozkurt\Desktop\article\DLPIF-repo-update\src\baseline_results.pkl::all_scenarios[(""knn"", ""block7d"")]"
KNN,block7d,deterministic,3996,17155,2023-11-19,10.100000461935998,10.50000043809414,1,"C:\Users\yasemin.bozkurt\Desktop\article\DLPIF-repo-update\src\baseline_results.pkl::all_scenarios[(""knn"", ""block7d"")]"
KNN,block7d,deterministic,3997,17704,2023-11-19,14.400000205636026,14.280000212788583,1,"C:\Users\yasemin.bozkurt\Desktop\article\DLPIF-repo-update\src\baseline_results.pkl::all_scenarios[(""knn"", ""block7d"")]"
KNN,block7d,deterministic,4000,17155,2023-11-20,12.500000318884851,1.3600000519305468,1,"C:\Users\yasemin.bozkurt\Desktop\article\DLPIF-repo-update\src\baseline_results.pkl::all_scenarios[(""knn"", ""block7d"")]"
KNN,block7d,deterministic,4001,17704,2023-11-20,12.400000324845315,3.6400000490248208,1,"C:\Users\yasemin.bozkurt\Desktop\article\DLPIF-repo-update\src\baseline_results.pkl::all_scenarios[(""knn"", ""block7d"")]"
KNN,block7d,deterministic,4004,17155,2023-11-21,0.10000000235158951,1.3200000543147328,1,"C:\Users\yasemin.bozkurt\Desktop\article\DLPIF-repo-update\src\baseline_results.pkl::all_scenarios[(""knn"", ""block7d"")]"
KNN,block7d,deterministic,4008,17155,2023-11-22,0.0,1.1600000638514758,1,"C:\Users\yasemin.bozkurt\Desktop\article\DLPIF-repo-update\src\baseline_results.pkl::all_scenarios[(""knn"", ""block7d"")]"
KNN,block7d,deterministic,4030,17748,2023-11-27,26.4000005543232,0.0,1,"C:\Users\yasemin.bozkurt\Desktop\article\DLPIF-repo-update\src\baseline_results.pkl::all_scenarios[(""knn"", ""block7d"")]"
KNN,block7d,deterministic,4032,17155,2023-11-28,2.2000000018626453,0.3200000141747296,1,"C:\Users\yasemin.bozkurt\Desktop\article\DLPIF-repo-update\src\baseline_results.pkl::all_scenarios[(""knn"", ""block7d"")]"
KNN,block7d,deterministic,4034,17748,2023-11-28,4.20000001564622,5.4000002101063735,1,"C:\Users\yasemin.bozkurt\Desktop\article\DLPIF-repo-update\src\baseline_results.pkl::all_scenarios[(""knn"", ""block7d"")]"
KNN,block7d,deterministic,4036,17155,2023-11-29,0.10000000235158951,3.520000056177378,1,"C:\Users\yasemin.bozkurt\Desktop\article\DLPIF-repo-update\src\baseline_results.pkl::all_scenarios[(""knn"", ""block7d"")]"
KNN,block7d,deterministic,4038,17748,2023-11-29,6.400000150501729,6.440000148117543,1,"C:\Users\yasemin.bozkurt\Desktop\article\DLPIF-repo-update\src\baseline_results.pkl::all_scenarios[(""knn"", ""block7d"")]"
KNN,block7d,deterministic,4040,17155,2023-11-30,4.80000024586916,3.2800000704824925,1,"C:\Users\yasemin.bozkurt\Desktop\article\DLPIF-repo-update\src\baseline_results.pkl::all_scenarios[(""knn"", ""block7d"")]"
KNN,block7d,deterministic,4042,17748,2023-11-30,17.00000005066395,2.40000012293458,1,"C:\Users\yasemin.bozkurt\Desktop\article\DLPIF-repo-update\src\baseline_results.pkl::all_scenarios[(""knn"", ""block7d"")]"
KNN,block7d,deterministic,4044,17155,2023-12-01,4.300000009685755,3.8000000394880775,1,"C:\Users\yasemin.bozkurt\Desktop\article\DLPIF-repo-update\src\baseline_results.pkl::all_scenarios[(""knn"", ""block7d"")]"
KNN,block7d,deterministic,4046,17748,2023-12-01,12.800000301003458,5.920000179111958,1,"C:\Users\yasemin.bozkurt\Desktop\article\DLPIF-repo-update\src\baseline_results.pkl::all_scenarios[(""knn"", ""block7d"")]"
KNN,block7d,deterministic,4048,17155,2023-12-02,1.0000000068917871,2.2800001300871373,1,"C:\Users\yasemin.bozkurt\Desktop\article\DLPIF-repo-update\src\baseline_results.pkl::all_scenarios[(""knn"", ""block7d"")]"
KNN,block7d,deterministic,4050,17748,2023-12-02,0.40000000940635805,6.000000174343587,1,"C:\Users\yasemin.bozkurt\Desktop\article\DLPIF-repo-update\src\baseline_results.pkl::all_scenarios[(""knn"", ""block7d"")]"
KNN,block7d,deterministic,4052,17155,2023-12-03,0.0,2.8800000943243504,1,"C:\Users\yasemin.bozkurt\Desktop\article\DLPIF-repo-update\src\baseline_results.pkl::all_scenarios[(""knn"", ""block7d"")]"
KNN,block7d,deterministic,4054,17748,2023-12-03,0.0,1.4800000447779895,1,"C:\Users\yasemin.bozkurt\Desktop\article\DLPIF-repo-update\src\baseline_results.pkl::all_scenarios[(""knn"", ""block7d"")]"
KNN,block7d,deterministic,4056,17155,2023-12-04,0.0,0.0400000017718412,1,"C:\Users\yasemin.bozkurt\Desktop\article\DLPIF-repo-update\src\baseline_results.pkl::all_scenarios[(""knn"", ""block7d"")]"
KNN,block7d,deterministic,4063,17750,2023-12-05,0.0,3.120000080019236,1,"C:\Users\yasemin.bozkurt\Desktop\article\DLPIF-repo-update\src\baseline_results.pkl::all_scenarios[(""knn"", ""block7d"")]"
KNN,block7d,deterministic,4065,17704,2023-12-06,0.0,7.400000090897084,1,"C:\Users\yasemin.bozkurt\Desktop\article\DLPIF-repo-update\src\baseline_results.pkl::all_scenarios[(""knn"", ""block7d"")]"
KNN,block7d,deterministic,4067,17750,2023-12-06,0.20000000470317902,8.880000002682209,1,"C:\Users\yasemin.bozkurt\Desktop\article\DLPIF-repo-update\src\baseline_results.pkl::all_scenarios[(""knn"", ""block7d"")]"
KNN,block7d,deterministic,4069,17704,2023-12-07,0.8000000188127161,3.2400000728666787,1,"C:\Users\yasemin.bozkurt\Desktop\article\DLPIF-repo-update\src\baseline_results.pkl::all_scenarios[(""knn"", ""block7d"")]"
KNN,block7d,deterministic,4071,17750,2023-12-07,1.6000000376254322,9.960000470280647,1,"C:\Users\yasemin.bozkurt\Desktop\article\DLPIF-repo-update\src\baseline_results.pkl::all_scenarios[(""knn"", ""block7d"")]"
KNN,block7d,deterministic,4073,17704,2023-12-08,3.8000000394880775,3.680000046640635,1,"C:\Users\yasemin.bozkurt\Desktop\article\DLPIF-repo-update\src\baseline_results.pkl::all_scenarios[(""knn"", ""block7d"")]"
KNN,block7d,deterministic,4075,17750,2023-12-08,10.000000467896463,10.08000046312809,1,"C:\Users\yasemin.bozkurt\Desktop\article\DLPIF-repo-update\src\baseline_results.pkl::all_scenarios[(""knn"", ""block7d"")]"
KNN,block7d,deterministic,4076,17155,2023-12-09,7.600000078976155,4.760000248253346,1,"C:\Users\yasemin.bozkurt\Desktop\article\DLPIF-repo-update\src\baseline_results.pkl::all_scenarios[(""knn"", ""block7d"")]"
KNN,block7d,deterministic,4077,17704,2023-12-09,6.000000174343587,8.680000014603138,1,"C:\Users\yasemin.bozkurt\Desktop\article\DLPIF-repo-update\src\baseline_results.pkl::all_scenarios[(""knn"", ""block7d"")]"
KNN,block7d,deterministic,4078,17748,2023-12-09,9.200000515580179,6.8800001218914995,1,"C:\Users\yasemin.bozkurt\Desktop\article\DLPIF-repo-update\src\baseline_results.pkl::all_scenarios[(""knn"", ""block7d"")]"
KNN,block7d,deterministic,4079,17750,2023-12-09,6.000000174343587,7.640000076591969,1,"C:\Users\yasemin.bozkurt\Desktop\article\DLPIF-repo-update\src\baseline_results.pkl::all_scenarios[(""knn"", ""block7d"")]"
KNN,block7d,deterministic,4080,17155,2023-12-10,16.700000068545343,1.0400000710040331,1,"C:\Users\yasemin.bozkurt\Desktop\article\DLPIF-repo-update\src\baseline_results.pkl::all_scenarios[(""knn"", ""block7d"")]"
KNN,block7d,deterministic,4081,17704,2023-12-10,7.800000067055226,3.4000000633299354,1,"C:\Users\yasemin.bozkurt\Desktop\article\DLPIF-repo-update\src\baseline_results.pkl::all_scenarios[(""knn"", ""block7d"")]"
KNN,block7d,deterministic,4082,17748,2023-12-10,5.0000002339482315,0.600000030733645,1,"C:\Users\yasemin.bozkurt\Desktop\article\DLPIF-repo-update\src\baseline_results.pkl::all_scenarios[(""knn"", ""block7d"")]"
KNN,block7d,deterministic,4083,17750,2023-12-10,4.000000027567149,0.7600000211969019,1,"C:\Users\yasemin.bozkurt\Desktop\article\DLPIF-repo-update\src\baseline_results.pkl::all_scenarios[(""knn"", ""block7d"")]"
KNN,block7d,deterministic,4084,17155,2023-12-11,7.900000061094762,3.4400000609457497,1,"C:\Users\yasemin.bozkurt\Desktop\article\DLPIF-repo-update\src\baseline_results.pkl::all_scenarios[(""knn"", ""block7d"")]"
KNN,block7d,deterministic,4085,17704,2023-12-11,5.0000002339482315,1.920000018551946,1,"C:\Users\yasemin.bozkurt\Desktop\article\DLPIF-repo-update\src\baseline_results.pkl::all_scenarios[(""knn"", ""block7d"")]"
KNN,block7d,deterministic,4086,17748,2023-12-11,1.8000000257045032,3.0000000871717933,1,"C:\Users\yasemin.bozkurt\Desktop\article\DLPIF-repo-update\src\baseline_results.pkl::all_scenarios[(""knn"", ""block7d"")]"
KNN,block7d,deterministic,4087,17750,2023-12-11,1.0000000068917871,2.560000113397837,1,"C:\Users\yasemin.bozkurt\Desktop\article\DLPIF-repo-update\src\baseline_results.pkl::all_scenarios[(""knn"", ""block7d"")]"
KNN,block7d,deterministic,4088,17155,2023-12-12,0.0,6.440000148117543,1,"C:\Users\yasemin.bozkurt\Desktop\article\DLPIF-repo-update\src\baseline_results.pkl::all_scenarios[(""knn"", ""block7d"")]"
KNN,block7d,deterministic,4089,17704,2023-12-12,0.0,11.88000035583973,1,"C:\Users\yasemin.bozkurt\Desktop\article\DLPIF-repo-update\src\baseline_results.pkl::all_scenarios[(""knn"", ""block7d"")]"
KNN,block7d,deterministic,4090,17748,2023-12-12,0.0,17.920001059770584,1,"C:\Users\yasemin.bozkurt\Desktop\article\DLPIF-repo-update\src\baseline_results.pkl::all_scenarios[(""knn"", ""block7d"")]"
KNN,block7d,deterministic,4092,17155,2023-12-13,0.0,0.20000000470317902,1,"C:\Users\yasemin.bozkurt\Desktop\article\DLPIF-repo-update\src\baseline_results.pkl::all_scenarios[(""knn"", ""block7d"")]"
KNN,block7d,deterministic,4094,17748,2023-12-13,0.0,0.0,1,"C:\Users\yasemin.bozkurt\Desktop\article\DLPIF-repo-update\src\baseline_results.pkl::all_scenarios[(""knn"", ""block7d"")]"
KNN,block7d,deterministic,4096,17155,2023-12-14,0.0,0.0800000035436824,1,"C:\Users\yasemin.bozkurt\Desktop\article\DLPIF-repo-update\src\baseline_results.pkl::all_scenarios[(""knn"", ""block7d"")]"
KNN,block7d,deterministic,4098,17748,2023-12-14,0.0,0.8000000188127161,1,"C:\Users\yasemin.bozkurt\Desktop\article\DLPIF-repo-update\src\baseline_results.pkl::all_scenarios[(""knn"", ""block7d"")]"
KNN,block7d,deterministic,4100,17155,2023-12-15,0.0,0.3600000117905438,1,"C:\Users\yasemin.bozkurt\Desktop\article\DLPIF-repo-update\src\baseline_results.pkl::all_scenarios[(""knn"", ""block7d"")]"
KNN,block7d,deterministic,4102,17748,2023-12-15,0.0,1.8000000257045032,1,"C:\Users\yasemin.bozkurt\Desktop\article\DLPIF-repo-update\src\baseline_results.pkl::all_scenarios[(""knn"", ""block7d"")]"
KNN,block7d,deterministic,4124,17155,2023-12-21,0.0,2.7200001038610937,1,"C:\Users\yasemin.bozkurt\Desktop\article\DLPIF-repo-update\src\baseline_results.pkl::all_scenarios[(""knn"", ""block7d"")]"
KNN,block7d,deterministic,4128,17155,2023-12-22,1.7000000316649677,2.4800001181662084,1,"C:\Users\yasemin.bozkurt\Desktop\article\DLPIF-repo-update\src\baseline_results.pkl::all_scenarios[(""knn"", ""block7d"")]"
KNN,block7d,deterministic,4132,17155,2023-12-23,3.900000033527613,1.8000000257045032,1,"C:\Users\yasemin.bozkurt\Desktop\article\DLPIF-repo-update\src\baseline_results.pkl::all_scenarios[(""knn"", ""block7d"")]"
KNN,block7d,deterministic,4136,17155,2023-12-24,2.2000000018626453,0.7600000211969019,1,"C:\Users\yasemin.bozkurt\Desktop\article\DLPIF-repo-update\src\baseline_results.pkl::all_scenarios[(""knn"", ""block7d"")]"
KNN,block7d,deterministic,4140,17155,2023-12-25,0.0,0.0400000017718412,1,"C:\Users\yasemin.bozkurt\Desktop\article\DLPIF-repo-update\src\baseline_results.pkl::all_scenarios[(""knn"", ""block7d"")]"
KNN,block7d,deterministic,4144,17155,2023-12-26,0.0,0.0,1,"C:\Users\yasemin.bozkurt\Desktop\article\DLPIF-repo-update\src\baseline_results.pkl::all_scenarios[(""knn"", ""block7d"")]"
KNN,block7d,deterministic,4148,17155,2023-12-27,0.0,0.0,1,"C:\Users\yasemin.bozkurt\Desktop\article\DLPIF-repo-update\src\baseline_results.pkl::all_scenarios[(""knn"", ""block7d"")]"
KNN,netblock30d,deterministic,684,17155,2021-08-13,0.0,1.568869733065367,1,"C:\Users\yasemin.bozkurt\Desktop\article\DLPIF-repo-update\src\baseline_results.pkl::all_scenarios[(""knn"", ""netblock30d"")]"
KNN,netblock30d,deterministic,685,17704,2021-08-13,0.0,1.568869733065367,1,"C:\Users\yasemin.bozkurt\Desktop\article\DLPIF-repo-update\src\baseline_results.pkl::all_scenarios[(""knn"", ""netblock30d"")]"
KNN,netblock30d,deterministic,686,17748,2021-08-13,0.0,1.568869733065367,1,"C:\Users\yasemin.bozkurt\Desktop\article\DLPIF-repo-update\src\baseline_results.pkl::all_scenarios[(""knn"", ""netblock30d"")]"
KNN,netblock30d,deterministic,687,17750,2021-08-13,0.0,1.568869733065367,1,"C:\Users\yasemin.bozkurt\Desktop\article\DLPIF-repo-update\src\baseline_results.pkl::all_scenarios[(""knn"", ""netblock30d"")]"
KNN,netblock30d,deterministic,688,17155,2021-08-14,0.0,1.568869733065367,1,"C:\Users\yasemin.bozkurt\Desktop\article\DLPIF-repo-update\src\baseline_results.pkl::all_scenarios[(""knn"", ""netblock30d"")]"
KNN,netblock30d,deterministic,689,17704,2021-08-14,0.0,1.568869733065367,1,"C:\Users\yasemin.bozkurt\Desktop\article\DLPIF-repo-update\src\baseline_results.pkl::all_scenarios[(""knn"", ""netblock30d"")]"
KNN,netblock30d,deterministic,690,17748,2021-08-14,0.0,1.568869733065367,1,"C:\Users\yasemin.bozkurt\Desktop\article\DLPIF-repo-update\src\baseline_results.pkl::all_scenarios[(""knn"", ""netblock30d"")]"
KNN,netblock30d,deterministic,691,17750,2021-08-14,0.0,1.568869733065367,1,"C:\Users\yasemin.bozkurt\Desktop\article\DLPIF-repo-update\src\baseline_results.pkl::all_scenarios[(""knn"", ""netblock30d"")]"
KNN,netblock30d,deterministic,692,17155,2021-08-15,0.0,1.568869733065367,1,"C:\Users\yasemin.bozkurt\Desktop\article\DLPIF-repo-update\src\baseline_results.pkl::all_scenarios[(""knn"", ""netblock30d"")]"
KNN,netblock30d,deterministic,693,17704,2021-08-15,0.0,1.568869733065367,1,"C:\Users\yasemin.bozkurt\Desktop\article\DLPIF-repo-update\src\baseline_results.pkl::all_scenarios[(""knn"", ""netblock30d"")]"
KNN,netblock30d,deterministic,694,17748,2021-08-15,0.0,1.568869733065367,1,"C:\Users\yasemin.bozkurt\Desktop\article\DLPIF-repo-update\src\baseline_results.pkl::all_scenarios[(""knn"", ""netblock30d"")]"
KNN,netblock30d,deterministic,695,17750,2021-08-15,0.0,1.568869733065367,1,"C:\Users\yasemin.bozkurt\Desktop\article\DLPIF-repo-update\src\baseline_results.pkl::all_scenarios[(""knn"", ""netblock30d"")]"
KNN,netblock30d,deterministic,696,17155,2021-08-16,0.0,1.568869733065367,1,"C:\Users\yasemin.bozkurt\Desktop\article\DLPIF-repo-update\src\baseline_results.pkl::all_scenarios[(""knn"", ""netblock30d"")]"
KNN,netblock30d,deterministic,697,17704,2021-08-16,0.0,1.568869733065367,1,"C:\Users\yasemin.bozkurt\Desktop\article\DLPIF-repo-update\src\baseline_results.pkl::all_scenarios[(""knn"", ""netblock30d"")]"
KNN,netblock30d,deterministic,698,17748,2021-08-16,0.0,1.568869733065367,1,"C:\Users\yasemin.bozkurt\Desktop\article\DLPIF-repo-update\src\baseline_results.pkl::all_scenarios[(""knn"", ""netblock30d"")]"
KNN,netblock30d,deterministic,699,17750,2021-08-16,0.0,1.568869733065367,1,"C:\Users\yasemin.bozkurt\Desktop\article\DLPIF-repo-update\src\baseline_results.pkl::all_scenarios[(""knn"", ""netblock30d"")]"
KNN,netblock30d,deterministic,700,17155,2021-08-17,0.0,1.568869733065367,1,"C:\Users\yasemin.bozkurt\Desktop\article\DLPIF-repo-update\src\baseline_results.pkl::all_scenarios[(""knn"", ""netblock30d"")]"
KNN,netblock30d,deterministic,701,17704,2021-08-17,0.0,1.568869733065367,1,"C:\Users\yasemin.bozkurt\Desktop\article\DLPIF-repo-update\src\baseline_results.pkl::all_scenarios[(""knn"", ""netblock30d"")]"
KNN,netblock30d,deterministic,702,17748,2021-08-17,0.0,1.568869733065367,1,"C:\Users\yasemin.bozkurt\Desktop\article\DLPIF-repo-update\src\baseline_results.pkl::all_scenarios[(""knn"", ""netblock30d"")]"
KNN,netblock30d,deterministic,703,17750,2021-08-17,0.0,1.568869733065367,1,"C:\Users\yasemin.bozkurt\Desktop\article\DLPIF-repo-update\src\baseline_results.pkl::all_scenarios[(""knn"", ""netblock30d"")]"
KNN,netblock30d,deterministic,704,17155,2021-08-18,0.0,1.568869733065367,1,"C:\Users\yasemin.bozkurt\Desktop\article\DLPIF-repo-update\src\baseline_results.pkl::all_scenarios[(""knn"", ""netblock30d"")]"
KNN,netblock30d,deterministic,705,17704,2021-08-18,0.0,1.568869733065367,1,"C:\Users\yasemin.bozkurt\Desktop\article\DLPIF-repo-update\src\baseline_results.pkl::all_scenarios[(""knn"", ""netblock30d"")]"
KNN,netblock30d,deterministic,706,17748,2021-08-18,0.0,1.568869733065367,1,"C:\Users\yasemin.bozkurt\Desktop\article\DLPIF-repo-update\src\baseline_results.pkl::all_scenarios[(""knn"", ""netblock30d"")]"
KNN,netblock30d,deterministic,707,17750,2021-08-18,0.0,1.568869733065367,1,"C:\Users\yasemin.bozkurt\Desktop\article\DLPIF-repo-update\src\baseline_results.pkl::all_scenarios[(""knn"", ""netblock30d"")]"
KNN,netblock30d,deterministic,708,17155,2021-08-19,0.0,1.568869733065367,1,"C:\Users\yasemin.bozkurt\Desktop\article\DLPIF-repo-update\src\baseline_results.pkl::all_scenarios[(""knn"", ""netblock30d"")]"
KNN,netblock30d,deterministic,709,17704,2021-08-19,0.0,1.568869733065367,1,"C:\Users\yasemin.bozkurt\Desktop\article\DLPIF-repo-update\src\baseline_results.pkl::all_scenarios[(""knn"", ""netblock30d"")]"
KNN,netblock30d,deterministic,710,17748,2021-08-19,0.0,1.568869733065367,1,"C:\Users\yasemin.bozkurt\Desktop\article\DLPIF-repo-update\src\baseline_results.pkl::all_scenarios[(""knn"", ""netblock30d"")]"
KNN,netblock30d,deterministic,711,17750,2021-08-19,0.0,1.568869733065367,1,"C:\Users\yasemin.bozkurt\Desktop\article\DLPIF-repo-update\src\baseline_results.pkl::all_scenarios[(""knn"", ""netblock30d"")]"
KNN,netblock30d,deterministic,712,17155,2021-08-20,0.0,1.568869733065367,1,"C:\Users\yasemin.bozkurt\Desktop\article\DLPIF-repo-update\src\baseline_results.pkl::all_scenarios[(""knn"", ""netblock30d"")]"
KNN,netblock30d,deterministic,713,17704,2021-08-20,0.0,1.568869733065367,1,"C:\Users\yasemin.bozkurt\Desktop\article\DLPIF-repo-update\src\baseline_results.pkl::all_scenarios[(""knn"", ""netblock30d"")]"
KNN,netblock30d,deterministic,714,17748,2021-08-20,0.0,1.568869733065367,1,"C:\Users\yasemin.bozkurt\Desktop\article\DLPIF-repo-update\src\baseline_results.pkl::all_scenarios[(""knn"", ""netblock30d"")]"
KNN,netblock30d,deterministic,715,17750,2021-08-20,0.0,1.568869733065367,1,"C:\Users\yasemin.bozkurt\Desktop\article\DLPIF-repo-update\src\baseline_results.pkl::all_scenarios[(""knn"", ""netblock30d"")]"
KNN,netblock30d,deterministic,716,17155,2021-08-21,0.0,1.568869733065367,1,"C:\Users\yasemin.bozkurt\Desktop\article\DLPIF-repo-update\src\baseline_results.pkl::all_scenarios[(""knn"", ""netblock30d"")]"
KNN,netblock30d,deterministic,717,17704,2021-08-21,0.0,1.568869733065367,1,"C:\Users\yasemin.bozkurt\Desktop\article\DLPIF-repo-update\src\baseline_results.pkl::all_scenarios[(""knn"", ""netblock30d"")]"
KNN,netblock30d,deterministic,718,17748,2021-08-21,0.0,1.568869733065367,1,"C:\Users\yasemin.bozkurt\Desktop\article\DLPIF-repo-update\src\baseline_results.pkl::all_scenarios[(""knn"", ""netblock30d"")]"
KNN,netblock30d,deterministic,719,17750,2021-08-21,0.0,1.568869733065367,1,"C:\Users\yasemin.bozkurt\Desktop\article\DLPIF-repo-update\src\baseline_results.pkl::all_scenarios[(""knn"", ""netblock30d"")]"
KNN,netblock30d,deterministic,720,17155,2021-08-22,0.0,1.568869733065367,1,"C:\Users\yasemin.bozkurt\Desktop\article\DLPIF-repo-update\src\baseline_results.pkl::all_scenarios[(""knn"", ""netblock30d"")]"
KNN,netblock30d,deterministic,721,17704,2021-08-22,0.0,1.568869733065367,1,"C:\Users\yasemin.bozkurt\Desktop\article\DLPIF-repo-update\src\baseline_results.pkl::all_scenarios[(""knn"", ""netblock30d"")]"
KNN,netblock30d,deterministic,722,17748,2021-08-22,0.0,1.568869733065367,1,"C:\Users\yasemin.bozkurt\Desktop\article\DLPIF-repo-update\src\baseline_results.pkl::all_scenarios[(""knn"", ""netblock30d"")]"
KNN,netblock30d,deterministic,723,17750,2021-08-22,0.0,1.568869733065367,1,"C:\Users\yasemin.bozkurt\Desktop\article\DLPIF-repo-update\src\baseline_results.pkl::all_scenarios[(""knn"", ""netblock30d"")]"
KNN,netblock30d,deterministic,724,17155,2021-08-23,0.0,1.568869733065367,1,"C:\Users\yasemin.bozkurt\Desktop\article\DLPIF-repo-update\src\baseline_results.pkl::all_scenarios[(""knn"", ""netblock30d"")]"
KNN,netblock30d,deterministic,725,17704,2021-08-23,0.0,1.568869733065367,1,"C:\Users\yasemin.bozkurt\Desktop\article\DLPIF-repo-update\src\baseline_results.pkl::all_scenarios[(""knn"", ""netblock30d"")]"
KNN,netblock30d,deterministic,726,17748,2021-08-23,0.0,1.568869733065367,1,"C:\Users\yasemin.bozkurt\Desktop\article\DLPIF-repo-update\src\baseline_results.pkl::all_scenarios[(""knn"", ""netblock30d"")]"
KNN,netblock30d,deterministic,727,17750,2021-08-23,0.0,1.568869733065367,1,"C:\Users\yasemin.bozkurt\Desktop\article\DLPIF-repo-update\src\baseline_results.pkl::all_scenarios[(""knn"", ""netblock30d"")]"
KNN,netblock30d,deterministic,728,17155,2021-08-24,0.0,1.568869733065367,1,"C:\Users\yasemin.bozkurt\Desktop\article\DLPIF-repo-update\src\baseline_results.pkl::all_scenarios[(""knn"", ""netblock30d"")]"
KNN,netblock30d,deterministic,729,17704,2021-08-24,0.0,1.568869733065367,1,"C:\Users\yasemin.bozkurt\Desktop\article\DLPIF-repo-update\src\baseline_results.pkl::all_scenarios[(""knn"", ""netblock30d"")]"
KNN,netblock30d,deterministic,730,17748,2021-08-24,0.0,1.568869733065367,1,"C:\Users\yasemin.bozkurt\Desktop\article\DLPIF-repo-update\src\baseline_results.pkl::all_scenarios[(""knn"", ""netblock30d"")]"
KNN,netblock30d,deterministic,731,17750,2021-08-24,0.0,1.568869733065367,1,"C:\Users\yasemin.bozkurt\Desktop\article\DLPIF-repo-update\src\baseline_results.pkl::all_scenarios[(""knn"", ""netblock30d"")]"
KNN,netblock30d,deterministic,732,17155,2021-08-25,0.0,1.568869733065367,1,"C:\Users\yasemin.bozkurt\Desktop\article\DLPIF-repo-update\src\baseline_results.pkl::all_scenarios[(""knn"", ""netblock30d"")]"
KNN,netblock30d,deterministic,733,17704,2021-08-25,0.0,1.568869733065367,1,"C:\Users\yasemin.bozkurt\Desktop\article\DLPIF-repo-update\src\baseline_results.pkl::all_scenarios[(""knn"", ""netblock30d"")]"
KNN,netblock30d,deterministic,734,17748,2021-08-25,0.0,1.568869733065367,1,"C:\Users\yasemin.bozkurt\Desktop\article\DLPIF-repo-update\src\baseline_results.pkl::all_scenarios[(""knn"", ""netblock30d"")]"
KNN,netblock30d,deterministic,735,17750,2021-08-25,0.0,1.568869733065367,1,"C:\Users\yasemin.bozkurt\Desktop\article\DLPIF-repo-update\src\baseline_results.pkl::all_scenarios[(""knn"", ""netblock30d"")]"
KNN,netblock30d,deterministic,736,17155,2021-08-26,0.0,1.568869733065367,1,"C:\Users\yasemin.bozkurt\Desktop\article\DLPIF-repo-update\src\baseline_results.pkl::all_scenarios[(""knn"", ""netblock30d"")]"
KNN,netblock30d,deterministic,737,17704,2021-08-26,0.0,1.568869733065367,1,"C:\Users\yasemin.bozkurt\Desktop\article\DLPIF-repo-update\src\baseline_results.pkl::all_scenarios[(""knn"", ""netblock30d"")]"
KNN,netblock30d,deterministic,738,17748,2021-08-26,0.0,1.568869733065367,1,"C:\Users\yasemin.bozkurt\Desktop\article\DLPIF-repo-update\src\baseline_results.pkl::all_scenarios[(""knn"", ""netblock30d"")]"
KNN,netblock30d,deterministic,739,17750,2021-08-26,0.0,1.568869733065367,1,"C:\Users\yasemin.bozkurt\Desktop\article\DLPIF-repo-update\src\baseline_results.pkl::all_scenarios[(""knn"", ""netblock30d"")]"
KNN,netblock30d,deterministic,740,17155,2021-08-27,0.0,1.568869733065367,1,"C:\Users\yasemin.bozkurt\Desktop\article\DLPIF-repo-update\src\baseline_results.pkl::all_scenarios[(""knn"", ""netblock30d"")]"
KNN,netblock30d,deterministic,741,17704,2021-08-27,0.0,1.568869733065367,1,"C:\Users\yasemin.bozkurt\Desktop\article\DLPIF-repo-update\src\baseline_results.pkl::all_scenarios[(""knn"", ""netblock30d"")]"
KNN,netblock30d,deterministic,742,17748,2021-08-27,0.0,1.568869733065367,1,"C:\Users\yasemin.bozkurt\Desktop\article\DLPIF-repo-update\src\baseline_results.pkl::all_scenarios[(""knn"", ""netblock30d"")]"
KNN,netblock30d,deterministic,743,17750,2021-08-27,0.0,1.568869733065367,1,"C:\Users\yasemin.bozkurt\Desktop\article\DLPIF-repo-update\src\baseline_results.pkl::all_scenarios[(""knn"", ""netblock30d"")]"
KNN,netblock30d,deterministic,744,17155,2021-08-28,0.0,1.568869733065367,1,"C:\Users\yasemin.bozkurt\Desktop\article\DLPIF-repo-update\src\baseline_results.pkl::all_scenarios[(""knn"", ""netblock30d"")]"
KNN,netblock30d,deterministic,745,17704,2021-08-28,0.0,1.568869733065367,1,"C:\Users\yasemin.bozkurt\Desktop\article\DLPIF-repo-update\src\baseline_results.pkl::all_scenarios[(""knn"", ""netblock30d"")]"
KNN,netblock30d,deterministic,746,17748,2021-08-28,0.0,1.568869733065367,1,"C:\Users\yasemin.bozkurt\Desktop\article\DLPIF-repo-update\src\baseline_results.pkl::all_scenarios[(""knn"", ""netblock30d"")]"
KNN,netblock30d,deterministic,747,17750,2021-08-28,0.0,1.568869733065367,1,"C:\Users\yasemin.bozkurt\Desktop\article\DLPIF-repo-update\src\baseline_results.pkl::all_scenarios[(""knn"", ""netblock30d"")]"
KNN,netblock30d,deterministic,748,17155,2021-08-29,0.0,1.568869733065367,1,"C:\Users\yasemin.bozkurt\Desktop\article\DLPIF-repo-update\src\baseline_results.pkl::all_scenarios[(""knn"", ""netblock30d"")]"
KNN,netblock30d,deterministic,749,17704,2021-08-29,0.0,1.568869733065367,1,"C:\Users\yasemin.bozkurt\Desktop\article\DLPIF-repo-update\src\baseline_results.pkl::all_scenarios[(""knn"", ""netblock30d"")]"
KNN,netblock30d,deterministic,750,17748,2021-08-29,0.0,1.568869733065367,1,"C:\Users\yasemin.bozkurt\Desktop\article\DLPIF-repo-update\src\baseline_results.pkl::all_scenarios[(""knn"", ""netblock30d"")]"
KNN,netblock30d,deterministic,751,17750,2021-08-29,0.0,1.568869733065367,1,"C:\Users\yasemin.bozkurt\Desktop\article\DLPIF-repo-update\src\baseline_results.pkl::all_scenarios[(""knn"", ""netblock30d"")]"
KNN,netblock30d,deterministic,752,17155,2021-08-30,0.0,1.568869733065367,1,"C:\Users\yasemin.bozkurt\Desktop\article\DLPIF-repo-update\src\baseline_results.pkl::all_scenarios[(""knn"", ""netblock30d"")]"
KNN,netblock30d,deterministic,753,17704,2021-08-30,0.0,1.568869733065367,1,"C:\Users\yasemin.bozkurt\Desktop\article\DLPIF-repo-update\src\baseline_results.pkl::all_scenarios[(""knn"", ""netblock30d"")]"
KNN,netblock30d,deterministic,754,17748,2021-08-30,0.0,1.568869733065367,1,"C:\Users\yasemin.bozkurt\Desktop\article\DLPIF-repo-update\src\baseline_results.pkl::all_scenarios[(""knn"", ""netblock30d"")]"
KNN,netblock30d,deterministic,755,17750,2021-08-30,0.0,1.568869733065367,1,"C:\Users\yasemin.bozkurt\Desktop\article\DLPIF-repo-update\src\baseline_results.pkl::all_scenarios[(""knn"", ""netblock30d"")]"
KNN,netblock30d,deterministic,756,17155,2021-08-31,0.0,1.568869733065367,1,"C:\Users\yasemin.bozkurt\Desktop\article\DLPIF-repo-update\src\baseline_results.pkl::all_scenarios[(""knn"", ""netblock30d"")]"
KNN,netblock30d,deterministic,757,17704,2021-08-31,0.0,1.568869733065367,1,"C:\Users\yasemin.bozkurt\Desktop\article\DLPIF-repo-update\src\baseline_results.pkl::all_scenarios[(""knn"", ""netblock30d"")]"
KNN,netblock30d,deterministic,758,17748,2021-08-31,0.0,1.568869733065367,1,"C:\Users\yasemin.bozkurt\Desktop\article\DLPIF-repo-update\src\baseline_results.pkl::all_scenarios[(""knn"", ""netblock30d"")]"
KNN,netblock30d,deterministic,759,17750,2021-08-31,0.0,1.568869733065367,1,"C:\Users\yasemin.bozkurt\Desktop\article\DLPIF-repo-update\src\baseline_results.pkl::all_scenarios[(""knn"", ""netblock30d"")]"
KNN,netblock30d,deterministic,760,17155,2021-09-01,0.0,1.568869733065367,1,"C:\Users\yasemin.bozkurt\Desktop\article\DLPIF-repo-update\src\baseline_results.pkl::all_scenarios[(""knn"", ""netblock30d"")]"
KNN,netblock30d,deterministic,761,17704,2021-09-01,0.0,1.568869733065367,1,"C:\Users\yasemin.bozkurt\Desktop\article\DLPIF-repo-update\src\baseline_results.pkl::all_scenarios[(""knn"", ""netblock30d"")]"
KNN,netblock30d,deterministic,762,17748,2021-09-01,0.0,1.568869733065367,1,"C:\Users\yasemin.bozkurt\Desktop\article\DLPIF-repo-update\src\baseline_results.pkl::all_scenarios[(""knn"", ""netblock30d"")]"
KNN,netblock30d,deterministic,763,17750,2021-09-01,0.0,1.568869733065367,1,"C:\Users\yasemin.bozkurt\Desktop\article\DLPIF-repo-update\src\baseline_results.pkl::all_scenarios[(""knn"", ""netblock30d"")]"
KNN,netblock30d,deterministic,764,17155,2021-09-02,0.0,1.568869733065367,1,"C:\Users\yasemin.bozkurt\Desktop\article\DLPIF-repo-update\src\baseline_results.pkl::all_scenarios[(""knn"", ""netblock30d"")]"
KNN,netblock30d,deterministic,765,17704,2021-09-02,0.0,1.568869733065367,1,"C:\Users\yasemin.bozkurt\Desktop\article\DLPIF-repo-update\src\baseline_results.pkl::all_scenarios[(""knn"", ""netblock30d"")]"
KNN,netblock30d,deterministic,766,17748,2021-09-02,0.0,1.568869733065367,1,"C:\Users\yasemin.bozkurt\Desktop\article\DLPIF-repo-update\src\baseline_results.pkl::all_scenarios[(""knn"", ""netblock30d"")]"
KNN,netblock30d,deterministic,767,17750,2021-09-02,0.0,1.568869733065367,1,"C:\Users\yasemin.bozkurt\Desktop\article\DLPIF-repo-update\src\baseline_results.pkl::all_scenarios[(""knn"", ""netblock30d"")]"
KNN,netblock30d,deterministic,768,17155,2021-09-03,0.0,1.568869733065367,1,"C:\Users\yasemin.bozkurt\Desktop\article\DLPIF-repo-update\src\baseline_results.pkl::all_scenarios[(""knn"", ""netblock30d"")]"
KNN,netblock30d,deterministic,769,17704,2021-09-03,0.0,1.568869733065367,1,"C:\Users\yasemin.bozkurt\Desktop\article\DLPIF-repo-update\src\baseline_results.pkl::all_scenarios[(""knn"", ""netblock30d"")]"
KNN,netblock30d,deterministic,770,17748,2021-09-03,0.0,1.568869733065367,1,"C:\Users\yasemin.bozkurt\Desktop\article\DLPIF-repo-update\src\baseline_results.pkl::all_scenarios[(""knn"", ""netblock30d"")]"
KNN,netblock30d,deterministic,771,17750,2021-09-03,0.0,1.568869733065367,1,"C:\Users\yasemin.bozkurt\Desktop\article\DLPIF-repo-update\src\baseline_results.pkl::all_scenarios[(""knn"", ""netblock30d"")]"
KNN,netblock30d,deterministic,772,17155,2021-09-04,0.0,1.568869733065367,1,"C:\Users\yasemin.bozkurt\Desktop\article\DLPIF-repo-update\src\baseline_results.pkl::all_scenarios[(""knn"", ""netblock30d"")]"
KNN,netblock30d,deterministic,773,17704,2021-09-04,0.0,1.568869733065367,1,"C:\Users\yasemin.bozkurt\Desktop\article\DLPIF-repo-update\src\baseline_results.pkl::all_scenarios[(""knn"", ""netblock30d"")]"
KNN,netblock30d,deterministic,774,17748,2021-09-04,0.0,1.568869733065367,1,"C:\Users\yasemin.bozkurt\Desktop\article\DLPIF-repo-update\src\baseline_results.pkl::all_scenarios[(""knn"", ""netblock30d"")]"
KNN,netblock30d,deterministic,775,17750,2021-09-04,0.0,1.568869733065367,1,"C:\Users\yasemin.bozkurt\Desktop\article\DLPIF-repo-update\src\baseline_results.pkl::all_scenarios[(""knn"", ""netblock30d"")]"
KNN,netblock30d,deterministic,776,17155,2021-09-05,0.0,1.568869733065367,1,"C:\Users\yasemin.bozkurt\Desktop\article\DLPIF-repo-update\src\baseline_results.pkl::all_scenarios[(""knn"", ""netblock30d"")]"
KNN,netblock30d,deterministic,777,17704,2021-09-05,0.0,1.568869733065367,1,"C:\Users\yasemin.bozkurt\Desktop\article\DLPIF-repo-update\src\baseline_results.pkl::all_scenarios[(""knn"", ""netblock30d"")]"
KNN,netblock30d,deterministic,778,17748,2021-09-05,0.0,1.568869733065367,1,"C:\Users\yasemin.bozkurt\Desktop\article\DLPIF-repo-update\src\baseline_results.pkl::all_scenarios[(""knn"", ""netblock30d"")]"
KNN,netblock30d,deterministic,779,17750,2021-09-05,0.0,1.568869733065367,1,"C:\Users\yasemin.bozkurt\Desktop\article\DLPIF-repo-update\src\baseline_results.pkl::all_scenarios[(""knn"", ""netblock30d"")]"
KNN,netblock30d,deterministic,780,17155,2021-09-06,0.0,1.568869733065367,1,"C:\Users\yasemin.bozkurt\Desktop\article\DLPIF-repo-update\src\baseline_results.pkl::all_scenarios[(""knn"", ""netblock30d"")]"
KNN,netblock30d,deterministic,781,17704,2021-09-06,0.0,1.568869733065367,1,"C:\Users\yasemin.bozkurt\Desktop\article\DLPIF-repo-update\src\baseline_results.pkl::all_scenarios[(""knn"", ""netblock30d"")]"
KNN,netblock30d,deterministic,782,17748,2021-09-06,0.0,1.568869733065367,1,"C:\Users\yasemin.bozkurt\Desktop\article\DLPIF-repo-update\src\baseline_results.pkl::all_scenarios[(""knn"", ""netblock30d"")]"
KNN,netblock30d,deterministic,783,17750,2021-09-06,0.0,1.568869733065367,1,"C:\Users\yasemin.bozkurt\Desktop\article\DLPIF-repo-update\src\baseline_results.pkl::all_scenarios[(""knn"", ""netblock30d"")]"
KNN,netblock30d,deterministic,784,17155,2021-09-07,0.0,1.568869733065367,1,"C:\Users\yasemin.bozkurt\Desktop\article\DLPIF-repo-update\src\baseline_results.pkl::all_scenarios[(""knn"", ""netblock30d"")]"
KNN,netblock30d,deterministic,785,17704,2021-09-07,0.0,1.568869733065367,1,"C:\Users\yasemin.bozkurt\Desktop\article\DLPIF-repo-update\src\baseline_results.pkl::all_scenarios[(""knn"", ""netblock30d"")]"
KNN,netblock30d,deterministic,786,17748,2021-09-07,0.0,1.568869733065367,1,"C:\Users\yasemin.bozkurt\Desktop\article\DLPIF-repo-update\src\baseline_results.pkl::all_scenarios[(""knn"", ""netblock30d"")]"
KNN,netblock30d,deterministic,787,17750,2021-09-07,0.0,1.568869733065367,1,"C:\Users\yasemin.bozkurt\Desktop\article\DLPIF-repo-update\src\baseline_results.pkl::all_scenarios[(""knn"", ""netblock30d"")]"
KNN,netblock30d,deterministic,788,17155,2021-09-08,0.0,1.568869733065367,1,"C:\Users\yasemin.bozkurt\Desktop\article\DLPIF-repo-update\src\baseline_results.pkl::all_scenarios[(""knn"", ""netblock30d"")]"
KNN,netblock30d,deterministic,789,17704,2021-09-08,0.0,1.568869733065367,1,"C:\Users\yasemin.bozkurt\Desktop\article\DLPIF-repo-update\src\baseline_results.pkl::all_scenarios[(""knn"", ""netblock30d"")]"
KNN,netblock30d,deterministic,790,17748,2021-09-08,0.0,1.568869733065367,1,"C:\Users\yasemin.bozkurt\Desktop\article\DLPIF-repo-update\src\baseline_results.pkl::all_scenarios[(""knn"", ""netblock30d"")]"
KNN,netblock30d,deterministic,791,17750,2021-09-08,0.0,1.568869733065367,1,"C:\Users\yasemin.bozkurt\Desktop\article\DLPIF-repo-update\src\baseline_results.pkl::all_scenarios[(""knn"", ""netblock30d"")]"
KNN,netblock30d,deterministic,792,17155,2021-09-09,0.0,1.568869733065367,1,"C:\Users\yasemin.bozkurt\Desktop\article\DLPIF-repo-update\src\baseline_results.pkl::all_scenarios[(""knn"", ""netblock30d"")]"
KNN,netblock30d,deterministic,793,17704,2021-09-09,0.0,1.568869733065367,1,"C:\Users\yasemin.bozkurt\Desktop\article\DLPIF-repo-update\src\baseline_results.pkl::all_scenarios[(""knn"", ""netblock30d"")]"
KNN,netblock30d,deterministic,794,17748,2021-09-09,0.0,1.568869733065367,1,"C:\Users\yasemin.bozkurt\Desktop\article\DLPIF-repo-update\src\baseline_results.pkl::all_scenarios[(""knn"", ""netblock30d"")]"
KNN,netblock30d,deterministic,795,17750,2021-09-09,0.0,1.568869733065367,1,"C:\Users\yasemin.bozkurt\Desktop\article\DLPIF-repo-update\src\baseline_results.pkl::all_scenarios[(""knn"", ""netblock30d"")]"
KNN,netblock30d,deterministic,796,17155,2021-09-10,4.600000257790089,1.568869733065367,1,"C:\Users\yasemin.bozkurt\Desktop\article\DLPIF-repo-update\src\baseline_results.pkl::all_scenarios[(""knn"", ""netblock30d"")]"
KNN,netblock30d,deterministic,797,17704,2021-09-10,0.20000000470317902,1.568869733065367,1,"C:\Users\yasemin.bozkurt\Desktop\article\DLPIF-repo-update\src\baseline_results.pkl::all_scenarios[(""knn"", ""netblock30d"")]"
KNN,netblock30d,deterministic,798,17748,2021-09-10,9.800000479817392,1.568869733065367,1,"C:\Users\yasemin.bozkurt\Desktop\article\DLPIF-repo-update\src\baseline_results.pkl::all_scenarios[(""knn"", ""netblock30d"")]"
KNN,netblock30d,deterministic,799,17750,2021-09-10,8.800000007450581,1.568869733065367,1,"C:\Users\yasemin.bozkurt\Desktop\article\DLPIF-repo-update\src\baseline_results.pkl::all_scenarios[(""knn"", ""netblock30d"")]"
KNN,netblock30d,deterministic,800,17155,2021-09-11,0.40000000940635805,1.568869733065367,1,"C:\Users\yasemin.bozkurt\Desktop\article\DLPIF-repo-update\src\baseline_results.pkl::all_scenarios[(""knn"", ""netblock30d"")]"
KNN,netblock30d,deterministic,801,17704,2021-09-11,0.20000000470317902,1.568869733065367,1,"C:\Users\yasemin.bozkurt\Desktop\article\DLPIF-repo-update\src\baseline_results.pkl::all_scenarios[(""knn"", ""netblock30d"")]"
KNN,netblock30d,deterministic,802,17748,2021-09-11,1.8000000257045032,1.568869733065367,1,"C:\Users\yasemin.bozkurt\Desktop\article\DLPIF-repo-update\src\baseline_results.pkl::all_scenarios[(""knn"", ""netblock30d"")]"
KNN,netblock30d,deterministic,803,17750,2021-09-11,3.4000000633299354,1.568869733065367,1,"C:\Users\yasemin.bozkurt\Desktop\article\DLPIF-repo-update\src\baseline_results.pkl::all_scenarios[(""knn"", ""netblock30d"")]"
KNN,netblock30d,deterministic,2192,17155,2022-08-25,29.000000399351123,1.568869733065367,1,"C:\Users\yasemin.bozkurt\Desktop\article\DLPIF-repo-update\src\baseline_results.pkl::all_scenarios[(""knn"", ""netblock30d"")]"
KNN,netblock30d,deterministic,2193,17704,2022-08-25,17.00000005066395,1.568869733065367,1,"C:\Users\yasemin.bozkurt\Desktop\article\DLPIF-repo-update\src\baseline_results.pkl::all_scenarios[(""knn"", ""netblock30d"")]"
KNN,netblock30d,deterministic,2194,17748,2022-08-25,3.8000000394880775,1.568869733065367,1,"C:\Users\yasemin.bozkurt\Desktop\article\DLPIF-repo-update\src\baseline_results.pkl::all_scenarios[(""knn"", ""netblock30d"")]"
KNN,netblock30d,deterministic,2195,17750,2022-08-25,0.0,1.568869733065367,1,"C:\Users\yasemin.bozkurt\Desktop\article\DLPIF-repo-update\src\baseline_results.pkl::all_scenarios[(""knn"", ""netblock30d"")]"
KNN,netblock30d,deterministic,2196,17155,2022-08-26,0.3000000153668225,1.568869733065367,1,"C:\Users\yasemin.bozkurt\Desktop\article\DLPIF-repo-update\src\baseline_results.pkl::all_scenarios[(""knn"", ""netblock30d"")]"
KNN,netblock30d,deterministic,2197,17704,2022-08-26,0.0,1.568869733065367,1,"C:\Users\yasemin.bozkurt\Desktop\article\DLPIF-repo-update\src\baseline_results.pkl::all_scenarios[(""knn"", ""netblock30d"")]"
KNN,netblock30d,deterministic,2198,17748,2022-08-26,0.600000030733645,1.568869733065367,1,"C:\Users\yasemin.bozkurt\Desktop\article\DLPIF-repo-update\src\baseline_results.pkl::all_scenarios[(""knn"", ""netblock30d"")]"
KNN,netblock30d,deterministic,2199,17750,2022-08-26,0.8000000188127161,1.568869733065367,1,"C:\Users\yasemin.bozkurt\Desktop\article\DLPIF-repo-update\src\baseline_results.pkl::all_scenarios[(""knn"", ""netblock30d"")]"
KNN,netblock30d,deterministic,2200,17155,2022-08-27,9.40000050365925,1.568869733065367,1,"C:\Users\yasemin.bozkurt\Desktop\article\DLPIF-repo-update\src\baseline_results.pkl::all_scenarios[(""knn"", ""netblock30d"")]"
KNN,netblock30d,deterministic,2201,17704,2022-08-27,6.800000126659871,1.568869733065367,1,"C:\Users\yasemin.bozkurt\Desktop\article\DLPIF-repo-update\src\baseline_results.pkl::all_scenarios[(""knn"", ""netblock30d"")]"
KNN,netblock30d,deterministic,2202,17748,2022-08-27,20.80000088810921,1.568869733065367,1,"C:\Users\yasemin.bozkurt\Desktop\article\DLPIF-repo-update\src\baseline_results.pkl::all_scenarios[(""knn"", ""netblock30d"")]"
KNN,netblock30d,deterministic,2203,17750,2022-08-27,16.000000110268594,1.568869733065367,1,"C:\Users\yasemin.bozkurt\Desktop\article\DLPIF-repo-update\src\baseline_results.pkl::all_scenarios[(""knn"", ""netblock30d"")]"
KNN,netblock30d,deterministic,2204,17155,2022-08-28,0.0,1.568869733065367,1,"C:\Users\yasemin.bozkurt\Desktop\article\DLPIF-repo-update\src\baseline_results.pkl::all_scenarios[(""knn"", ""netblock30d"")]"
KNN,netblock30d,deterministic,2205,17704,2022-08-28,0.0,1.568869733065367,1,"C:\Users\yasemin.bozkurt\Desktop\article\DLPIF-repo-update\src\baseline_results.pkl::all_scenarios[(""knn"", ""netblock30d"")]"
KNN,netblock30d,deterministic,2206,17748,2022-08-28,0.20000000470317902,1.568869733065367,1,"C:\Users\yasemin.bozkurt\Desktop\article\DLPIF-repo-update\src\baseline_results.pkl::all_scenarios[(""knn"", ""netblock30d"")]"
KNN,netblock30d,deterministic,2207,17750,2022-08-28,0.0,1.568869733065367,1,"C:\Users\yasemin.bozkurt\Desktop\article\DLPIF-repo-update\src\baseline_results.pkl::all_scenarios[(""knn"", ""netblock30d"")]"
KNN,netblock30d,deterministic,2208,17155,2022-08-29,0.0,1.568869733065367,1,"C:\Users\yasemin.bozkurt\Desktop\article\DLPIF-repo-update\src\baseline_results.pkl::all_scenarios[(""knn"", ""netblock30d"")]"
KNN,netblock30d,deterministic,2209,17704,2022-08-29,0.0,1.568869733065367,1,"C:\Users\yasemin.bozkurt\Desktop\article\DLPIF-repo-update\src\baseline_results.pkl::all_scenarios[(""knn"", ""netblock30d"")]"
KNN,netblock30d,deterministic,2210,17748,2022-08-29,0.0,1.568869733065367,1,"C:\Users\yasemin.bozkurt\Desktop\article\DLPIF-repo-update\src\baseline_results.pkl::all_scenarios[(""knn"", ""netblock30d"")]"
KNN,netblock30d,deterministic,2211,17750,2022-08-29,0.0,1.568869733065367,1,"C:\Users\yasemin.bozkurt\Desktop\article\DLPIF-repo-update\src\baseline_results.pkl::all_scenarios[(""knn"", ""netblock30d"")]"
KNN,netblock30d,deterministic,2212,17155,2022-08-30,0.0,1.568869733065367,1,"C:\Users\yasemin.bozkurt\Desktop\article\DLPIF-repo-update\src\baseline_results.pkl::all_scenarios[(""knn"", ""netblock30d"")]"
KNN,netblock30d,deterministic,2213,17704,2022-08-30,0.0,1.568869733065367,1,"C:\Users\yasemin.bozkurt\Desktop\article\DLPIF-repo-update\src\baseline_results.pkl::all_scenarios[(""knn"", ""netblock30d"")]"
KNN,netblock30d,deterministic,2214,17748,2022-08-30,0.20000000470317902,1.568869733065367,1,"C:\Users\yasemin.bozkurt\Desktop\article\DLPIF-repo-update\src\baseline_results.pkl::all_scenarios[(""knn"", ""netblock30d"")]"
KNN,netblock30d,deterministic,2215,17750,2022-08-30,0.0,1.568869733065367,1,"C:\Users\yasemin.bozkurt\Desktop\article\DLPIF-repo-update\src\baseline_results.pkl::all_scenarios[(""knn"", ""netblock30d"")]"
KNN,netblock30d,deterministic,2216,17155,2022-08-31,0.0,1.568869733065367,1,"C:\Users\yasemin.bozkurt\Desktop\article\DLPIF-repo-update\src\baseline_results.pkl::all_scenarios[(""knn"", ""netblock30d"")]"
KNN,netblock30d,deterministic,2217,17704,2022-08-31,0.0,1.568869733065367,1,"C:\Users\yasemin.bozkurt\Desktop\article\DLPIF-repo-update\src\baseline_results.pkl::all_scenarios[(""knn"", ""netblock30d"")]"
KNN,netblock30d,deterministic,2218,17748,2022-08-31,0.8000000188127161,1.568869733065367,1,"C:\Users\yasemin.bozkurt\Desktop\article\DLPIF-repo-update\src\baseline_results.pkl::all_scenarios[(""knn"", ""netblock30d"")]"
KNN,netblock30d,deterministic,2219,17750,2022-08-31,0.0,1.568869733065367,1,"C:\Users\yasemin.bozkurt\Desktop\article\DLPIF-repo-update\src\baseline_results.pkl::all_scenarios[(""knn"", ""netblock30d"")]"
KNN,netblock30d,deterministic,2220,17155,2022-09-01,3.3000000692904,1.568869733065367,1,"C:\Users\yasemin.bozkurt\Desktop\article\DLPIF-repo-update\src\baseline_results.pkl::all_scenarios[(""knn"", ""netblock30d"")]"
KNN,netblock30d,deterministic,2221,17704,2022-09-01,2.6000001110136512,1.568869733065367,1,"C:\Users\yasemin.bozkurt\Desktop\article\DLPIF-repo-update\src\baseline_results.pkl::all_scenarios[(""knn"", ""netblock30d"")]"
KNN,netblock30d,deterministic,2222,17748,2022-09-01,2.8000000990927223,1.568869733065367,1,"C:\Users\yasemin.bozkurt\Desktop\article\DLPIF-repo-update\src\baseline_results.pkl::all_scenarios[(""knn"", ""netblock30d"")]"
KNN,netblock30d,deterministic,2223,17750,2022-09-01,0.0,1.568869733065367,1,"C:\Users\yasemin.bozkurt\Desktop\article\DLPIF-repo-update\src\baseline_results.pkl::all_scenarios[(""knn"", ""netblock30d"")]"
KNN,netblock30d,deterministic,2224,17155,2022-09-02,0.0,1.568869733065367,1,"C:\Users\yasemin.bozkurt\Desktop\article\DLPIF-repo-update\src\baseline_results.pkl::all_scenarios[(""knn"", ""netblock30d"")]"
KNN,netblock30d,deterministic,2225,17704,2022-09-02,8.800000007450581,1.568869733065367,1,"C:\Users\yasemin.bozkurt\Desktop\article\DLPIF-repo-update\src\baseline_results.pkl::all_scenarios[(""knn"", ""netblock30d"")]"
KNN,netblock30d,deterministic,2226,17748,2022-09-02,3.0000000871717933,1.568869733065367,1,"C:\Users\yasemin.bozkurt\Desktop\article\DLPIF-repo-update\src\baseline_results.pkl::all_scenarios[(""knn"", ""netblock30d"")]"
KNN,netblock30d,deterministic,2227,17750,2022-09-02,0.0,1.568869733065367,1,"C:\Users\yasemin.bozkurt\Desktop\article\DLPIF-repo-update\src\baseline_results.pkl::all_scenarios[(""knn"", ""netblock30d"")]"
KNN,netblock30d,deterministic,2228,17155,2022-09-03,0.0,1.568869733065367,1,"C:\Users\yasemin.bozkurt\Desktop\article\DLPIF-repo-update\src\baseline_results.pkl::all_scenarios[(""knn"", ""netblock30d"")]"
KNN,netblock30d,deterministic,2229,17704,2022-09-03,0.0,1.568869733065367,1,"C:\Users\yasemin.bozkurt\Desktop\article\DLPIF-repo-update\src\baseline_results.pkl::all_scenarios[(""knn"", ""netblock30d"")]"
KNN,netblock30d,deterministic,2230,17748,2022-09-03,0.0,1.568869733065367,1,"C:\Users\yasemin.bozkurt\Desktop\article\DLPIF-repo-update\src\baseline_results.pkl::all_scenarios[(""knn"", ""netblock30d"")]"
KNN,netblock30d,deterministic,2231,17750,2022-09-03,0.0,1.568869733065367,1,"C:\Users\yasemin.bozkurt\Desktop\article\DLPIF-repo-update\src\baseline_results.pkl::all_scenarios[(""knn"", ""netblock30d"")]"
KNN,netblock30d,deterministic,2232,17155,2022-09-04,0.0,1.568869733065367,1,"C:\Users\yasemin.bozkurt\Desktop\article\DLPIF-repo-update\src\baseline_results.pkl::all_scenarios[(""knn"", ""netblock30d"")]"
KNN,netblock30d,deterministic,2233,17704,2022-09-04,0.0,1.568869733065367,1,"C:\Users\yasemin.bozkurt\Desktop\article\DLPIF-repo-update\src\baseline_results.pkl::all_scenarios[(""knn"", ""netblock30d"")]"
KNN,netblock30d,deterministic,2234,17748,2022-09-04,0.0,1.568869733065367,1,"C:\Users\yasemin.bozkurt\Desktop\article\DLPIF-repo-update\src\baseline_results.pkl::all_scenarios[(""knn"", ""netblock30d"")]"
KNN,netblock30d,deterministic,2235,17750,2022-09-04,0.0,1.568869733065367,1,"C:\Users\yasemin.bozkurt\Desktop\article\DLPIF-repo-update\src\baseline_results.pkl::all_scenarios[(""knn"", ""netblock30d"")]"
KNN,netblock30d,deterministic,2236,17155,2022-09-05,0.0,1.568869733065367,1,"C:\Users\yasemin.bozkurt\Desktop\article\DLPIF-repo-update\src\baseline_results.pkl::all_scenarios[(""knn"", ""netblock30d"")]"
KNN,netblock30d,deterministic,2237,17704,2022-09-05,0.0,1.568869733065367,1,"C:\Users\yasemin.bozkurt\Desktop\article\DLPIF-repo-update\src\baseline_results.pkl::all_scenarios[(""knn"", ""netblock30d"")]"
KNN,netblock30d,deterministic,2238,17748,2022-09-05,0.0,1.568869733065367,1,"C:\Users\yasemin.bozkurt\Desktop\article\DLPIF-repo-update\src\baseline_results.pkl::all_scenarios[(""knn"", ""netblock30d"")]"
KNN,netblock30d,deterministic,2239,17750,2022-09-05,0.0,1.568869733065367,1,"C:\Users\yasemin.bozkurt\Desktop\article\DLPIF-repo-update\src\baseline_results.pkl::all_scenarios[(""knn"", ""netblock30d"")]"
KNN,netblock30d,deterministic,2240,17155,2022-09-06,0.0,1.568869733065367,1,"C:\Users\yasemin.bozkurt\Desktop\article\DLPIF-repo-update\src\baseline_results.pkl::all_scenarios[(""knn"", ""netblock30d"")]"
KNN,netblock30d,deterministic,2241,17704,2022-09-06,0.0,1.568869733065367,1,"C:\Users\yasemin.bozkurt\Desktop\article\DLPIF-repo-update\src\baseline_results.pkl::all_scenarios[(""knn"", ""netblock30d"")]"
KNN,netblock30d,deterministic,2242,17748,2022-09-06,0.0,1.568869733065367,1,"C:\Users\yasemin.bozkurt\Desktop\article\DLPIF-repo-update\src\baseline_results.pkl::all_scenarios[(""knn"", ""netblock30d"")]"
KNN,netblock30d,deterministic,2243,17750,2022-09-06,0.0,1.568869733065367,1,"C:\Users\yasemin.bozkurt\Desktop\article\DLPIF-repo-update\src\baseline_results.pkl::all_scenarios[(""knn"", ""netblock30d"")]"
KNN,netblock30d,deterministic,2244,17155,2022-09-07,0.0,1.568869733065367,1,"C:\Users\yasemin.bozkurt\Desktop\article\DLPIF-repo-update\src\baseline_results.pkl::all_scenarios[(""knn"", ""netblock30d"")]"
KNN,netblock30d,deterministic,2245,17704,2022-09-07,0.0,1.568869733065367,1,"C:\Users\yasemin.bozkurt\Desktop\article\DLPIF-repo-update\src\baseline_results.pkl::all_scenarios[(""knn"", ""netblock30d"")]"
KNN,netblock30d,deterministic,2246,17748,2022-09-07,0.0,1.568869733065367,1,"C:\Users\yasemin.bozkurt\Desktop\article\DLPIF-repo-update\src\baseline_results.pkl::all_scenarios[(""knn"", ""netblock30d"")]"
KNN,netblock30d,deterministic,2247,17750,2022-09-07,0.0,1.568869733065367,1,"C:\Users\yasemin.bozkurt\Desktop\article\DLPIF-repo-update\src\baseline_results.pkl::all_scenarios[(""knn"", ""netblock30d"")]"
KNN,netblock30d,deterministic,2248,17155,2022-09-08,0.0,1.568869733065367,1,"C:\Users\yasemin.bozkurt\Desktop\article\DLPIF-repo-update\src\baseline_results.pkl::all_scenarios[(""knn"", ""netblock30d"")]"
KNN,netblock30d,deterministic,2249,17704,2022-09-08,0.0,1.568869733065367,1,"C:\Users\yasemin.bozkurt\Desktop\article\DLPIF-repo-update\src\baseline_results.pkl::all_scenarios[(""knn"", ""netblock30d"")]"
KNN,netblock30d,deterministic,2250,17748,2022-09-08,0.0,1.568869733065367,1,"C:\Users\yasemin.bozkurt\Desktop\article\DLPIF-repo-update\src\baseline_results.pkl::all_scenarios[(""knn"", ""netblock30d"")]"
KNN,netblock30d,deterministic,2251,17750,2022-09-08,0.0,1.568869733065367,1,"C:\Users\yasemin.bozkurt\Desktop\article\DLPIF-repo-update\src\baseline_results.pkl::all_scenarios[(""knn"", ""netblock30d"")]"
KNN,netblock30d,deterministic,2252,17155,2022-09-09,0.0,1.568869733065367,1,"C:\Users\yasemin.bozkurt\Desktop\article\DLPIF-repo-update\src\baseline_results.pkl::all_scenarios[(""knn"", ""netblock30d"")]"
KNN,netblock30d,deterministic,2253,17704,2022-09-09,0.0,1.568869733065367,1,"C:\Users\yasemin.bozkurt\Desktop\article\DLPIF-repo-update\src\baseline_results.pkl::all_scenarios[(""knn"", ""netblock30d"")]"
KNN,netblock30d,deterministic,2254,17748,2022-09-09,0.0,1.568869733065367,1,"C:\Users\yasemin.bozkurt\Desktop\article\DLPIF-repo-update\src\baseline_results.pkl::all_scenarios[(""knn"", ""netblock30d"")]"
KNN,netblock30d,deterministic,2255,17750,2022-09-09,0.0,1.568869733065367,1,"C:\Users\yasemin.bozkurt\Desktop\article\DLPIF-repo-update\src\baseline_results.pkl::all_scenarios[(""knn"", ""netblock30d"")]"
KNN,netblock30d,deterministic,2256,17155,2022-09-10,0.0,1.568869733065367,1,"C:\Users\yasemin.bozkurt\Desktop\article\DLPIF-repo-update\src\baseline_results.pkl::all_scenarios[(""knn"", ""netblock30d"")]"
KNN,netblock30d,deterministic,2257,17704,2022-09-10,0.0,1.568869733065367,1,"C:\Users\yasemin.bozkurt\Desktop\article\DLPIF-repo-update\src\baseline_results.pkl::all_scenarios[(""knn"", ""netblock30d"")]"
KNN,netblock30d,deterministic,2258,17748,2022-09-10,0.0,1.568869733065367,1,"C:\Users\yasemin.bozkurt\Desktop\article\DLPIF-repo-update\src\baseline_results.pkl::all_scenarios[(""knn"", ""netblock30d"")]"
KNN,netblock30d,deterministic,2259,17750,2022-09-10,0.0,1.568869733065367,1,"C:\Users\yasemin.bozkurt\Desktop\article\DLPIF-repo-update\src\baseline_results.pkl::all_scenarios[(""knn"", ""netblock30d"")]"
KNN,netblock30d,deterministic,2260,17155,2022-09-11,0.0,1.568869733065367,1,"C:\Users\yasemin.bozkurt\Desktop\article\DLPIF-repo-update\src\baseline_results.pkl::all_scenarios[(""knn"", ""netblock30d"")]"
KNN,netblock30d,deterministic,2261,17704,2022-09-11,0.0,1.568869733065367,1,"C:\Users\yasemin.bozkurt\Desktop\article\DLPIF-repo-update\src\baseline_results.pkl::all_scenarios[(""knn"", ""netblock30d"")]"
KNN,netblock30d,deterministic,2262,17748,2022-09-11,0.0,1.568869733065367,1,"C:\Users\yasemin.bozkurt\Desktop\article\DLPIF-repo-update\src\baseline_results.pkl::all_scenarios[(""knn"", ""netblock30d"")]"
KNN,netblock30d,deterministic,2263,17750,2022-09-11,0.0,1.568869733065367,1,"C:\Users\yasemin.bozkurt\Desktop\article\DLPIF-repo-update\src\baseline_results.pkl::all_scenarios[(""knn"", ""netblock30d"")]"
KNN,netblock30d,deterministic,2264,17155,2022-09-12,0.0,1.568869733065367,1,"C:\Users\yasemin.bozkurt\Desktop\article\DLPIF-repo-update\src\baseline_results.pkl::all_scenarios[(""knn"", ""netblock30d"")]"
KNN,netblock30d,deterministic,2265,17704,2022-09-12,0.0,1.568869733065367,1,"C:\Users\yasemin.bozkurt\Desktop\article\DLPIF-repo-update\src\baseline_results.pkl::all_scenarios[(""knn"", ""netblock30d"")]"
KNN,netblock30d,deterministic,2266,17748,2022-09-12,0.0,1.568869733065367,1,"C:\Users\yasemin.bozkurt\Desktop\article\DLPIF-repo-update\src\baseline_results.pkl::all_scenarios[(""knn"", ""netblock30d"")]"
KNN,netblock30d,deterministic,2267,17750,2022-09-12,0.0,1.568869733065367,1,"C:\Users\yasemin.bozkurt\Desktop\article\DLPIF-repo-update\src\baseline_results.pkl::all_scenarios[(""knn"", ""netblock30d"")]"
KNN,netblock30d,deterministic,2268,17155,2022-09-13,0.0,1.568869733065367,1,"C:\Users\yasemin.bozkurt\Desktop\article\DLPIF-repo-update\src\baseline_results.pkl::all_scenarios[(""knn"", ""netblock30d"")]"
KNN,netblock30d,deterministic,2269,17704,2022-09-13,0.0,1.568869733065367,1,"C:\Users\yasemin.bozkurt\Desktop\article\DLPIF-repo-update\src\baseline_results.pkl::all_scenarios[(""knn"", ""netblock30d"")]"
KNN,netblock30d,deterministic,2270,17748,2022-09-13,0.0,1.568869733065367,1,"C:\Users\yasemin.bozkurt\Desktop\article\DLPIF-repo-update\src\baseline_results.pkl::all_scenarios[(""knn"", ""netblock30d"")]"
KNN,netblock30d,deterministic,2271,17750,2022-09-13,0.0,1.568869733065367,1,"C:\Users\yasemin.bozkurt\Desktop\article\DLPIF-repo-update\src\baseline_results.pkl::all_scenarios[(""knn"", ""netblock30d"")]"
KNN,netblock30d,deterministic,2272,17155,2022-09-14,0.0,1.568869733065367,1,"C:\Users\yasemin.bozkurt\Desktop\article\DLPIF-repo-update\src\baseline_results.pkl::all_scenarios[(""knn"", ""netblock30d"")]"
KNN,netblock30d,deterministic,2273,17704,2022-09-14,0.0,1.568869733065367,1,"C:\Users\yasemin.bozkurt\Desktop\article\DLPIF-repo-update\src\baseline_results.pkl::all_scenarios[(""knn"", ""netblock30d"")]"
KNN,netblock30d,deterministic,2274,17748,2022-09-14,0.0,1.568869733065367,1,"C:\Users\yasemin.bozkurt\Desktop\article\DLPIF-repo-update\src\baseline_results.pkl::all_scenarios[(""knn"", ""netblock30d"")]"
KNN,netblock30d,deterministic,2275,17750,2022-09-14,0.0,1.568869733065367,1,"C:\Users\yasemin.bozkurt\Desktop\article\DLPIF-repo-update\src\baseline_results.pkl::all_scenarios[(""knn"", ""netblock30d"")]"
KNN,netblock30d,deterministic,2276,17155,2022-09-15,0.0,1.568869733065367,1,"C:\Users\yasemin.bozkurt\Desktop\article\DLPIF-repo-update\src\baseline_results.pkl::all_scenarios[(""knn"", ""netblock30d"")]"
KNN,netblock30d,deterministic,2277,17704,2022-09-15,0.0,1.568869733065367,1,"C:\Users\yasemin.bozkurt\Desktop\article\DLPIF-repo-update\src\baseline_results.pkl::all_scenarios[(""knn"", ""netblock30d"")]"
KNN,netblock30d,deterministic,2278,17748,2022-09-15,0.0,1.568869733065367,1,"C:\Users\yasemin.bozkurt\Desktop\article\DLPIF-repo-update\src\baseline_results.pkl::all_scenarios[(""knn"", ""netblock30d"")]"
KNN,netblock30d,deterministic,2279,17750,2022-09-15,0.0,1.568869733065367,1,"C:\Users\yasemin.bozkurt\Desktop\article\DLPIF-repo-update\src\baseline_results.pkl::all_scenarios[(""knn"", ""netblock30d"")]"
KNN,netblock30d,deterministic,2280,17155,2022-09-16,0.0,1.568869733065367,1,"C:\Users\yasemin.bozkurt\Desktop\article\DLPIF-repo-update\src\baseline_results.pkl::all_scenarios[(""knn"", ""netblock30d"")]"
KNN,netblock30d,deterministic,2281,17704,2022-09-16,0.0,1.568869733065367,1,"C:\Users\yasemin.bozkurt\Desktop\article\DLPIF-repo-update\src\baseline_results.pkl::all_scenarios[(""knn"", ""netblock30d"")]"
KNN,netblock30d,deterministic,2282,17748,2022-09-16,0.0,1.568869733065367,1,"C:\Users\yasemin.bozkurt\Desktop\article\DLPIF-repo-update\src\baseline_results.pkl::all_scenarios[(""knn"", ""netblock30d"")]"
KNN,netblock30d,deterministic,2283,17750,2022-09-16,0.0,1.568869733065367,1,"C:\Users\yasemin.bozkurt\Desktop\article\DLPIF-repo-update\src\baseline_results.pkl::all_scenarios[(""knn"", ""netblock30d"")]"
KNN,netblock30d,deterministic,2284,17155,2022-09-17,0.0,1.568869733065367,1,"C:\Users\yasemin.bozkurt\Desktop\article\DLPIF-repo-update\src\baseline_results.pkl::all_scenarios[(""knn"", ""netblock30d"")]"
KNN,netblock30d,deterministic,2285,17704,2022-09-17,0.0,1.568869733065367,1,"C:\Users\yasemin.bozkurt\Desktop\article\DLPIF-repo-update\src\baseline_results.pkl::all_scenarios[(""knn"", ""netblock30d"")]"
KNN,netblock30d,deterministic,2286,17748,2022-09-17,0.0,1.568869733065367,1,"C:\Users\yasemin.bozkurt\Desktop\article\DLPIF-repo-update\src\baseline_results.pkl::all_scenarios[(""knn"", ""netblock30d"")]"
KNN,netblock30d,deterministic,2287,17750,2022-09-17,0.0,1.568869733065367,1,"C:\Users\yasemin.bozkurt\Desktop\article\DLPIF-repo-update\src\baseline_results.pkl::all_scenarios[(""knn"", ""netblock30d"")]"
KNN,netblock30d,deterministic,2288,17155,2022-09-18,0.0,1.568869733065367,1,"C:\Users\yasemin.bozkurt\Desktop\article\DLPIF-repo-update\src\baseline_results.pkl::all_scenarios[(""knn"", ""netblock30d"")]"
KNN,netblock30d,deterministic,2289,17704,2022-09-18,0.0,1.568869733065367,1,"C:\Users\yasemin.bozkurt\Desktop\article\DLPIF-repo-update\src\baseline_results.pkl::all_scenarios[(""knn"", ""netblock30d"")]"
KNN,netblock30d,deterministic,2290,17748,2022-09-18,0.0,1.568869733065367,1,"C:\Users\yasemin.bozkurt\Desktop\article\DLPIF-repo-update\src\baseline_results.pkl::all_scenarios[(""knn"", ""netblock30d"")]"
KNN,netblock30d,deterministic,2291,17750,2022-09-18,0.0,1.568869733065367,1,"C:\Users\yasemin.bozkurt\Desktop\article\DLPIF-repo-update\src\baseline_results.pkl::all_scenarios[(""knn"", ""netblock30d"")]"
KNN,netblock30d,deterministic,2292,17155,2022-09-19,0.0,1.568869733065367,1,"C:\Users\yasemin.bozkurt\Desktop\article\DLPIF-repo-update\src\baseline_results.pkl::all_scenarios[(""knn"", ""netblock30d"")]"
KNN,netblock30d,deterministic,2293,17704,2022-09-19,0.0,1.568869733065367,1,"C:\Users\yasemin.bozkurt\Desktop\article\DLPIF-repo-update\src\baseline_results.pkl::all_scenarios[(""knn"", ""netblock30d"")]"
KNN,netblock30d,deterministic,2294,17748,2022-09-19,0.0,1.568869733065367,1,"C:\Users\yasemin.bozkurt\Desktop\article\DLPIF-repo-update\src\baseline_results.pkl::all_scenarios[(""knn"", ""netblock30d"")]"
KNN,netblock30d,deterministic,2295,17750,2022-09-19,0.0,1.568869733065367,1,"C:\Users\yasemin.bozkurt\Desktop\article\DLPIF-repo-update\src\baseline_results.pkl::all_scenarios[(""knn"", ""netblock30d"")]"
KNN,netblock30d,deterministic,2296,17155,2022-09-20,0.0,1.568869733065367,1,"C:\Users\yasemin.bozkurt\Desktop\article\DLPIF-repo-update\src\baseline_results.pkl::all_scenarios[(""knn"", ""netblock30d"")]"
KNN,netblock30d,deterministic,2297,17704,2022-09-20,0.0,1.568869733065367,1,"C:\Users\yasemin.bozkurt\Desktop\article\DLPIF-repo-update\src\baseline_results.pkl::all_scenarios[(""knn"", ""netblock30d"")]"
KNN,netblock30d,deterministic,2298,17748,2022-09-20,0.0,1.568869733065367,1,"C:\Users\yasemin.bozkurt\Desktop\article\DLPIF-repo-update\src\baseline_results.pkl::all_scenarios[(""knn"", ""netblock30d"")]"
KNN,netblock30d,deterministic,2299,17750,2022-09-20,0.0,1.568869733065367,1,"C:\Users\yasemin.bozkurt\Desktop\article\DLPIF-repo-update\src\baseline_results.pkl::all_scenarios[(""knn"", ""netblock30d"")]"
KNN,netblock30d,deterministic,2300,17155,2022-09-21,0.0,1.568869733065367,1,"C:\Users\yasemin.bozkurt\Desktop\article\DLPIF-repo-update\src\baseline_results.pkl::all_scenarios[(""knn"", ""netblock30d"")]"
KNN,netblock30d,deterministic,2301,17704,2022-09-21,0.0,1.568869733065367,1,"C:\Users\yasemin.bozkurt\Desktop\article\DLPIF-repo-update\src\baseline_results.pkl::all_scenarios[(""knn"", ""netblock30d"")]"
KNN,netblock30d,deterministic,2302,17748,2022-09-21,0.0,1.568869733065367,1,"C:\Users\yasemin.bozkurt\Desktop\article\DLPIF-repo-update\src\baseline_results.pkl::all_scenarios[(""knn"", ""netblock30d"")]"
KNN,netblock30d,deterministic,2303,17750,2022-09-21,0.0,1.568869733065367,1,"C:\Users\yasemin.bozkurt\Desktop\article\DLPIF-repo-update\src\baseline_results.pkl::all_scenarios[(""knn"", ""netblock30d"")]"
KNN,netblock30d,deterministic,2304,17155,2022-09-22,0.0,1.568869733065367,1,"C:\Users\yasemin.bozkurt\Desktop\article\DLPIF-repo-update\src\baseline_results.pkl::all_scenarios[(""knn"", ""netblock30d"")]"
KNN,netblock30d,deterministic,2305,17704,2022-09-22,0.0,1.568869733065367,1,"C:\Users\yasemin.bozkurt\Desktop\article\DLPIF-repo-update\src\baseline_results.pkl::all_scenarios[(""knn"", ""netblock30d"")]"
KNN,netblock30d,deterministic,2306,17748,2022-09-22,0.0,1.568869733065367,1,"C:\Users\yasemin.bozkurt\Desktop\article\DLPIF-repo-update\src\baseline_results.pkl::all_scenarios[(""knn"", ""netblock30d"")]"
KNN,netblock30d,deterministic,2307,17750,2022-09-22,0.0,1.568869733065367,1,"C:\Users\yasemin.bozkurt\Desktop\article\DLPIF-repo-update\src\baseline_results.pkl::all_scenarios[(""knn"", ""netblock30d"")]"
KNN,netblock30d,deterministic,2308,17155,2022-09-23,0.0,1.568869733065367,1,"C:\Users\yasemin.bozkurt\Desktop\article\DLPIF-repo-update\src\baseline_results.pkl::all_scenarios[(""knn"", ""netblock30d"")]"
KNN,netblock30d,deterministic,2309,17704,2022-09-23,0.0,1.568869733065367,1,"C:\Users\yasemin.bozkurt\Desktop\article\DLPIF-repo-update\src\baseline_results.pkl::all_scenarios[(""knn"", ""netblock30d"")]"
KNN,netblock30d,deterministic,2310,17748,2022-09-23,0.0,1.568869733065367,1,"C:\Users\yasemin.bozkurt\Desktop\article\DLPIF-repo-update\src\baseline_results.pkl::all_scenarios[(""knn"", ""netblock30d"")]"
KNN,netblock30d,deterministic,2311,17750,2022-09-23,0.0,1.568869733065367,1,"C:\Users\yasemin.bozkurt\Desktop\article\DLPIF-repo-update\src\baseline_results.pkl::all_scenarios[(""knn"", ""netblock30d"")]"
KNN,netblock30d,deterministic,2364,17155,2022-10-07,0.0,1.568869733065367,1,"C:\Users\yasemin.bozkurt\Desktop\article\DLPIF-repo-update\src\baseline_results.pkl::all_scenarios[(""knn"", ""netblock30d"")]"
KNN,netblock30d,deterministic,2365,17704,2022-10-07,0.0,1.568869733065367,1,"C:\Users\yasemin.bozkurt\Desktop\article\DLPIF-repo-update\src\baseline_results.pkl::all_scenarios[(""knn"", ""netblock30d"")]"
KNN,netblock30d,deterministic,2366,17748,2022-10-07,0.0,1.568869733065367,1,"C:\Users\yasemin.bozkurt\Desktop\article\DLPIF-repo-update\src\baseline_results.pkl::all_scenarios[(""knn"", ""netblock30d"")]"
KNN,netblock30d,deterministic,2367,17750,2022-10-07,0.0,1.568869733065367,1,"C:\Users\yasemin.bozkurt\Desktop\article\DLPIF-repo-update\src\baseline_results.pkl::all_scenarios[(""knn"", ""netblock30d"")]"
KNN,netblock30d,deterministic,2368,17155,2022-10-08,2.2000000018626453,1.568869733065367,1,"C:\Users\yasemin.bozkurt\Desktop\article\DLPIF-repo-update\src\baseline_results.pkl::all_scenarios[(""knn"", ""netblock30d"")]"
KNN,netblock30d,deterministic,2369,17704,2022-10-08,0.20000000470317902,1.568869733065367,1,"C:\Users\yasemin.bozkurt\Desktop\article\DLPIF-repo-update\src\baseline_results.pkl::all_scenarios[(""knn"", ""netblock30d"")]"
KNN,netblock30d,deterministic,2370,17748,2022-10-08,0.40000000940635805,1.568869733065367,1,"C:\Users\yasemin.bozkurt\Desktop\article\DLPIF-repo-update\src\baseline_results.pkl::all_scenarios[(""knn"", ""netblock30d"")]"
KNN,netblock30d,deterministic,2371,17750,2022-10-08,0.0,1.568869733065367,1,"C:\Users\yasemin.bozkurt\Desktop\article\DLPIF-repo-update\src\baseline_results.pkl::all_scenarios[(""knn"", ""netblock30d"")]"
KNN,netblock30d,deterministic,2372,17155,2022-10-09,11.600000372529031,1.568869733065367,1,"C:\Users\yasemin.bozkurt\Desktop\article\DLPIF-repo-update\src\baseline_results.pkl::all_scenarios[(""knn"", ""netblock30d"")]"
KNN,netblock30d,deterministic,2373,17704,2022-10-09,1.20000006146729,1.568869733065367,1,"C:\Users\yasemin.bozkurt\Desktop\article\DLPIF-repo-update\src\baseline_results.pkl::all_scenarios[(""knn"", ""netblock30d"")]"
KNN,netblock30d,deterministic,2374,17748,2022-10-09,0.20000000470317902,1.568869733065367,1,"C:\Users\yasemin.bozkurt\Desktop\article\DLPIF-repo-update\src\baseline_results.pkl::all_scenarios[(""knn"", ""netblock30d"")]"
KNN,netblock30d,deterministic,2375,17750,2022-10-09,0.0,1.568869733065367,1,"C:\Users\yasemin.bozkurt\Desktop\article\DLPIF-repo-update\src\baseline_results.pkl::all_scenarios[(""knn"", ""netblock30d"")]"
KNN,netblock30d,deterministic,2376,17155,2022-10-10,0.0,1.568869733065367,1,"C:\Users\yasemin.bozkurt\Desktop\article\DLPIF-repo-update\src\baseline_results.pkl::all_scenarios[(""knn"", ""netblock30d"")]"
KNN,netblock30d,deterministic,2377,17704,2022-10-10,0.0,1.568869733065367,1,"C:\Users\yasemin.bozkurt\Desktop\article\DLPIF-repo-update\src\baseline_results.pkl::all_scenarios[(""knn"", ""netblock30d"")]"
KNN,netblock30d,deterministic,2378,17748,2022-10-10,0.0,1.568869733065367,1,"C:\Users\yasemin.bozkurt\Desktop\article\DLPIF-repo-update\src\baseline_results.pkl::all_scenarios[(""knn"", ""netblock30d"")]"
KNN,netblock30d,deterministic,2379,17750,2022-10-10,0.0,1.568869733065367,1,"C:\Users\yasemin.bozkurt\Desktop\article\DLPIF-repo-update\src\baseline_results.pkl::all_scenarios[(""knn"", ""netblock30d"")]"
KNN,netblock30d,deterministic,2380,17155,2022-10-11,0.0,1.568869733065367,1,"C:\Users\yasemin.bozkurt\Desktop\article\DLPIF-repo-update\src\baseline_results.pkl::all_scenarios[(""knn"", ""netblock30d"")]"
KNN,netblock30d,deterministic,2381,17704,2022-10-11,0.0,1.568869733065367,1,"C:\Users\yasemin.bozkurt\Desktop\article\DLPIF-repo-update\src\baseline_results.pkl::all_scenarios[(""knn"", ""netblock30d"")]"
KNN,netblock30d,deterministic,2382,17748,2022-10-11,0.0,1.568869733065367,1,"C:\Users\yasemin.bozkurt\Desktop\article\DLPIF-repo-update\src\baseline_results.pkl::all_scenarios[(""knn"", ""netblock30d"")]"
KNN,netblock30d,deterministic,2383,17750,2022-10-11,0.0,1.568869733065367,1,"C:\Users\yasemin.bozkurt\Desktop\article\DLPIF-repo-update\src\baseline_results.pkl::all_scenarios[(""knn"", ""netblock30d"")]"
KNN,netblock30d,deterministic,2384,17155,2022-10-12,0.0,1.568869733065367,1,"C:\Users\yasemin.bozkurt\Desktop\article\DLPIF-repo-update\src\baseline_results.pkl::all_scenarios[(""knn"", ""netblock30d"")]"
KNN,netblock30d,deterministic,2385,17704,2022-10-12,0.0,1.568869733065367,1,"C:\Users\yasemin.bozkurt\Desktop\article\DLPIF-repo-update\src\baseline_results.pkl::all_scenarios[(""knn"", ""netblock30d"")]"
KNN,netblock30d,deterministic,2386,17748,2022-10-12,0.0,1.568869733065367,1,"C:\Users\yasemin.bozkurt\Desktop\article\DLPIF-repo-update\src\baseline_results.pkl::all_scenarios[(""knn"", ""netblock30d"")]"
KNN,netblock30d,deterministic,2387,17750,2022-10-12,0.0,1.568869733065367,1,"C:\Users\yasemin.bozkurt\Desktop\article\DLPIF-repo-update\src\baseline_results.pkl::all_scenarios[(""knn"", ""netblock30d"")]"
KNN,netblock30d,deterministic,2388,17155,2022-10-13,0.0,1.568869733065367,1,"C:\Users\yasemin.bozkurt\Desktop\article\DLPIF-repo-update\src\baseline_results.pkl::all_scenarios[(""knn"", ""netblock30d"")]"
KNN,netblock30d,deterministic,2389,17704,2022-10-13,0.0,1.568869733065367,1,"C:\Users\yasemin.bozkurt\Desktop\article\DLPIF-repo-update\src\baseline_results.pkl::all_scenarios[(""knn"", ""netblock30d"")]"
KNN,netblock30d,deterministic,2390,17748,2022-10-13,0.0,1.568869733065367,1,"C:\Users\yasemin.bozkurt\Desktop\article\DLPIF-repo-update\src\baseline_results.pkl::all_scenarios[(""knn"", ""netblock30d"")]"
KNN,netblock30d,deterministic,2391,17750,2022-10-13,0.0,1.568869733065367,1,"C:\Users\yasemin.bozkurt\Desktop\article\DLPIF-repo-update\src\baseline_results.pkl::all_scenarios[(""knn"", ""netblock30d"")]"
KNN,netblock30d,deterministic,2392,17155,2022-10-14,0.0,1.568869733065367,1,"C:\Users\yasemin.bozkurt\Desktop\article\DLPIF-repo-update\src\baseline_results.pkl::all_scenarios[(""knn"", ""netblock30d"")]"
KNN,netblock30d,deterministic,2393,17704,2022-10-14,0.0,1.568869733065367,1,"C:\Users\yasemin.bozkurt\Desktop\article\DLPIF-repo-update\src\baseline_results.pkl::all_scenarios[(""knn"", ""netblock30d"")]"
KNN,netblock30d,deterministic,2394,17748,2022-10-14,0.0,1.568869733065367,1,"C:\Users\yasemin.bozkurt\Desktop\article\DLPIF-repo-update\src\baseline_results.pkl::all_scenarios[(""knn"", ""netblock30d"")]"
KNN,netblock30d,deterministic,2395,17750,2022-10-14,0.0,1.568869733065367,1,"C:\Users\yasemin.bozkurt\Desktop\article\DLPIF-repo-update\src\baseline_results.pkl::all_scenarios[(""knn"", ""netblock30d"")]"
KNN,netblock30d,deterministic,2396,17155,2022-10-15,4.300000009685755,1.568869733065367,1,"C:\Users\yasemin.bozkurt\Desktop\article\DLPIF-repo-update\src\baseline_results.pkl::all_scenarios[(""knn"", ""netblock30d"")]"
KNN,netblock30d,deterministic,2397,17704,2022-10-15,8.800000007450581,1.568869733065367,1,"C:\Users\yasemin.bozkurt\Desktop\article\DLPIF-repo-update\src\baseline_results.pkl::all_scenarios[(""knn"", ""netblock30d"")]"
KNN,netblock30d,deterministic,2398,17748,2022-10-15,2.6000001110136512,1.568869733065367,1,"C:\Users\yasemin.bozkurt\Desktop\article\DLPIF-repo-update\src\baseline_results.pkl::all_scenarios[(""knn"", ""netblock30d"")]"
KNN,netblock30d,deterministic,2399,17750,2022-10-15,6.400000150501729,1.568869733065367,1,"C:\Users\yasemin.bozkurt\Desktop\article\DLPIF-repo-update\src\baseline_results.pkl::all_scenarios[(""knn"", ""netblock30d"")]"
KNN,netblock30d,deterministic,2400,17155,2022-10-16,2.2000000018626453,1.568869733065367,1,"C:\Users\yasemin.bozkurt\Desktop\article\DLPIF-repo-update\src\baseline_results.pkl::all_scenarios[(""knn"", ""netblock30d"")]"
KNN,netblock30d,deterministic,2401,17704,2022-10-16,4.400000003725291,1.568869733065367,1,"C:\Users\yasemin.bozkurt\Desktop\article\DLPIF-repo-update\src\baseline_results.pkl::all_scenarios[(""knn"", ""netblock30d"")]"
KNN,netblock30d,deterministic,2402,17748,2022-10-16,1.8000000257045032,1.568869733065367,1,"C:\Users\yasemin.bozkurt\Desktop\article\DLPIF-repo-update\src\baseline_results.pkl::all_scenarios[(""knn"", ""netblock30d"")]"
KNN,netblock30d,deterministic,2403,17750,2022-10-16,5.800000186264516,1.568869733065367,1,"C:\Users\yasemin.bozkurt\Desktop\article\DLPIF-repo-update\src\baseline_results.pkl::all_scenarios[(""knn"", ""netblock30d"")]"
KNN,netblock30d,deterministic,2404,17155,2022-10-17,6.700000132620335,1.568869733065367,1,"C:\Users\yasemin.bozkurt\Desktop\article\DLPIF-repo-update\src\baseline_results.pkl::all_scenarios[(""knn"", ""netblock30d"")]"
KNN,netblock30d,deterministic,2405,17704,2022-10-17,0.8000000188127161,1.568869733065367,1,"C:\Users\yasemin.bozkurt\Desktop\article\DLPIF-repo-update\src\baseline_results.pkl::all_scenarios[(""knn"", ""netblock30d"")]"
KNN,netblock30d,deterministic,2406,17748,2022-10-17,0.0,1.568869733065367,1,"C:\Users\yasemin.bozkurt\Desktop\article\DLPIF-repo-update\src\baseline_results.pkl::all_scenarios[(""knn"", ""netblock30d"")]"
KNN,netblock30d,deterministic,2407,17750,2022-10-17,0.8000000188127161,1.568869733065367,1,"C:\Users\yasemin.bozkurt\Desktop\article\DLPIF-repo-update\src\baseline_results.pkl::all_scenarios[(""knn"", ""netblock30d"")]"
KNN,netblock30d,deterministic,2408,17155,2022-10-18,0.10000000235158951,1.568869733065367,1,"C:\Users\yasemin.bozkurt\Desktop\article\DLPIF-repo-update\src\baseline_results.pkl::all_scenarios[(""knn"", ""netblock30d"")]"
KNN,netblock30d,deterministic,2409,17704,2022-10-18,0.0,1.568869733065367,1,"C:\Users\yasemin.bozkurt\Desktop\article\DLPIF-repo-update\src\baseline_results.pkl::all_scenarios[(""knn"", ""netblock30d"")]"
KNN,netblock30d,deterministic,2410,17748,2022-10-18,0.0,1.568869733065367,1,"C:\Users\yasemin.bozkurt\Desktop\article\DLPIF-repo-update\src\baseline_results.pkl::all_scenarios[(""knn"", ""netblock30d"")]"
KNN,netblock30d,deterministic,2411,17750,2022-10-18,0.0,1.568869733065367,1,"C:\Users\yasemin.bozkurt\Desktop\article\DLPIF-repo-update\src\baseline_results.pkl::all_scenarios[(""knn"", ""netblock30d"")]"
KNN,netblock30d,deterministic,2412,17155,2022-10-19,0.0,1.568869733065367,1,"C:\Users\yasemin.bozkurt\Desktop\article\DLPIF-repo-update\src\baseline_results.pkl::all_scenarios[(""knn"", ""netblock30d"")]"
KNN,netblock30d,deterministic,2413,17704,2022-10-19,0.0,1.568869733065367,1,"C:\Users\yasemin.bozkurt\Desktop\article\DLPIF-repo-update\src\baseline_results.pkl::all_scenarios[(""knn"", ""netblock30d"")]"
KNN,netblock30d,deterministic,2414,17748,2022-10-19,0.0,1.568869733065367,1,"C:\Users\yasemin.bozkurt\Desktop\article\DLPIF-repo-update\src\baseline_results.pkl::all_scenarios[(""knn"", ""netblock30d"")]"
KNN,netblock30d,deterministic,2415,17750,2022-10-19,0.0,1.568869733065367,1,"C:\Users\yasemin.bozkurt\Desktop\article\DLPIF-repo-update\src\baseline_results.pkl::all_scenarios[(""knn"", ""netblock30d"")]"
KNN,netblock30d,deterministic,2416,17155,2022-10-20,0.0,1.568869733065367,1,"C:\Users\yasemin.bozkurt\Desktop\article\DLPIF-repo-update\src\baseline_results.pkl::all_scenarios[(""knn"", ""netblock30d"")]"
KNN,netblock30d,deterministic,2417,17704,2022-10-20,0.0,1.568869733065367,1,"C:\Users\yasemin.bozkurt\Desktop\article\DLPIF-repo-update\src\baseline_results.pkl::all_scenarios[(""knn"", ""netblock30d"")]"
KNN,netblock30d,deterministic,2418,17748,2022-10-20,0.0,1.568869733065367,1,"C:\Users\yasemin.bozkurt\Desktop\article\DLPIF-repo-update\src\baseline_results.pkl::all_scenarios[(""knn"", ""netblock30d"")]"
KNN,netblock30d,deterministic,2419,17750,2022-10-20,0.0,1.568869733065367,1,"C:\Users\yasemin.bozkurt\Desktop\article\DLPIF-repo-update\src\baseline_results.pkl::all_scenarios[(""knn"", ""netblock30d"")]"
KNN,netblock30d,deterministic,2420,17155,2022-10-21,0.0,1.568869733065367,1,"C:\Users\yasemin.bozkurt\Desktop\article\DLPIF-repo-update\src\baseline_results.pkl::all_scenarios[(""knn"", ""netblock30d"")]"
KNN,netblock30d,deterministic,2421,17704,2022-10-21,0.0,1.568869733065367,1,"C:\Users\yasemin.bozkurt\Desktop\article\DLPIF-repo-update\src\baseline_results.pkl::all_scenarios[(""knn"", ""netblock30d"")]"
KNN,netblock30d,deterministic,2422,17748,2022-10-21,0.0,1.568869733065367,1,"C:\Users\yasemin.bozkurt\Desktop\article\DLPIF-repo-update\src\baseline_results.pkl::all_scenarios[(""knn"", ""netblock30d"")]"
KNN,netblock30d,deterministic,2423,17750,2022-10-21,0.0,1.568869733065367,1,"C:\Users\yasemin.bozkurt\Desktop\article\DLPIF-repo-update\src\baseline_results.pkl::all_scenarios[(""knn"", ""netblock30d"")]"
KNN,netblock30d,deterministic,2424,17155,2022-10-22,0.0,1.568869733065367,1,"C:\Users\yasemin.bozkurt\Desktop\article\DLPIF-repo-update\src\baseline_results.pkl::all_scenarios[(""knn"", ""netblock30d"")]"
KNN,netblock30d,deterministic,2425,17704,2022-10-22,0.0,1.568869733065367,1,"C:\Users\yasemin.bozkurt\Desktop\article\DLPIF-repo-update\src\baseline_results.pkl::all_scenarios[(""knn"", ""netblock30d"")]"
KNN,netblock30d,deterministic,2426,17748,2022-10-22,0.0,1.568869733065367,1,"C:\Users\yasemin.bozkurt\Desktop\article\DLPIF-repo-update\src\baseline_results.pkl::all_scenarios[(""knn"", ""netblock30d"")]"
KNN,netblock30d,deterministic,2427,17750,2022-10-22,0.0,1.568869733065367,1,"C:\Users\yasemin.bozkurt\Desktop\article\DLPIF-repo-update\src\baseline_results.pkl::all_scenarios[(""knn"", ""netblock30d"")]"
KNN,netblock30d,deterministic,2428,17155,2022-10-23,0.0,1.568869733065367,1,"C:\Users\yasemin.bozkurt\Desktop\article\DLPIF-repo-update\src\baseline_results.pkl::all_scenarios[(""knn"", ""netblock30d"")]"
KNN,netblock30d,deterministic,2429,17704,2022-10-23,0.0,1.568869733065367,1,"C:\Users\yasemin.bozkurt\Desktop\article\DLPIF-repo-update\src\baseline_results.pkl::all_scenarios[(""knn"", ""netblock30d"")]"
KNN,netblock30d,deterministic,2430,17748,2022-10-23,0.0,1.568869733065367,1,"C:\Users\yasemin.bozkurt\Desktop\article\DLPIF-repo-update\src\baseline_results.pkl::all_scenarios[(""knn"", ""netblock30d"")]"
KNN,netblock30d,deterministic,2431,17750,2022-10-23,0.0,1.568869733065367,1,"C:\Users\yasemin.bozkurt\Desktop\article\DLPIF-repo-update\src\baseline_results.pkl::all_scenarios[(""knn"", ""netblock30d"")]"
KNN,netblock30d,deterministic,2432,17155,2022-10-24,0.0,1.568869733065367,1,"C:\Users\yasemin.bozkurt\Desktop\article\DLPIF-repo-update\src\baseline_results.pkl::all_scenarios[(""knn"", ""netblock30d"")]"
KNN,netblock30d,deterministic,2433,17704,2022-10-24,0.0,1.568869733065367,1,"C:\Users\yasemin.bozkurt\Desktop\article\DLPIF-repo-update\src\baseline_results.pkl::all_scenarios[(""knn"", ""netblock30d"")]"
KNN,netblock30d,deterministic,2434,17748,2022-10-24,0.0,1.568869733065367,1,"C:\Users\yasemin.bozkurt\Desktop\article\DLPIF-repo-update\src\baseline_results.pkl::all_scenarios[(""knn"", ""netblock30d"")]"
KNN,netblock30d,deterministic,2435,17750,2022-10-24,0.0,1.568869733065367,1,"C:\Users\yasemin.bozkurt\Desktop\article\DLPIF-repo-update\src\baseline_results.pkl::all_scenarios[(""knn"", ""netblock30d"")]"
KNN,netblock30d,deterministic,2436,17155,2022-10-25,0.0,1.568869733065367,1,"C:\Users\yasemin.bozkurt\Desktop\article\DLPIF-repo-update\src\baseline_results.pkl::all_scenarios[(""knn"", ""netblock30d"")]"
KNN,netblock30d,deterministic,2437,17704,2022-10-25,0.0,1.568869733065367,1,"C:\Users\yasemin.bozkurt\Desktop\article\DLPIF-repo-update\src\baseline_results.pkl::all_scenarios[(""knn"", ""netblock30d"")]"
KNN,netblock30d,deterministic,2438,17748,2022-10-25,0.0,1.568869733065367,1,"C:\Users\yasemin.bozkurt\Desktop\article\DLPIF-repo-update\src\baseline_results.pkl::all_scenarios[(""knn"", ""netblock30d"")]"
KNN,netblock30d,deterministic,2439,17750,2022-10-25,0.0,1.568869733065367,1,"C:\Users\yasemin.bozkurt\Desktop\article\DLPIF-repo-update\src\baseline_results.pkl::all_scenarios[(""knn"", ""netblock30d"")]"
KNN,netblock30d,deterministic,2440,17155,2022-10-26,0.0,1.568869733065367,1,"C:\Users\yasemin.bozkurt\Desktop\article\DLPIF-repo-update\src\baseline_results.pkl::all_scenarios[(""knn"", ""netblock30d"")]"
KNN,netblock30d,deterministic,2441,17704,2022-10-26,0.0,1.568869733065367,1,"C:\Users\yasemin.bozkurt\Desktop\article\DLPIF-repo-update\src\baseline_results.pkl::all_scenarios[(""knn"", ""netblock30d"")]"
KNN,netblock30d,deterministic,2442,17748,2022-10-26,0.0,1.568869733065367,1,"C:\Users\yasemin.bozkurt\Desktop\article\DLPIF-repo-update\src\baseline_results.pkl::all_scenarios[(""knn"", ""netblock30d"")]"
KNN,netblock30d,deterministic,2443,17750,2022-10-26,0.0,1.568869733065367,1,"C:\Users\yasemin.bozkurt\Desktop\article\DLPIF-repo-update\src\baseline_results.pkl::all_scenarios[(""knn"", ""netblock30d"")]"
KNN,netblock30d,deterministic,2444,17155,2022-10-27,0.0,1.568869733065367,1,"C:\Users\yasemin.bozkurt\Desktop\article\DLPIF-repo-update\src\baseline_results.pkl::all_scenarios[(""knn"", ""netblock30d"")]"
KNN,netblock30d,deterministic,2445,17704,2022-10-27,0.0,1.568869733065367,1,"C:\Users\yasemin.bozkurt\Desktop\article\DLPIF-repo-update\src\baseline_results.pkl::all_scenarios[(""knn"", ""netblock30d"")]"
KNN,netblock30d,deterministic,2446,17748,2022-10-27,0.0,1.568869733065367,1,"C:\Users\yasemin.bozkurt\Desktop\article\DLPIF-repo-update\src\baseline_results.pkl::all_scenarios[(""knn"", ""netblock30d"")]"
KNN,netblock30d,deterministic,2447,17750,2022-10-27,0.0,1.568869733065367,1,"C:\Users\yasemin.bozkurt\Desktop\article\DLPIF-repo-update\src\baseline_results.pkl::all_scenarios[(""knn"", ""netblock30d"")]"
KNN,netblock30d,deterministic,2448,17155,2022-10-28,0.0,1.568869733065367,1,"C:\Users\yasemin.bozkurt\Desktop\article\DLPIF-repo-update\src\baseline_results.pkl::all_scenarios[(""knn"", ""netblock30d"")]"
KNN,netblock30d,deterministic,2449,17704,2022-10-28,0.0,1.568869733065367,1,"C:\Users\yasemin.bozkurt\Desktop\article\DLPIF-repo-update\src\baseline_results.pkl::all_scenarios[(""knn"", ""netblock30d"")]"
KNN,netblock30d,deterministic,2450,17748,2022-10-28,0.0,1.568869733065367,1,"C:\Users\yasemin.bozkurt\Desktop\article\DLPIF-repo-update\src\baseline_results.pkl::all_scenarios[(""knn"", ""netblock30d"")]"
KNN,netblock30d,deterministic,2451,17750,2022-10-28,0.0,1.568869733065367,1,"C:\Users\yasemin.bozkurt\Desktop\article\DLPIF-repo-update\src\baseline_results.pkl::all_scenarios[(""knn"", ""netblock30d"")]"
KNN,netblock30d,deterministic,2452,17155,2022-10-29,0.0,1.568869733065367,1,"C:\Users\yasemin.bozkurt\Desktop\article\DLPIF-repo-update\src\baseline_results.pkl::all_scenarios[(""knn"", ""netblock30d"")]"
KNN,netblock30d,deterministic,2453,17704,2022-10-29,0.0,1.568869733065367,1,"C:\Users\yasemin.bozkurt\Desktop\article\DLPIF-repo-update\src\baseline_results.pkl::all_scenarios[(""knn"", ""netblock30d"")]"
KNN,netblock30d,deterministic,2454,17748,2022-10-29,0.0,1.568869733065367,1,"C:\Users\yasemin.bozkurt\Desktop\article\DLPIF-repo-update\src\baseline_results.pkl::all_scenarios[(""knn"", ""netblock30d"")]"
KNN,netblock30d,deterministic,2455,17750,2022-10-29,0.0,1.568869733065367,1,"C:\Users\yasemin.bozkurt\Desktop\article\DLPIF-repo-update\src\baseline_results.pkl::all_scenarios[(""knn"", ""netblock30d"")]"
KNN,netblock30d,deterministic,2456,17155,2022-10-30,0.0,1.568869733065367,1,"C:\Users\yasemin.bozkurt\Desktop\article\DLPIF-repo-update\src\baseline_results.pkl::all_scenarios[(""knn"", ""netblock30d"")]"
KNN,netblock30d,deterministic,2457,17704,2022-10-30,0.0,1.568869733065367,1,"C:\Users\yasemin.bozkurt\Desktop\article\DLPIF-repo-update\src\baseline_results.pkl::all_scenarios[(""knn"", ""netblock30d"")]"
KNN,netblock30d,deterministic,2458,17748,2022-10-30,0.0,1.568869733065367,1,"C:\Users\yasemin.bozkurt\Desktop\article\DLPIF-repo-update\src\baseline_results.pkl::all_scenarios[(""knn"", ""netblock30d"")]"
KNN,netblock30d,deterministic,2459,17750,2022-10-30,0.0,1.568869733065367,1,"C:\Users\yasemin.bozkurt\Desktop\article\DLPIF-repo-update\src\baseline_results.pkl::all_scenarios[(""knn"", ""netblock30d"")]"
KNN,netblock30d,deterministic,2460,17155,2022-10-31,0.0,1.568869733065367,1,"C:\Users\yasemin.bozkurt\Desktop\article\DLPIF-repo-update\src\baseline_results.pkl::all_scenarios[(""knn"", ""netblock30d"")]"
KNN,netblock30d,deterministic,2461,17704,2022-10-31,0.0,1.568869733065367,1,"C:\Users\yasemin.bozkurt\Desktop\article\DLPIF-repo-update\src\baseline_results.pkl::all_scenarios[(""knn"", ""netblock30d"")]"
KNN,netblock30d,deterministic,2462,17748,2022-10-31,0.0,1.568869733065367,1,"C:\Users\yasemin.bozkurt\Desktop\article\DLPIF-repo-update\src\baseline_results.pkl::all_scenarios[(""knn"", ""netblock30d"")]"
KNN,netblock30d,deterministic,2463,17750,2022-10-31,0.0,1.568869733065367,1,"C:\Users\yasemin.bozkurt\Desktop\article\DLPIF-repo-update\src\baseline_results.pkl::all_scenarios[(""knn"", ""netblock30d"")]"
KNN,netblock30d,deterministic,2464,17155,2022-11-01,0.0,1.568869733065367,1,"C:\Users\yasemin.bozkurt\Desktop\article\DLPIF-repo-update\src\baseline_results.pkl::all_scenarios[(""knn"", ""netblock30d"")]"
KNN,netblock30d,deterministic,2465,17704,2022-11-01,0.0,1.568869733065367,1,"C:\Users\yasemin.bozkurt\Desktop\article\DLPIF-repo-update\src\baseline_results.pkl::all_scenarios[(""knn"", ""netblock30d"")]"
KNN,netblock30d,deterministic,2466,17748,2022-11-01,0.0,1.568869733065367,1,"C:\Users\yasemin.bozkurt\Desktop\article\DLPIF-repo-update\src\baseline_results.pkl::all_scenarios[(""knn"", ""netblock30d"")]"
KNN,netblock30d,deterministic,2467,17750,2022-11-01,0.0,1.568869733065367,1,"C:\Users\yasemin.bozkurt\Desktop\article\DLPIF-repo-update\src\baseline_results.pkl::all_scenarios[(""knn"", ""netblock30d"")]"
KNN,netblock30d,deterministic,2468,17155,2022-11-02,0.0,1.568869733065367,1,"C:\Users\yasemin.bozkurt\Desktop\article\DLPIF-repo-update\src\baseline_results.pkl::all_scenarios[(""knn"", ""netblock30d"")]"
KNN,netblock30d,deterministic,2469,17704,2022-11-02,0.0,1.568869733065367,1,"C:\Users\yasemin.bozkurt\Desktop\article\DLPIF-repo-update\src\baseline_results.pkl::all_scenarios[(""knn"", ""netblock30d"")]"
KNN,netblock30d,deterministic,2470,17748,2022-11-02,0.0,1.568869733065367,1,"C:\Users\yasemin.bozkurt\Desktop\article\DLPIF-repo-update\src\baseline_results.pkl::all_scenarios[(""knn"", ""netblock30d"")]"
KNN,netblock30d,deterministic,2471,17750,2022-11-02,0.0,1.568869733065367,1,"C:\Users\yasemin.bozkurt\Desktop\article\DLPIF-repo-update\src\baseline_results.pkl::all_scenarios[(""knn"", ""netblock30d"")]"
KNN,netblock30d,deterministic,2472,17155,2022-11-03,0.0,1.568869733065367,1,"C:\Users\yasemin.bozkurt\Desktop\article\DLPIF-repo-update\src\baseline_results.pkl::all_scenarios[(""knn"", ""netblock30d"")]"
KNN,netblock30d,deterministic,2473,17704,2022-11-03,0.0,1.568869733065367,1,"C:\Users\yasemin.bozkurt\Desktop\article\DLPIF-repo-update\src\baseline_results.pkl::all_scenarios[(""knn"", ""netblock30d"")]"
KNN,netblock30d,deterministic,2474,17748,2022-11-03,0.0,1.568869733065367,1,"C:\Users\yasemin.bozkurt\Desktop\article\DLPIF-repo-update\src\baseline_results.pkl::all_scenarios[(""knn"", ""netblock30d"")]"
KNN,netblock30d,deterministic,2475,17750,2022-11-03,0.0,1.568869733065367,1,"C:\Users\yasemin.bozkurt\Desktop\article\DLPIF-repo-update\src\baseline_results.pkl::all_scenarios[(""knn"", ""netblock30d"")]"
KNN,netblock30d,deterministic,2476,17155,2022-11-04,0.0,1.568869733065367,1,"C:\Users\yasemin.bozkurt\Desktop\article\DLPIF-repo-update\src\baseline_results.pkl::all_scenarios[(""knn"", ""netblock30d"")]"
KNN,netblock30d,deterministic,2477,17704,2022-11-04,0.0,1.568869733065367,1,"C:\Users\yasemin.bozkurt\Desktop\article\DLPIF-repo-update\src\baseline_results.pkl::all_scenarios[(""knn"", ""netblock30d"")]"
KNN,netblock30d,deterministic,2478,17748,2022-11-04,0.0,1.568869733065367,1,"C:\Users\yasemin.bozkurt\Desktop\article\DLPIF-repo-update\src\baseline_results.pkl::all_scenarios[(""knn"", ""netblock30d"")]"
KNN,netblock30d,deterministic,2479,17750,2022-11-04,0.0,1.568869733065367,1,"C:\Users\yasemin.bozkurt\Desktop\article\DLPIF-repo-update\src\baseline_results.pkl::all_scenarios[(""knn"", ""netblock30d"")]"
KNN,netblock30d,deterministic,2480,17155,2022-11-05,0.0,1.568869733065367,1,"C:\Users\yasemin.bozkurt\Desktop\article\DLPIF-repo-update\src\baseline_results.pkl::all_scenarios[(""knn"", ""netblock30d"")]"
KNN,netblock30d,deterministic,2481,17704,2022-11-05,0.0,1.568869733065367,1,"C:\Users\yasemin.bozkurt\Desktop\article\DLPIF-repo-update\src\baseline_results.pkl::all_scenarios[(""knn"", ""netblock30d"")]"
KNN,netblock30d,deterministic,2482,17748,2022-11-05,0.0,1.568869733065367,1,"C:\Users\yasemin.bozkurt\Desktop\article\DLPIF-repo-update\src\baseline_results.pkl::all_scenarios[(""knn"", ""netblock30d"")]"
KNN,netblock30d,deterministic,2483,17750,2022-11-05,0.0,1.568869733065367,1,"C:\Users\yasemin.bozkurt\Desktop\article\DLPIF-repo-update\src\baseline_results.pkl::all_scenarios[(""knn"", ""netblock30d"")]"
KNN,netblock30d,deterministic,2856,17155,2023-02-07,0.10000000235158951,1.568869733065367,1,"C:\Users\yasemin.bozkurt\Desktop\article\DLPIF-repo-update\src\baseline_results.pkl::all_scenarios[(""knn"", ""netblock30d"")]"
KNN,netblock30d,deterministic,2857,17704,2023-02-07,0.0,1.568869733065367,1,"C:\Users\yasemin.bozkurt\Desktop\article\DLPIF-repo-update\src\baseline_results.pkl::all_scenarios[(""knn"", ""netblock30d"")]"
KNN,netblock30d,deterministic,2858,17748,2023-02-07,0.20000000470317902,1.568869733065367,1,"C:\Users\yasemin.bozkurt\Desktop\article\DLPIF-repo-update\src\baseline_results.pkl::all_scenarios[(""knn"", ""netblock30d"")]"
KNN,netblock30d,deterministic,2859,17750,2023-02-07,0.0,1.568869733065367,1,"C:\Users\yasemin.bozkurt\Desktop\article\DLPIF-repo-update\src\baseline_results.pkl::all_scenarios[(""knn"", ""netblock30d"")]"
KNN,netblock30d,deterministic,2860,17155,2023-02-08,0.40000000940635805,1.568869733065367,1,"C:\Users\yasemin.bozkurt\Desktop\article\DLPIF-repo-update\src\baseline_results.pkl::all_scenarios[(""knn"", ""netblock30d"")]"
KNN,netblock30d,deterministic,2861,17704,2023-02-08,0.0,1.568869733065367,1,"C:\Users\yasemin.bozkurt\Desktop\article\DLPIF-repo-update\src\baseline_results.pkl::all_scenarios[(""knn"", ""netblock30d"")]"
KNN,netblock30d,deterministic,2862,17748,2023-02-08,0.0,1.568869733065367,1,"C:\Users\yasemin.bozkurt\Desktop\article\DLPIF-repo-update\src\baseline_results.pkl::all_scenarios[(""knn"", ""netblock30d"")]"
KNN,netblock30d,deterministic,2863,17750,2023-02-08,0.0,1.568869733065367,1,"C:\Users\yasemin.bozkurt\Desktop\article\DLPIF-repo-update\src\baseline_results.pkl::all_scenarios[(""knn"", ""netblock30d"")]"
KNN,netblock30d,deterministic,2864,17155,2023-02-09,0.10000000235158951,1.568869733065367,1,"C:\Users\yasemin.bozkurt\Desktop\article\DLPIF-repo-update\src\baseline_results.pkl::all_scenarios[(""knn"", ""netblock30d"")]"
KNN,netblock30d,deterministic,2865,17704,2023-02-09,0.0,1.568869733065367,1,"C:\Users\yasemin.bozkurt\Desktop\article\DLPIF-repo-update\src\baseline_results.pkl::all_scenarios[(""knn"", ""netblock30d"")]"
KNN,netblock30d,deterministic,2866,17748,2023-02-09,0.600000030733645,1.568869733065367,1,"C:\Users\yasemin.bozkurt\Desktop\article\DLPIF-repo-update\src\baseline_results.pkl::all_scenarios[(""knn"", ""netblock30d"")]"
KNN,netblock30d,deterministic,2867,17750,2023-02-09,0.0,1.568869733065367,1,"C:\Users\yasemin.bozkurt\Desktop\article\DLPIF-repo-update\src\baseline_results.pkl::all_scenarios[(""knn"", ""netblock30d"")]"
KNN,netblock30d,deterministic,2868,17155,2023-02-10,0.0,1.568869733065367,1,"C:\Users\yasemin.bozkurt\Desktop\article\DLPIF-repo-update\src\baseline_results.pkl::all_scenarios[(""knn"", ""netblock30d"")]"
KNN,netblock30d,deterministic,2869,17704,2023-02-10,0.0,1.568869733065367,1,"C:\Users\yasemin.bozkurt\Desktop\article\DLPIF-repo-update\src\baseline_results.pkl::all_scenarios[(""knn"", ""netblock30d"")]"
KNN,netblock30d,deterministic,2870,17748,2023-02-10,0.20000000470317902,1.568869733065367,1,"C:\Users\yasemin.bozkurt\Desktop\article\DLPIF-repo-update\src\baseline_results.pkl::all_scenarios[(""knn"", ""netblock30d"")]"
KNN,netblock30d,deterministic,2871,17750,2023-02-10,0.0,1.568869733065367,1,"C:\Users\yasemin.bozkurt\Desktop\article\DLPIF-repo-update\src\baseline_results.pkl::all_scenarios[(""knn"", ""netblock30d"")]"
KNN,netblock30d,deterministic,2872,17155,2023-02-11,0.0,1.568869733065367,1,"C:\Users\yasemin.bozkurt\Desktop\article\DLPIF-repo-update\src\baseline_results.pkl::all_scenarios[(""knn"", ""netblock30d"")]"
KNN,netblock30d,deterministic,2873,17704,2023-02-11,0.0,1.568869733065367,1,"C:\Users\yasemin.bozkurt\Desktop\article\DLPIF-repo-update\src\baseline_results.pkl::all_scenarios[(""knn"", ""netblock30d"")]"
KNN,netblock30d,deterministic,2874,17748,2023-02-11,0.0,1.568869733065367,1,"C:\Users\yasemin.bozkurt\Desktop\article\DLPIF-repo-update\src\baseline_results.pkl::all_scenarios[(""knn"", ""netblock30d"")]"
KNN,netblock30d,deterministic,2875,17750,2023-02-11,0.0,1.568869733065367,1,"C:\Users\yasemin.bozkurt\Desktop\article\DLPIF-repo-update\src\baseline_results.pkl::all_scenarios[(""knn"", ""netblock30d"")]"
KNN,netblock30d,deterministic,2876,17155,2023-02-12,0.0,1.568869733065367,1,"C:\Users\yasemin.bozkurt\Desktop\article\DLPIF-repo-update\src\baseline_results.pkl::all_scenarios[(""knn"", ""netblock30d"")]"
KNN,netblock30d,deterministic,2877,17704,2023-02-12,0.0,1.568869733065367,1,"C:\Users\yasemin.bozkurt\Desktop\article\DLPIF-repo-update\src\baseline_results.pkl::all_scenarios[(""knn"", ""netblock30d"")]"
KNN,netblock30d,deterministic,2878,17748,2023-02-12,0.0,1.568869733065367,1,"C:\Users\yasemin.bozkurt\Desktop\article\DLPIF-repo-update\src\baseline_results.pkl::all_scenarios[(""knn"", ""netblock30d"")]"
KNN,netblock30d,deterministic,2879,17750,2023-02-12,0.0,1.568869733065367,1,"C:\Users\yasemin.bozkurt\Desktop\article\DLPIF-repo-update\src\baseline_results.pkl::all_scenarios[(""knn"", ""netblock30d"")]"
KNN,netblock30d,deterministic,2880,17155,2023-02-13,0.0,1.568869733065367,1,"C:\Users\yasemin.bozkurt\Desktop\article\DLPIF-repo-update\src\baseline_results.pkl::all_scenarios[(""knn"", ""netblock30d"")]"
KNN,netblock30d,deterministic,2881,17704,2023-02-13,0.0,1.568869733065367,1,"C:\Users\yasemin.bozkurt\Desktop\article\DLPIF-repo-update\src\baseline_results.pkl::all_scenarios[(""knn"", ""netblock30d"")]"
KNN,netblock30d,deterministic,2882,17748,2023-02-13,0.0,1.568869733065367,1,"C:\Users\yasemin.bozkurt\Desktop\article\DLPIF-repo-update\src\baseline_results.pkl::all_scenarios[(""knn"", ""netblock30d"")]"
KNN,netblock30d,deterministic,2883,17750,2023-02-13,0.0,1.568869733065367,1,"C:\Users\yasemin.bozkurt\Desktop\article\DLPIF-repo-update\src\baseline_results.pkl::all_scenarios[(""knn"", ""netblock30d"")]"
KNN,netblock30d,deterministic,2884,17155,2023-02-14,0.0,1.568869733065367,1,"C:\Users\yasemin.bozkurt\Desktop\article\DLPIF-repo-update\src\baseline_results.pkl::all_scenarios[(""knn"", ""netblock30d"")]"
KNN,netblock30d,deterministic,2885,17704,2023-02-14,0.0,1.568869733065367,1,"C:\Users\yasemin.bozkurt\Desktop\article\DLPIF-repo-update\src\baseline_results.pkl::all_scenarios[(""knn"", ""netblock30d"")]"
KNN,netblock30d,deterministic,2886,17748,2023-02-14,0.0,1.568869733065367,1,"C:\Users\yasemin.bozkurt\Desktop\article\DLPIF-repo-update\src\baseline_results.pkl::all_scenarios[(""knn"", ""netblock30d"")]"
KNN,netblock30d,deterministic,2887,17750,2023-02-14,0.0,1.568869733065367,1,"C:\Users\yasemin.bozkurt\Desktop\article\DLPIF-repo-update\src\baseline_results.pkl::all_scenarios[(""knn"", ""netblock30d"")]"
KNN,netblock30d,deterministic,2888,17155,2023-02-15,0.0,1.568869733065367,1,"C:\Users\yasemin.bozkurt\Desktop\article\DLPIF-repo-update\src\baseline_results.pkl::all_scenarios[(""knn"", ""netblock30d"")]"
KNN,netblock30d,deterministic,2889,17704,2023-02-15,0.0,1.568869733065367,1,"C:\Users\yasemin.bozkurt\Desktop\article\DLPIF-repo-update\src\baseline_results.pkl::all_scenarios[(""knn"", ""netblock30d"")]"
KNN,netblock30d,deterministic,2890,17748,2023-02-15,0.0,1.568869733065367,1,"C:\Users\yasemin.bozkurt\Desktop\article\DLPIF-repo-update\src\baseline_results.pkl::all_scenarios[(""knn"", ""netblock30d"")]"
KNN,netblock30d,deterministic,2891,17750,2023-02-15,0.0,1.568869733065367,1,"C:\Users\yasemin.bozkurt\Desktop\article\DLPIF-repo-update\src\baseline_results.pkl::all_scenarios[(""knn"", ""netblock30d"")]"
KNN,netblock30d,deterministic,2892,17155,2023-02-16,0.0,1.568869733065367,1,"C:\Users\yasemin.bozkurt\Desktop\article\DLPIF-repo-update\src\baseline_results.pkl::all_scenarios[(""knn"", ""netblock30d"")]"
KNN,netblock30d,deterministic,2893,17704,2023-02-16,0.0,1.568869733065367,1,"C:\Users\yasemin.bozkurt\Desktop\article\DLPIF-repo-update\src\baseline_results.pkl::all_scenarios[(""knn"", ""netblock30d"")]"
KNN,netblock30d,deterministic,2894,17748,2023-02-16,0.0,1.568869733065367,1,"C:\Users\yasemin.bozkurt\Desktop\article\DLPIF-repo-update\src\baseline_results.pkl::all_scenarios[(""knn"", ""netblock30d"")]"
KNN,netblock30d,deterministic,2895,17750,2023-02-16,0.0,1.568869733065367,1,"C:\Users\yasemin.bozkurt\Desktop\article\DLPIF-repo-update\src\baseline_results.pkl::all_scenarios[(""knn"", ""netblock30d"")]"
KNN,netblock30d,deterministic,2896,17155,2023-02-17,0.0,1.568869733065367,1,"C:\Users\yasemin.bozkurt\Desktop\article\DLPIF-repo-update\src\baseline_results.pkl::all_scenarios[(""knn"", ""netblock30d"")]"
KNN,netblock30d,deterministic,2897,17704,2023-02-17,0.0,1.568869733065367,1,"C:\Users\yasemin.bozkurt\Desktop\article\DLPIF-repo-update\src\baseline_results.pkl::all_scenarios[(""knn"", ""netblock30d"")]"
KNN,netblock30d,deterministic,2898,17748,2023-02-17,0.0,1.568869733065367,1,"C:\Users\yasemin.bozkurt\Desktop\article\DLPIF-repo-update\src\baseline_results.pkl::all_scenarios[(""knn"", ""netblock30d"")]"
KNN,netblock30d,deterministic,2899,17750,2023-02-17,0.0,1.568869733065367,1,"C:\Users\yasemin.bozkurt\Desktop\article\DLPIF-repo-update\src\baseline_results.pkl::all_scenarios[(""knn"", ""netblock30d"")]"
KNN,netblock30d,deterministic,2900,17155,2023-02-18,0.0,1.568869733065367,1,"C:\Users\yasemin.bozkurt\Desktop\article\DLPIF-repo-update\src\baseline_results.pkl::all_scenarios[(""knn"", ""netblock30d"")]"
KNN,netblock30d,deterministic,2901,17704,2023-02-18,0.0,1.568869733065367,1,"C:\Users\yasemin.bozkurt\Desktop\article\DLPIF-repo-update\src\baseline_results.pkl::all_scenarios[(""knn"", ""netblock30d"")]"
KNN,netblock30d,deterministic,2902,17748,2023-02-18,0.0,1.568869733065367,1,"C:\Users\yasemin.bozkurt\Desktop\article\DLPIF-repo-update\src\baseline_results.pkl::all_scenarios[(""knn"", ""netblock30d"")]"
KNN,netblock30d,deterministic,2903,17750,2023-02-18,0.0,1.568869733065367,1,"C:\Users\yasemin.bozkurt\Desktop\article\DLPIF-repo-update\src\baseline_results.pkl::all_scenarios[(""knn"", ""netblock30d"")]"
KNN,netblock30d,deterministic,2904,17155,2023-02-19,0.0,1.568869733065367,1,"C:\Users\yasemin.bozkurt\Desktop\article\DLPIF-repo-update\src\baseline_results.pkl::all_scenarios[(""knn"", ""netblock30d"")]"
KNN,netblock30d,deterministic,2905,17704,2023-02-19,0.0,1.568869733065367,1,"C:\Users\yasemin.bozkurt\Desktop\article\DLPIF-repo-update\src\baseline_results.pkl::all_scenarios[(""knn"", ""netblock30d"")]"
KNN,netblock30d,deterministic,2906,17748,2023-02-19,0.0,1.568869733065367,1,"C:\Users\yasemin.bozkurt\Desktop\article\DLPIF-repo-update\src\baseline_results.pkl::all_scenarios[(""knn"", ""netblock30d"")]"
KNN,netblock30d,deterministic,2907,17750,2023-02-19,0.0,1.568869733065367,1,"C:\Users\yasemin.bozkurt\Desktop\article\DLPIF-repo-update\src\baseline_results.pkl::all_scenarios[(""knn"", ""netblock30d"")]"
KNN,netblock30d,deterministic,2908,17155,2023-02-20,0.0,1.568869733065367,1,"C:\Users\yasemin.bozkurt\Desktop\article\DLPIF-repo-update\src\baseline_results.pkl::all_scenarios[(""knn"", ""netblock30d"")]"
KNN,netblock30d,deterministic,2909,17704,2023-02-20,0.0,1.568869733065367,1,"C:\Users\yasemin.bozkurt\Desktop\article\DLPIF-repo-update\src\baseline_results.pkl::all_scenarios[(""knn"", ""netblock30d"")]"
KNN,netblock30d,deterministic,2910,17748,2023-02-20,0.0,1.568869733065367,1,"C:\Users\yasemin.bozkurt\Desktop\article\DLPIF-repo-update\src\baseline_results.pkl::all_scenarios[(""knn"", ""netblock30d"")]"
KNN,netblock30d,deterministic,2911,17750,2023-02-20,0.0,1.568869733065367,1,"C:\Users\yasemin.bozkurt\Desktop\article\DLPIF-repo-update\src\baseline_results.pkl::all_scenarios[(""knn"", ""netblock30d"")]"
KNN,netblock30d,deterministic,2912,17155,2023-02-21,2.40000012293458,1.568869733065367,1,"C:\Users\yasemin.bozkurt\Desktop\article\DLPIF-repo-update\src\baseline_results.pkl::all_scenarios[(""knn"", ""netblock30d"")]"
KNN,netblock30d,deterministic,2913,17704,2023-02-21,0.20000000470317902,1.568869733065367,1,"C:\Users\yasemin.bozkurt\Desktop\article\DLPIF-repo-update\src\baseline_results.pkl::all_scenarios[(""knn"", ""netblock30d"")]"
KNN,netblock30d,deterministic,2914,17748,2023-02-21,0.20000000470317902,1.568869733065367,1,"C:\Users\yasemin.bozkurt\Desktop\article\DLPIF-repo-update\src\baseline_results.pkl::all_scenarios[(""knn"", ""netblock30d"")]"
KNN,netblock30d,deterministic,2915,17750,2023-02-21,0.0,1.568869733065367,1,"C:\Users\yasemin.bozkurt\Desktop\article\DLPIF-repo-update\src\baseline_results.pkl::all_scenarios[(""knn"", ""netblock30d"")]"
KNN,netblock30d,deterministic,2916,17155,2023-02-22,0.0,1.568869733065367,1,"C:\Users\yasemin.bozkurt\Desktop\article\DLPIF-repo-update\src\baseline_results.pkl::all_scenarios[(""knn"", ""netblock30d"")]"
KNN,netblock30d,deterministic,2917,17704,2023-02-22,0.0,1.568869733065367,1,"C:\Users\yasemin.bozkurt\Desktop\article\DLPIF-repo-update\src\baseline_results.pkl::all_scenarios[(""knn"", ""netblock30d"")]"
KNN,netblock30d,deterministic,2918,17748,2023-02-22,0.20000000470317902,1.568869733065367,1,"C:\Users\yasemin.bozkurt\Desktop\article\DLPIF-repo-update\src\baseline_results.pkl::all_scenarios[(""knn"", ""netblock30d"")]"
KNN,netblock30d,deterministic,2919,17750,2023-02-22,0.20000000470317902,1.568869733065367,1,"C:\Users\yasemin.bozkurt\Desktop\article\DLPIF-repo-update\src\baseline_results.pkl::all_scenarios[(""knn"", ""netblock30d"")]"
KNN,netblock30d,deterministic,2920,17155,2023-02-23,0.0,1.568869733065367,1,"C:\Users\yasemin.bozkurt\Desktop\article\DLPIF-repo-update\src\baseline_results.pkl::all_scenarios[(""knn"", ""netblock30d"")]"
KNN,netblock30d,deterministic,2921,17704,2023-02-23,0.0,1.568869733065367,1,"C:\Users\yasemin.bozkurt\Desktop\article\DLPIF-repo-update\src\baseline_results.pkl::all_scenarios[(""knn"", ""netblock30d"")]"
KNN,netblock30d,deterministic,2922,17748,2023-02-23,0.0,1.568869733065367,1,"C:\Users\yasemin.bozkurt\Desktop\article\DLPIF-repo-update\src\baseline_results.pkl::all_scenarios[(""knn"", ""netblock30d"")]"
KNN,netblock30d,deterministic,2923,17750,2023-02-23,0.0,1.568869733065367,1,"C:\Users\yasemin.bozkurt\Desktop\article\DLPIF-repo-update\src\baseline_results.pkl::all_scenarios[(""knn"", ""netblock30d"")]"
KNN,netblock30d,deterministic,2924,17155,2023-02-24,0.0,1.568869733065367,1,"C:\Users\yasemin.bozkurt\Desktop\article\DLPIF-repo-update\src\baseline_results.pkl::all_scenarios[(""knn"", ""netblock30d"")]"
KNN,netblock30d,deterministic,2925,17704,2023-02-24,0.0,1.568869733065367,1,"C:\Users\yasemin.bozkurt\Desktop\article\DLPIF-repo-update\src\baseline_results.pkl::all_scenarios[(""knn"", ""netblock30d"")]"
KNN,netblock30d,deterministic,2926,17748,2023-02-24,0.0,1.568869733065367,1,"C:\Users\yasemin.bozkurt\Desktop\article\DLPIF-repo-update\src\baseline_results.pkl::all_scenarios[(""knn"", ""netblock30d"")]"
KNN,netblock30d,deterministic,2927,17750,2023-02-24,0.0,1.568869733065367,1,"C:\Users\yasemin.bozkurt\Desktop\article\DLPIF-repo-update\src\baseline_results.pkl::all_scenarios[(""knn"", ""netblock30d"")]"
KNN,netblock30d,deterministic,2928,17155,2023-02-25,0.0,1.568869733065367,1,"C:\Users\yasemin.bozkurt\Desktop\article\DLPIF-repo-update\src\baseline_results.pkl::all_scenarios[(""knn"", ""netblock30d"")]"
KNN,netblock30d,deterministic,2929,17704,2023-02-25,0.0,1.568869733065367,1,"C:\Users\yasemin.bozkurt\Desktop\article\DLPIF-repo-update\src\baseline_results.pkl::all_scenarios[(""knn"", ""netblock30d"")]"
KNN,netblock30d,deterministic,2930,17748,2023-02-25,0.0,1.568869733065367,1,"C:\Users\yasemin.bozkurt\Desktop\article\DLPIF-repo-update\src\baseline_results.pkl::all_scenarios[(""knn"", ""netblock30d"")]"
KNN,netblock30d,deterministic,2931,17750,2023-02-25,0.0,1.568869733065367,1,"C:\Users\yasemin.bozkurt\Desktop\article\DLPIF-repo-update\src\baseline_results.pkl::all_scenarios[(""knn"", ""netblock30d"")]"
KNN,netblock30d,deterministic,2932,17155,2023-02-26,0.0,1.568869733065367,1,"C:\Users\yasemin.bozkurt\Desktop\article\DLPIF-repo-update\src\baseline_results.pkl::all_scenarios[(""knn"", ""netblock30d"")]"
KNN,netblock30d,deterministic,2933,17704,2023-02-26,0.0,1.568869733065367,1,"C:\Users\yasemin.bozkurt\Desktop\article\DLPIF-repo-update\src\baseline_results.pkl::all_scenarios[(""knn"", ""netblock30d"")]"
KNN,netblock30d,deterministic,2934,17748,2023-02-26,0.0,1.568869733065367,1,"C:\Users\yasemin.bozkurt\Desktop\article\DLPIF-repo-update\src\baseline_results.pkl::all_scenarios[(""knn"", ""netblock30d"")]"
KNN,netblock30d,deterministic,2935,17750,2023-02-26,0.0,1.568869733065367,1,"C:\Users\yasemin.bozkurt\Desktop\article\DLPIF-repo-update\src\baseline_results.pkl::all_scenarios[(""knn"", ""netblock30d"")]"
KNN,netblock30d,deterministic,2936,17155,2023-02-27,0.0,1.568869733065367,1,"C:\Users\yasemin.bozkurt\Desktop\article\DLPIF-repo-update\src\baseline_results.pkl::all_scenarios[(""knn"", ""netblock30d"")]"
KNN,netblock30d,deterministic,2937,17704,2023-02-27,0.0,1.568869733065367,1,"C:\Users\yasemin.bozkurt\Desktop\article\DLPIF-repo-update\src\baseline_results.pkl::all_scenarios[(""knn"", ""netblock30d"")]"
KNN,netblock30d,deterministic,2938,17748,2023-02-27,0.0,1.568869733065367,1,"C:\Users\yasemin.bozkurt\Desktop\article\DLPIF-repo-update\src\baseline_results.pkl::all_scenarios[(""knn"", ""netblock30d"")]"
KNN,netblock30d,deterministic,2939,17750,2023-02-27,0.0,1.568869733065367,1,"C:\Users\yasemin.bozkurt\Desktop\article\DLPIF-repo-update\src\baseline_results.pkl::all_scenarios[(""knn"", ""netblock30d"")]"
KNN,netblock30d,deterministic,2940,17155,2023-02-28,0.0,1.568869733065367,1,"C:\Users\yasemin.bozkurt\Desktop\article\DLPIF-repo-update\src\baseline_results.pkl::all_scenarios[(""knn"", ""netblock30d"")]"
KNN,netblock30d,deterministic,2941,17704,2023-02-28,0.0,1.568869733065367,1,"C:\Users\yasemin.bozkurt\Desktop\article\DLPIF-repo-update\src\baseline_results.pkl::all_scenarios[(""knn"", ""netblock30d"")]"
KNN,netblock30d,deterministic,2942,17748,2023-02-28,0.0,1.568869733065367,1,"C:\Users\yasemin.bozkurt\Desktop\article\DLPIF-repo-update\src\baseline_results.pkl::all_scenarios[(""knn"", ""netblock30d"")]"
KNN,netblock30d,deterministic,2943,17750,2023-02-28,0.0,1.568869733065367,1,"C:\Users\yasemin.bozkurt\Desktop\article\DLPIF-repo-update\src\baseline_results.pkl::all_scenarios[(""knn"", ""netblock30d"")]"
KNN,netblock30d,deterministic,2944,17155,2023-03-01,0.0,1.568869733065367,1,"C:\Users\yasemin.bozkurt\Desktop\article\DLPIF-repo-update\src\baseline_results.pkl::all_scenarios[(""knn"", ""netblock30d"")]"
KNN,netblock30d,deterministic,2945,17704,2023-03-01,0.0,1.568869733065367,1,"C:\Users\yasemin.bozkurt\Desktop\article\DLPIF-repo-update\src\baseline_results.pkl::all_scenarios[(""knn"", ""netblock30d"")]"
KNN,netblock30d,deterministic,2946,17748,2023-03-01,0.0,1.568869733065367,1,"C:\Users\yasemin.bozkurt\Desktop\article\DLPIF-repo-update\src\baseline_results.pkl::all_scenarios[(""knn"", ""netblock30d"")]"
KNN,netblock30d,deterministic,2947,17750,2023-03-01,0.0,1.568869733065367,1,"C:\Users\yasemin.bozkurt\Desktop\article\DLPIF-repo-update\src\baseline_results.pkl::all_scenarios[(""knn"", ""netblock30d"")]"
KNN,netblock30d,deterministic,2948,17155,2023-03-02,0.0,1.568869733065367,1,"C:\Users\yasemin.bozkurt\Desktop\article\DLPIF-repo-update\src\baseline_results.pkl::all_scenarios[(""knn"", ""netblock30d"")]"
KNN,netblock30d,deterministic,2949,17704,2023-03-02,0.0,1.568869733065367,1,"C:\Users\yasemin.bozkurt\Desktop\article\DLPIF-repo-update\src\baseline_results.pkl::all_scenarios[(""knn"", ""netblock30d"")]"
KNN,netblock30d,deterministic,2950,17748,2023-03-02,0.0,1.568869733065367,1,"C:\Users\yasemin.bozkurt\Desktop\article\DLPIF-repo-update\src\baseline_results.pkl::all_scenarios[(""knn"", ""netblock30d"")]"
KNN,netblock30d,deterministic,2951,17750,2023-03-02,0.0,1.568869733065367,1,"C:\Users\yasemin.bozkurt\Desktop\article\DLPIF-repo-update\src\baseline_results.pkl::all_scenarios[(""knn"", ""netblock30d"")]"
KNN,netblock30d,deterministic,2952,17155,2023-03-03,0.0,1.568869733065367,1,"C:\Users\yasemin.bozkurt\Desktop\article\DLPIF-repo-update\src\baseline_results.pkl::all_scenarios[(""knn"", ""netblock30d"")]"
KNN,netblock30d,deterministic,2953,17704,2023-03-03,0.20000000470317902,1.568869733065367,1,"C:\Users\yasemin.bozkurt\Desktop\article\DLPIF-repo-update\src\baseline_results.pkl::all_scenarios[(""knn"", ""netblock30d"")]"
KNN,netblock30d,deterministic,2954,17748,2023-03-03,0.0,1.568869733065367,1,"C:\Users\yasemin.bozkurt\Desktop\article\DLPIF-repo-update\src\baseline_results.pkl::all_scenarios[(""knn"", ""netblock30d"")]"
KNN,netblock30d,deterministic,2955,17750,2023-03-03,0.0,1.568869733065367,1,"C:\Users\yasemin.bozkurt\Desktop\article\DLPIF-repo-update\src\baseline_results.pkl::all_scenarios[(""knn"", ""netblock30d"")]"
KNN,netblock30d,deterministic,2956,17155,2023-03-04,0.0,1.568869733065367,1,"C:\Users\yasemin.bozkurt\Desktop\article\DLPIF-repo-update\src\baseline_results.pkl::all_scenarios[(""knn"", ""netblock30d"")]"
KNN,netblock30d,deterministic,2957,17704,2023-03-04,0.0,1.568869733065367,1,"C:\Users\yasemin.bozkurt\Desktop\article\DLPIF-repo-update\src\baseline_results.pkl::all_scenarios[(""knn"", ""netblock30d"")]"
KNN,netblock30d,deterministic,2958,17748,2023-03-04,0.0,1.568869733065367,1,"C:\Users\yasemin.bozkurt\Desktop\article\DLPIF-repo-update\src\baseline_results.pkl::all_scenarios[(""knn"", ""netblock30d"")]"
KNN,netblock30d,deterministic,2959,17750,2023-03-04,0.20000000470317902,1.568869733065367,1,"C:\Users\yasemin.bozkurt\Desktop\article\DLPIF-repo-update\src\baseline_results.pkl::all_scenarios[(""knn"", ""netblock30d"")]"
KNN,netblock30d,deterministic,2960,17155,2023-03-05,2.6000001110136512,1.568869733065367,1,"C:\Users\yasemin.bozkurt\Desktop\article\DLPIF-repo-update\src\baseline_results.pkl::all_scenarios[(""knn"", ""netblock30d"")]"
KNN,netblock30d,deterministic,2961,17704,2023-03-05,0.0,1.568869733065367,1,"C:\Users\yasemin.bozkurt\Desktop\article\DLPIF-repo-update\src\baseline_results.pkl::all_scenarios[(""knn"", ""netblock30d"")]"
KNN,netblock30d,deterministic,2962,17748,2023-03-05,0.600000030733645,1.568869733065367,1,"C:\Users\yasemin.bozkurt\Desktop\article\DLPIF-repo-update\src\baseline_results.pkl::all_scenarios[(""knn"", ""netblock30d"")]"
KNN,netblock30d,deterministic,2963,17750,2023-03-05,2.40000012293458,1.568869733065367,1,"C:\Users\yasemin.bozkurt\Desktop\article\DLPIF-repo-update\src\baseline_results.pkl::all_scenarios[(""knn"", ""netblock30d"")]"
KNN,netblock30d,deterministic,2964,17155,2023-03-06,7.3000000968575485,1.568869733065367,1,"C:\Users\yasemin.bozkurt\Desktop\article\DLPIF-repo-update\src\baseline_results.pkl::all_scenarios[(""knn"", ""netblock30d"")]"
KNN,netblock30d,deterministic,2965,17704,2023-03-06,0.0,1.568869733065367,1,"C:\Users\yasemin.bozkurt\Desktop\article\DLPIF-repo-update\src\baseline_results.pkl::all_scenarios[(""knn"", ""netblock30d"")]"
KNN,netblock30d,deterministic,2966,17748,2023-03-06,10.800000420212747,1.568869733065367,1,"C:\Users\yasemin.bozkurt\Desktop\article\DLPIF-repo-update\src\baseline_results.pkl::all_scenarios[(""knn"", ""netblock30d"")]"
KNN,netblock30d,deterministic,2967,17750,2023-03-06,15.800000122189523,1.568869733065367,1,"C:\Users\yasemin.bozkurt\Desktop\article\DLPIF-repo-update\src\baseline_results.pkl::all_scenarios[(""knn"", ""netblock30d"")]"
KNN,netblock30d,deterministic,2968,17155,2023-03-07,0.10000000235158951,1.568869733065367,1,"C:\Users\yasemin.bozkurt\Desktop\article\DLPIF-repo-update\src\baseline_results.pkl::all_scenarios[(""knn"", ""netblock30d"")]"
KNN,netblock30d,deterministic,2969,17704,2023-03-07,0.0,1.568869733065367,1,"C:\Users\yasemin.bozkurt\Desktop\article\DLPIF-repo-update\src\baseline_results.pkl::all_scenarios[(""knn"", ""netblock30d"")]"
KNN,netblock30d,deterministic,2970,17748,2023-03-07,0.0,1.568869733065367,1,"C:\Users\yasemin.bozkurt\Desktop\article\DLPIF-repo-update\src\baseline_results.pkl::all_scenarios[(""knn"", ""netblock30d"")]"
KNN,netblock30d,deterministic,2971,17750,2023-03-07,0.20000000470317902,1.568869733065367,1,"C:\Users\yasemin.bozkurt\Desktop\article\DLPIF-repo-update\src\baseline_results.pkl::all_scenarios[(""knn"", ""netblock30d"")]"
KNN,netblock30d,deterministic,2972,17155,2023-03-08,0.0,1.568869733065367,1,"C:\Users\yasemin.bozkurt\Desktop\article\DLPIF-repo-update\src\baseline_results.pkl::all_scenarios[(""knn"", ""netblock30d"")]"
KNN,netblock30d,deterministic,2973,17704,2023-03-08,0.0,1.568869733065367,1,"C:\Users\yasemin.bozkurt\Desktop\article\DLPIF-repo-update\src\baseline_results.pkl::all_scenarios[(""knn"", ""netblock30d"")]"
KNN,netblock30d,deterministic,2974,17748,2023-03-08,0.0,1.568869733065367,1,"C:\Users\yasemin.bozkurt\Desktop\article\DLPIF-repo-update\src\baseline_results.pkl::all_scenarios[(""knn"", ""netblock30d"")]"
KNN,netblock30d,deterministic,2975,17750,2023-03-08,0.0,1.568869733065367,1,"C:\Users\yasemin.bozkurt\Desktop\article\DLPIF-repo-update\src\baseline_results.pkl::all_scenarios[(""knn"", ""netblock30d"")]"
KNN,netblock30d,deterministic,2996,17155,2023-03-14,0.0,1.568869733065367,1,"C:\Users\yasemin.bozkurt\Desktop\article\DLPIF-repo-update\src\baseline_results.pkl::all_scenarios[(""knn"", ""netblock30d"")]"
KNN,netblock30d,deterministic,2997,17704,2023-03-14,0.0,1.568869733065367,1,"C:\Users\yasemin.bozkurt\Desktop\article\DLPIF-repo-update\src\baseline_results.pkl::all_scenarios[(""knn"", ""netblock30d"")]"
KNN,netblock30d,deterministic,2998,17748,2023-03-14,0.0,1.568869733065367,1,"C:\Users\yasemin.bozkurt\Desktop\article\DLPIF-repo-update\src\baseline_results.pkl::all_scenarios[(""knn"", ""netblock30d"")]"
KNN,netblock30d,deterministic,2999,17750,2023-03-14,0.0,1.568869733065367,1,"C:\Users\yasemin.bozkurt\Desktop\article\DLPIF-repo-update\src\baseline_results.pkl::all_scenarios[(""knn"", ""netblock30d"")]"
KNN,netblock30d,deterministic,3000,17155,2023-03-15,0.0,1.568869733065367,1,"C:\Users\yasemin.bozkurt\Desktop\article\DLPIF-repo-update\src\baseline_results.pkl::all_scenarios[(""knn"", ""netblock30d"")]"
KNN,netblock30d,deterministic,3001,17704,2023-03-15,0.0,1.568869733065367,1,"C:\Users\yasemin.bozkurt\Desktop\article\DLPIF-repo-update\src\baseline_results.pkl::all_scenarios[(""knn"", ""netblock30d"")]"
KNN,netblock30d,deterministic,3002,17748,2023-03-15,0.0,1.568869733065367,1,"C:\Users\yasemin.bozkurt\Desktop\article\DLPIF-repo-update\src\baseline_results.pkl::all_scenarios[(""knn"", ""netblock30d"")]"
KNN,netblock30d,deterministic,3003,17750,2023-03-15,0.20000000470317902,1.568869733065367,1,"C:\Users\yasemin.bozkurt\Desktop\article\DLPIF-repo-update\src\baseline_results.pkl::all_scenarios[(""knn"", ""netblock30d"")]"
KNN,netblock30d,deterministic,3004,17155,2023-03-16,0.0,1.568869733065367,1,"C:\Users\yasemin.bozkurt\Desktop\article\DLPIF-repo-update\src\baseline_results.pkl::all_scenarios[(""knn"", ""netblock30d"")]"
KNN,netblock30d,deterministic,3005,17704,2023-03-16,0.8000000188127161,1.568869733065367,1,"C:\Users\yasemin.bozkurt\Desktop\article\DLPIF-repo-update\src\baseline_results.pkl::all_scenarios[(""knn"", ""netblock30d"")]"
KNN,netblock30d,deterministic,3006,17748,2023-03-16,0.8000000188127161,1.568869733065367,1,"C:\Users\yasemin.bozkurt\Desktop\article\DLPIF-repo-update\src\baseline_results.pkl::all_scenarios[(""knn"", ""netblock30d"")]"
KNN,netblock30d,deterministic,3007,17750,2023-03-16,2.8000000990927223,1.568869733065367,1,"C:\Users\yasemin.bozkurt\Desktop\article\DLPIF-repo-update\src\baseline_results.pkl::all_scenarios[(""knn"", ""netblock30d"")]"
KNN,netblock30d,deterministic,3008,17155,2023-03-17,13.700000247359277,1.568869733065367,1,"C:\Users\yasemin.bozkurt\Desktop\article\DLPIF-repo-update\src\baseline_results.pkl::all_scenarios[(""knn"", ""netblock30d"")]"
KNN,netblock30d,deterministic,3009,17704,2023-03-17,2.6000001110136512,1.568869733065367,1,"C:\Users\yasemin.bozkurt\Desktop\article\DLPIF-repo-update\src\baseline_results.pkl::all_scenarios[(""knn"", ""netblock30d"")]"
KNN,netblock30d,deterministic,3010,17748,2023-03-17,2.0000000137835743,1.568869733065367,1,"C:\Users\yasemin.bozkurt\Desktop\article\DLPIF-repo-update\src\baseline_results.pkl::all_scenarios[(""knn"", ""netblock30d"")]"
KNN,netblock30d,deterministic,3011,17750,2023-03-17,5.0000002339482315,1.568869733065367,1,"C:\Users\yasemin.bozkurt\Desktop\article\DLPIF-repo-update\src\baseline_results.pkl::all_scenarios[(""knn"", ""netblock30d"")]"
KNN,netblock30d,deterministic,3012,17155,2023-03-18,7.100000108778477,1.568869733065367,1,"C:\Users\yasemin.bozkurt\Desktop\article\DLPIF-repo-update\src\baseline_results.pkl::all_scenarios[(""knn"", ""netblock30d"")]"
KNN,netblock30d,deterministic,3013,17704,2023-03-18,0.600000030733645,1.568869733065367,1,"C:\Users\yasemin.bozkurt\Desktop\article\DLPIF-repo-update\src\baseline_results.pkl::all_scenarios[(""knn"", ""netblock30d"")]"
KNN,netblock30d,deterministic,3014,17748,2023-03-18,1.20000006146729,1.568869733065367,1,"C:\Users\yasemin.bozkurt\Desktop\article\DLPIF-repo-update\src\baseline_results.pkl::all_scenarios[(""knn"", ""netblock30d"")]"
KNN,netblock30d,deterministic,3015,17750,2023-03-18,0.8000000188127161,1.568869733065367,1,"C:\Users\yasemin.bozkurt\Desktop\article\DLPIF-repo-update\src\baseline_results.pkl::all_scenarios[(""knn"", ""netblock30d"")]"
KNN,netblock30d,deterministic,3016,17155,2023-03-19,0.0,1.568869733065367,1,"C:\Users\yasemin.bozkurt\Desktop\article\DLPIF-repo-update\src\baseline_results.pkl::all_scenarios[(""knn"", ""netblock30d"")]"
KNN,netblock30d,deterministic,3017,17704,2023-03-19,0.0,1.568869733065367,1,"C:\Users\yasemin.bozkurt\Desktop\article\DLPIF-repo-update\src\baseline_results.pkl::all_scenarios[(""knn"", ""netblock30d"")]"
KNN,netblock30d,deterministic,3018,17748,2023-03-19,0.0,1.568869733065367,1,"C:\Users\yasemin.bozkurt\Desktop\article\DLPIF-repo-update\src\baseline_results.pkl::all_scenarios[(""knn"", ""netblock30d"")]"
KNN,netblock30d,deterministic,3019,17750,2023-03-19,0.20000000470317902,1.568869733065367,1,"C:\Users\yasemin.bozkurt\Desktop\article\DLPIF-repo-update\src\baseline_results.pkl::all_scenarios[(""knn"", ""netblock30d"")]"
KNN,netblock30d,deterministic,3020,17155,2023-03-20,0.7000000247731806,1.568869733065367,1,"C:\Users\yasemin.bozkurt\Desktop\article\DLPIF-repo-update\src\baseline_results.pkl::all_scenarios[(""knn"", ""netblock30d"")]"
KNN,netblock30d,deterministic,3021,17704,2023-03-20,0.20000000470317902,1.568869733065367,1,"C:\Users\yasemin.bozkurt\Desktop\article\DLPIF-repo-update\src\baseline_results.pkl::all_scenarios[(""knn"", ""netblock30d"")]"
KNN,netblock30d,deterministic,3022,17748,2023-03-20,0.0,1.568869733065367,1,"C:\Users\yasemin.bozkurt\Desktop\article\DLPIF-repo-update\src\baseline_results.pkl::all_scenarios[(""knn"", ""netblock30d"")]"
KNN,netblock30d,deterministic,3023,17750,2023-03-20,0.20000000470317902,1.568869733065367,1,"C:\Users\yasemin.bozkurt\Desktop\article\DLPIF-repo-update\src\baseline_results.pkl::all_scenarios[(""knn"", ""netblock30d"")]"
KNN,netblock30d,deterministic,3024,17155,2023-03-21,0.0,1.568869733065367,1,"C:\Users\yasemin.bozkurt\Desktop\article\DLPIF-repo-update\src\baseline_results.pkl::all_scenarios[(""knn"", ""netblock30d"")]"
KNN,netblock30d,deterministic,3025,17704,2023-03-21,0.0,1.568869733065367,1,"C:\Users\yasemin.bozkurt\Desktop\article\DLPIF-repo-update\src\baseline_results.pkl::all_scenarios[(""knn"", ""netblock30d"")]"
KNN,netblock30d,deterministic,3026,17748,2023-03-21,0.0,1.568869733065367,1,"C:\Users\yasemin.bozkurt\Desktop\article\DLPIF-repo-update\src\baseline_results.pkl::all_scenarios[(""knn"", ""netblock30d"")]"
KNN,netblock30d,deterministic,3027,17750,2023-03-21,0.0,1.568869733065367,1,"C:\Users\yasemin.bozkurt\Desktop\article\DLPIF-repo-update\src\baseline_results.pkl::all_scenarios[(""knn"", ""netblock30d"")]"
KNN,netblock30d,deterministic,3028,17155,2023-03-22,0.0,1.568869733065367,1,"C:\Users\yasemin.bozkurt\Desktop\article\DLPIF-repo-update\src\baseline_results.pkl::all_scenarios[(""knn"", ""netblock30d"")]"
KNN,netblock30d,deterministic,3029,17704,2023-03-22,0.0,1.568869733065367,1,"C:\Users\yasemin.bozkurt\Desktop\article\DLPIF-repo-update\src\baseline_results.pkl::all_scenarios[(""knn"", ""netblock30d"")]"
KNN,netblock30d,deterministic,3030,17748,2023-03-22,0.0,1.568869733065367,1,"C:\Users\yasemin.bozkurt\Desktop\article\DLPIF-repo-update\src\baseline_results.pkl::all_scenarios[(""knn"", ""netblock30d"")]"
KNN,netblock30d,deterministic,3031,17750,2023-03-22,0.0,1.568869733065367,1,"C:\Users\yasemin.bozkurt\Desktop\article\DLPIF-repo-update\src\baseline_results.pkl::all_scenarios[(""knn"", ""netblock30d"")]"
KNN,netblock30d,deterministic,3032,17155,2023-03-23,7.100000108778477,1.568869733065367,1,"C:\Users\yasemin.bozkurt\Desktop\article\DLPIF-repo-update\src\baseline_results.pkl::all_scenarios[(""knn"", ""netblock30d"")]"
KNN,netblock30d,deterministic,3033,17704,2023-03-23,17.20000003874302,1.568869733065367,1,"C:\Users\yasemin.bozkurt\Desktop\article\DLPIF-repo-update\src\baseline_results.pkl::all_scenarios[(""knn"", ""netblock30d"")]"
KNN,netblock30d,deterministic,3034,17748,2023-03-23,6.000000174343587,1.568869733065367,1,"C:\Users\yasemin.bozkurt\Desktop\article\DLPIF-repo-update\src\baseline_results.pkl::all_scenarios[(""knn"", ""netblock30d"")]"
KNN,netblock30d,deterministic,3035,17750,2023-03-23,6.6000001385808,1.568869733065367,1,"C:\Users\yasemin.bozkurt\Desktop\article\DLPIF-repo-update\src\baseline_results.pkl::all_scenarios[(""knn"", ""netblock30d"")]"
KNN,netblock30d,deterministic,3036,17155,2023-03-24,0.40000000940635805,1.568869733065367,1,"C:\Users\yasemin.bozkurt\Desktop\article\DLPIF-repo-update\src\baseline_results.pkl::all_scenarios[(""knn"", ""netblock30d"")]"
KNN,netblock30d,deterministic,3037,17704,2023-03-24,0.40000000940635805,1.568869733065367,1,"C:\Users\yasemin.bozkurt\Desktop\article\DLPIF-repo-update\src\baseline_results.pkl::all_scenarios[(""knn"", ""netblock30d"")]"
KNN,netblock30d,deterministic,3038,17748,2023-03-24,0.0,1.568869733065367,1,"C:\Users\yasemin.bozkurt\Desktop\article\DLPIF-repo-update\src\baseline_results.pkl::all_scenarios[(""knn"", ""netblock30d"")]"
KNN,netblock30d,deterministic,3039,17750,2023-03-24,0.0,1.568869733065367,1,"C:\Users\yasemin.bozkurt\Desktop\article\DLPIF-repo-update\src\baseline_results.pkl::all_scenarios[(""knn"", ""netblock30d"")]"
KNN,netblock30d,deterministic,3040,17155,2023-03-25,0.0,1.568869733065367,1,"C:\Users\yasemin.bozkurt\Desktop\article\DLPIF-repo-update\src\baseline_results.pkl::all_scenarios[(""knn"", ""netblock30d"")]"
KNN,netblock30d,deterministic,3041,17704,2023-03-25,0.0,1.568869733065367,1,"C:\Users\yasemin.bozkurt\Desktop\article\DLPIF-repo-update\src\baseline_results.pkl::all_scenarios[(""knn"", ""netblock30d"")]"
KNN,netblock30d,deterministic,3042,17748,2023-03-25,0.20000000470317902,1.568869733065367,1,"C:\Users\yasemin.bozkurt\Desktop\article\DLPIF-repo-update\src\baseline_results.pkl::all_scenarios[(""knn"", ""netblock30d"")]"
KNN,netblock30d,deterministic,3043,17750,2023-03-25,0.0,1.568869733065367,1,"C:\Users\yasemin.bozkurt\Desktop\article\DLPIF-repo-update\src\baseline_results.pkl::all_scenarios[(""knn"", ""netblock30d"")]"
KNN,netblock30d,deterministic,3044,17155,2023-03-26,0.0,1.568869733065367,1,"C:\Users\yasemin.bozkurt\Desktop\article\DLPIF-repo-update\src\baseline_results.pkl::all_scenarios[(""knn"", ""netblock30d"")]"
KNN,netblock30d,deterministic,3045,17704,2023-03-26,0.0,1.568869733065367,1,"C:\Users\yasemin.bozkurt\Desktop\article\DLPIF-repo-update\src\baseline_results.pkl::all_scenarios[(""knn"", ""netblock30d"")]"
KNN,netblock30d,deterministic,3046,17748,2023-03-26,0.0,1.568869733065367,1,"C:\Users\yasemin.bozkurt\Desktop\article\DLPIF-repo-update\src\baseline_results.pkl::all_scenarios[(""knn"", ""netblock30d"")]"
KNN,netblock30d,deterministic,3047,17750,2023-03-26,0.0,1.568869733065367,1,"C:\Users\yasemin.bozkurt\Desktop\article\DLPIF-repo-update\src\baseline_results.pkl::all_scenarios[(""knn"", ""netblock30d"")]"
KNN,netblock30d,deterministic,3048,17155,2023-03-27,0.0,1.568869733065367,1,"C:\Users\yasemin.bozkurt\Desktop\article\DLPIF-repo-update\src\baseline_results.pkl::all_scenarios[(""knn"", ""netblock30d"")]"
KNN,netblock30d,deterministic,3049,17704,2023-03-27,0.0,1.568869733065367,1,"C:\Users\yasemin.bozkurt\Desktop\article\DLPIF-repo-update\src\baseline_results.pkl::all_scenarios[(""knn"", ""netblock30d"")]"
KNN,netblock30d,deterministic,3050,17748,2023-03-27,0.0,1.568869733065367,1,"C:\Users\yasemin.bozkurt\Desktop\article\DLPIF-repo-update\src\baseline_results.pkl::all_scenarios[(""knn"", ""netblock30d"")]"
KNN,netblock30d,deterministic,3051,17750,2023-03-27,0.0,1.568869733065367,1,"C:\Users\yasemin.bozkurt\Desktop\article\DLPIF-repo-update\src\baseline_results.pkl::all_scenarios[(""knn"", ""netblock30d"")]"
KNN,netblock30d,deterministic,3052,17155,2023-03-28,1.0000000068917871,1.568869733065367,1,"C:\Users\yasemin.bozkurt\Desktop\article\DLPIF-repo-update\src\baseline_results.pkl::all_scenarios[(""knn"", ""netblock30d"")]"
KNN,netblock30d,deterministic,3053,17704,2023-03-28,1.4000000495463611,1.568869733065367,1,"C:\Users\yasemin.bozkurt\Desktop\article\DLPIF-repo-update\src\baseline_results.pkl::all_scenarios[(""knn"", ""netblock30d"")]"
KNN,netblock30d,deterministic,3054,17748,2023-03-28,3.4000000633299354,1.568869733065367,1,"C:\Users\yasemin.bozkurt\Desktop\article\DLPIF-repo-update\src\baseline_results.pkl::all_scenarios[(""knn"", ""netblock30d"")]"
KNN,netblock30d,deterministic,3055,17750,2023-03-28,0.600000030733645,1.568869733065367,1,"C:\Users\yasemin.bozkurt\Desktop\article\DLPIF-repo-update\src\baseline_results.pkl::all_scenarios[(""knn"", ""netblock30d"")]"
KNN,netblock30d,deterministic,3056,17155,2023-03-29,13.100000283122064,1.568869733065367,1,"C:\Users\yasemin.bozkurt\Desktop\article\DLPIF-repo-update\src\baseline_results.pkl::all_scenarios[(""knn"", ""netblock30d"")]"
KNN,netblock30d,deterministic,3057,17704,2023-03-29,16.400000086426736,1.568869733065367,1,"C:\Users\yasemin.bozkurt\Desktop\article\DLPIF-repo-update\src\baseline_results.pkl::all_scenarios[(""knn"", ""netblock30d"")]"
KNN,netblock30d,deterministic,3058,17748,2023-03-29,10.000000467896463,1.568869733065367,1,"C:\Users\yasemin.bozkurt\Desktop\article\DLPIF-repo-update\src\baseline_results.pkl::all_scenarios[(""knn"", ""netblock30d"")]"
KNN,netblock30d,deterministic,3059,17750,2023-03-29,20.200000923871997,1.568869733065367,1,"C:\Users\yasemin.bozkurt\Desktop\article\DLPIF-repo-update\src\baseline_results.pkl::all_scenarios[(""knn"", ""netblock30d"")]"
KNN,netblock30d,deterministic,3060,17155,2023-03-30,1.6000000376254322,1.568869733065367,1,"C:\Users\yasemin.bozkurt\Desktop\article\DLPIF-repo-update\src\baseline_results.pkl::all_scenarios[(""knn"", ""netblock30d"")]"
KNN,netblock30d,deterministic,3061,17704,2023-03-30,3.4000000633299354,1.568869733065367,1,"C:\Users\yasemin.bozkurt\Desktop\article\DLPIF-repo-update\src\baseline_results.pkl::all_scenarios[(""knn"", ""netblock30d"")]"
KNN,netblock30d,deterministic,3062,17748,2023-03-30,0.600000030733645,1.568869733065367,1,"C:\Users\yasemin.bozkurt\Desktop\article\DLPIF-repo-update\src\baseline_results.pkl::all_scenarios[(""knn"", ""netblock30d"")]"
KNN,netblock30d,deterministic,3063,17750,2023-03-30,0.40000000940635805,1.568869733065367,1,"C:\Users\yasemin.bozkurt\Desktop\article\DLPIF-repo-update\src\baseline_results.pkl::all_scenarios[(""knn"", ""netblock30d"")]"
KNN,netblock30d,deterministic,3064,17155,2023-03-31,0.0,1.568869733065367,1,"C:\Users\yasemin.bozkurt\Desktop\article\DLPIF-repo-update\src\baseline_results.pkl::all_scenarios[(""knn"", ""netblock30d"")]"
KNN,netblock30d,deterministic,3065,17704,2023-03-31,1.0000000068917871,1.568869733065367,1,"C:\Users\yasemin.bozkurt\Desktop\article\DLPIF-repo-update\src\baseline_results.pkl::all_scenarios[(""knn"", ""netblock30d"")]"
KNN,netblock30d,deterministic,3066,17748,2023-03-31,0.0,1.568869733065367,1,"C:\Users\yasemin.bozkurt\Desktop\article\DLPIF-repo-update\src\baseline_results.pkl::all_scenarios[(""knn"", ""netblock30d"")]"
KNN,netblock30d,deterministic,3067,17750,2023-03-31,0.20000000470317902,1.568869733065367,1,"C:\Users\yasemin.bozkurt\Desktop\article\DLPIF-repo-update\src\baseline_results.pkl::all_scenarios[(""knn"", ""netblock30d"")]"
KNN,netblock30d,deterministic,3068,17155,2023-04-01,0.0,1.568869733065367,1,"C:\Users\yasemin.bozkurt\Desktop\article\DLPIF-repo-update\src\baseline_results.pkl::all_scenarios[(""knn"", ""netblock30d"")]"
KNN,netblock30d,deterministic,3069,17704,2023-04-01,0.0,1.568869733065367,1,"C:\Users\yasemin.bozkurt\Desktop\article\DLPIF-repo-update\src\baseline_results.pkl::all_scenarios[(""knn"", ""netblock30d"")]"
KNN,netblock30d,deterministic,3070,17748,2023-04-01,0.0,1.568869733065367,1,"C:\Users\yasemin.bozkurt\Desktop\article\DLPIF-repo-update\src\baseline_results.pkl::all_scenarios[(""knn"", ""netblock30d"")]"
KNN,netblock30d,deterministic,3071,17750,2023-04-01,0.0,1.568869733065367,1,"C:\Users\yasemin.bozkurt\Desktop\article\DLPIF-repo-update\src\baseline_results.pkl::all_scenarios[(""knn"", ""netblock30d"")]"
KNN,netblock30d,deterministic,3072,17155,2023-04-02,0.0,1.568869733065367,1,"C:\Users\yasemin.bozkurt\Desktop\article\DLPIF-repo-update\src\baseline_results.pkl::all_scenarios[(""knn"", ""netblock30d"")]"
KNN,netblock30d,deterministic,3073,17704,2023-04-02,0.0,1.568869733065367,1,"C:\Users\yasemin.bozkurt\Desktop\article\DLPIF-repo-update\src\baseline_results.pkl::all_scenarios[(""knn"", ""netblock30d"")]"
KNN,netblock30d,deterministic,3074,17748,2023-04-02,0.0,1.568869733065367,1,"C:\Users\yasemin.bozkurt\Desktop\article\DLPIF-repo-update\src\baseline_results.pkl::all_scenarios[(""knn"", ""netblock30d"")]"
KNN,netblock30d,deterministic,3075,17750,2023-04-02,0.0,1.568869733065367,1,"C:\Users\yasemin.bozkurt\Desktop\article\DLPIF-repo-update\src\baseline_results.pkl::all_scenarios[(""knn"", ""netblock30d"")]"
KNN,netblock30d,deterministic,3076,17155,2023-04-03,0.3000000153668225,1.568869733065367,1,"C:\Users\yasemin.bozkurt\Desktop\article\DLPIF-repo-update\src\baseline_results.pkl::all_scenarios[(""knn"", ""netblock30d"")]"
KNN,netblock30d,deterministic,3077,17704,2023-04-03,1.4000000495463611,1.568869733065367,1,"C:\Users\yasemin.bozkurt\Desktop\article\DLPIF-repo-update\src\baseline_results.pkl::all_scenarios[(""knn"", ""netblock30d"")]"
KNN,netblock30d,deterministic,3078,17748,2023-04-03,0.0,1.568869733065367,1,"C:\Users\yasemin.bozkurt\Desktop\article\DLPIF-repo-update\src\baseline_results.pkl::all_scenarios[(""knn"", ""netblock30d"")]"
KNN,netblock30d,deterministic,3079,17750,2023-04-03,0.0,1.568869733065367,1,"C:\Users\yasemin.bozkurt\Desktop\article\DLPIF-repo-update\src\baseline_results.pkl::all_scenarios[(""knn"", ""netblock30d"")]"
KNN,netblock30d,deterministic,3080,17155,2023-04-04,0.20000000470317902,1.568869733065367,1,"C:\Users\yasemin.bozkurt\Desktop\article\DLPIF-repo-update\src\baseline_results.pkl::all_scenarios[(""knn"", ""netblock30d"")]"
KNN,netblock30d,deterministic,3081,17704,2023-04-04,1.20000006146729,1.568869733065367,1,"C:\Users\yasemin.bozkurt\Desktop\article\DLPIF-repo-update\src\baseline_results.pkl::all_scenarios[(""knn"", ""netblock30d"")]"
KNN,netblock30d,deterministic,3082,17748,2023-04-04,0.0,1.568869733065367,1,"C:\Users\yasemin.bozkurt\Desktop\article\DLPIF-repo-update\src\baseline_results.pkl::all_scenarios[(""knn"", ""netblock30d"")]"
KNN,netblock30d,deterministic,3083,17750,2023-04-04,0.0,1.568869733065367,1,"C:\Users\yasemin.bozkurt\Desktop\article\DLPIF-repo-update\src\baseline_results.pkl::all_scenarios[(""knn"", ""netblock30d"")]"
KNN,netblock30d,deterministic,3084,17155,2023-04-05,9.700000485777856,1.568869733065367,1,"C:\Users\yasemin.bozkurt\Desktop\article\DLPIF-repo-update\src\baseline_results.pkl::all_scenarios[(""knn"", ""netblock30d"")]"
KNN,netblock30d,deterministic,3085,17704,2023-04-05,5.600000198185445,1.568869733065367,1,"C:\Users\yasemin.bozkurt\Desktop\article\DLPIF-repo-update\src\baseline_results.pkl::all_scenarios[(""knn"", ""netblock30d"")]"
KNN,netblock30d,deterministic,3086,17748,2023-04-05,5.0000002339482315,1.568869733065367,1,"C:\Users\yasemin.bozkurt\Desktop\article\DLPIF-repo-update\src\baseline_results.pkl::all_scenarios[(""knn"", ""netblock30d"")]"
KNN,netblock30d,deterministic,3087,17750,2023-04-05,10.400000444054605,1.568869733065367,1,"C:\Users\yasemin.bozkurt\Desktop\article\DLPIF-repo-update\src\baseline_results.pkl::all_scenarios[(""knn"", ""netblock30d"")]"
KNN,netblock30d,deterministic,3088,17155,2023-04-06,8.40000003129244,1.568869733065367,1,"C:\Users\yasemin.bozkurt\Desktop\article\DLPIF-repo-update\src\baseline_results.pkl::all_scenarios[(""knn"", ""netblock30d"")]"
KNN,netblock30d,deterministic,3089,17704,2023-04-06,13.40000026524067,1.568869733065367,1,"C:\Users\yasemin.bozkurt\Desktop\article\DLPIF-repo-update\src\baseline_results.pkl::all_scenarios[(""knn"", ""netblock30d"")]"
KNN,netblock30d,deterministic,3090,17748,2023-04-06,2.8000000990927223,1.568869733065367,1,"C:\Users\yasemin.bozkurt\Desktop\article\DLPIF-repo-update\src\baseline_results.pkl::all_scenarios[(""knn"", ""netblock30d"")]"
KNN,netblock30d,deterministic,3091,17750,2023-04-06,13.600000253319742,1.568869733065367,1,"C:\Users\yasemin.bozkurt\Desktop\article\DLPIF-repo-update\src\baseline_results.pkl::all_scenarios[(""knn"", ""netblock30d"")]"
KNN,netblock30d,deterministic,3092,17155,2023-04-07,6.100000168383122,1.568869733065367,1,"C:\Users\yasemin.bozkurt\Desktop\article\DLPIF-repo-update\src\baseline_results.pkl::all_scenarios[(""knn"", ""netblock30d"")]"
KNN,netblock30d,deterministic,3093,17704,2023-04-07,7.800000067055226,1.568869733065367,1,"C:\Users\yasemin.bozkurt\Desktop\article\DLPIF-repo-update\src\baseline_results.pkl::all_scenarios[(""knn"", ""netblock30d"")]"
KNN,netblock30d,deterministic,3094,17748,2023-04-07,3.0000000871717933,1.568869733065367,1,"C:\Users\yasemin.bozkurt\Desktop\article\DLPIF-repo-update\src\baseline_results.pkl::all_scenarios[(""knn"", ""netblock30d"")]"
KNN,netblock30d,deterministic,3095,17750,2023-04-07,12.000000348687173,1.568869733065367,1,"C:\Users\yasemin.bozkurt\Desktop\article\DLPIF-repo-update\src\baseline_results.pkl::all_scenarios[(""knn"", ""netblock30d"")]"
KNN,netblock30d,deterministic,3096,17155,2023-04-08,0.20000000470317902,1.568869733065367,1,"C:\Users\yasemin.bozkurt\Desktop\article\DLPIF-repo-update\src\baseline_results.pkl::all_scenarios[(""knn"", ""netblock30d"")]"
KNN,netblock30d,deterministic,3097,17704,2023-04-08,1.8000000257045032,1.568869733065367,1,"C:\Users\yasemin.bozkurt\Desktop\article\DLPIF-repo-update\src\baseline_results.pkl::all_scenarios[(""knn"", ""netblock30d"")]"
KNN,netblock30d,deterministic,3098,17748,2023-04-08,3.2000000752508644,1.568869733065367,1,"C:\Users\yasemin.bozkurt\Desktop\article\DLPIF-repo-update\src\baseline_results.pkl::all_scenarios[(""knn"", ""netblock30d"")]"
KNN,netblock30d,deterministic,3099,17750,2023-04-08,7.000000114738942,1.568869733065367,1,"C:\Users\yasemin.bozkurt\Desktop\article\DLPIF-repo-update\src\baseline_results.pkl::all_scenarios[(""knn"", ""netblock30d"")]"
KNN,netblock30d,deterministic,3100,17155,2023-04-09,0.0,1.568869733065367,1,"C:\Users\yasemin.bozkurt\Desktop\article\DLPIF-repo-update\src\baseline_results.pkl::all_scenarios[(""knn"", ""netblock30d"")]"
KNN,netblock30d,deterministic,3101,17704,2023-04-09,0.0,1.568869733065367,1,"C:\Users\yasemin.bozkurt\Desktop\article\DLPIF-repo-update\src\baseline_results.pkl::all_scenarios[(""knn"", ""netblock30d"")]"
KNN,netblock30d,deterministic,3102,17748,2023-04-09,1.0000000068917871,1.568869733065367,1,"C:\Users\yasemin.bozkurt\Desktop\article\DLPIF-repo-update\src\baseline_results.pkl::all_scenarios[(""knn"", ""netblock30d"")]"
KNN,netblock30d,deterministic,3103,17750,2023-04-09,0.8000000188127161,1.568869733065367,1,"C:\Users\yasemin.bozkurt\Desktop\article\DLPIF-repo-update\src\baseline_results.pkl::all_scenarios[(""knn"", ""netblock30d"")]"
KNN,netblock30d,deterministic,3104,17155,2023-04-10,0.20000000470317902,1.568869733065367,1,"C:\Users\yasemin.bozkurt\Desktop\article\DLPIF-repo-update\src\baseline_results.pkl::all_scenarios[(""knn"", ""netblock30d"")]"
KNN,netblock30d,deterministic,3105,17704,2023-04-10,0.40000000940635805,1.568869733065367,1,"C:\Users\yasemin.bozkurt\Desktop\article\DLPIF-repo-update\src\baseline_results.pkl::all_scenarios[(""knn"", ""netblock30d"")]"
KNN,netblock30d,deterministic,3106,17748,2023-04-10,0.8000000188127161,1.568869733065367,1,"C:\Users\yasemin.bozkurt\Desktop\article\DLPIF-repo-update\src\baseline_results.pkl::all_scenarios[(""knn"", ""netblock30d"")]"
KNN,netblock30d,deterministic,3107,17750,2023-04-10,0.0,1.568869733065367,1,"C:\Users\yasemin.bozkurt\Desktop\article\DLPIF-repo-update\src\baseline_results.pkl::all_scenarios[(""knn"", ""netblock30d"")]"
KNN,netblock30d,deterministic,3108,17155,2023-04-11,9.300000509619714,1.568869733065367,1,"C:\Users\yasemin.bozkurt\Desktop\article\DLPIF-repo-update\src\baseline_results.pkl::all_scenarios[(""knn"", ""netblock30d"")]"
KNN,netblock30d,deterministic,3109,17704,2023-04-11,1.20000006146729,1.568869733065367,1,"C:\Users\yasemin.bozkurt\Desktop\article\DLPIF-repo-update\src\baseline_results.pkl::all_scenarios[(""knn"", ""netblock30d"")]"
KNN,netblock30d,deterministic,3110,17748,2023-04-11,6.400000150501729,1.568869733065367,1,"C:\Users\yasemin.bozkurt\Desktop\article\DLPIF-repo-update\src\baseline_results.pkl::all_scenarios[(""knn"", ""netblock30d"")]"
KNN,netblock30d,deterministic,3111,17750,2023-04-11,1.20000006146729,1.568869733065367,1,"C:\Users\yasemin.bozkurt\Desktop\article\DLPIF-repo-update\src\baseline_results.pkl::all_scenarios[(""knn"", ""netblock30d"")]"
KNN,netblock30d,deterministic,3112,17155,2023-04-12,5.600000198185445,1.568869733065367,1,"C:\Users\yasemin.bozkurt\Desktop\article\DLPIF-repo-update\src\baseline_results.pkl::all_scenarios[(""knn"", ""netblock30d"")]"
KNN,netblock30d,deterministic,3113,17704,2023-04-12,1.0000000068917871,1.568869733065367,1,"C:\Users\yasemin.bozkurt\Desktop\article\DLPIF-repo-update\src\baseline_results.pkl::all_scenarios[(""knn"", ""netblock30d"")]"
KNN,netblock30d,deterministic,3114,17748,2023-04-12,4.000000027567149,1.568869733065367,1,"C:\Users\yasemin.bozkurt\Desktop\article\DLPIF-repo-update\src\baseline_results.pkl::all_scenarios[(""knn"", ""netblock30d"")]"
KNN,netblock30d,deterministic,3115,17750,2023-04-12,2.0000000137835743,1.568869733065367,1,"C:\Users\yasemin.bozkurt\Desktop\article\DLPIF-repo-update\src\baseline_results.pkl::all_scenarios[(""knn"", ""netblock30d"")]"
KNN,netblock30d,deterministic,3728,17155,2023-09-13,0.0,1.568869733065367,1,"C:\Users\yasemin.bozkurt\Desktop\article\DLPIF-repo-update\src\baseline_results.pkl::all_scenarios[(""knn"", ""netblock30d"")]"
KNN,netblock30d,deterministic,3729,17704,2023-09-13,0.0,1.568869733065367,1,"C:\Users\yasemin.bozkurt\Desktop\article\DLPIF-repo-update\src\baseline_results.pkl::all_scenarios[(""knn"", ""netblock30d"")]"
KNN,netblock30d,deterministic,3730,17748,2023-09-13,0.0,1.568869733065367,1,"C:\Users\yasemin.bozkurt\Desktop\article\DLPIF-repo-update\src\baseline_results.pkl::all_scenarios[(""knn"", ""netblock30d"")]"
KNN,netblock30d,deterministic,3731,17750,2023-09-13,0.0,1.568869733065367,1,"C:\Users\yasemin.bozkurt\Desktop\article\DLPIF-repo-update\src\baseline_results.pkl::all_scenarios[(""knn"", ""netblock30d"")]"
KNN,netblock30d,deterministic,3732,17155,2023-09-14,0.0,1.568869733065367,1,"C:\Users\yasemin.bozkurt\Desktop\article\DLPIF-repo-update\src\baseline_results.pkl::all_scenarios[(""knn"", ""netblock30d"")]"
KNN,netblock30d,deterministic,3733,17704,2023-09-14,0.0,1.568869733065367,1,"C:\Users\yasemin.bozkurt\Desktop\article\DLPIF-repo-update\src\baseline_results.pkl::all_scenarios[(""knn"", ""netblock30d"")]"
KNN,netblock30d,deterministic,3734,17748,2023-09-14,0.0,1.568869733065367,1,"C:\Users\yasemin.bozkurt\Desktop\article\DLPIF-repo-update\src\baseline_results.pkl::all_scenarios[(""knn"", ""netblock30d"")]"
KNN,netblock30d,deterministic,3735,17750,2023-09-14,0.0,1.568869733065367,1,"C:\Users\yasemin.bozkurt\Desktop\article\DLPIF-repo-update\src\baseline_results.pkl::all_scenarios[(""knn"", ""netblock30d"")]"
KNN,netblock30d,deterministic,3736,17155,2023-09-15,0.0,1.568869733065367,1,"C:\Users\yasemin.bozkurt\Desktop\article\DLPIF-repo-update\src\baseline_results.pkl::all_scenarios[(""knn"", ""netblock30d"")]"
KNN,netblock30d,deterministic,3737,17704,2023-09-15,0.0,1.568869733065367,1,"C:\Users\yasemin.bozkurt\Desktop\article\DLPIF-repo-update\src\baseline_results.pkl::all_scenarios[(""knn"", ""netblock30d"")]"
KNN,netblock30d,deterministic,3738,17748,2023-09-15,0.0,1.568869733065367,1,"C:\Users\yasemin.bozkurt\Desktop\article\DLPIF-repo-update\src\baseline_results.pkl::all_scenarios[(""knn"", ""netblock30d"")]"
KNN,netblock30d,deterministic,3739,17750,2023-09-15,0.0,1.568869733065367,1,"C:\Users\yasemin.bozkurt\Desktop\article\DLPIF-repo-update\src\baseline_results.pkl::all_scenarios[(""knn"", ""netblock30d"")]"
KNN,netblock30d,deterministic,3740,17155,2023-09-16,0.0,1.568869733065367,1,"C:\Users\yasemin.bozkurt\Desktop\article\DLPIF-repo-update\src\baseline_results.pkl::all_scenarios[(""knn"", ""netblock30d"")]"
KNN,netblock30d,deterministic,3741,17704,2023-09-16,0.0,1.568869733065367,1,"C:\Users\yasemin.bozkurt\Desktop\article\DLPIF-repo-update\src\baseline_results.pkl::all_scenarios[(""knn"", ""netblock30d"")]"
KNN,netblock30d,deterministic,3742,17748,2023-09-16,0.0,1.568869733065367,1,"C:\Users\yasemin.bozkurt\Desktop\article\DLPIF-repo-update\src\baseline_results.pkl::all_scenarios[(""knn"", ""netblock30d"")]"
KNN,netblock30d,deterministic,3743,17750,2023-09-16,0.0,1.568869733065367,1,"C:\Users\yasemin.bozkurt\Desktop\article\DLPIF-repo-update\src\baseline_results.pkl::all_scenarios[(""knn"", ""netblock30d"")]"
KNN,netblock30d,deterministic,3744,17155,2023-09-17,0.0,1.568869733065367,1,"C:\Users\yasemin.bozkurt\Desktop\article\DLPIF-repo-update\src\baseline_results.pkl::all_scenarios[(""knn"", ""netblock30d"")]"
KNN,netblock30d,deterministic,3745,17704,2023-09-17,0.0,1.568869733065367,1,"C:\Users\yasemin.bozkurt\Desktop\article\DLPIF-repo-update\src\baseline_results.pkl::all_scenarios[(""knn"", ""netblock30d"")]"
KNN,netblock30d,deterministic,3746,17748,2023-09-17,0.0,1.568869733065367,1,"C:\Users\yasemin.bozkurt\Desktop\article\DLPIF-repo-update\src\baseline_results.pkl::all_scenarios[(""knn"", ""netblock30d"")]"
KNN,netblock30d,deterministic,3747,17750,2023-09-17,0.0,1.568869733065367,1,"C:\Users\yasemin.bozkurt\Desktop\article\DLPIF-repo-update\src\baseline_results.pkl::all_scenarios[(""knn"", ""netblock30d"")]"
KNN,netblock30d,deterministic,3748,17155,2023-09-18,0.0,1.568869733065367,1,"C:\Users\yasemin.bozkurt\Desktop\article\DLPIF-repo-update\src\baseline_results.pkl::all_scenarios[(""knn"", ""netblock30d"")]"
KNN,netblock30d,deterministic,3749,17704,2023-09-18,0.0,1.568869733065367,1,"C:\Users\yasemin.bozkurt\Desktop\article\DLPIF-repo-update\src\baseline_results.pkl::all_scenarios[(""knn"", ""netblock30d"")]"
KNN,netblock30d,deterministic,3750,17748,2023-09-18,0.0,1.568869733065367,1,"C:\Users\yasemin.bozkurt\Desktop\article\DLPIF-repo-update\src\baseline_results.pkl::all_scenarios[(""knn"", ""netblock30d"")]"
KNN,netblock30d,deterministic,3751,17750,2023-09-18,0.0,1.568869733065367,1,"C:\Users\yasemin.bozkurt\Desktop\article\DLPIF-repo-update\src\baseline_results.pkl::all_scenarios[(""knn"", ""netblock30d"")]"
KNN,netblock30d,deterministic,3752,17155,2023-09-19,0.0,1.568869733065367,1,"C:\Users\yasemin.bozkurt\Desktop\article\DLPIF-repo-update\src\baseline_results.pkl::all_scenarios[(""knn"", ""netblock30d"")]"
KNN,netblock30d,deterministic,3753,17704,2023-09-19,0.0,1.568869733065367,1,"C:\Users\yasemin.bozkurt\Desktop\article\DLPIF-repo-update\src\baseline_results.pkl::all_scenarios[(""knn"", ""netblock30d"")]"
KNN,netblock30d,deterministic,3754,17748,2023-09-19,0.0,1.568869733065367,1,"C:\Users\yasemin.bozkurt\Desktop\article\DLPIF-repo-update\src\baseline_results.pkl::all_scenarios[(""knn"", ""netblock30d"")]"
KNN,netblock30d,deterministic,3755,17750,2023-09-19,0.0,1.568869733065367,1,"C:\Users\yasemin.bozkurt\Desktop\article\DLPIF-repo-update\src\baseline_results.pkl::all_scenarios[(""knn"", ""netblock30d"")]"
KNN,netblock30d,deterministic,3756,17155,2023-09-20,0.0,1.568869733065367,1,"C:\Users\yasemin.bozkurt\Desktop\article\DLPIF-repo-update\src\baseline_results.pkl::all_scenarios[(""knn"", ""netblock30d"")]"
KNN,netblock30d,deterministic,3757,17704,2023-09-20,0.0,1.568869733065367,1,"C:\Users\yasemin.bozkurt\Desktop\article\DLPIF-repo-update\src\baseline_results.pkl::all_scenarios[(""knn"", ""netblock30d"")]"
KNN,netblock30d,deterministic,3758,17748,2023-09-20,0.0,1.568869733065367,1,"C:\Users\yasemin.bozkurt\Desktop\article\DLPIF-repo-update\src\baseline_results.pkl::all_scenarios[(""knn"", ""netblock30d"")]"
KNN,netblock30d,deterministic,3759,17750,2023-09-20,0.0,1.568869733065367,1,"C:\Users\yasemin.bozkurt\Desktop\article\DLPIF-repo-update\src\baseline_results.pkl::all_scenarios[(""knn"", ""netblock30d"")]"
KNN,netblock30d,deterministic,3760,17155,2023-09-21,0.0,1.568869733065367,1,"C:\Users\yasemin.bozkurt\Desktop\article\DLPIF-repo-update\src\baseline_results.pkl::all_scenarios[(""knn"", ""netblock30d"")]"
KNN,netblock30d,deterministic,3761,17704,2023-09-21,0.0,1.568869733065367,1,"C:\Users\yasemin.bozkurt\Desktop\article\DLPIF-repo-update\src\baseline_results.pkl::all_scenarios[(""knn"", ""netblock30d"")]"
KNN,netblock30d,deterministic,3762,17748,2023-09-21,0.0,1.568869733065367,1,"C:\Users\yasemin.bozkurt\Desktop\article\DLPIF-repo-update\src\baseline_results.pkl::all_scenarios[(""knn"", ""netblock30d"")]"
KNN,netblock30d,deterministic,3763,17750,2023-09-21,0.0,1.568869733065367,1,"C:\Users\yasemin.bozkurt\Desktop\article\DLPIF-repo-update\src\baseline_results.pkl::all_scenarios[(""knn"", ""netblock30d"")]"
KNN,netblock30d,deterministic,3764,17155,2023-09-22,0.0,1.568869733065367,1,"C:\Users\yasemin.bozkurt\Desktop\article\DLPIF-repo-update\src\baseline_results.pkl::all_scenarios[(""knn"", ""netblock30d"")]"
KNN,netblock30d,deterministic,3765,17704,2023-09-22,0.0,1.568869733065367,1,"C:\Users\yasemin.bozkurt\Desktop\article\DLPIF-repo-update\src\baseline_results.pkl::all_scenarios[(""knn"", ""netblock30d"")]"
KNN,netblock30d,deterministic,3766,17748,2023-09-22,0.0,1.568869733065367,1,"C:\Users\yasemin.bozkurt\Desktop\article\DLPIF-repo-update\src\baseline_results.pkl::all_scenarios[(""knn"", ""netblock30d"")]"
KNN,netblock30d,deterministic,3767,17750,2023-09-22,0.0,1.568869733065367,1,"C:\Users\yasemin.bozkurt\Desktop\article\DLPIF-repo-update\src\baseline_results.pkl::all_scenarios[(""knn"", ""netblock30d"")]"
KNN,netblock30d,deterministic,3768,17155,2023-09-23,0.0,1.568869733065367,1,"C:\Users\yasemin.bozkurt\Desktop\article\DLPIF-repo-update\src\baseline_results.pkl::all_scenarios[(""knn"", ""netblock30d"")]"
KNN,netblock30d,deterministic,3769,17704,2023-09-23,0.0,1.568869733065367,1,"C:\Users\yasemin.bozkurt\Desktop\article\DLPIF-repo-update\src\baseline_results.pkl::all_scenarios[(""knn"", ""netblock30d"")]"
KNN,netblock30d,deterministic,3770,17748,2023-09-23,0.0,1.568869733065367,1,"C:\Users\yasemin.bozkurt\Desktop\article\DLPIF-repo-update\src\baseline_results.pkl::all_scenarios[(""knn"", ""netblock30d"")]"
KNN,netblock30d,deterministic,3771,17750,2023-09-23,0.0,1.568869733065367,1,"C:\Users\yasemin.bozkurt\Desktop\article\DLPIF-repo-update\src\baseline_results.pkl::all_scenarios[(""knn"", ""netblock30d"")]"
KNN,netblock30d,deterministic,3772,17155,2023-09-24,0.0,1.568869733065367,1,"C:\Users\yasemin.bozkurt\Desktop\article\DLPIF-repo-update\src\baseline_results.pkl::all_scenarios[(""knn"", ""netblock30d"")]"
KNN,netblock30d,deterministic,3773,17704,2023-09-24,0.0,1.568869733065367,1,"C:\Users\yasemin.bozkurt\Desktop\article\DLPIF-repo-update\src\baseline_results.pkl::all_scenarios[(""knn"", ""netblock30d"")]"
KNN,netblock30d,deterministic,3774,17748,2023-09-24,0.0,1.568869733065367,1,"C:\Users\yasemin.bozkurt\Desktop\article\DLPIF-repo-update\src\baseline_results.pkl::all_scenarios[(""knn"", ""netblock30d"")]"
KNN,netblock30d,deterministic,3775,17750,2023-09-24,0.0,1.568869733065367,1,"C:\Users\yasemin.bozkurt\Desktop\article\DLPIF-repo-update\src\baseline_results.pkl::all_scenarios[(""knn"", ""netblock30d"")]"
KNN,netblock30d,deterministic,3776,17155,2023-09-25,0.0,1.568869733065367,1,"C:\Users\yasemin.bozkurt\Desktop\article\DLPIF-repo-update\src\baseline_results.pkl::all_scenarios[(""knn"", ""netblock30d"")]"
KNN,netblock30d,deterministic,3777,17704,2023-09-25,0.0,1.568869733065367,1,"C:\Users\yasemin.bozkurt\Desktop\article\DLPIF-repo-update\src\baseline_results.pkl::all_scenarios[(""knn"", ""netblock30d"")]"
KNN,netblock30d,deterministic,3778,17748,2023-09-25,0.0,1.568869733065367,1,"C:\Users\yasemin.bozkurt\Desktop\article\DLPIF-repo-update\src\baseline_results.pkl::all_scenarios[(""knn"", ""netblock30d"")]"
KNN,netblock30d,deterministic,3779,17750,2023-09-25,0.0,1.568869733065367,1,"C:\Users\yasemin.bozkurt\Desktop\article\DLPIF-repo-update\src\baseline_results.pkl::all_scenarios[(""knn"", ""netblock30d"")]"
KNN,netblock30d,deterministic,3780,17155,2023-09-26,0.0,1.568869733065367,1,"C:\Users\yasemin.bozkurt\Desktop\article\DLPIF-repo-update\src\baseline_results.pkl::all_scenarios[(""knn"", ""netblock30d"")]"
KNN,netblock30d,deterministic,3781,17704,2023-09-26,0.0,1.568869733065367,1,"C:\Users\yasemin.bozkurt\Desktop\article\DLPIF-repo-update\src\baseline_results.pkl::all_scenarios[(""knn"", ""netblock30d"")]"
KNN,netblock30d,deterministic,3782,17748,2023-09-26,0.0,1.568869733065367,1,"C:\Users\yasemin.bozkurt\Desktop\article\DLPIF-repo-update\src\baseline_results.pkl::all_scenarios[(""knn"", ""netblock30d"")]"
KNN,netblock30d,deterministic,3783,17750,2023-09-26,0.0,1.568869733065367,1,"C:\Users\yasemin.bozkurt\Desktop\article\DLPIF-repo-update\src\baseline_results.pkl::all_scenarios[(""knn"", ""netblock30d"")]"
KNN,netblock30d,deterministic,3784,17155,2023-09-27,0.0,1.568869733065367,1,"C:\Users\yasemin.bozkurt\Desktop\article\DLPIF-repo-update\src\baseline_results.pkl::all_scenarios[(""knn"", ""netblock30d"")]"
KNN,netblock30d,deterministic,3785,17704,2023-09-27,0.0,1.568869733065367,1,"C:\Users\yasemin.bozkurt\Desktop\article\DLPIF-repo-update\src\baseline_results.pkl::all_scenarios[(""knn"", ""netblock30d"")]"
KNN,netblock30d,deterministic,3786,17748,2023-09-27,0.0,1.568869733065367,1,"C:\Users\yasemin.bozkurt\Desktop\article\DLPIF-repo-update\src\baseline_results.pkl::all_scenarios[(""knn"", ""netblock30d"")]"
KNN,netblock30d,deterministic,3787,17750,2023-09-27,0.0,1.568869733065367,1,"C:\Users\yasemin.bozkurt\Desktop\article\DLPIF-repo-update\src\baseline_results.pkl::all_scenarios[(""knn"", ""netblock30d"")]"
KNN,netblock30d,deterministic,3788,17155,2023-09-28,4.400000003725291,1.568869733065367,1,"C:\Users\yasemin.bozkurt\Desktop\article\DLPIF-repo-update\src\baseline_results.pkl::all_scenarios[(""knn"", ""netblock30d"")]"
KNN,netblock30d,deterministic,3789,17704,2023-09-28,0.0,1.568869733065367,1,"C:\Users\yasemin.bozkurt\Desktop\article\DLPIF-repo-update\src\baseline_results.pkl::all_scenarios[(""knn"", ""netblock30d"")]"
KNN,netblock30d,deterministic,3790,17748,2023-09-28,6.6000001385808,1.568869733065367,1,"C:\Users\yasemin.bozkurt\Desktop\article\DLPIF-repo-update\src\baseline_results.pkl::all_scenarios[(""knn"", ""netblock30d"")]"
KNN,netblock30d,deterministic,3791,17750,2023-09-28,5.2000002220273025,1.568869733065367,1,"C:\Users\yasemin.bozkurt\Desktop\article\DLPIF-repo-update\src\baseline_results.pkl::all_scenarios[(""knn"", ""netblock30d"")]"
KNN,netblock30d,deterministic,3792,17155,2023-09-29,4.100000021606684,1.568869733065367,1,"C:\Users\yasemin.bozkurt\Desktop\article\DLPIF-repo-update\src\baseline_results.pkl::all_scenarios[(""knn"", ""netblock30d"")]"
KNN,netblock30d,deterministic,3793,17704,2023-09-29,0.20000000470317902,1.568869733065367,1,"C:\Users\yasemin.bozkurt\Desktop\article\DLPIF-repo-update\src\baseline_results.pkl::all_scenarios[(""knn"", ""netblock30d"")]"
KNN,netblock30d,deterministic,3794,17748,2023-09-29,7.200000102818013,1.568869733065367,1,"C:\Users\yasemin.bozkurt\Desktop\article\DLPIF-repo-update\src\baseline_results.pkl::all_scenarios[(""knn"", ""netblock30d"")]"
KNN,netblock30d,deterministic,3795,17750,2023-09-29,12.400000324845315,1.568869733065367,1,"C:\Users\yasemin.bozkurt\Desktop\article\DLPIF-repo-update\src\baseline_results.pkl::all_scenarios[(""knn"", ""netblock30d"")]"
KNN,netblock30d,deterministic,3796,17155,2023-09-30,3.100000081211329,1.568869733065367,1,"C:\Users\yasemin.bozkurt\Desktop\article\DLPIF-repo-update\src\baseline_results.pkl::all_scenarios[(""knn"", ""netblock30d"")]"
KNN,netblock30d,deterministic,3797,17704,2023-09-30,0.40000000940635805,1.568869733065367,1,"C:\Users\yasemin.bozkurt\Desktop\article\DLPIF-repo-update\src\baseline_results.pkl::all_scenarios[(""knn"", ""netblock30d"")]"
KNN,netblock30d,deterministic,3798,17748,2023-09-30,0.20000000470317902,1.568869733065367,1,"C:\Users\yasemin.bozkurt\Desktop\article\DLPIF-repo-update\src\baseline_results.pkl::all_scenarios[(""knn"", ""netblock30d"")]"
KNN,netblock30d,deterministic,3799,17750,2023-09-30,0.0,1.568869733065367,1,"C:\Users\yasemin.bozkurt\Desktop\article\DLPIF-repo-update\src\baseline_results.pkl::all_scenarios[(""knn"", ""netblock30d"")]"
KNN,netblock30d,deterministic,3800,17155,2023-10-01,9.000000527501108,1.568869733065367,1,"C:\Users\yasemin.bozkurt\Desktop\article\DLPIF-repo-update\src\baseline_results.pkl::all_scenarios[(""knn"", ""netblock30d"")]"
KNN,netblock30d,deterministic,3801,17704,2023-10-01,9.60000049173832,1.568869733065367,1,"C:\Users\yasemin.bozkurt\Desktop\article\DLPIF-repo-update\src\baseline_results.pkl::all_scenarios[(""knn"", ""netblock30d"")]"
KNN,netblock30d,deterministic,3802,17748,2023-10-01,5.800000186264516,1.568869733065367,1,"C:\Users\yasemin.bozkurt\Desktop\article\DLPIF-repo-update\src\baseline_results.pkl::all_scenarios[(""knn"", ""netblock30d"")]"
KNN,netblock30d,deterministic,3803,17750,2023-10-01,0.40000000940635805,1.568869733065367,1,"C:\Users\yasemin.bozkurt\Desktop\article\DLPIF-repo-update\src\baseline_results.pkl::all_scenarios[(""knn"", ""netblock30d"")]"
KNN,netblock30d,deterministic,3804,17155,2023-10-02,11.800000360608102,1.568869733065367,1,"C:\Users\yasemin.bozkurt\Desktop\article\DLPIF-repo-update\src\baseline_results.pkl::all_scenarios[(""knn"", ""netblock30d"")]"
KNN,netblock30d,deterministic,3805,17704,2023-10-02,17.40000002682209,1.568869733065367,1,"C:\Users\yasemin.bozkurt\Desktop\article\DLPIF-repo-update\src\baseline_results.pkl::all_scenarios[(""knn"", ""netblock30d"")]"
KNN,netblock30d,deterministic,3806,17748,2023-10-02,4.400000003725291,1.568869733065367,1,"C:\Users\yasemin.bozkurt\Desktop\article\DLPIF-repo-update\src\baseline_results.pkl::all_scenarios[(""knn"", ""netblock30d"")]"
KNN,netblock30d,deterministic,3807,17750,2023-10-02,8.800000007450581,1.568869733065367,1,"C:\Users\yasemin.bozkurt\Desktop\article\DLPIF-repo-update\src\baseline_results.pkl::all_scenarios[(""knn"", ""netblock30d"")]"
KNN,netblock30d,deterministic,3808,17155,2023-10-03,5.4000002101063735,1.568869733065367,1,"C:\Users\yasemin.bozkurt\Desktop\article\DLPIF-repo-update\src\baseline_results.pkl::all_scenarios[(""knn"", ""netblock30d"")]"
KNN,netblock30d,deterministic,3809,17704,2023-10-03,2.0000000137835743,1.568869733065367,1,"C:\Users\yasemin.bozkurt\Desktop\article\DLPIF-repo-update\src\baseline_results.pkl::all_scenarios[(""knn"", ""netblock30d"")]"
KNN,netblock30d,deterministic,3810,17748,2023-10-03,0.20000000470317902,1.568869733065367,1,"C:\Users\yasemin.bozkurt\Desktop\article\DLPIF-repo-update\src\baseline_results.pkl::all_scenarios[(""knn"", ""netblock30d"")]"
KNN,netblock30d,deterministic,3811,17750,2023-10-03,0.0,1.568869733065367,1,"C:\Users\yasemin.bozkurt\Desktop\article\DLPIF-repo-update\src\baseline_results.pkl::all_scenarios[(""knn"", ""netblock30d"")]"
KNN,netblock30d,deterministic,3812,17155,2023-10-04,0.0,1.568869733065367,1,"C:\Users\yasemin.bozkurt\Desktop\article\DLPIF-repo-update\src\baseline_results.pkl::all_scenarios[(""knn"", ""netblock30d"")]"
KNN,netblock30d,deterministic,3813,17704,2023-10-04,0.20000000470317902,1.568869733065367,1,"C:\Users\yasemin.bozkurt\Desktop\article\DLPIF-repo-update\src\baseline_results.pkl::all_scenarios[(""knn"", ""netblock30d"")]"
KNN,netblock30d,deterministic,3814,17748,2023-10-04,0.0,1.568869733065367,1,"C:\Users\yasemin.bozkurt\Desktop\article\DLPIF-repo-update\src\baseline_results.pkl::all_scenarios[(""knn"", ""netblock30d"")]"
KNN,netblock30d,deterministic,3815,17750,2023-10-04,0.0,1.568869733065367,1,"C:\Users\yasemin.bozkurt\Desktop\article\DLPIF-repo-update\src\baseline_results.pkl::all_scenarios[(""knn"", ""netblock30d"")]"
KNN,netblock30d,deterministic,3816,17155,2023-10-05,0.0,1.568869733065367,1,"C:\Users\yasemin.bozkurt\Desktop\article\DLPIF-repo-update\src\baseline_results.pkl::all_scenarios[(""knn"", ""netblock30d"")]"
KNN,netblock30d,deterministic,3817,17704,2023-10-05,0.0,1.568869733065367,1,"C:\Users\yasemin.bozkurt\Desktop\article\DLPIF-repo-update\src\baseline_results.pkl::all_scenarios[(""knn"", ""netblock30d"")]"
KNN,netblock30d,deterministic,3818,17748,2023-10-05,0.0,1.568869733065367,1,"C:\Users\yasemin.bozkurt\Desktop\article\DLPIF-repo-update\src\baseline_results.pkl::all_scenarios[(""knn"", ""netblock30d"")]"
KNN,netblock30d,deterministic,3819,17750,2023-10-05,0.0,1.568869733065367,1,"C:\Users\yasemin.bozkurt\Desktop\article\DLPIF-repo-update\src\baseline_results.pkl::all_scenarios[(""knn"", ""netblock30d"")]"
KNN,netblock30d,deterministic,3820,17155,2023-10-06,0.0,1.568869733065367,1,"C:\Users\yasemin.bozkurt\Desktop\article\DLPIF-repo-update\src\baseline_results.pkl::all_scenarios[(""knn"", ""netblock30d"")]"
KNN,netblock30d,deterministic,3821,17704,2023-10-06,0.0,1.568869733065367,1,"C:\Users\yasemin.bozkurt\Desktop\article\DLPIF-repo-update\src\baseline_results.pkl::all_scenarios[(""knn"", ""netblock30d"")]"
KNN,netblock30d,deterministic,3822,17748,2023-10-06,0.0,1.568869733065367,1,"C:\Users\yasemin.bozkurt\Desktop\article\DLPIF-repo-update\src\baseline_results.pkl::all_scenarios[(""knn"", ""netblock30d"")]"
KNN,netblock30d,deterministic,3823,17750,2023-10-06,0.0,1.568869733065367,1,"C:\Users\yasemin.bozkurt\Desktop\article\DLPIF-repo-update\src\baseline_results.pkl::all_scenarios[(""knn"", ""netblock30d"")]"
KNN,netblock30d,deterministic,3824,17155,2023-10-07,0.0,1.568869733065367,1,"C:\Users\yasemin.bozkurt\Desktop\article\DLPIF-repo-update\src\baseline_results.pkl::all_scenarios[(""knn"", ""netblock30d"")]"
KNN,netblock30d,deterministic,3825,17704,2023-10-07,0.0,1.568869733065367,1,"C:\Users\yasemin.bozkurt\Desktop\article\DLPIF-repo-update\src\baseline_results.pkl::all_scenarios[(""knn"", ""netblock30d"")]"
KNN,netblock30d,deterministic,3826,17748,2023-10-07,0.0,1.568869733065367,1,"C:\Users\yasemin.bozkurt\Desktop\article\DLPIF-repo-update\src\baseline_results.pkl::all_scenarios[(""knn"", ""netblock30d"")]"
KNN,netblock30d,deterministic,3827,17750,2023-10-07,0.0,1.568869733065367,1,"C:\Users\yasemin.bozkurt\Desktop\article\DLPIF-repo-update\src\baseline_results.pkl::all_scenarios[(""knn"", ""netblock30d"")]"
KNN,netblock30d,deterministic,3828,17155,2023-10-08,0.0,1.568869733065367,1,"C:\Users\yasemin.bozkurt\Desktop\article\DLPIF-repo-update\src\baseline_results.pkl::all_scenarios[(""knn"", ""netblock30d"")]"
KNN,netblock30d,deterministic,3829,17704,2023-10-08,0.0,1.568869733065367,1,"C:\Users\yasemin.bozkurt\Desktop\article\DLPIF-repo-update\src\baseline_results.pkl::all_scenarios[(""knn"", ""netblock30d"")]"
KNN,netblock30d,deterministic,3830,17748,2023-10-08,0.0,1.568869733065367,1,"C:\Users\yasemin.bozkurt\Desktop\article\DLPIF-repo-update\src\baseline_results.pkl::all_scenarios[(""knn"", ""netblock30d"")]"
KNN,netblock30d,deterministic,3831,17750,2023-10-08,0.0,1.568869733065367,1,"C:\Users\yasemin.bozkurt\Desktop\article\DLPIF-repo-update\src\baseline_results.pkl::all_scenarios[(""knn"", ""netblock30d"")]"
KNN,netblock30d,deterministic,3832,17155,2023-10-09,0.0,1.568869733065367,1,"C:\Users\yasemin.bozkurt\Desktop\article\DLPIF-repo-update\src\baseline_results.pkl::all_scenarios[(""knn"", ""netblock30d"")]"
KNN,netblock30d,deterministic,3833,17704,2023-10-09,0.0,1.568869733065367,1,"C:\Users\yasemin.bozkurt\Desktop\article\DLPIF-repo-update\src\baseline_results.pkl::all_scenarios[(""knn"", ""netblock30d"")]"
KNN,netblock30d,deterministic,3834,17748,2023-10-09,0.0,1.568869733065367,1,"C:\Users\yasemin.bozkurt\Desktop\article\DLPIF-repo-update\src\baseline_results.pkl::all_scenarios[(""knn"", ""netblock30d"")]"
KNN,netblock30d,deterministic,3835,17750,2023-10-09,0.0,1.568869733065367,1,"C:\Users\yasemin.bozkurt\Desktop\article\DLPIF-repo-update\src\baseline_results.pkl::all_scenarios[(""knn"", ""netblock30d"")]"
KNN,netblock30d,deterministic,3836,17155,2023-10-10,0.0,1.568869733065367,1,"C:\Users\yasemin.bozkurt\Desktop\article\DLPIF-repo-update\src\baseline_results.pkl::all_scenarios[(""knn"", ""netblock30d"")]"
KNN,netblock30d,deterministic,3837,17704,2023-10-10,0.0,1.568869733065367,1,"C:\Users\yasemin.bozkurt\Desktop\article\DLPIF-repo-update\src\baseline_results.pkl::all_scenarios[(""knn"", ""netblock30d"")]"
KNN,netblock30d,deterministic,3838,17748,2023-10-10,0.0,1.568869733065367,1,"C:\Users\yasemin.bozkurt\Desktop\article\DLPIF-repo-update\src\baseline_results.pkl::all_scenarios[(""knn"", ""netblock30d"")]"
KNN,netblock30d,deterministic,3839,17750,2023-10-10,0.0,1.568869733065367,1,"C:\Users\yasemin.bozkurt\Desktop\article\DLPIF-repo-update\src\baseline_results.pkl::all_scenarios[(""knn"", ""netblock30d"")]"
KNN,netblock30d,deterministic,3840,17155,2023-10-11,0.0,1.568869733065367,1,"C:\Users\yasemin.bozkurt\Desktop\article\DLPIF-repo-update\src\baseline_results.pkl::all_scenarios[(""knn"", ""netblock30d"")]"
KNN,netblock30d,deterministic,3841,17704,2023-10-11,0.0,1.568869733065367,1,"C:\Users\yasemin.bozkurt\Desktop\article\DLPIF-repo-update\src\baseline_results.pkl::all_scenarios[(""knn"", ""netblock30d"")]"
KNN,netblock30d,deterministic,3842,17748,2023-10-11,0.0,1.568869733065367,1,"C:\Users\yasemin.bozkurt\Desktop\article\DLPIF-repo-update\src\baseline_results.pkl::all_scenarios[(""knn"", ""netblock30d"")]"
KNN,netblock30d,deterministic,3843,17750,2023-10-11,0.0,1.568869733065367,1,"C:\Users\yasemin.bozkurt\Desktop\article\DLPIF-repo-update\src\baseline_results.pkl::all_scenarios[(""knn"", ""netblock30d"")]"
KNN,netblock30d,deterministic,3844,17155,2023-10-12,0.0,1.568869733065367,1,"C:\Users\yasemin.bozkurt\Desktop\article\DLPIF-repo-update\src\baseline_results.pkl::all_scenarios[(""knn"", ""netblock30d"")]"
KNN,netblock30d,deterministic,3845,17704,2023-10-12,0.0,1.568869733065367,1,"C:\Users\yasemin.bozkurt\Desktop\article\DLPIF-repo-update\src\baseline_results.pkl::all_scenarios[(""knn"", ""netblock30d"")]"
KNN,netblock30d,deterministic,3846,17748,2023-10-12,0.0,1.568869733065367,1,"C:\Users\yasemin.bozkurt\Desktop\article\DLPIF-repo-update\src\baseline_results.pkl::all_scenarios[(""knn"", ""netblock30d"")]"
KNN,netblock30d,deterministic,3847,17750,2023-10-12,0.0,1.568869733065367,1,"C:\Users\yasemin.bozkurt\Desktop\article\DLPIF-repo-update\src\baseline_results.pkl::all_scenarios[(""knn"", ""netblock30d"")]"
KNN,netblock30d,deterministic,3872,17155,2023-10-19,0.3000000153668225,1.568869733065367,1,"C:\Users\yasemin.bozkurt\Desktop\article\DLPIF-repo-update\src\baseline_results.pkl::all_scenarios[(""knn"", ""netblock30d"")]"
KNN,netblock30d,deterministic,3873,17704,2023-10-19,0.8000000188127161,1.568869733065367,1,"C:\Users\yasemin.bozkurt\Desktop\article\DLPIF-repo-update\src\baseline_results.pkl::all_scenarios[(""knn"", ""netblock30d"")]"
KNN,netblock30d,deterministic,3874,17748,2023-10-19,1.8000000257045032,1.568869733065367,1,"C:\Users\yasemin.bozkurt\Desktop\article\DLPIF-repo-update\src\baseline_results.pkl::all_scenarios[(""knn"", ""netblock30d"")]"
KNN,netblock30d,deterministic,3875,17750,2023-10-19,2.0000000137835743,1.568869733065367,1,"C:\Users\yasemin.bozkurt\Desktop\article\DLPIF-repo-update\src\baseline_results.pkl::all_scenarios[(""knn"", ""netblock30d"")]"
KNN,netblock30d,deterministic,3876,17155,2023-10-20,0.20000000470317902,1.568869733065367,1,"C:\Users\yasemin.bozkurt\Desktop\article\DLPIF-repo-update\src\baseline_results.pkl::all_scenarios[(""knn"", ""netblock30d"")]"
KNN,netblock30d,deterministic,3877,17704,2023-10-20,0.40000000940635805,1.568869733065367,1,"C:\Users\yasemin.bozkurt\Desktop\article\DLPIF-repo-update\src\baseline_results.pkl::all_scenarios[(""knn"", ""netblock30d"")]"
KNN,netblock30d,deterministic,3878,17748,2023-10-20,0.8000000188127161,1.568869733065367,1,"C:\Users\yasemin.bozkurt\Desktop\article\DLPIF-repo-update\src\baseline_results.pkl::all_scenarios[(""knn"", ""netblock30d"")]"
KNN,netblock30d,deterministic,3879,17750,2023-10-20,0.8000000188127161,1.568869733065367,1,"C:\Users\yasemin.bozkurt\Desktop\article\DLPIF-repo-update\src\baseline_results.pkl::all_scenarios[(""knn"", ""netblock30d"")]"
KNN,netblock30d,deterministic,3880,17155,2023-10-21,0.0,1.568869733065367,1,"C:\Users\yasemin.bozkurt\Desktop\article\DLPIF-repo-update\src\baseline_results.pkl::all_scenarios[(""knn"", ""netblock30d"")]"
KNN,netblock30d,deterministic,3881,17704,2023-10-21,0.0,1.568869733065367,1,"C:\Users\yasemin.bozkurt\Desktop\article\DLPIF-repo-update\src\baseline_results.pkl::all_scenarios[(""knn"", ""netblock30d"")]"
KNN,netblock30d,deterministic,3882,17748,2023-10-21,0.0,1.568869733065367,1,"C:\Users\yasemin.bozkurt\Desktop\article\DLPIF-repo-update\src\baseline_results.pkl::all_scenarios[(""knn"", ""netblock30d"")]"
KNN,netblock30d,deterministic,3883,17750,2023-10-21,0.0,1.568869733065367,1,"C:\Users\yasemin.bozkurt\Desktop\article\DLPIF-repo-update\src\baseline_results.pkl::all_scenarios[(""knn"", ""netblock30d"")]"
KNN,netblock30d,deterministic,3884,17155,2023-10-22,0.0,1.568869733065367,1,"C:\Users\yasemin.bozkurt\Desktop\article\DLPIF-repo-update\src\baseline_results.pkl::all_scenarios[(""knn"", ""netblock30d"")]"
KNN,netblock30d,deterministic,3885,17704,2023-10-22,0.0,1.568869733065367,1,"C:\Users\yasemin.bozkurt\Desktop\article\DLPIF-repo-update\src\baseline_results.pkl::all_scenarios[(""knn"", ""netblock30d"")]"
KNN,netblock30d,deterministic,3886,17748,2023-10-22,0.0,1.568869733065367,1,"C:\Users\yasemin.bozkurt\Desktop\article\DLPIF-repo-update\src\baseline_results.pkl::all_scenarios[(""knn"", ""netblock30d"")]"
KNN,netblock30d,deterministic,3887,17750,2023-10-22,0.0,1.568869733065367,1,"C:\Users\yasemin.bozkurt\Desktop\article\DLPIF-repo-update\src\baseline_results.pkl::all_scenarios[(""knn"", ""netblock30d"")]"
KNN,netblock30d,deterministic,3888,17155,2023-10-23,0.0,1.568869733065367,1,"C:\Users\yasemin.bozkurt\Desktop\article\DLPIF-repo-update\src\baseline_results.pkl::all_scenarios[(""knn"", ""netblock30d"")]"
KNN,netblock30d,deterministic,3889,17704,2023-10-23,0.0,1.568869733065367,1,"C:\Users\yasemin.bozkurt\Desktop\article\DLPIF-repo-update\src\baseline_results.pkl::all_scenarios[(""knn"", ""netblock30d"")]"
KNN,netblock30d,deterministic,3890,17748,2023-10-23,0.0,1.568869733065367,1,"C:\Users\yasemin.bozkurt\Desktop\article\DLPIF-repo-update\src\baseline_results.pkl::all_scenarios[(""knn"", ""netblock30d"")]"
KNN,netblock30d,deterministic,3891,17750,2023-10-23,0.0,1.568869733065367,1,"C:\Users\yasemin.bozkurt\Desktop\article\DLPIF-repo-update\src\baseline_results.pkl::all_scenarios[(""knn"", ""netblock30d"")]"
KNN,netblock30d,deterministic,3892,17155,2023-10-24,0.0,1.568869733065367,1,"C:\Users\yasemin.bozkurt\Desktop\article\DLPIF-repo-update\src\baseline_results.pkl::all_scenarios[(""knn"", ""netblock30d"")]"
KNN,netblock30d,deterministic,3893,17704,2023-10-24,0.0,1.568869733065367,1,"C:\Users\yasemin.bozkurt\Desktop\article\DLPIF-repo-update\src\baseline_results.pkl::all_scenarios[(""knn"", ""netblock30d"")]"
KNN,netblock30d,deterministic,3894,17748,2023-10-24,0.0,1.568869733065367,1,"C:\Users\yasemin.bozkurt\Desktop\article\DLPIF-repo-update\src\baseline_results.pkl::all_scenarios[(""knn"", ""netblock30d"")]"
KNN,netblock30d,deterministic,3895,17750,2023-10-24,0.0,1.568869733065367,1,"C:\Users\yasemin.bozkurt\Desktop\article\DLPIF-repo-update\src\baseline_results.pkl::all_scenarios[(""knn"", ""netblock30d"")]"
KNN,netblock30d,deterministic,3896,17155,2023-10-25,0.0,1.568869733065367,1,"C:\Users\yasemin.bozkurt\Desktop\article\DLPIF-repo-update\src\baseline_results.pkl::all_scenarios[(""knn"", ""netblock30d"")]"
KNN,netblock30d,deterministic,3897,17704,2023-10-25,0.0,1.568869733065367,1,"C:\Users\yasemin.bozkurt\Desktop\article\DLPIF-repo-update\src\baseline_results.pkl::all_scenarios[(""knn"", ""netblock30d"")]"
KNN,netblock30d,deterministic,3898,17748,2023-10-25,0.0,1.568869733065367,1,"C:\Users\yasemin.bozkurt\Desktop\article\DLPIF-repo-update\src\baseline_results.pkl::all_scenarios[(""knn"", ""netblock30d"")]"
KNN,netblock30d,deterministic,3899,17750,2023-10-25,0.0,1.568869733065367,1,"C:\Users\yasemin.bozkurt\Desktop\article\DLPIF-repo-update\src\baseline_results.pkl::all_scenarios[(""knn"", ""netblock30d"")]"
KNN,netblock30d,deterministic,3900,17155,2023-10-26,0.0,1.568869733065367,1,"C:\Users\yasemin.bozkurt\Desktop\article\DLPIF-repo-update\src\baseline_results.pkl::all_scenarios[(""knn"", ""netblock30d"")]"
KNN,netblock30d,deterministic,3901,17704,2023-10-26,0.0,1.568869733065367,1,"C:\Users\yasemin.bozkurt\Desktop\article\DLPIF-repo-update\src\baseline_results.pkl::all_scenarios[(""knn"", ""netblock30d"")]"
KNN,netblock30d,deterministic,3902,17748,2023-10-26,0.0,1.568869733065367,1,"C:\Users\yasemin.bozkurt\Desktop\article\DLPIF-repo-update\src\baseline_results.pkl::all_scenarios[(""knn"", ""netblock30d"")]"
KNN,netblock30d,deterministic,3903,17750,2023-10-26,0.0,1.568869733065367,1,"C:\Users\yasemin.bozkurt\Desktop\article\DLPIF-repo-update\src\baseline_results.pkl::all_scenarios[(""knn"", ""netblock30d"")]"
KNN,netblock30d,deterministic,3904,17155,2023-10-27,0.0,1.568869733065367,1,"C:\Users\yasemin.bozkurt\Desktop\article\DLPIF-repo-update\src\baseline_results.pkl::all_scenarios[(""knn"", ""netblock30d"")]"
KNN,netblock30d,deterministic,3905,17704,2023-10-27,0.20000000470317902,1.568869733065367,1,"C:\Users\yasemin.bozkurt\Desktop\article\DLPIF-repo-update\src\baseline_results.pkl::all_scenarios[(""knn"", ""netblock30d"")]"
KNN,netblock30d,deterministic,3906,17748,2023-10-27,0.0,1.568869733065367,1,"C:\Users\yasemin.bozkurt\Desktop\article\DLPIF-repo-update\src\baseline_results.pkl::all_scenarios[(""knn"", ""netblock30d"")]"
KNN,netblock30d,deterministic,3907,17750,2023-10-27,0.0,1.568869733065367,1,"C:\Users\yasemin.bozkurt\Desktop\article\DLPIF-repo-update\src\baseline_results.pkl::all_scenarios[(""knn"", ""netblock30d"")]"
KNN,netblock30d,deterministic,3908,17155,2023-10-28,0.0,1.568869733065367,1,"C:\Users\yasemin.bozkurt\Desktop\article\DLPIF-repo-update\src\baseline_results.pkl::all_scenarios[(""knn"", ""netblock30d"")]"
KNN,netblock30d,deterministic,3909,17704,2023-10-28,0.0,1.568869733065367,1,"C:\Users\yasemin.bozkurt\Desktop\article\DLPIF-repo-update\src\baseline_results.pkl::all_scenarios[(""knn"", ""netblock30d"")]"
KNN,netblock30d,deterministic,3910,17748,2023-10-28,0.0,1.568869733065367,1,"C:\Users\yasemin.bozkurt\Desktop\article\DLPIF-repo-update\src\baseline_results.pkl::all_scenarios[(""knn"", ""netblock30d"")]"
KNN,netblock30d,deterministic,3911,17750,2023-10-28,0.0,1.568869733065367,1,"C:\Users\yasemin.bozkurt\Desktop\article\DLPIF-repo-update\src\baseline_results.pkl::all_scenarios[(""knn"", ""netblock30d"")]"
KNN,netblock30d,deterministic,3912,17155,2023-10-29,0.0,1.568869733065367,1,"C:\Users\yasemin.bozkurt\Desktop\article\DLPIF-repo-update\src\baseline_results.pkl::all_scenarios[(""knn"", ""netblock30d"")]"
KNN,netblock30d,deterministic,3913,17704,2023-10-29,0.0,1.568869733065367,1,"C:\Users\yasemin.bozkurt\Desktop\article\DLPIF-repo-update\src\baseline_results.pkl::all_scenarios[(""knn"", ""netblock30d"")]"
KNN,netblock30d,deterministic,3914,17748,2023-10-29,0.0,1.568869733065367,1,"C:\Users\yasemin.bozkurt\Desktop\article\DLPIF-repo-update\src\baseline_results.pkl::all_scenarios[(""knn"", ""netblock30d"")]"
KNN,netblock30d,deterministic,3915,17750,2023-10-29,0.0,1.568869733065367,1,"C:\Users\yasemin.bozkurt\Desktop\article\DLPIF-repo-update\src\baseline_results.pkl::all_scenarios[(""knn"", ""netblock30d"")]"
KNN,netblock30d,deterministic,3916,17155,2023-10-30,0.0,1.568869733065367,1,"C:\Users\yasemin.bozkurt\Desktop\article\DLPIF-repo-update\src\baseline_results.pkl::all_scenarios[(""knn"", ""netblock30d"")]"
KNN,netblock30d,deterministic,3917,17704,2023-10-30,0.0,1.568869733065367,1,"C:\Users\yasemin.bozkurt\Desktop\article\DLPIF-repo-update\src\baseline_results.pkl::all_scenarios[(""knn"", ""netblock30d"")]"
KNN,netblock30d,deterministic,3918,17748,2023-10-30,0.0,1.568869733065367,1,"C:\Users\yasemin.bozkurt\Desktop\article\DLPIF-repo-update\src\baseline_results.pkl::all_scenarios[(""knn"", ""netblock30d"")]"
KNN,netblock30d,deterministic,3919,17750,2023-10-30,0.0,1.568869733065367,1,"C:\Users\yasemin.bozkurt\Desktop\article\DLPIF-repo-update\src\baseline_results.pkl::all_scenarios[(""knn"", ""netblock30d"")]"
KNN,netblock30d,deterministic,3920,17155,2023-10-31,0.0,1.568869733065367,1,"C:\Users\yasemin.bozkurt\Desktop\article\DLPIF-repo-update\src\baseline_results.pkl::all_scenarios[(""knn"", ""netblock30d"")]"
KNN,netblock30d,deterministic,3921,17704,2023-10-31,0.0,1.568869733065367,1,"C:\Users\yasemin.bozkurt\Desktop\article\DLPIF-repo-update\src\baseline_results.pkl::all_scenarios[(""knn"", ""netblock30d"")]"
KNN,netblock30d,deterministic,3922,17748,2023-10-31,0.0,1.568869733065367,1,"C:\Users\yasemin.bozkurt\Desktop\article\DLPIF-repo-update\src\baseline_results.pkl::all_scenarios[(""knn"", ""netblock30d"")]"
KNN,netblock30d,deterministic,3923,17750,2023-10-31,0.0,1.568869733065367,1,"C:\Users\yasemin.bozkurt\Desktop\article\DLPIF-repo-update\src\baseline_results.pkl::all_scenarios[(""knn"", ""netblock30d"")]"
KNN,netblock30d,deterministic,3924,17155,2023-11-01,0.0,1.568869733065367,1,"C:\Users\yasemin.bozkurt\Desktop\article\DLPIF-repo-update\src\baseline_results.pkl::all_scenarios[(""knn"", ""netblock30d"")]"
KNN,netblock30d,deterministic,3925,17704,2023-11-01,0.20000000470317902,1.568869733065367,1,"C:\Users\yasemin.bozkurt\Desktop\article\DLPIF-repo-update\src\baseline_results.pkl::all_scenarios[(""knn"", ""netblock30d"")]"
KNN,netblock30d,deterministic,3926,17748,2023-11-01,0.0,1.568869733065367,1,"C:\Users\yasemin.bozkurt\Desktop\article\DLPIF-repo-update\src\baseline_results.pkl::all_scenarios[(""knn"", ""netblock30d"")]"
KNN,netblock30d,deterministic,3927,17750,2023-11-01,3.2000000752508644,1.568869733065367,1,"C:\Users\yasemin.bozkurt\Desktop\article\DLPIF-repo-update\src\baseline_results.pkl::all_scenarios[(""knn"", ""netblock30d"")]"
KNN,netblock30d,deterministic,3928,17155,2023-11-02,0.0,1.568869733065367,1,"C:\Users\yasemin.bozkurt\Desktop\article\DLPIF-repo-update\src\baseline_results.pkl::all_scenarios[(""knn"", ""netblock30d"")]"
KNN,netblock30d,deterministic,3929,17704,2023-11-02,0.600000030733645,1.568869733065367,1,"C:\Users\yasemin.bozkurt\Desktop\article\DLPIF-repo-update\src\baseline_results.pkl::all_scenarios[(""knn"", ""netblock30d"")]"
KNN,netblock30d,deterministic,3930,17748,2023-11-02,0.0,1.568869733065367,1,"C:\Users\yasemin.bozkurt\Desktop\article\DLPIF-repo-update\src\baseline_results.pkl::all_scenarios[(""knn"", ""netblock30d"")]"
KNN,netblock30d,deterministic,3931,17750,2023-11-02,3.6000000514090065,1.568869733065367,1,"C:\Users\yasemin.bozkurt\Desktop\article\DLPIF-repo-update\src\baseline_results.pkl::all_scenarios[(""knn"", ""netblock30d"")]"
KNN,netblock30d,deterministic,3932,17155,2023-11-03,5.800000186264516,1.568869733065367,1,"C:\Users\yasemin.bozkurt\Desktop\article\DLPIF-repo-update\src\baseline_results.pkl::all_scenarios[(""knn"", ""netblock30d"")]"
KNN,netblock30d,deterministic,3933,17704,2023-11-03,6.800000126659871,1.568869733065367,1,"C:\Users\yasemin.bozkurt\Desktop\article\DLPIF-repo-update\src\baseline_results.pkl::all_scenarios[(""knn"", ""netblock30d"")]"
KNN,netblock30d,deterministic,3934,17748,2023-11-03,2.40000012293458,1.568869733065367,1,"C:\Users\yasemin.bozkurt\Desktop\article\DLPIF-repo-update\src\baseline_results.pkl::all_scenarios[(""knn"", ""netblock30d"")]"
KNN,netblock30d,deterministic,3935,17750,2023-11-03,3.2000000752508644,1.568869733065367,1,"C:\Users\yasemin.bozkurt\Desktop\article\DLPIF-repo-update\src\baseline_results.pkl::all_scenarios[(""knn"", ""netblock30d"")]"
KNN,netblock30d,deterministic,3936,17155,2023-11-04,1.9000000197440388,1.568869733065367,1,"C:\Users\yasemin.bozkurt\Desktop\article\DLPIF-repo-update\src\baseline_results.pkl::all_scenarios[(""knn"", ""netblock30d"")]"
KNN,netblock30d,deterministic,3937,17704,2023-11-04,1.8000000257045032,1.568869733065367,1,"C:\Users\yasemin.bozkurt\Desktop\article\DLPIF-repo-update\src\baseline_results.pkl::all_scenarios[(""knn"", ""netblock30d"")]"
KNN,netblock30d,deterministic,3938,17748,2023-11-04,0.8000000188127161,1.568869733065367,1,"C:\Users\yasemin.bozkurt\Desktop\article\DLPIF-repo-update\src\baseline_results.pkl::all_scenarios[(""knn"", ""netblock30d"")]"
KNN,netblock30d,deterministic,3939,17750,2023-11-04,0.600000030733645,1.568869733065367,1,"C:\Users\yasemin.bozkurt\Desktop\article\DLPIF-repo-update\src\baseline_results.pkl::all_scenarios[(""knn"", ""netblock30d"")]"
KNN,netblock30d,deterministic,3940,17155,2023-11-05,4.20000001564622,1.568869733065367,1,"C:\Users\yasemin.bozkurt\Desktop\article\DLPIF-repo-update\src\baseline_results.pkl::all_scenarios[(""knn"", ""netblock30d"")]"
KNN,netblock30d,deterministic,3941,17704,2023-11-05,1.0000000068917871,1.568869733065367,1,"C:\Users\yasemin.bozkurt\Desktop\article\DLPIF-repo-update\src\baseline_results.pkl::all_scenarios[(""knn"", ""netblock30d"")]"
KNN,netblock30d,deterministic,3942,17748,2023-11-05,3.6000000514090065,1.568869733065367,1,"C:\Users\yasemin.bozkurt\Desktop\article\DLPIF-repo-update\src\baseline_results.pkl::all_scenarios[(""knn"", ""netblock30d"")]"
KNN,netblock30d,deterministic,3943,17750,2023-11-05,9.40000050365925,1.568869733065367,1,"C:\Users\yasemin.bozkurt\Desktop\article\DLPIF-repo-update\src\baseline_results.pkl::all_scenarios[(""knn"", ""netblock30d"")]"
KNN,netblock30d,deterministic,3944,17155,2023-11-06,1.1000000009313227,1.568869733065367,1,"C:\Users\yasemin.bozkurt\Desktop\article\DLPIF-repo-update\src\baseline_results.pkl::all_scenarios[(""knn"", ""netblock30d"")]"
KNN,netblock30d,deterministic,3945,17704,2023-11-06,0.600000030733645,1.568869733065367,1,"C:\Users\yasemin.bozkurt\Desktop\article\DLPIF-repo-update\src\baseline_results.pkl::all_scenarios[(""knn"", ""netblock30d"")]"
KNN,netblock30d,deterministic,3946,17748,2023-11-06,4.000000027567149,1.568869733065367,1,"C:\Users\yasemin.bozkurt\Desktop\article\DLPIF-repo-update\src\baseline_results.pkl::all_scenarios[(""knn"", ""netblock30d"")]"
KNN,netblock30d,deterministic,3947,17750,2023-11-06,0.40000000940635805,1.568869733065367,1,"C:\Users\yasemin.bozkurt\Desktop\article\DLPIF-repo-update\src\baseline_results.pkl::all_scenarios[(""knn"", ""netblock30d"")]"
KNN,netblock30d,deterministic,3948,17155,2023-11-07,0.0,1.568869733065367,1,"C:\Users\yasemin.bozkurt\Desktop\article\DLPIF-repo-update\src\baseline_results.pkl::all_scenarios[(""knn"", ""netblock30d"")]"
KNN,netblock30d,deterministic,3949,17704,2023-11-07,0.0,1.568869733065367,1,"C:\Users\yasemin.bozkurt\Desktop\article\DLPIF-repo-update\src\baseline_results.pkl::all_scenarios[(""knn"", ""netblock30d"")]"
KNN,netblock30d,deterministic,3950,17748,2023-11-07,0.0,1.568869733065367,1,"C:\Users\yasemin.bozkurt\Desktop\article\DLPIF-repo-update\src\baseline_results.pkl::all_scenarios[(""knn"", ""netblock30d"")]"
KNN,netblock30d,deterministic,3951,17750,2023-11-07,0.0,1.568869733065367,1,"C:\Users\yasemin.bozkurt\Desktop\article\DLPIF-repo-update\src\baseline_results.pkl::all_scenarios[(""knn"", ""netblock30d"")]"
KNN,netblock30d,deterministic,3952,17155,2023-11-08,0.0,1.568869733065367,1,"C:\Users\yasemin.bozkurt\Desktop\article\DLPIF-repo-update\src\baseline_results.pkl::all_scenarios[(""knn"", ""netblock30d"")]"
KNN,netblock30d,deterministic,3953,17704,2023-11-08,0.0,1.568869733065367,1,"C:\Users\yasemin.bozkurt\Desktop\article\DLPIF-repo-update\src\baseline_results.pkl::all_scenarios[(""knn"", ""netblock30d"")]"
KNN,netblock30d,deterministic,3954,17748,2023-11-08,0.0,1.568869733065367,1,"C:\Users\yasemin.bozkurt\Desktop\article\DLPIF-repo-update\src\baseline_results.pkl::all_scenarios[(""knn"", ""netblock30d"")]"
KNN,netblock30d,deterministic,3955,17750,2023-11-08,0.0,1.568869733065367,1,"C:\Users\yasemin.bozkurt\Desktop\article\DLPIF-repo-update\src\baseline_results.pkl::all_scenarios[(""knn"", ""netblock30d"")]"
KNN,netblock30d,deterministic,3956,17155,2023-11-09,0.0,1.568869733065367,1,"C:\Users\yasemin.bozkurt\Desktop\article\DLPIF-repo-update\src\baseline_results.pkl::all_scenarios[(""knn"", ""netblock30d"")]"
KNN,netblock30d,deterministic,3957,17704,2023-11-09,0.0,1.568869733065367,1,"C:\Users\yasemin.bozkurt\Desktop\article\DLPIF-repo-update\src\baseline_results.pkl::all_scenarios[(""knn"", ""netblock30d"")]"
KNN,netblock30d,deterministic,3958,17748,2023-11-09,0.0,1.568869733065367,1,"C:\Users\yasemin.bozkurt\Desktop\article\DLPIF-repo-update\src\baseline_results.pkl::all_scenarios[(""knn"", ""netblock30d"")]"
KNN,netblock30d,deterministic,3959,17750,2023-11-09,0.0,1.568869733065367,1,"C:\Users\yasemin.bozkurt\Desktop\article\DLPIF-repo-update\src\baseline_results.pkl::all_scenarios[(""knn"", ""netblock30d"")]"
KNN,netblock30d,deterministic,3960,17155,2023-11-10,0.20000000470317902,1.568869733065367,1,"C:\Users\yasemin.bozkurt\Desktop\article\DLPIF-repo-update\src\baseline_results.pkl::all_scenarios[(""knn"", ""netblock30d"")]"
KNN,netblock30d,deterministic,3961,17704,2023-11-10,0.0,1.568869733065367,1,"C:\Users\yasemin.bozkurt\Desktop\article\DLPIF-repo-update\src\baseline_results.pkl::all_scenarios[(""knn"", ""netblock30d"")]"
KNN,netblock30d,deterministic,3962,17748,2023-11-10,0.40000000940635805,1.568869733065367,1,"C:\Users\yasemin.bozkurt\Desktop\article\DLPIF-repo-update\src\baseline_results.pkl::all_scenarios[(""knn"", ""netblock30d"")]"
KNN,netblock30d,deterministic,3963,17750,2023-11-10,1.0000000068917871,1.568869733065367,1,"C:\Users\yasemin.bozkurt\Desktop\article\DLPIF-repo-update\src\baseline_results.pkl::all_scenarios[(""knn"", ""netblock30d"")]"
KNN,netblock30d,deterministic,3964,17155,2023-11-11,0.40000000940635805,1.568869733065367,1,"C:\Users\yasemin.bozkurt\Desktop\article\DLPIF-repo-update\src\baseline_results.pkl::all_scenarios[(""knn"", ""netblock30d"")]"
KNN,netblock30d,deterministic,3965,17704,2023-11-11,0.0,1.568869733065367,1,"C:\Users\yasemin.bozkurt\Desktop\article\DLPIF-repo-update\src\baseline_results.pkl::all_scenarios[(""knn"", ""netblock30d"")]"
KNN,netblock30d,deterministic,3966,17748,2023-11-11,0.40000000940635805,1.568869733065367,1,"C:\Users\yasemin.bozkurt\Desktop\article\DLPIF-repo-update\src\baseline_results.pkl::all_scenarios[(""knn"", ""netblock30d"")]"
KNN,netblock30d,deterministic,3967,17750,2023-11-11,2.40000012293458,1.568869733065367,1,"C:\Users\yasemin.bozkurt\Desktop\article\DLPIF-repo-update\src\baseline_results.pkl::all_scenarios[(""knn"", ""netblock30d"")]"
KNN,netblock30d,deterministic,3968,17155,2023-11-12,8.60000001937151,1.568869733065367,1,"C:\Users\yasemin.bozkurt\Desktop\article\DLPIF-repo-update\src\baseline_results.pkl::all_scenarios[(""knn"", ""netblock30d"")]"
KNN,netblock30d,deterministic,3969,17704,2023-11-12,7.000000114738942,1.568869733065367,1,"C:\Users\yasemin.bozkurt\Desktop\article\DLPIF-repo-update\src\baseline_results.pkl::all_scenarios[(""knn"", ""netblock30d"")]"
KNN,netblock30d,deterministic,3970,17748,2023-11-12,10.800000420212747,1.568869733065367,1,"C:\Users\yasemin.bozkurt\Desktop\article\DLPIF-repo-update\src\baseline_results.pkl::all_scenarios[(""knn"", ""netblock30d"")]"
KNN,netblock30d,deterministic,3971,17750,2023-11-12,5.0000002339482315,1.568869733065367,1,"C:\Users\yasemin.bozkurt\Desktop\article\DLPIF-repo-update\src\baseline_results.pkl::all_scenarios[(""knn"", ""netblock30d"")]"
KNN,netblock30d,deterministic,3972,17155,2023-11-13,11.300000390410425,1.568869733065367,1,"C:\Users\yasemin.bozkurt\Desktop\article\DLPIF-repo-update\src\baseline_results.pkl::all_scenarios[(""knn"", ""netblock30d"")]"
KNN,netblock30d,deterministic,3973,17704,2023-11-13,10.000000467896463,1.568869733065367,1,"C:\Users\yasemin.bozkurt\Desktop\article\DLPIF-repo-update\src\baseline_results.pkl::all_scenarios[(""knn"", ""netblock30d"")]"
KNN,netblock30d,deterministic,3974,17748,2023-11-13,12.200000336766244,1.568869733065367,1,"C:\Users\yasemin.bozkurt\Desktop\article\DLPIF-repo-update\src\baseline_results.pkl::all_scenarios[(""knn"", ""netblock30d"")]"
KNN,netblock30d,deterministic,3975,17750,2023-11-13,7.200000102818013,1.568869733065367,1,"C:\Users\yasemin.bozkurt\Desktop\article\DLPIF-repo-update\src\baseline_results.pkl::all_scenarios[(""knn"", ""netblock30d"")]"
KNN,netblock30d,deterministic,3976,17155,2023-11-14,7.100000108778477,1.568869733065367,1,"C:\Users\yasemin.bozkurt\Desktop\article\DLPIF-repo-update\src\baseline_results.pkl::all_scenarios[(""knn"", ""netblock30d"")]"
KNN,netblock30d,deterministic,3977,17704,2023-11-14,5.800000186264516,1.568869733065367,1,"C:\Users\yasemin.bozkurt\Desktop\article\DLPIF-repo-update\src\baseline_results.pkl::all_scenarios[(""knn"", ""netblock30d"")]"
KNN,netblock30d,deterministic,3978,17748,2023-11-14,17.600000014901163,1.568869733065367,1,"C:\Users\yasemin.bozkurt\Desktop\article\DLPIF-repo-update\src\baseline_results.pkl::all_scenarios[(""knn"", ""netblock30d"")]"
KNN,netblock30d,deterministic,3979,17750,2023-11-14,11.000000408291818,1.568869733065367,1,"C:\Users\yasemin.bozkurt\Desktop\article\DLPIF-repo-update\src\baseline_results.pkl::all_scenarios[(""knn"", ""netblock30d"")]"
KNN,netblock30d,deterministic,3980,17155,2023-11-15,2.40000012293458,1.568869733065367,1,"C:\Users\yasemin.bozkurt\Desktop\article\DLPIF-repo-update\src\baseline_results.pkl::all_scenarios[(""knn"", ""netblock30d"")]"
KNN,netblock30d,deterministic,3981,17704,2023-11-15,5.0000002339482315,1.568869733065367,1,"C:\Users\yasemin.bozkurt\Desktop\article\DLPIF-repo-update\src\baseline_results.pkl::all_scenarios[(""knn"", ""netblock30d"")]"
KNN,netblock30d,deterministic,3982,17748,2023-11-15,7.800000067055226,1.568869733065367,1,"C:\Users\yasemin.bozkurt\Desktop\article\DLPIF-repo-update\src\baseline_results.pkl::all_scenarios[(""knn"", ""netblock30d"")]"
KNN,netblock30d,deterministic,3983,17750,2023-11-15,4.600000257790089,1.568869733065367,1,"C:\Users\yasemin.bozkurt\Desktop\article\DLPIF-repo-update\src\baseline_results.pkl::all_scenarios[(""knn"", ""netblock30d"")]"
KNN,netblock30d,deterministic,3984,17155,2023-11-16,0.0,1.568869733065367,1,"C:\Users\yasemin.bozkurt\Desktop\article\DLPIF-repo-update\src\baseline_results.pkl::all_scenarios[(""knn"", ""netblock30d"")]"
KNN,netblock30d,deterministic,3985,17704,2023-11-16,1.6000000376254322,1.568869733065367,1,"C:\Users\yasemin.bozkurt\Desktop\article\DLPIF-repo-update\src\baseline_results.pkl::all_scenarios[(""knn"", ""netblock30d"")]"
KNN,netblock30d,deterministic,3986,17748,2023-11-16,0.20000000470317902,1.568869733065367,1,"C:\Users\yasemin.bozkurt\Desktop\article\DLPIF-repo-update\src\baseline_results.pkl::all_scenarios[(""knn"", ""netblock30d"")]"
KNN,netblock30d,deterministic,3987,17750,2023-11-16,0.0,1.568869733065367,1,"C:\Users\yasemin.bozkurt\Desktop\article\DLPIF-repo-update\src\baseline_results.pkl::all_scenarios[(""knn"", ""netblock30d"")]"
KNN,netblock30d,deterministic,3988,17155,2023-11-17,5.900000180304051,1.568869733065367,1,"C:\Users\yasemin.bozkurt\Desktop\article\DLPIF-repo-update\src\baseline_results.pkl::all_scenarios[(""knn"", ""netblock30d"")]"
KNN,netblock30d,deterministic,3989,17704,2023-11-17,3.6000000514090065,1.568869733065367,1,"C:\Users\yasemin.bozkurt\Desktop\article\DLPIF-repo-update\src\baseline_results.pkl::all_scenarios[(""knn"", ""netblock30d"")]"
KNN,netblock30d,deterministic,3990,17748,2023-11-17,2.40000012293458,1.568869733065367,1,"C:\Users\yasemin.bozkurt\Desktop\article\DLPIF-repo-update\src\baseline_results.pkl::all_scenarios[(""knn"", ""netblock30d"")]"
KNN,netblock30d,deterministic,3991,17750,2023-11-17,3.4000000633299354,1.568869733065367,1,"C:\Users\yasemin.bozkurt\Desktop\article\DLPIF-repo-update\src\baseline_results.pkl::all_scenarios[(""knn"", ""netblock30d"")]"
