method,scenario,seed,row_index,station_id,date,y_true,y_pred,evaluation_mask,source_file
MICE,10pct,deterministic,17,17704,2021-02-27,0.0,0.03600000034784898,1,"C:\Users\yasemin.bozkurt\Desktop\article\DLPIF-repo-update\src\baseline_results.pkl::all_scenarios[(""mice"", ""10pct"")]"
MICE,10pct,deterministic,21,17704,2021-02-28,0.0,0.22000000351108612,1,"C:\Users\yasemin.bozkurt\Desktop\article\DLPIF-repo-update\src\baseline_results.pkl::all_scenarios[(""mice"", ""10pct"")]"
MICE,10pct,deterministic,22,17748,2021-02-28,0.20000000470317902,1.4719999920576812,1,"C:\Users\yasemin.bozkurt\Desktop\article\DLPIF-repo-update\src\baseline_results.pkl::all_scenarios[(""mice"", ""10pct"")]"
MICE,10pct,deterministic,30,17748,2021-03-02,0.0,1.6800000328570606,1,"C:\Users\yasemin.bozkurt\Desktop\article\DLPIF-repo-update\src\baseline_results.pkl::all_scenarios[(""mice"", ""10pct"")]"
MICE,10pct,deterministic,45,17704,2021-03-06,0.0,0.10000000235158951,1,"C:\Users\yasemin.bozkurt\Desktop\article\DLPIF-repo-update\src\baseline_results.pkl::all_scenarios[(""mice"", ""10pct"")]"
MICE,10pct,deterministic,76,17155,2021-03-14,0.0,0.9379999972879888,1,"C:\Users\yasemin.bozkurt\Desktop\article\DLPIF-repo-update\src\baseline_results.pkl::all_scenarios[(""mice"", ""10pct"")]"
MICE,10pct,deterministic,78,17748,2021-03-14,0.0,0.7720000337809325,1,"C:\Users\yasemin.bozkurt\Desktop\article\DLPIF-repo-update\src\baseline_results.pkl::all_scenarios[(""mice"", ""10pct"")]"
MICE,10pct,deterministic,96,17155,2021-03-19,3.4000000633299354,1.5240000687539579,1,"C:\Users\yasemin.bozkurt\Desktop\article\DLPIF-repo-update\src\baseline_results.pkl::all_scenarios[(""mice"", ""10pct"")]"
MICE,10pct,deterministic,98,17748,2021-03-19,1.8000000257045032,8.632000230252743,1,"C:\Users\yasemin.bozkurt\Desktop\article\DLPIF-repo-update\src\baseline_results.pkl::all_scenarios[(""mice"", ""10pct"")]"
MICE,10pct,deterministic,104,17155,2021-03-21,14.000000229477884,2.8480001494288447,1,"C:\Users\yasemin.bozkurt\Desktop\article\DLPIF-repo-update\src\baseline_results.pkl::all_scenarios[(""mice"", ""10pct"")]"
MICE,10pct,deterministic,117,17704,2021-03-24,1.0000000068917871,1.4600000459700824,1,"C:\Users\yasemin.bozkurt\Desktop\article\DLPIF-repo-update\src\baseline_results.pkl::all_scenarios[(""mice"", ""10pct"")]"
MICE,10pct,deterministic,118,17748,2021-03-24,7.000000114738942,3.3160001747310166,1,"C:\Users\yasemin.bozkurt\Desktop\article\DLPIF-repo-update\src\baseline_results.pkl::all_scenarios[(""mice"", ""10pct"")]"
MICE,10pct,deterministic,119,17750,2021-03-24,8.800000007450581,4.576000365614892,1,"C:\Users\yasemin.bozkurt\Desktop\article\DLPIF-repo-update\src\baseline_results.pkl::all_scenarios[(""mice"", ""10pct"")]"
MICE,10pct,deterministic,121,17704,2021-03-25,1.0000000068917871,10.020000466704369,1,"C:\Users\yasemin.bozkurt\Desktop\article\DLPIF-repo-update\src\baseline_results.pkl::all_scenarios[(""mice"", ""10pct"")]"
MICE,10pct,deterministic,140,17155,2021-03-30,4.000000027567149,0.7440000487491489,1,"C:\Users\yasemin.bozkurt\Desktop\article\DLPIF-repo-update\src\baseline_results.pkl::all_scenarios[(""mice"", ""10pct"")]"
MICE,10pct,deterministic,147,17750,2021-03-31,0.0,1.2279999800026418,1,"C:\Users\yasemin.bozkurt\Desktop\article\DLPIF-repo-update\src\baseline_results.pkl::all_scenarios[(""mice"", ""10pct"")]"
MICE,10pct,deterministic,149,17704,2021-04-01,1.20000006146729,1.8680000748485328,1,"C:\Users\yasemin.bozkurt\Desktop\article\DLPIF-repo-update\src\baseline_results.pkl::all_scenarios[(""mice"", ""10pct"")]"
MICE,10pct,deterministic,160,17155,2021-04-04,0.0,2.4740000121295456,1,"C:\Users\yasemin.bozkurt\Desktop\article\DLPIF-repo-update\src\baseline_results.pkl::all_scenarios[(""mice"", ""10pct"")]"
MICE,10pct,deterministic,168,17155,2021-04-06,19.800000947713855,0.07600000211969019,1,"C:\Users\yasemin.bozkurt\Desktop\article\DLPIF-repo-update\src\baseline_results.pkl::all_scenarios[(""mice"", ""10pct"")]"
MICE,10pct,deterministic,188,17155,2021-04-11,0.0,0.8000000188127161,1,"C:\Users\yasemin.bozkurt\Desktop\article\DLPIF-repo-update\src\baseline_results.pkl::all_scenarios[(""mice"", ""10pct"")]"
MICE,10pct,deterministic,202,17748,2021-04-14,0.0,0.21200000066310168,1,"C:\Users\yasemin.bozkurt\Desktop\article\DLPIF-repo-update\src\baseline_results.pkl::all_scenarios[(""mice"", ""10pct"")]"
MICE,10pct,deterministic,211,17750,2021-04-16,0.0,1.744000055640936,1,"C:\Users\yasemin.bozkurt\Desktop\article\DLPIF-repo-update\src\baseline_results.pkl::all_scenarios[(""mice"", ""10pct"")]"
MICE,10pct,deterministic,217,17704,2021-04-18,0.40000000940635805,0.40800002887845044,1,"C:\Users\yasemin.bozkurt\Desktop\article\DLPIF-repo-update\src\baseline_results.pkl::all_scenarios[(""mice"", ""10pct"")]"
MICE,10pct,deterministic,229,17704,2021-04-21,10.800000420212747,2.1840000294148925,1,"C:\Users\yasemin.bozkurt\Desktop\article\DLPIF-repo-update\src\baseline_results.pkl::all_scenarios[(""mice"", ""10pct"")]"
MICE,10pct,deterministic,242,17748,2021-04-24,0.0,9.480000498890877,1,"C:\Users\yasemin.bozkurt\Desktop\article\DLPIF-repo-update\src\baseline_results.pkl::all_scenarios[(""mice"", ""10pct"")]"
MICE,10pct,deterministic,243,17750,2021-04-24,0.0,1.036000044643879,1,"C:\Users\yasemin.bozkurt\Desktop\article\DLPIF-repo-update\src\baseline_results.pkl::all_scenarios[(""mice"", ""10pct"")]"
MICE,10pct,deterministic,250,17748,2021-04-26,0.40000000940635805,7.148000425100327,1,"C:\Users\yasemin.bozkurt\Desktop\article\DLPIF-repo-update\src\baseline_results.pkl::all_scenarios[(""mice"", ""10pct"")]"
MICE,10pct,deterministic,264,17155,2021-04-30,0.0,0.024000000231899323,1,"C:\Users\yasemin.bozkurt\Desktop\article\DLPIF-repo-update\src\baseline_results.pkl::all_scenarios[(""mice"", ""10pct"")]"
MICE,10pct,deterministic,275,17750,2021-05-02,0.0,0.04399999903980643,1,"C:\Users\yasemin.bozkurt\Desktop\article\DLPIF-repo-update\src\baseline_results.pkl::all_scenarios[(""mice"", ""10pct"")]"
MICE,10pct,deterministic,282,17748,2021-05-04,0.0,1.3960000231862069,1,"C:\Users\yasemin.bozkurt\Desktop\article\DLPIF-repo-update\src\baseline_results.pkl::all_scenarios[(""mice"", ""10pct"")]"
MICE,10pct,deterministic,301,17704,2021-05-09,0.600000030733645,0.27200001371093097,1,"C:\Users\yasemin.bozkurt\Desktop\article\DLPIF-repo-update\src\baseline_results.pkl::all_scenarios[(""mice"", ""10pct"")]"
MICE,10pct,deterministic,302,17748,2021-05-09,0.40000000940635805,1.7880000796169044,1,"C:\Users\yasemin.bozkurt\Desktop\article\DLPIF-repo-update\src\baseline_results.pkl::all_scenarios[(""mice"", ""10pct"")]"
MICE,10pct,deterministic,304,17155,2021-05-10,0.0,0.0,1,"C:\Users\yasemin.bozkurt\Desktop\article\DLPIF-repo-update\src\baseline_results.pkl::all_scenarios[(""mice"", ""10pct"")]"
MICE,10pct,deterministic,311,17750,2021-05-11,0.0,0.42000000821426514,1,"C:\Users\yasemin.bozkurt\Desktop\article\DLPIF-repo-update\src\baseline_results.pkl::all_scenarios[(""mice"", ""10pct"")]"
MICE,10pct,deterministic,316,17155,2021-05-13,0.0,0.0,1,"C:\Users\yasemin.bozkurt\Desktop\article\DLPIF-repo-update\src\baseline_results.pkl::all_scenarios[(""mice"", ""10pct"")]"
MICE,10pct,deterministic,326,17748,2021-05-15,0.0,0.2760000068228692,1,"C:\Users\yasemin.bozkurt\Desktop\article\DLPIF-repo-update\src\baseline_results.pkl::all_scenarios[(""mice"", ""10pct"")]"
MICE,10pct,deterministic,331,17750,2021-05-16,0.0,0.01600000050093513,1,"C:\Users\yasemin.bozkurt\Desktop\article\DLPIF-repo-update\src\baseline_results.pkl::all_scenarios[(""mice"", ""10pct"")]"
MICE,10pct,deterministic,335,17750,2021-05-17,0.0,0.05600000331178308,1,"C:\Users\yasemin.bozkurt\Desktop\article\DLPIF-repo-update\src\baseline_results.pkl::all_scenarios[(""mice"", ""10pct"")]"
MICE,10pct,deterministic,354,17748,2021-05-22,2.8000000990927223,3.140000078827143,1,"C:\Users\yasemin.bozkurt\Desktop\article\DLPIF-repo-update\src\baseline_results.pkl::all_scenarios[(""mice"", ""10pct"")]"
MICE,10pct,deterministic,378,17748,2021-05-28,0.0,1.8559999957680704,1,"C:\Users\yasemin.bozkurt\Desktop\article\DLPIF-repo-update\src\baseline_results.pkl::all_scenarios[(""mice"", ""10pct"")]"
MICE,10pct,deterministic,379,17750,2021-05-28,0.0,0.0,1,"C:\Users\yasemin.bozkurt\Desktop\article\DLPIF-repo-update\src\baseline_results.pkl::all_scenarios[(""mice"", ""10pct"")]"
MICE,10pct,deterministic,409,17704,2021-06-05,0.0,0.5440000274218619,1,"C:\Users\yasemin.bozkurt\Desktop\article\DLPIF-repo-update\src\baseline_results.pkl::all_scenarios[(""mice"", ""10pct"")]"
MICE,10pct,deterministic,418,17748,2021-06-07,0.0,0.008000000250467565,1,"C:\Users\yasemin.bozkurt\Desktop\article\DLPIF-repo-update\src\baseline_results.pkl::all_scenarios[(""mice"", ""10pct"")]"
MICE,10pct,deterministic,439,17750,2021-06-12,0.600000030733645,1.8080000784248116,1,"C:\Users\yasemin.bozkurt\Desktop\article\DLPIF-repo-update\src\baseline_results.pkl::all_scenarios[(""mice"", ""10pct"")]"
MICE,10pct,deterministic,446,17748,2021-06-14,4.400000003725291,9.423999863862992,1,"C:\Users\yasemin.bozkurt\Desktop\article\DLPIF-repo-update\src\baseline_results.pkl::all_scenarios[(""mice"", ""10pct"")]"
MICE,10pct,deterministic,449,17704,2021-06-15,0.600000030733645,1.3879999704658987,1,"C:\Users\yasemin.bozkurt\Desktop\article\DLPIF-repo-update\src\baseline_results.pkl::all_scenarios[(""mice"", ""10pct"")]"
MICE,10pct,deterministic,454,17748,2021-06-16,0.8000000188127161,11.900000354647638,1,"C:\Users\yasemin.bozkurt\Desktop\article\DLPIF-repo-update\src\baseline_results.pkl::all_scenarios[(""mice"", ""10pct"")]"
MICE,10pct,deterministic,456,17155,2021-06-17,0.20000000470317902,2.308000181615353,1,"C:\Users\yasemin.bozkurt\Desktop\article\DLPIF-repo-update\src\baseline_results.pkl::all_scenarios[(""mice"", ""10pct"")]"
MICE,10pct,deterministic,458,17748,2021-06-17,0.600000030733645,8.062000264227391,1,"C:\Users\yasemin.bozkurt\Desktop\article\DLPIF-repo-update\src\baseline_results.pkl::all_scenarios[(""mice"", ""10pct"")]"
MICE,10pct,deterministic,467,17750,2021-06-19,0.20000000470317902,0.20000000470317902,1,"C:\Users\yasemin.bozkurt\Desktop\article\DLPIF-repo-update\src\baseline_results.pkl::all_scenarios[(""mice"", ""10pct"")]"
MICE,10pct,deterministic,472,17155,2021-06-21,8.800000007450581,6.98800043463707,1,"C:\Users\yasemin.bozkurt\Desktop\article\DLPIF-repo-update\src\baseline_results.pkl::all_scenarios[(""mice"", ""10pct"")]"
MICE,10pct,deterministic,496,17155,2021-06-27,0.0,1.144000091403723,1,"C:\Users\yasemin.bozkurt\Desktop\article\DLPIF-repo-update\src\baseline_results.pkl::all_scenarios[(""mice"", ""10pct"")]"
MICE,10pct,deterministic,500,17155,2021-06-28,0.0,0.48800002411007887,1,"C:\Users\yasemin.bozkurt\Desktop\article\DLPIF-repo-update\src\baseline_results.pkl::all_scenarios[(""mice"", ""10pct"")]"
MICE,10pct,deterministic,502,17748,2021-06-28,0.0,0.012000000115949662,1,"C:\Users\yasemin.bozkurt\Desktop\article\DLPIF-repo-update\src\baseline_results.pkl::all_scenarios[(""mice"", ""10pct"")]"
MICE,10pct,deterministic,514,17748,2021-07-01,0.0,0.004000000125233783,1,"C:\Users\yasemin.bozkurt\Desktop\article\DLPIF-repo-update\src\baseline_results.pkl::all_scenarios[(""mice"", ""10pct"")]"
MICE,10pct,deterministic,525,17704,2021-07-04,0.20000000470317902,1.872000101208687,1,"C:\Users\yasemin.bozkurt\Desktop\article\DLPIF-repo-update\src\baseline_results.pkl::all_scenarios[(""mice"", ""10pct"")]"
MICE,10pct,deterministic,536,17155,2021-07-07,0.20000000470317902,4.901999920606613,1,"C:\Users\yasemin.bozkurt\Desktop\article\DLPIF-repo-update\src\baseline_results.pkl::all_scenarios[(""mice"", ""10pct"")]"
MICE,10pct,deterministic,539,17750,2021-07-07,0.0,0.5280000217258931,1,"C:\Users\yasemin.bozkurt\Desktop\article\DLPIF-repo-update\src\baseline_results.pkl::all_scenarios[(""mice"", ""10pct"")]"
MICE,10pct,deterministic,541,17704,2021-07-08,0.20000000470317902,2.4600001193583014,1,"C:\Users\yasemin.bozkurt\Desktop\article\DLPIF-repo-update\src\baseline_results.pkl::all_scenarios[(""mice"", ""10pct"")]"
MICE,10pct,deterministic,545,17704,2021-07-09,0.0,0.14799999450333418,1,"C:\Users\yasemin.bozkurt\Desktop\article\DLPIF-repo-update\src\baseline_results.pkl::all_scenarios[(""mice"", ""10pct"")]"
MICE,10pct,deterministic,556,17155,2021-07-12,0.0,0.8520000290125609,1,"C:\Users\yasemin.bozkurt\Desktop\article\DLPIF-repo-update\src\baseline_results.pkl::all_scenarios[(""mice"", ""10pct"")]"
MICE,10pct,deterministic,563,17750,2021-07-13,0.0,0.004000000125233783,1,"C:\Users\yasemin.bozkurt\Desktop\article\DLPIF-repo-update\src\baseline_results.pkl::all_scenarios[(""mice"", ""10pct"")]"
MICE,10pct,deterministic,566,17748,2021-07-14,0.0,0.004000000125233783,1,"C:\Users\yasemin.bozkurt\Desktop\article\DLPIF-repo-update\src\baseline_results.pkl::all_scenarios[(""mice"", ""10pct"")]"
MICE,10pct,deterministic,571,17750,2021-07-15,0.0,0.008000000250467565,1,"C:\Users\yasemin.bozkurt\Desktop\article\DLPIF-repo-update\src\baseline_results.pkl::all_scenarios[(""mice"", ""10pct"")]"
MICE,10pct,deterministic,575,17750,2021-07-16,0.0,0.0,1,"C:\Users\yasemin.bozkurt\Desktop\article\DLPIF-repo-update\src\baseline_results.pkl::all_scenarios[(""mice"", ""10pct"")]"
MICE,10pct,deterministic,588,17155,2021-07-20,0.0,1.6360000088810922,1,"C:\Users\yasemin.bozkurt\Desktop\article\DLPIF-repo-update\src\baseline_results.pkl::all_scenarios[(""mice"", ""10pct"")]"
MICE,10pct,deterministic,621,17704,2021-07-28,0.0,0.0,1,"C:\Users\yasemin.bozkurt\Desktop\article\DLPIF-repo-update\src\baseline_results.pkl::all_scenarios[(""mice"", ""10pct"")]"
MICE,10pct,deterministic,623,17750,2021-07-28,0.0,0.0,1,"C:\Users\yasemin.bozkurt\Desktop\article\DLPIF-repo-update\src\baseline_results.pkl::all_scenarios[(""mice"", ""10pct"")]"
MICE,10pct,deterministic,625,17704,2021-07-29,0.0,0.0,1,"C:\Users\yasemin.bozkurt\Desktop\article\DLPIF-repo-update\src\baseline_results.pkl::all_scenarios[(""mice"", ""10pct"")]"
MICE,10pct,deterministic,632,17155,2021-07-31,0.0,0.012000000115949662,1,"C:\Users\yasemin.bozkurt\Desktop\article\DLPIF-repo-update\src\baseline_results.pkl::all_scenarios[(""mice"", ""10pct"")]"
MICE,10pct,deterministic,634,17748,2021-07-31,0.0,0.0,1,"C:\Users\yasemin.bozkurt\Desktop\article\DLPIF-repo-update\src\baseline_results.pkl::all_scenarios[(""mice"", ""10pct"")]"
MICE,10pct,deterministic,639,17750,2021-08-01,0.0,0.0,1,"C:\Users\yasemin.bozkurt\Desktop\article\DLPIF-repo-update\src\baseline_results.pkl::all_scenarios[(""mice"", ""10pct"")]"
MICE,10pct,deterministic,646,17748,2021-08-03,0.0,0.02800000165589154,1,"C:\Users\yasemin.bozkurt\Desktop\article\DLPIF-repo-update\src\baseline_results.pkl::all_scenarios[(""mice"", ""10pct"")]"
MICE,10pct,deterministic,679,17750,2021-08-11,0.0,0.0,1,"C:\Users\yasemin.bozkurt\Desktop\article\DLPIF-repo-update\src\baseline_results.pkl::all_scenarios[(""mice"", ""10pct"")]"
MICE,10pct,deterministic,699,17750,2021-08-16,0.0,0.008000000250467565,1,"C:\Users\yasemin.bozkurt\Desktop\article\DLPIF-repo-update\src\baseline_results.pkl::all_scenarios[(""mice"", ""10pct"")]"
MICE,10pct,deterministic,731,17750,2021-08-24,0.0,0.6400000283494592,1,"C:\Users\yasemin.bozkurt\Desktop\article\DLPIF-repo-update\src\baseline_results.pkl::all_scenarios[(""mice"", ""10pct"")]"
MICE,10pct,deterministic,753,17704,2021-08-30,0.0,0.0,1,"C:\Users\yasemin.bozkurt\Desktop\article\DLPIF-repo-update\src\baseline_results.pkl::all_scenarios[(""mice"", ""10pct"")]"
MICE,10pct,deterministic,756,17155,2021-08-31,0.0,2.7839999936521056,1,"C:\Users\yasemin.bozkurt\Desktop\article\DLPIF-repo-update\src\baseline_results.pkl::all_scenarios[(""mice"", ""10pct"")]"
MICE,10pct,deterministic,774,17748,2021-09-04,0.0,0.1159999997355044,1,"C:\Users\yasemin.bozkurt\Desktop\article\DLPIF-repo-update\src\baseline_results.pkl::all_scenarios[(""mice"", ""10pct"")]"
MICE,10pct,deterministic,787,17750,2021-09-07,0.0,0.30800000159069896,1,"C:\Users\yasemin.bozkurt\Desktop\article\DLPIF-repo-update\src\baseline_results.pkl::all_scenarios[(""mice"", ""10pct"")]"
MICE,10pct,deterministic,793,17704,2021-09-09,0.0,0.0,1,"C:\Users\yasemin.bozkurt\Desktop\article\DLPIF-repo-update\src\baseline_results.pkl::all_scenarios[(""mice"", ""10pct"")]"
MICE,10pct,deterministic,808,17155,2021-09-13,0.0,0.19599999496713283,1,"C:\Users\yasemin.bozkurt\Desktop\article\DLPIF-repo-update\src\baseline_results.pkl::all_scenarios[(""mice"", ""10pct"")]"
MICE,10pct,deterministic,833,17704,2021-09-19,0.0,0.06000000057974831,1,"C:\Users\yasemin.bozkurt\Desktop\article\DLPIF-repo-update\src\baseline_results.pkl::all_scenarios[(""mice"", ""10pct"")]"
MICE,10pct,deterministic,843,17750,2021-09-21,0.20000000470317902,0.024000000231899323,1,"C:\Users\yasemin.bozkurt\Desktop\article\DLPIF-repo-update\src\baseline_results.pkl::all_scenarios[(""mice"", ""10pct"")]"
MICE,10pct,deterministic,850,17748,2021-09-23,1.6000000376254322,2.284000023454428,1,"C:\Users\yasemin.bozkurt\Desktop\article\DLPIF-repo-update\src\baseline_results.pkl::all_scenarios[(""mice"", ""10pct"")]"
MICE,10pct,deterministic,857,17704,2021-09-25,0.0,0.03200000100187026,1,"C:\Users\yasemin.bozkurt\Desktop\article\DLPIF-repo-update\src\baseline_results.pkl::all_scenarios[(""mice"", ""10pct"")]"
MICE,10pct,deterministic,895,17750,2021-10-04,0.0,0.004000000125233783,1,"C:\Users\yasemin.bozkurt\Desktop\article\DLPIF-repo-update\src\baseline_results.pkl::all_scenarios[(""mice"", ""10pct"")]"
MICE,10pct,deterministic,902,17748,2021-10-06,0.0,0.06000000057974831,1,"C:\Users\yasemin.bozkurt\Desktop\article\DLPIF-repo-update\src\baseline_results.pkl::all_scenarios[(""mice"", ""10pct"")]"
MICE,10pct,deterministic,903,17750,2021-10-06,0.0,0.3640000049024821,1,"C:\Users\yasemin.bozkurt\Desktop\article\DLPIF-repo-update\src\baseline_results.pkl::all_scenarios[(""mice"", ""10pct"")]"
MICE,10pct,deterministic,917,17704,2021-10-10,0.0,0.09600000092759729,1,"C:\Users\yasemin.bozkurt\Desktop\article\DLPIF-repo-update\src\baseline_results.pkl::all_scenarios[(""mice"", ""10pct"")]"
MICE,10pct,deterministic,930,17748,2021-10-13,18.60000101923943,4.840000243484974,1,"C:\Users\yasemin.bozkurt\Desktop\article\DLPIF-repo-update\src\baseline_results.pkl::all_scenarios[(""mice"", ""10pct"")]"
MICE,10pct,deterministic,937,17704,2021-10-15,0.0,0.13600000685546548,1,"C:\Users\yasemin.bozkurt\Desktop\article\DLPIF-repo-update\src\baseline_results.pkl::all_scenarios[(""mice"", ""10pct"")]"
MICE,10pct,deterministic,943,17750,2021-10-16,3.8000000394880775,2.4280001744627953,1,"C:\Users\yasemin.bozkurt\Desktop\article\DLPIF-repo-update\src\baseline_results.pkl::all_scenarios[(""mice"", ""10pct"")]"
MICE,10pct,deterministic,947,17750,2021-10-17,10.000000467896463,9.708000272512436,1,"C:\Users\yasemin.bozkurt\Desktop\article\DLPIF-repo-update\src\baseline_results.pkl::all_scenarios[(""mice"", ""10pct"")]"
MICE,10pct,deterministic,950,17748,2021-10-18,0.600000030733645,4.168000070750714,1,"C:\Users\yasemin.bozkurt\Desktop\article\DLPIF-repo-update\src\baseline_results.pkl::all_scenarios[(""mice"", ""10pct"")]"
MICE,10pct,deterministic,951,17750,2021-10-18,0.8000000188127161,3.648000101745129,1,"C:\Users\yasemin.bozkurt\Desktop\article\DLPIF-repo-update\src\baseline_results.pkl::all_scenarios[(""mice"", ""10pct"")]"
MICE,10pct,deterministic,959,17750,2021-10-20,0.0,0.2319999994710088,1,"C:\Users\yasemin.bozkurt\Desktop\article\DLPIF-repo-update\src\baseline_results.pkl::all_scenarios[(""mice"", ""10pct"")]"
MICE,10pct,deterministic,1002,17748,2021-10-31,0.20000000470317902,1.3400000531226397,1,"C:\Users\yasemin.bozkurt\Desktop\article\DLPIF-repo-update\src\baseline_results.pkl::all_scenarios[(""mice"", ""10pct"")]"
MICE,10pct,deterministic,1015,17750,2021-11-03,10.000000467896463,6.307999943196774,1,"C:\Users\yasemin.bozkurt\Desktop\article\DLPIF-repo-update\src\baseline_results.pkl::all_scenarios[(""mice"", ""10pct"")]"
MICE,10pct,deterministic,1016,17155,2021-11-04,0.0,1.560000040009618,1,"C:\Users\yasemin.bozkurt\Desktop\article\DLPIF-repo-update\src\baseline_results.pkl::all_scenarios[(""mice"", ""10pct"")]"
MICE,10pct,deterministic,1034,17748,2021-11-08,0.0,0.38000001059845095,1,"C:\Users\yasemin.bozkurt\Desktop\article\DLPIF-repo-update\src\baseline_results.pkl::all_scenarios[(""mice"", ""10pct"")]"
MICE,10pct,deterministic,1056,17155,2021-11-14,0.0,0.01600000050093513,1,"C:\Users\yasemin.bozkurt\Desktop\article\DLPIF-repo-update\src\baseline_results.pkl::all_scenarios[(""mice"", ""10pct"")]"
MICE,10pct,deterministic,1072,17155,2021-11-18,0.0,0.42000000821426514,1,"C:\Users\yasemin.bozkurt\Desktop\article\DLPIF-repo-update\src\baseline_results.pkl::all_scenarios[(""mice"", ""10pct"")]"
MICE,10pct,deterministic,1074,17748,2021-11-18,0.20000000470317902,3.488000111281872,1,"C:\Users\yasemin.bozkurt\Desktop\article\DLPIF-repo-update\src\baseline_results.pkl::all_scenarios[(""mice"", ""10pct"")]"
MICE,10pct,deterministic,1077,17704,2021-11-19,0.20000000470317902,4.2400000132620335,1,"C:\Users\yasemin.bozkurt\Desktop\article\DLPIF-repo-update\src\baseline_results.pkl::all_scenarios[(""mice"", ""10pct"")]"
MICE,10pct,deterministic,1096,17155,2021-11-24,10.200000455975534,2.412000069022179,1,"C:\Users\yasemin.bozkurt\Desktop\article\DLPIF-repo-update\src\baseline_results.pkl::all_scenarios[(""mice"", ""10pct"")]"
MICE,10pct,deterministic,1106,17748,2021-11-26,0.0,4.028000079095364,1,"C:\Users\yasemin.bozkurt\Desktop\article\DLPIF-repo-update\src\baseline_results.pkl::all_scenarios[(""mice"", ""10pct"")]"
MICE,10pct,deterministic,1107,17750,2021-11-26,0.0,1.267999977618456,1,"C:\Users\yasemin.bozkurt\Desktop\article\DLPIF-repo-update\src\baseline_results.pkl::all_scenarios[(""mice"", ""10pct"")]"
MICE,10pct,deterministic,1122,17748,2021-11-30,22.40000079274178,8.64800033569336,1,"C:\Users\yasemin.bozkurt\Desktop\article\DLPIF-repo-update\src\baseline_results.pkl::all_scenarios[(""mice"", ""10pct"")]"
MICE,10pct,deterministic,1132,17155,2021-12-03,0.20000000470317902,1.144000091403723,1,"C:\Users\yasemin.bozkurt\Desktop\article\DLPIF-repo-update\src\baseline_results.pkl::all_scenarios[(""mice"", ""10pct"")]"
MICE,10pct,deterministic,1161,17704,2021-12-10,0.0,1.8700000215321781,1,"C:\Users\yasemin.bozkurt\Desktop\article\DLPIF-repo-update\src\baseline_results.pkl::all_scenarios[(""mice"", ""10pct"")]"
MICE,10pct,deterministic,1174,17748,2021-12-13,7.600000078976155,8.700000545382501,1,"C:\Users\yasemin.bozkurt\Desktop\article\DLPIF-repo-update\src\baseline_results.pkl::all_scenarios[(""mice"", ""10pct"")]"
MICE,10pct,deterministic,1177,17704,2021-12-14,4.400000003725291,0.8080000050365925,1,"C:\Users\yasemin.bozkurt\Desktop\article\DLPIF-repo-update\src\baseline_results.pkl::all_scenarios[(""mice"", ""10pct"")]"
MICE,10pct,deterministic,1190,17748,2021-12-17,0.20000000470317902,4.280000010877848,1,"C:\Users\yasemin.bozkurt\Desktop\article\DLPIF-repo-update\src\baseline_results.pkl::all_scenarios[(""mice"", ""10pct"")]"
MICE,10pct,deterministic,1191,17750,2021-12-17,0.0,0.9760000482201577,1,"C:\Users\yasemin.bozkurt\Desktop\article\DLPIF-repo-update\src\baseline_results.pkl::all_scenarios[(""mice"", ""10pct"")]"
MICE,10pct,deterministic,1206,17748,2021-12-21,0.20000000470317902,3.2920000165700913,1,"C:\Users\yasemin.bozkurt\Desktop\article\DLPIF-repo-update\src\baseline_results.pkl::all_scenarios[(""mice"", ""10pct"")]"
MICE,10pct,deterministic,1211,17750,2021-12-22,3.4000000633299354,1.1160000398755074,1,"C:\Users\yasemin.bozkurt\Desktop\article\DLPIF-repo-update\src\baseline_results.pkl::all_scenarios[(""mice"", ""10pct"")]"
MICE,10pct,deterministic,1220,17155,2021-12-25,0.0,0.8359999900683761,1,"C:\Users\yasemin.bozkurt\Desktop\article\DLPIF-repo-update\src\baseline_results.pkl::all_scenarios[(""mice"", ""10pct"")]"
MICE,10pct,deterministic,1224,17155,2021-12-26,0.0,2.8680001482367516,1,"C:\Users\yasemin.bozkurt\Desktop\article\DLPIF-repo-update\src\baseline_results.pkl::all_scenarios[(""mice"", ""10pct"")]"
MICE,10pct,deterministic,1234,17748,2021-12-28,0.0,2.9200000919401647,1,"C:\Users\yasemin.bozkurt\Desktop\article\DLPIF-repo-update\src\baseline_results.pkl::all_scenarios[(""mice"", ""10pct"")]"
MICE,10pct,deterministic,1235,17750,2021-12-28,0.0,0.2319999994710088,1,"C:\Users\yasemin.bozkurt\Desktop\article\DLPIF-repo-update\src\baseline_results.pkl::all_scenarios[(""mice"", ""10pct"")]"
MICE,10pct,deterministic,1258,17748,2022-01-03,0.0,0.1720000030472875,1,"C:\Users\yasemin.bozkurt\Desktop\article\DLPIF-repo-update\src\baseline_results.pkl::all_scenarios[(""mice"", ""10pct"")]"
MICE,10pct,deterministic,1293,17704,2022-01-12,2.2000000018626453,1.4079999692738057,1,"C:\Users\yasemin.bozkurt\Desktop\article\DLPIF-repo-update\src\baseline_results.pkl::all_scenarios[(""mice"", ""10pct"")]"
MICE,10pct,deterministic,1296,17155,2022-01-13,0.20000000470317902,2.888000147044659,1,"C:\Users\yasemin.bozkurt\Desktop\article\DLPIF-repo-update\src\baseline_results.pkl::all_scenarios[(""mice"", ""10pct"")]"
MICE,10pct,deterministic,1301,17704,2022-01-14,0.0,0.5639999929815531,1,"C:\Users\yasemin.bozkurt\Desktop\article\DLPIF-repo-update\src\baseline_results.pkl::all_scenarios[(""mice"", ""10pct"")]"
MICE,10pct,deterministic,1328,17155,2022-01-21,0.0,0.8040000451728703,1,"C:\Users\yasemin.bozkurt\Desktop\article\DLPIF-repo-update\src\baseline_results.pkl::all_scenarios[(""mice"", ""10pct"")]"
MICE,10pct,deterministic,1332,17155,2022-01-22,12.200000336766244,2.3280001804232597,1,"C:\Users\yasemin.bozkurt\Desktop\article\DLPIF-repo-update\src\baseline_results.pkl::all_scenarios[(""mice"", ""10pct"")]"
MICE,10pct,deterministic,1339,17750,2022-01-23,1.4000000495463611,2.1480000581592322,1,"C:\Users\yasemin.bozkurt\Desktop\article\DLPIF-repo-update\src\baseline_results.pkl::all_scenarios[(""mice"", ""10pct"")]"
MICE,10pct,deterministic,1355,17750,2022-01-27,0.0,0.16800000993534925,1,"C:\Users\yasemin.bozkurt\Desktop\article\DLPIF-repo-update\src\baseline_results.pkl::all_scenarios[(""mice"", ""10pct"")]"
MICE,10pct,deterministic,1379,17750,2022-02-02,0.0,3.352000012993813,1,"C:\Users\yasemin.bozkurt\Desktop\article\DLPIF-repo-update\src\baseline_results.pkl::all_scenarios[(""mice"", ""10pct"")]"
MICE,10pct,deterministic,1399,17750,2022-02-07,0.20000000470317902,0.14400000139139593,1,"C:\Users\yasemin.bozkurt\Desktop\article\DLPIF-repo-update\src\baseline_results.pkl::all_scenarios[(""mice"", ""10pct"")]"
MICE,10pct,deterministic,1400,17155,2022-02-08,5.600000198185445,7.0900001093745235,1,"C:\Users\yasemin.bozkurt\Desktop\article\DLPIF-repo-update\src\baseline_results.pkl::all_scenarios[(""mice"", ""10pct"")]"
MICE,10pct,deterministic,1420,17155,2022-02-13,0.0,1.5900000382214785,1,"C:\Users\yasemin.bozkurt\Desktop\article\DLPIF-repo-update\src\baseline_results.pkl::all_scenarios[(""mice"", ""10pct"")]"
MICE,10pct,deterministic,1425,17704,2022-02-14,0.0,7.240000100433827,1,"C:\Users\yasemin.bozkurt\Desktop\article\DLPIF-repo-update\src\baseline_results.pkl::all_scenarios[(""mice"", ""10pct"")]"
MICE,10pct,deterministic,1430,17748,2022-02-15,0.0,1.9240000449121,1,"C:\Users\yasemin.bozkurt\Desktop\article\DLPIF-repo-update\src\baseline_results.pkl::all_scenarios[(""mice"", ""10pct"")]"
MICE,10pct,deterministic,1438,17748,2022-02-17,0.0,0.5120000160299242,1,"C:\Users\yasemin.bozkurt\Desktop\article\DLPIF-repo-update\src\baseline_results.pkl::all_scenarios[(""mice"", ""10pct"")]"
MICE,10pct,deterministic,1440,17155,2022-02-18,0.0,5.108000014722347,1,"C:\Users\yasemin.bozkurt\Desktop\article\DLPIF-repo-update\src\baseline_results.pkl::all_scenarios[(""mice"", ""10pct"")]"
MICE,10pct,deterministic,1443,17750,2022-02-18,0.0,0.20399999781511727,1,"C:\Users\yasemin.bozkurt\Desktop\article\DLPIF-repo-update\src\baseline_results.pkl::all_scenarios[(""mice"", ""10pct"")]"
MICE,10pct,deterministic,1454,17748,2022-02-21,0.0,0.07600000211969019,1,"C:\Users\yasemin.bozkurt\Desktop\article\DLPIF-repo-update\src\baseline_results.pkl::all_scenarios[(""mice"", ""10pct"")]"
MICE,10pct,deterministic,1466,17748,2022-02-24,2.40000012293458,11.004000833630563,1,"C:\Users\yasemin.bozkurt\Desktop\article\DLPIF-repo-update\src\baseline_results.pkl::all_scenarios[(""mice"", ""10pct"")]"
MICE,10pct,deterministic,1467,17750,2022-02-24,3.4000000633299354,9.092000734806062,1,"C:\Users\yasemin.bozkurt\Desktop\article\DLPIF-repo-update\src\baseline_results.pkl::all_scenarios[(""mice"", ""10pct"")]"
MICE,10pct,deterministic,1470,17748,2022-02-25,6.200000162422658,11.672000581026078,1,"C:\Users\yasemin.bozkurt\Desktop\article\DLPIF-repo-update\src\baseline_results.pkl::all_scenarios[(""mice"", ""10pct"")]"
MICE,10pct,deterministic,1474,17748,2022-02-26,0.600000030733645,3.6000000514090065,1,"C:\Users\yasemin.bozkurt\Desktop\article\DLPIF-repo-update\src\baseline_results.pkl::all_scenarios[(""mice"", ""10pct"")]"
MICE,10pct,deterministic,1489,17704,2022-03-02,0.0,5.62199987769127,1,"C:\Users\yasemin.bozkurt\Desktop\article\DLPIF-repo-update\src\baseline_results.pkl::all_scenarios[(""mice"", ""10pct"")]"
MICE,10pct,deterministic,1496,17155,2022-03-04,1.6000000376254322,0.7000000247731806,1,"C:\Users\yasemin.bozkurt\Desktop\article\DLPIF-repo-update\src\baseline_results.pkl::all_scenarios[(""mice"", ""10pct"")]"
MICE,10pct,deterministic,1502,17748,2022-03-05,0.40000000940635805,3.711999991536141,1,"C:\Users\yasemin.bozkurt\Desktop\article\DLPIF-repo-update\src\baseline_results.pkl::all_scenarios[(""mice"", ""10pct"")]"
MICE,10pct,deterministic,1530,17748,2022-03-12,0.0,0.5920000445097685,1,"C:\Users\yasemin.bozkurt\Desktop\article\DLPIF-repo-update\src\baseline_results.pkl::all_scenarios[(""mice"", ""10pct"")]"
MICE,10pct,deterministic,1547,17750,2022-03-16,0.0,0.5240000286139548,1,"C:\Users\yasemin.bozkurt\Desktop\article\DLPIF-repo-update\src\baseline_results.pkl::all_scenarios[(""mice"", ""10pct"")]"
MICE,10pct,deterministic,1548,17155,2022-03-17,0.0,1.611999983713031,1,"C:\Users\yasemin.bozkurt\Desktop\article\DLPIF-repo-update\src\baseline_results.pkl::all_scenarios[(""mice"", ""10pct"")]"
MICE,10pct,deterministic,1549,17704,2022-03-17,0.0,1.3879999704658987,1,"C:\Users\yasemin.bozkurt\Desktop\article\DLPIF-repo-update\src\baseline_results.pkl::all_scenarios[(""mice"", ""10pct"")]"
MICE,10pct,deterministic,1564,17155,2022-03-21,0.0,0.5880000181496143,1,"C:\Users\yasemin.bozkurt\Desktop\article\DLPIF-repo-update\src\baseline_results.pkl::all_scenarios[(""mice"", ""10pct"")]"
MICE,10pct,deterministic,1569,17704,2022-03-22,0.0,0.9200000116601588,1,"C:\Users\yasemin.bozkurt\Desktop\article\DLPIF-repo-update\src\baseline_results.pkl::all_scenarios[(""mice"", ""10pct"")]"
MICE,10pct,deterministic,1576,17155,2022-03-24,0.0,0.8520000290125609,1,"C:\Users\yasemin.bozkurt\Desktop\article\DLPIF-repo-update\src\baseline_results.pkl::all_scenarios[(""mice"", ""10pct"")]"
MICE,10pct,deterministic,1596,17155,2022-03-29,0.0,0.004000000125233783,1,"C:\Users\yasemin.bozkurt\Desktop\article\DLPIF-repo-update\src\baseline_results.pkl::all_scenarios[(""mice"", ""10pct"")]"
MICE,10pct,deterministic,1607,17750,2022-03-31,0.0,0.052000001887790866,1,"C:\Users\yasemin.bozkurt\Desktop\article\DLPIF-repo-update\src\baseline_results.pkl::all_scenarios[(""mice"", ""10pct"")]"
MICE,10pct,deterministic,1609,17704,2022-04-01,0.0,0.06000000057974831,1,"C:\Users\yasemin.bozkurt\Desktop\article\DLPIF-repo-update\src\baseline_results.pkl::all_scenarios[(""mice"", ""10pct"")]"
MICE,10pct,deterministic,1634,17748,2022-04-07,0.0,2.6820000529289247,1,"C:\Users\yasemin.bozkurt\Desktop\article\DLPIF-repo-update\src\baseline_results.pkl::all_scenarios[(""mice"", ""10pct"")]"
MICE,10pct,deterministic,1641,17704,2022-04-09,0.0,0.01600000050093513,1,"C:\Users\yasemin.bozkurt\Desktop\article\DLPIF-repo-update\src\baseline_results.pkl::all_scenarios[(""mice"", ""10pct"")]"
MICE,10pct,deterministic,1643,17750,2022-04-09,0.40000000940635805,0.11200000662356616,1,"C:\Users\yasemin.bozkurt\Desktop\article\DLPIF-repo-update\src\baseline_results.pkl::all_scenarios[(""mice"", ""10pct"")]"
MICE,10pct,deterministic,1650,17748,2022-04-11,2.2000000018626453,6.94000011831522,1,"C:\Users\yasemin.bozkurt\Desktop\article\DLPIF-repo-update\src\baseline_results.pkl::all_scenarios[(""mice"", ""10pct"")]"
MICE,10pct,deterministic,1664,17155,2022-04-15,0.0,0.048000000463798646,1,"C:\Users\yasemin.bozkurt\Desktop\article\DLPIF-repo-update\src\baseline_results.pkl::all_scenarios[(""mice"", ""10pct"")]"
MICE,10pct,deterministic,1678,17748,2022-04-18,5.800000186264516,11.028000193834306,1,"C:\Users\yasemin.bozkurt\Desktop\article\DLPIF-repo-update\src\baseline_results.pkl::all_scenarios[(""mice"", ""10pct"")]"
MICE,10pct,deterministic,1681,17704,2022-04-19,0.0,14.135999795794488,1,"C:\Users\yasemin.bozkurt\Desktop\article\DLPIF-repo-update\src\baseline_results.pkl::all_scenarios[(""mice"", ""10pct"")]"
MICE,10pct,deterministic,1685,17704,2022-04-20,1.0000000068917871,1.2579999782145024,1,"C:\Users\yasemin.bozkurt\Desktop\article\DLPIF-repo-update\src\baseline_results.pkl::all_scenarios[(""mice"", ""10pct"")]"
MICE,10pct,deterministic,1687,17750,2022-04-20,0.20000000470317902,0.06000000057974831,1,"C:\Users\yasemin.bozkurt\Desktop\article\DLPIF-repo-update\src\baseline_results.pkl::all_scenarios[(""mice"", ""10pct"")]"
MICE,10pct,deterministic,1702,17748,2022-04-24,0.0,0.0200000008859206,1,"C:\Users\yasemin.bozkurt\Desktop\article\DLPIF-repo-update\src\baseline_results.pkl::all_scenarios[(""mice"", ""10pct"")]"
MICE,10pct,deterministic,1710,17748,2022-04-26,0.0,0.008000000250467565,1,"C:\Users\yasemin.bozkurt\Desktop\article\DLPIF-repo-update\src\baseline_results.pkl::all_scenarios[(""mice"", ""10pct"")]"
MICE,10pct,deterministic,1726,17748,2022-04-30,0.0,7.632000289857388,1,"C:\Users\yasemin.bozkurt\Desktop\article\DLPIF-repo-update\src\baseline_results.pkl::all_scenarios[(""mice"", ""10pct"")]"
MICE,10pct,deterministic,1727,17750,2022-04-30,0.20000000470317902,2.0040000401437283,1,"C:\Users\yasemin.bozkurt\Desktop\article\DLPIF-repo-update\src\baseline_results.pkl::all_scenarios[(""mice"", ""10pct"")]"
MICE,10pct,deterministic,1738,17748,2022-05-03,0.0,9.156000092625618,1,"C:\Users\yasemin.bozkurt\Desktop\article\DLPIF-repo-update\src\baseline_results.pkl::all_scenarios[(""mice"", ""10pct"")]"
MICE,10pct,deterministic,1741,17704,2022-05-04,4.400000003725291,4.164000177383423,1,"C:\Users\yasemin.bozkurt\Desktop\article\DLPIF-repo-update\src\baseline_results.pkl::all_scenarios[(""mice"", ""10pct"")]"
MICE,10pct,deterministic,1755,17750,2022-05-07,0.0,0.06000000057974831,1,"C:\Users\yasemin.bozkurt\Desktop\article\DLPIF-repo-update\src\baseline_results.pkl::all_scenarios[(""mice"", ""10pct"")]"
MICE,10pct,deterministic,1759,17750,2022-05-08,0.0,0.0,1,"C:\Users\yasemin.bozkurt\Desktop\article\DLPIF-repo-update\src\baseline_results.pkl::all_scenarios[(""mice"", ""10pct"")]"
MICE,10pct,deterministic,1764,17155,2022-05-10,0.0,0.008000000250467565,1,"C:\Users\yasemin.bozkurt\Desktop\article\DLPIF-repo-update\src\baseline_results.pkl::all_scenarios[(""mice"", ""10pct"")]"
MICE,10pct,deterministic,1769,17704,2022-05-11,5.4000002101063735,1.6280000891536475,1,"C:\Users\yasemin.bozkurt\Desktop\article\DLPIF-repo-update\src\baseline_results.pkl::all_scenarios[(""mice"", ""10pct"")]"
MICE,10pct,deterministic,1770,17748,2022-05-11,3.0000000871717933,3.380000064522028,1,"C:\Users\yasemin.bozkurt\Desktop\article\DLPIF-repo-update\src\baseline_results.pkl::all_scenarios[(""mice"", ""10pct"")]"
MICE,10pct,deterministic,1802,17748,2022-05-19,0.0,3.4960001640021803,1,"C:\Users\yasemin.bozkurt\Desktop\article\DLPIF-repo-update\src\baseline_results.pkl::all_scenarios[(""mice"", ""10pct"")]"
MICE,10pct,deterministic,1817,17704,2022-05-23,0.0,0.012000000115949662,1,"C:\Users\yasemin.bozkurt\Desktop\article\DLPIF-repo-update\src\baseline_results.pkl::all_scenarios[(""mice"", ""10pct"")]"
MICE,10pct,deterministic,1824,17155,2022-05-25,0.0,0.02800000165589154,1,"C:\Users\yasemin.bozkurt\Desktop\article\DLPIF-repo-update\src\baseline_results.pkl::all_scenarios[(""mice"", ""10pct"")]"
MICE,10pct,deterministic,1836,17155,2022-05-28,1.0000000068917871,0.04400000319583342,1,"C:\Users\yasemin.bozkurt\Desktop\article\DLPIF-repo-update\src\baseline_results.pkl::all_scenarios[(""mice"", ""10pct"")]"
MICE,10pct,deterministic,1841,17704,2022-05-29,0.0,0.0,1,"C:\Users\yasemin.bozkurt\Desktop\article\DLPIF-repo-update\src\baseline_results.pkl::all_scenarios[(""mice"", ""10pct"")]"
MICE,10pct,deterministic,1856,17155,2022-06-02,0.0,0.6120000433176757,1,"C:\Users\yasemin.bozkurt\Desktop\article\DLPIF-repo-update\src\baseline_results.pkl::all_scenarios[(""mice"", ""10pct"")]"
MICE,10pct,deterministic,1862,17748,2022-06-03,11.600000372529031,2.87600020095706,1,"C:\Users\yasemin.bozkurt\Desktop\article\DLPIF-repo-update\src\baseline_results.pkl::all_scenarios[(""mice"", ""10pct"")]"
MICE,10pct,deterministic,1864,17155,2022-06-04,0.20000000470317902,0.01600000050093513,1,"C:\Users\yasemin.bozkurt\Desktop\article\DLPIF-repo-update\src\baseline_results.pkl::all_scenarios[(""mice"", ""10pct"")]"
MICE,10pct,deterministic,1899,17750,2022-06-12,11.800000360608102,8.740000542998315,1,"C:\Users\yasemin.bozkurt\Desktop\article\DLPIF-repo-update\src\baseline_results.pkl::all_scenarios[(""mice"", ""10pct"")]"
MICE,10pct,deterministic,1905,17704,2022-06-14,0.0,1.3220000009983779,1,"C:\Users\yasemin.bozkurt\Desktop\article\DLPIF-repo-update\src\baseline_results.pkl::all_scenarios[(""mice"", ""10pct"")]"
MICE,10pct,deterministic,1913,17704,2022-06-16,4.000000027567149,4.628000043332577,1,"C:\Users\yasemin.bozkurt\Desktop\article\DLPIF-repo-update\src\baseline_results.pkl::all_scenarios[(""mice"", ""10pct"")]"
MICE,10pct,deterministic,1917,17704,2022-06-17,40.00000187158585,2.412000069022179,1,"C:\Users\yasemin.bozkurt\Desktop\article\DLPIF-repo-update\src\baseline_results.pkl::all_scenarios[(""mice"", ""10pct"")]"
MICE,10pct,deterministic,1922,17748,2022-06-18,0.0,5.4760003119707115,1,"C:\Users\yasemin.bozkurt\Desktop\article\DLPIF-repo-update\src\baseline_results.pkl::all_scenarios[(""mice"", ""10pct"")]"
MICE,10pct,deterministic,1954,17748,2022-06-26,0.0,0.1600000070873648,1,"C:\Users\yasemin.bozkurt\Desktop\article\DLPIF-repo-update\src\baseline_results.pkl::all_scenarios[(""mice"", ""10pct"")]"
MICE,10pct,deterministic,1958,17748,2022-06-27,0.0,1.5119999896734955,1,"C:\Users\yasemin.bozkurt\Desktop\article\DLPIF-repo-update\src\baseline_results.pkl::all_scenarios[(""mice"", ""10pct"")]"
MICE,10pct,deterministic,1963,17750,2022-06-28,0.0,1.580000038817525,1,"C:\Users\yasemin.bozkurt\Desktop\article\DLPIF-repo-update\src\baseline_results.pkl::all_scenarios[(""mice"", ""10pct"")]"
MICE,10pct,deterministic,1965,17704,2022-06-29,0.20000000470317902,0.6839999858289958,1,"C:\Users\yasemin.bozkurt\Desktop\article\DLPIF-repo-update\src\baseline_results.pkl::all_scenarios[(""mice"", ""10pct"")]"
MICE,10pct,deterministic,1979,17750,2022-07-02,0.0,0.09600000092759729,1,"C:\Users\yasemin.bozkurt\Desktop\article\DLPIF-repo-update\src\baseline_results.pkl::all_scenarios[(""mice"", ""10pct"")]"
MICE,10pct,deterministic,1982,17748,2022-07-03,0.0,0.10800000519957394,1,"C:\Users\yasemin.bozkurt\Desktop\article\DLPIF-repo-update\src\baseline_results.pkl::all_scenarios[(""mice"", ""10pct"")]"
MICE,10pct,deterministic,1986,17748,2022-07-04,0.0,0.0200000008859206,1,"C:\Users\yasemin.bozkurt\Desktop\article\DLPIF-repo-update\src\baseline_results.pkl::all_scenarios[(""mice"", ""10pct"")]"
MICE,10pct,deterministic,1990,17748,2022-07-05,0.0,0.004000000125233783,1,"C:\Users\yasemin.bozkurt\Desktop\article\DLPIF-repo-update\src\baseline_results.pkl::all_scenarios[(""mice"", ""10pct"")]"
MICE,10pct,deterministic,1992,17155,2022-07-06,0.0,0.20800000755116346,1,"C:\Users\yasemin.bozkurt\Desktop\article\DLPIF-repo-update\src\baseline_results.pkl::all_scenarios[(""mice"", ""10pct"")]"
MICE,10pct,deterministic,1995,17750,2022-07-06,0.0,0.0,1,"C:\Users\yasemin.bozkurt\Desktop\article\DLPIF-repo-update\src\baseline_results.pkl::all_scenarios[(""mice"", ""10pct"")]"
MICE,10pct,deterministic,1998,17748,2022-07-07,0.0,0.008000000250467565,1,"C:\Users\yasemin.bozkurt\Desktop\article\DLPIF-repo-update\src\baseline_results.pkl::all_scenarios[(""mice"", ""10pct"")]"
MICE,10pct,deterministic,2001,17704,2022-07-08,0.0,0.4160000151023269,1,"C:\Users\yasemin.bozkurt\Desktop\article\DLPIF-repo-update\src\baseline_results.pkl::all_scenarios[(""mice"", ""10pct"")]"
MICE,10pct,deterministic,2004,17155,2022-07-09,0.0,4.536000367999077,1,"C:\Users\yasemin.bozkurt\Desktop\article\DLPIF-repo-update\src\baseline_results.pkl::all_scenarios[(""mice"", ""10pct"")]"
MICE,10pct,deterministic,2005,17704,2022-07-09,0.0,1.5680000927299262,1,"C:\Users\yasemin.bozkurt\Desktop\article\DLPIF-repo-update\src\baseline_results.pkl::all_scenarios[(""mice"", ""10pct"")]"
MICE,10pct,deterministic,2076,17155,2022-07-27,0.0,0.2240000132471323,1,"C:\Users\yasemin.bozkurt\Desktop\article\DLPIF-repo-update\src\baseline_results.pkl::all_scenarios[(""mice"", ""10pct"")]"
MICE,10pct,deterministic,2079,17750,2022-07-27,0.0,0.0,1,"C:\Users\yasemin.bozkurt\Desktop\article\DLPIF-repo-update\src\baseline_results.pkl::all_scenarios[(""mice"", ""10pct"")]"
MICE,10pct,deterministic,2096,17155,2022-08-01,0.0,0.4600000058300794,1,"C:\Users\yasemin.bozkurt\Desktop\article\DLPIF-repo-update\src\baseline_results.pkl::all_scenarios[(""mice"", ""10pct"")]"
MICE,10pct,deterministic,2098,17748,2022-08-01,0.0,0.18800000874325634,1,"C:\Users\yasemin.bozkurt\Desktop\article\DLPIF-repo-update\src\baseline_results.pkl::all_scenarios[(""mice"", ""10pct"")]"
MICE,10pct,deterministic,2130,17748,2022-08-09,9.000000527501108,0.02800000165589154,1,"C:\Users\yasemin.bozkurt\Desktop\article\DLPIF-repo-update\src\baseline_results.pkl::all_scenarios[(""mice"", ""10pct"")]"
MICE,10pct,deterministic,2135,17750,2022-08-10,0.40000000940635805,0.7520000349730254,1,"C:\Users\yasemin.bozkurt\Desktop\article\DLPIF-repo-update\src\baseline_results.pkl::all_scenarios[(""mice"", ""10pct"")]"
MICE,10pct,deterministic,2140,17155,2022-08-12,0.0,1.252000005170703,1,"C:\Users\yasemin.bozkurt\Desktop\article\DLPIF-repo-update\src\baseline_results.pkl::all_scenarios[(""mice"", ""10pct"")]"
MICE,10pct,deterministic,2141,17704,2022-08-12,0.0,0.0,1,"C:\Users\yasemin.bozkurt\Desktop\article\DLPIF-repo-update\src\baseline_results.pkl::all_scenarios[(""mice"", ""10pct"")]"
MICE,10pct,deterministic,2144,17155,2022-08-13,0.0,7.0240000069141395,1,"C:\Users\yasemin.bozkurt\Desktop\article\DLPIF-repo-update\src\baseline_results.pkl::all_scenarios[(""mice"", ""10pct"")]"
MICE,10pct,deterministic,2170,17748,2022-08-19,0.0,0.7840000463649631,1,"C:\Users\yasemin.bozkurt\Desktop\article\DLPIF-repo-update\src\baseline_results.pkl::all_scenarios[(""mice"", ""10pct"")]"
MICE,10pct,deterministic,2179,17750,2022-08-21,0.0,0.008000000250467565,1,"C:\Users\yasemin.bozkurt\Desktop\article\DLPIF-repo-update\src\baseline_results.pkl::all_scenarios[(""mice"", ""10pct"")]"
MICE,10pct,deterministic,2189,17704,2022-08-24,0.0,1.3719999980181457,1,"C:\Users\yasemin.bozkurt\Desktop\article\DLPIF-repo-update\src\baseline_results.pkl::all_scenarios[(""mice"", ""10pct"")]"
MICE,10pct,deterministic,2202,17748,2022-08-27,20.80000088810921,5.920000179111958,1,"C:\Users\yasemin.bozkurt\Desktop\article\DLPIF-repo-update\src\baseline_results.pkl::all_scenarios[(""mice"", ""10pct"")]"
MICE,10pct,deterministic,2210,17748,2022-08-29,0.0,2.5720000594854358,1,"C:\Users\yasemin.bozkurt\Desktop\article\DLPIF-repo-update\src\baseline_results.pkl::all_scenarios[(""mice"", ""10pct"")]"
MICE,10pct,deterministic,2221,17704,2022-09-01,2.6000001110136512,12.128000128269196,1,"C:\Users\yasemin.bozkurt\Desktop\article\DLPIF-repo-update\src\baseline_results.pkl::all_scenarios[(""mice"", ""10pct"")]"
MICE,10pct,deterministic,2232,17155,2022-09-04,0.0,2.9480001434683802,1,"C:\Users\yasemin.bozkurt\Desktop\article\DLPIF-repo-update\src\baseline_results.pkl::all_scenarios[(""mice"", ""10pct"")]"
MICE,10pct,deterministic,2233,17704,2022-09-04,0.0,0.600000030733645,1,"C:\Users\yasemin.bozkurt\Desktop\article\DLPIF-repo-update\src\baseline_results.pkl::all_scenarios[(""mice"", ""10pct"")]"
MICE,10pct,deterministic,2234,17748,2022-09-04,0.0,1.0960000410676003,1,"C:\Users\yasemin.bozkurt\Desktop\article\DLPIF-repo-update\src\baseline_results.pkl::all_scenarios[(""mice"", ""10pct"")]"
MICE,10pct,deterministic,2300,17155,2022-09-21,0.0,1.5200000423938038,1,"C:\Users\yasemin.bozkurt\Desktop\article\DLPIF-repo-update\src\baseline_results.pkl::all_scenarios[(""mice"", ""10pct"")]"
MICE,10pct,deterministic,2307,17750,2022-09-22,0.0,0.12000000115949662,1,"C:\Users\yasemin.bozkurt\Desktop\article\DLPIF-repo-update\src\baseline_results.pkl::all_scenarios[(""mice"", ""10pct"")]"
MICE,10pct,deterministic,2309,17704,2022-09-23,0.0,0.0400000017718412,1,"C:\Users\yasemin.bozkurt\Desktop\article\DLPIF-repo-update\src\baseline_results.pkl::all_scenarios[(""mice"", ""10pct"")]"
MICE,10pct,deterministic,2371,17750,2022-10-08,0.0,2.5880001649260524,1,"C:\Users\yasemin.bozkurt\Desktop\article\DLPIF-repo-update\src\baseline_results.pkl::all_scenarios[(""mice"", ""10pct"")]"
MICE,10pct,deterministic,2385,17704,2022-10-12,0.0,2.272000077366829,1,"C:\Users\yasemin.bozkurt\Desktop\article\DLPIF-repo-update\src\baseline_results.pkl::all_scenarios[(""mice"", ""10pct"")]"
MICE,10pct,deterministic,2386,17748,2022-10-12,0.0,2.0600000102072955,1,"C:\Users\yasemin.bozkurt\Desktop\article\DLPIF-repo-update\src\baseline_results.pkl::all_scenarios[(""mice"", ""10pct"")]"
MICE,10pct,deterministic,2393,17704,2022-10-14,0.0,0.38400000371038917,1,"C:\Users\yasemin.bozkurt\Desktop\article\DLPIF-repo-update\src\baseline_results.pkl::all_scenarios[(""mice"", ""10pct"")]"
MICE,10pct,deterministic,2402,17748,2022-10-16,1.8000000257045032,7.874000488221646,1,"C:\Users\yasemin.bozkurt\Desktop\article\DLPIF-repo-update\src\baseline_results.pkl::all_scenarios[(""mice"", ""10pct"")]"
MICE,10pct,deterministic,2404,17155,2022-10-17,6.700000132620335,14.092000436782838,1,"C:\Users\yasemin.bozkurt\Desktop\article\DLPIF-repo-update\src\baseline_results.pkl::all_scenarios[(""mice"", ""10pct"")]"
MICE,10pct,deterministic,2430,17748,2022-10-23,0.0,0.0,1,"C:\Users\yasemin.bozkurt\Desktop\article\DLPIF-repo-update\src\baseline_results.pkl::all_scenarios[(""mice"", ""10pct"")]"
MICE,10pct,deterministic,2442,17748,2022-10-26,0.0,0.06000000057974831,1,"C:\Users\yasemin.bozkurt\Desktop\article\DLPIF-repo-update\src\baseline_results.pkl::all_scenarios[(""mice"", ""10pct"")]"
MICE,10pct,deterministic,2443,17750,2022-10-26,0.0,0.0,1,"C:\Users\yasemin.bozkurt\Desktop\article\DLPIF-repo-update\src\baseline_results.pkl::all_scenarios[(""mice"", ""10pct"")]"
MICE,10pct,deterministic,2444,17155,2022-10-27,0.0,0.16800000993534925,1,"C:\Users\yasemin.bozkurt\Desktop\article\DLPIF-repo-update\src\baseline_results.pkl::all_scenarios[(""mice"", ""10pct"")]"
MICE,10pct,deterministic,2461,17704,2022-10-31,0.0,0.0400000017718412,1,"C:\Users\yasemin.bozkurt\Desktop\article\DLPIF-repo-update\src\baseline_results.pkl::all_scenarios[(""mice"", ""10pct"")]"
MICE,10pct,deterministic,2465,17704,2022-11-01,0.0,0.0,1,"C:\Users\yasemin.bozkurt\Desktop\article\DLPIF-repo-update\src\baseline_results.pkl::all_scenarios[(""mice"", ""10pct"")]"
MICE,10pct,deterministic,2466,17748,2022-11-01,0.0,0.03600000034784898,1,"C:\Users\yasemin.bozkurt\Desktop\article\DLPIF-repo-update\src\baseline_results.pkl::all_scenarios[(""mice"", ""10pct"")]"
MICE,10pct,deterministic,2467,17750,2022-11-01,0.0,0.07200000069569797,1,"C:\Users\yasemin.bozkurt\Desktop\article\DLPIF-repo-update\src\baseline_results.pkl::all_scenarios[(""mice"", ""10pct"")]"
MICE,10pct,deterministic,2468,17155,2022-11-02,0.0,0.1600000070873648,1,"C:\Users\yasemin.bozkurt\Desktop\article\DLPIF-repo-update\src\baseline_results.pkl::all_scenarios[(""mice"", ""10pct"")]"
MICE,10pct,deterministic,2470,17748,2022-11-02,0.0,0.03600000034784898,1,"C:\Users\yasemin.bozkurt\Desktop\article\DLPIF-repo-update\src\baseline_results.pkl::all_scenarios[(""mice"", ""10pct"")]"
MICE,10pct,deterministic,2471,17750,2022-11-02,0.0,0.03200000100187026,1,"C:\Users\yasemin.bozkurt\Desktop\article\DLPIF-repo-update\src\baseline_results.pkl::all_scenarios[(""mice"", ""10pct"")]"
MICE,10pct,deterministic,2476,17155,2022-11-04,0.0,0.0800000035436824,1,"C:\Users\yasemin.bozkurt\Desktop\article\DLPIF-repo-update\src\baseline_results.pkl::all_scenarios[(""mice"", ""10pct"")]"
MICE,10pct,deterministic,2477,17704,2022-11-04,0.0,0.7320000361651183,1,"C:\Users\yasemin.bozkurt\Desktop\article\DLPIF-repo-update\src\baseline_results.pkl::all_scenarios[(""mice"", ""10pct"")]"
MICE,10pct,deterministic,2478,17748,2022-11-04,0.0,0.07200000069569797,1,"C:\Users\yasemin.bozkurt\Desktop\article\DLPIF-repo-update\src\baseline_results.pkl::all_scenarios[(""mice"", ""10pct"")]"
MICE,10pct,deterministic,2485,17704,2022-11-06,0.0,0.10000000235158951,1,"C:\Users\yasemin.bozkurt\Desktop\article\DLPIF-repo-update\src\baseline_results.pkl::all_scenarios[(""mice"", ""10pct"")]"
MICE,10pct,deterministic,2493,17704,2022-11-08,0.0,1.0320000182837248,1,"C:\Users\yasemin.bozkurt\Desktop\article\DLPIF-repo-update\src\baseline_results.pkl::all_scenarios[(""mice"", ""10pct"")]"
MICE,10pct,deterministic,2515,17750,2022-11-13,0.0,0.08399999665562065,1,"C:\Users\yasemin.bozkurt\Desktop\article\DLPIF-repo-update\src\baseline_results.pkl::all_scenarios[(""mice"", ""10pct"")]"
MICE,10pct,deterministic,2534,17748,2022-11-18,0.0,4.508000050485134,1,"C:\Users\yasemin.bozkurt\Desktop\article\DLPIF-repo-update\src\baseline_results.pkl::all_scenarios[(""mice"", ""10pct"")]"
MICE,10pct,deterministic,2535,17750,2022-11-18,0.0,0.6160000031813979,1,"C:\Users\yasemin.bozkurt\Desktop\article\DLPIF-repo-update\src\baseline_results.pkl::all_scenarios[(""mice"", ""10pct"")]"
MICE,10pct,deterministic,2537,17704,2022-11-19,7.400000090897084,2.178000056371093,1,"C:\Users\yasemin.bozkurt\Desktop\article\DLPIF-repo-update\src\baseline_results.pkl::all_scenarios[(""mice"", ""10pct"")]"
MICE,10pct,deterministic,2541,17704,2022-11-20,0.0,1.728000083193183,1,"C:\Users\yasemin.bozkurt\Desktop\article\DLPIF-repo-update\src\baseline_results.pkl::all_scenarios[(""mice"", ""10pct"")]"
MICE,10pct,deterministic,2545,17704,2022-11-21,0.0,1.3200000543147328,1,"C:\Users\yasemin.bozkurt\Desktop\article\DLPIF-repo-update\src\baseline_results.pkl::all_scenarios[(""mice"", ""10pct"")]"
MICE,10pct,deterministic,2549,17704,2022-11-22,5.2000002220273025,4.192000228911638,1,"C:\Users\yasemin.bozkurt\Desktop\article\DLPIF-repo-update\src\baseline_results.pkl::all_scenarios[(""mice"", ""10pct"")]"
MICE,10pct,deterministic,2555,17750,2022-11-23,0.0,1.287999976426363,1,"C:\Users\yasemin.bozkurt\Desktop\article\DLPIF-repo-update\src\baseline_results.pkl::all_scenarios[(""mice"", ""10pct"")]"
MICE,10pct,deterministic,2560,17155,2022-11-25,0.7000000247731806,4.268000064790249,1,"C:\Users\yasemin.bozkurt\Desktop\article\DLPIF-repo-update\src\baseline_results.pkl::all_scenarios[(""mice"", ""10pct"")]"
MICE,10pct,deterministic,2584,17155,2022-12-01,0.40000000940635805,4.715999825298787,1,"C:\Users\yasemin.bozkurt\Desktop\article\DLPIF-repo-update\src\baseline_results.pkl::all_scenarios[(""mice"", ""10pct"")]"
MICE,10pct,deterministic,2587,17750,2022-12-01,3.6000000514090065,1.9360001239925624,1,"C:\Users\yasemin.bozkurt\Desktop\article\DLPIF-repo-update\src\baseline_results.pkl::all_scenarios[(""mice"", ""10pct"")]"
MICE,10pct,deterministic,2588,17155,2022-12-02,2.0000000137835743,0.6800000259652734,1,"C:\Users\yasemin.bozkurt\Desktop\article\DLPIF-repo-update\src\baseline_results.pkl::all_scenarios[(""mice"", ""10pct"")]"
MICE,10pct,deterministic,2595,17750,2022-12-03,0.8000000188127161,1.795999999344349,1,"C:\Users\yasemin.bozkurt\Desktop\article\DLPIF-repo-update\src\baseline_results.pkl::all_scenarios[(""mice"", ""10pct"")]"
MICE,10pct,deterministic,2612,17155,2022-12-08,0.0,4.598000045120717,1,"C:\Users\yasemin.bozkurt\Desktop\article\DLPIF-repo-update\src\baseline_results.pkl::all_scenarios[(""mice"", ""10pct"")]"
MICE,10pct,deterministic,2636,17155,2022-12-14,16.000000110268594,4.071999970078469,1,"C:\Users\yasemin.bozkurt\Desktop\article\DLPIF-repo-update\src\baseline_results.pkl::all_scenarios[(""mice"", ""10pct"")]"
MICE,10pct,deterministic,2663,17750,2022-12-20,0.0,0.16400000019930305,1,"C:\Users\yasemin.bozkurt\Desktop\article\DLPIF-repo-update\src\baseline_results.pkl::all_scenarios[(""mice"", ""10pct"")]"
MICE,10pct,deterministic,2684,17155,2022-12-26,0.10000000235158951,3.7140002042055134,1,"C:\Users\yasemin.bozkurt\Desktop\article\DLPIF-repo-update\src\baseline_results.pkl::all_scenarios[(""mice"", ""10pct"")]"
MICE,10pct,deterministic,2698,17748,2022-12-29,0.0,1.4640000723302367,1,"C:\Users\yasemin.bozkurt\Desktop\article\DLPIF-repo-update\src\baseline_results.pkl::all_scenarios[(""mice"", ""10pct"")]"
MICE,10pct,deterministic,2705,17704,2022-12-31,0.0,0.2519999982789159,1,"C:\Users\yasemin.bozkurt\Desktop\article\DLPIF-repo-update\src\baseline_results.pkl::all_scenarios[(""mice"", ""10pct"")]"
MICE,10pct,deterministic,2720,17155,2023-01-04,0.0,0.01600000050093513,1,"C:\Users\yasemin.bozkurt\Desktop\article\DLPIF-repo-update\src\baseline_results.pkl::all_scenarios[(""mice"", ""10pct"")]"
MICE,10pct,deterministic,2755,17750,2023-01-12,26.4000005543232,3.92000003233552,1,"C:\Users\yasemin.bozkurt\Desktop\article\DLPIF-repo-update\src\baseline_results.pkl::all_scenarios[(""mice"", ""10pct"")]"
MICE,10pct,deterministic,2763,17750,2023-01-14,0.0,0.8759999876841903,1,"C:\Users\yasemin.bozkurt\Desktop\article\DLPIF-repo-update\src\baseline_results.pkl::all_scenarios[(""mice"", ""10pct"")]"
MICE,10pct,deterministic,2765,17704,2023-01-15,0.0,1.20000006146729,1,"C:\Users\yasemin.bozkurt\Desktop\article\DLPIF-repo-update\src\baseline_results.pkl::all_scenarios[(""mice"", ""10pct"")]"
MICE,10pct,deterministic,2780,17155,2023-01-19,0.0,0.12800000400748104,1,"C:\Users\yasemin.bozkurt\Desktop\article\DLPIF-repo-update\src\baseline_results.pkl::all_scenarios[(""mice"", ""10pct"")]"
MICE,10pct,deterministic,2787,17750,2023-01-20,0.0,0.0400000017718412,1,"C:\Users\yasemin.bozkurt\Desktop\article\DLPIF-repo-update\src\baseline_results.pkl::all_scenarios[(""mice"", ""10pct"")]"
MICE,10pct,deterministic,2796,17155,2023-01-23,0.0,0.12400000258348884,1,"C:\Users\yasemin.bozkurt\Desktop\article\DLPIF-repo-update\src\baseline_results.pkl::all_scenarios[(""mice"", ""10pct"")]"
MICE,10pct,deterministic,2817,17704,2023-01-28,0.20000000470317902,2.7160002104938035,1,"C:\Users\yasemin.bozkurt\Desktop\article\DLPIF-repo-update\src\baseline_results.pkl::all_scenarios[(""mice"", ""10pct"")]"
MICE,10pct,deterministic,2827,17750,2023-01-30,0.40000000940635805,2.940000090748072,1,"C:\Users\yasemin.bozkurt\Desktop\article\DLPIF-repo-update\src\baseline_results.pkl::all_scenarios[(""mice"", ""10pct"")]"
MICE,10pct,deterministic,2831,17750,2023-01-31,0.0,0.29199999589473014,1,"C:\Users\yasemin.bozkurt\Desktop\article\DLPIF-repo-update\src\baseline_results.pkl::all_scenarios[(""mice"", ""10pct"")]"
MICE,10pct,deterministic,2834,17748,2023-02-01,1.8000000257045032,2.492000064253807,1,"C:\Users\yasemin.bozkurt\Desktop\article\DLPIF-repo-update\src\baseline_results.pkl::all_scenarios[(""mice"", ""10pct"")]"
MICE,10pct,deterministic,2837,17704,2023-02-02,0.0,0.3479999992065132,1,"C:\Users\yasemin.bozkurt\Desktop\article\DLPIF-repo-update\src\baseline_results.pkl::all_scenarios[(""mice"", ""10pct"")]"
MICE,10pct,deterministic,2844,17155,2023-02-04,7.800000067055226,20.332000064849854,1,"C:\Users\yasemin.bozkurt\Desktop\article\DLPIF-repo-update\src\baseline_results.pkl::all_scenarios[(""mice"", ""10pct"")]"
MICE,10pct,deterministic,2845,17704,2023-02-04,0.0,0.8000000188127161,1,"C:\Users\yasemin.bozkurt\Desktop\article\DLPIF-repo-update\src\baseline_results.pkl::all_scenarios[(""mice"", ""10pct"")]"
MICE,10pct,deterministic,2858,17748,2023-02-07,0.20000000470317902,2.287999916821718,1,"C:\Users\yasemin.bozkurt\Desktop\article\DLPIF-repo-update\src\baseline_results.pkl::all_scenarios[(""mice"", ""10pct"")]"
MICE,10pct,deterministic,2868,17155,2023-02-10,0.0,2.0959999814629557,1,"C:\Users\yasemin.bozkurt\Desktop\article\DLPIF-repo-update\src\baseline_results.pkl::all_scenarios[(""mice"", ""10pct"")]"
MICE,10pct,deterministic,2870,17748,2023-02-10,0.20000000470317902,0.40799999563023454,1,"C:\Users\yasemin.bozkurt\Desktop\article\DLPIF-repo-update\src\baseline_results.pkl::all_scenarios[(""mice"", ""10pct"")]"
MICE,10pct,deterministic,2875,17750,2023-02-11,0.0,0.08800000639166684,1,"C:\Users\yasemin.bozkurt\Desktop\article\DLPIF-repo-update\src\baseline_results.pkl::all_scenarios[(""mice"", ""10pct"")]"
MICE,10pct,deterministic,2876,17155,2023-02-12,0.0,0.30400000847876074,1,"C:\Users\yasemin.bozkurt\Desktop\article\DLPIF-repo-update\src\baseline_results.pkl::all_scenarios[(""mice"", ""10pct"")]"
MICE,10pct,deterministic,2890,17748,2023-02-15,0.0,4.89199992120266,1,"C:\Users\yasemin.bozkurt\Desktop\article\DLPIF-repo-update\src\baseline_results.pkl::all_scenarios[(""mice"", ""10pct"")]"
MICE,10pct,deterministic,2892,17155,2023-02-16,0.0,0.6839999858289958,1,"C:\Users\yasemin.bozkurt\Desktop\article\DLPIF-repo-update\src\baseline_results.pkl::all_scenarios[(""mice"", ""10pct"")]"
MICE,10pct,deterministic,2894,17748,2023-02-16,0.0,0.06800000342773274,1,"C:\Users\yasemin.bozkurt\Desktop\article\DLPIF-repo-update\src\baseline_results.pkl::all_scenarios[(""mice"", ""10pct"")]"
MICE,10pct,deterministic,2898,17748,2023-02-17,0.0,0.8040000451728703,1,"C:\Users\yasemin.bozkurt\Desktop\article\DLPIF-repo-update\src\baseline_results.pkl::all_scenarios[(""mice"", ""10pct"")]"
MICE,10pct,deterministic,2927,17750,2023-02-24,0.0,0.03600000034784898,1,"C:\Users\yasemin.bozkurt\Desktop\article\DLPIF-repo-update\src\baseline_results.pkl::all_scenarios[(""mice"", ""10pct"")]"
MICE,10pct,deterministic,2935,17750,2023-02-26,0.0,0.22800000635907056,1,"C:\Users\yasemin.bozkurt\Desktop\article\DLPIF-repo-update\src\baseline_results.pkl::all_scenarios[(""mice"", ""10pct"")]"
MICE,10pct,deterministic,2939,17750,2023-02-27,0.0,0.7000000247731806,1,"C:\Users\yasemin.bozkurt\Desktop\article\DLPIF-repo-update\src\baseline_results.pkl::all_scenarios[(""mice"", ""10pct"")]"
MICE,10pct,deterministic,2952,17155,2023-03-03,0.0,2.2000000018626453,1,"C:\Users\yasemin.bozkurt\Desktop\article\DLPIF-repo-update\src\baseline_results.pkl::all_scenarios[(""mice"", ""10pct"")]"
MICE,10pct,deterministic,2956,17155,2023-03-04,0.0,0.3960000162944198,1,"C:\Users\yasemin.bozkurt\Desktop\article\DLPIF-repo-update\src\baseline_results.pkl::all_scenarios[(""mice"", ""10pct"")]"
MICE,10pct,deterministic,2957,17704,2023-03-04,0.0,4.624000149965287,1,"C:\Users\yasemin.bozkurt\Desktop\article\DLPIF-repo-update\src\baseline_results.pkl::all_scenarios[(""mice"", ""10pct"")]"
MICE,10pct,deterministic,2970,17748,2023-03-07,0.0,7.843999958038331,1,"C:\Users\yasemin.bozkurt\Desktop\article\DLPIF-repo-update\src\baseline_results.pkl::all_scenarios[(""mice"", ""10pct"")]"
MICE,10pct,deterministic,2976,17155,2023-03-09,0.0,3.416000168770552,1,"C:\Users\yasemin.bozkurt\Desktop\article\DLPIF-repo-update\src\baseline_results.pkl::all_scenarios[(""mice"", ""10pct"")]"
MICE,10pct,deterministic,2981,17704,2023-03-10,0.0,0.42000000821426514,1,"C:\Users\yasemin.bozkurt\Desktop\article\DLPIF-repo-update\src\baseline_results.pkl::all_scenarios[(""mice"", ""10pct"")]"
MICE,10pct,deterministic,3016,17155,2023-03-19,0.0,6.472000358998776,1,"C:\Users\yasemin.bozkurt\Desktop\article\DLPIF-repo-update\src\baseline_results.pkl::all_scenarios[(""mice"", ""10pct"")]"
MICE,10pct,deterministic,3017,17704,2023-03-19,0.0,6.360000152885914,1,"C:\Users\yasemin.bozkurt\Desktop\article\DLPIF-repo-update\src\baseline_results.pkl::all_scenarios[(""mice"", ""10pct"")]"
MICE,10pct,deterministic,3035,17750,2023-03-23,6.6000001385808,8.46000002771616,1,"C:\Users\yasemin.bozkurt\Desktop\article\DLPIF-repo-update\src\baseline_results.pkl::all_scenarios[(""mice"", ""10pct"")]"
MICE,10pct,deterministic,3038,17748,2023-03-24,0.0,2.4440000139176847,1,"C:\Users\yasemin.bozkurt\Desktop\article\DLPIF-repo-update\src\baseline_results.pkl::all_scenarios[(""mice"", ""10pct"")]"
MICE,10pct,deterministic,3049,17704,2023-03-27,0.0,0.08400000496767462,1,"C:\Users\yasemin.bozkurt\Desktop\article\DLPIF-repo-update\src\baseline_results.pkl::all_scenarios[(""mice"", ""10pct"")]"
MICE,10pct,deterministic,3052,17155,2023-03-28,1.0000000068917871,1.8320001035928728,1,"C:\Users\yasemin.bozkurt\Desktop\article\DLPIF-repo-update\src\baseline_results.pkl::all_scenarios[(""mice"", ""10pct"")]"
MICE,10pct,deterministic,3079,17750,2023-04-03,0.0,0.012000000115949662,1,"C:\Users\yasemin.bozkurt\Desktop\article\DLPIF-repo-update\src\baseline_results.pkl::all_scenarios[(""mice"", ""10pct"")]"
MICE,10pct,deterministic,3082,17748,2023-04-04,0.0,4.260000278055668,1,"C:\Users\yasemin.bozkurt\Desktop\article\DLPIF-repo-update\src\baseline_results.pkl::all_scenarios[(""mice"", ""10pct"")]"
MICE,10pct,deterministic,3087,17750,2023-04-05,10.400000444054605,7.904000486433507,1,"C:\Users\yasemin.bozkurt\Desktop\article\DLPIF-repo-update\src\baseline_results.pkl::all_scenarios[(""mice"", ""10pct"")]"
MICE,10pct,deterministic,3093,17704,2023-04-07,7.800000067055226,2.0440000377595426,1,"C:\Users\yasemin.bozkurt\Desktop\article\DLPIF-repo-update\src\baseline_results.pkl::all_scenarios[(""mice"", ""10pct"")]"
MICE,10pct,deterministic,3096,17155,2023-04-08,0.20000000470317902,0.6859999990090728,1,"C:\Users\yasemin.bozkurt\Desktop\article\DLPIF-repo-update\src\baseline_results.pkl::all_scenarios[(""mice"", ""10pct"")]"
MICE,10pct,deterministic,3103,17750,2023-04-09,0.8000000188127161,0.20399999781511727,1,"C:\Users\yasemin.bozkurt\Desktop\article\DLPIF-repo-update\src\baseline_results.pkl::all_scenarios[(""mice"", ""10pct"")]"
MICE,10pct,deterministic,3138,17748,2023-04-18,0.0,1.2164571303874254,1,"C:\Users\yasemin.bozkurt\Desktop\article\DLPIF-repo-update\src\baseline_results.pkl::all_scenarios[(""mice"", ""10pct"")]"
MICE,10pct,deterministic,3149,17704,2023-04-21,2.0000000137835743,3.1480001315474513,1,"C:\Users\yasemin.bozkurt\Desktop\article\DLPIF-repo-update\src\baseline_results.pkl::all_scenarios[(""mice"", ""10pct"")]"
MICE,10pct,deterministic,3160,17155,2023-04-24,7.600000078976155,2.5120000630617145,1,"C:\Users\yasemin.bozkurt\Desktop\article\DLPIF-repo-update\src\baseline_results.pkl::all_scenarios[(""mice"", ""10pct"")]"
MICE,10pct,deterministic,3175,17750,2023-04-27,6.800000126659871,9.972000682353974,1,"C:\Users\yasemin.bozkurt\Desktop\article\DLPIF-repo-update\src\baseline_results.pkl::all_scenarios[(""mice"", ""10pct"")]"
MICE,10pct,deterministic,3179,17750,2023-04-28,8.40000003129244,1.1360000386834146,1,"C:\Users\yasemin.bozkurt\Desktop\article\DLPIF-repo-update\src\baseline_results.pkl::all_scenarios[(""mice"", ""10pct"")]"
MICE,10pct,deterministic,3183,17750,2023-04-29,7.400000090897084,0.13600000685546548,1,"C:\Users\yasemin.bozkurt\Desktop\article\DLPIF-repo-update\src\baseline_results.pkl::all_scenarios[(""mice"", ""10pct"")]"
MICE,10pct,deterministic,3196,17155,2023-05-03,0.0,0.008000000250467565,1,"C:\Users\yasemin.bozkurt\Desktop\article\DLPIF-repo-update\src\baseline_results.pkl::all_scenarios[(""mice"", ""10pct"")]"
MICE,10pct,deterministic,3201,17704,2023-05-04,2.6000001110136512,0.8800000140443445,1,"C:\Users\yasemin.bozkurt\Desktop\article\DLPIF-repo-update\src\baseline_results.pkl::all_scenarios[(""mice"", ""10pct"")]"
MICE,10pct,deterministic,3204,17155,2023-05-05,0.0,4.5800002589821815,1,"C:\Users\yasemin.bozkurt\Desktop\article\DLPIF-repo-update\src\baseline_results.pkl::all_scenarios[(""mice"", ""10pct"")]"
MICE,10pct,deterministic,3210,17748,2023-05-06,5.4000002101063735,8.963999891281128,1,"C:\Users\yasemin.bozkurt\Desktop\article\DLPIF-repo-update\src\baseline_results.pkl::all_scenarios[(""mice"", ""10pct"")]"
MICE,10pct,deterministic,3228,17155,2023-05-11,1.1000000009313227,1.6000000376254322,1,"C:\Users\yasemin.bozkurt\Desktop\article\DLPIF-repo-update\src\baseline_results.pkl::all_scenarios[(""mice"", ""10pct"")]"
MICE,10pct,deterministic,3233,17704,2023-05-12,7.600000078976155,6.644000029563904,1,"C:\Users\yasemin.bozkurt\Desktop\article\DLPIF-repo-update\src\baseline_results.pkl::all_scenarios[(""mice"", ""10pct"")]"
MICE,10pct,deterministic,3235,17750,2023-05-12,12.000000348687173,4.074000182747842,1,"C:\Users\yasemin.bozkurt\Desktop\article\DLPIF-repo-update\src\baseline_results.pkl::all_scenarios[(""mice"", ""10pct"")]"
MICE,10pct,deterministic,3239,17750,2023-05-13,0.20000000470317902,2.5400001145899296,1,"C:\Users\yasemin.bozkurt\Desktop\article\DLPIF-repo-update\src\baseline_results.pkl::all_scenarios[(""mice"", ""10pct"")]"
MICE,10pct,deterministic,3255,17750,2023-05-17,2.40000012293458,1.9720000952482226,1,"C:\Users\yasemin.bozkurt\Desktop\article\DLPIF-repo-update\src\baseline_results.pkl::all_scenarios[(""mice"", ""10pct"")]"
MICE,10pct,deterministic,3270,17748,2023-05-21,1.6000000376254322,3.9060001395642763,1,"C:\Users\yasemin.bozkurt\Desktop\article\DLPIF-repo-update\src\baseline_results.pkl::all_scenarios[(""mice"", ""10pct"")]"
MICE,10pct,deterministic,3278,17748,2023-05-23,23.800000709295276,9.03200073838234,1,"C:\Users\yasemin.bozkurt\Desktop\article\DLPIF-repo-update\src\baseline_results.pkl::all_scenarios[(""mice"", ""10pct"")]"
MICE,10pct,deterministic,3294,17748,2023-05-27,0.20000000470317902,7.3660001993179325,1,"C:\Users\yasemin.bozkurt\Desktop\article\DLPIF-repo-update\src\baseline_results.pkl::all_scenarios[(""mice"", ""10pct"")]"
MICE,10pct,deterministic,3324,17155,2023-06-04,19.00000099539757,2.8600000955164435,1,"C:\Users\yasemin.bozkurt\Desktop\article\DLPIF-repo-update\src\baseline_results.pkl::all_scenarios[(""mice"", ""10pct"")]"
MICE,10pct,deterministic,3346,17748,2023-06-09,4.000000027567149,9.833999839425088,1,"C:\Users\yasemin.bozkurt\Desktop\article\DLPIF-repo-update\src\baseline_results.pkl::all_scenarios[(""mice"", ""10pct"")]"
MICE,10pct,deterministic,3354,17748,2023-06-11,0.20000000470317902,0.5639999929815531,1,"C:\Users\yasemin.bozkurt\Desktop\article\DLPIF-repo-update\src\baseline_results.pkl::all_scenarios[(""mice"", ""10pct"")]"
MICE,10pct,deterministic,3357,17704,2023-06-12,0.0,0.31199999470263723,1,"C:\Users\yasemin.bozkurt\Desktop\article\DLPIF-repo-update\src\baseline_results.pkl::all_scenarios[(""mice"", ""10pct"")]"
MICE,10pct,deterministic,3358,17748,2023-06-12,0.0,3.631999996304512,1,"C:\Users\yasemin.bozkurt\Desktop\article\DLPIF-repo-update\src\baseline_results.pkl::all_scenarios[(""mice"", ""10pct"")]"
MICE,10pct,deterministic,3361,17704,2023-06-13,0.0,1.2420000057667495,1,"C:\Users\yasemin.bozkurt\Desktop\article\DLPIF-repo-update\src\baseline_results.pkl::all_scenarios[(""mice"", ""10pct"")]"
MICE,10pct,deterministic,3366,17748,2023-06-14,0.20000000470317902,6.037999959290028,1,"C:\Users\yasemin.bozkurt\Desktop\article\DLPIF-repo-update\src\baseline_results.pkl::all_scenarios[(""mice"", ""10pct"")]"
MICE,10pct,deterministic,3368,17155,2023-06-15,0.0,0.907999999076128,1,"C:\Users\yasemin.bozkurt\Desktop\article\DLPIF-repo-update\src\baseline_results.pkl::all_scenarios[(""mice"", ""10pct"")]"
MICE,10pct,deterministic,3374,17748,2023-06-16,0.0,3.8900000341236596,1,"C:\Users\yasemin.bozkurt\Desktop\article\DLPIF-repo-update\src\baseline_results.pkl::all_scenarios[(""mice"", ""10pct"")]"
MICE,10pct,deterministic,3381,17704,2023-06-18,7.800000067055226,4.012000239640475,1,"C:\Users\yasemin.bozkurt\Desktop\article\DLPIF-repo-update\src\baseline_results.pkl::all_scenarios[(""mice"", ""10pct"")]"
MICE,10pct,deterministic,3383,17750,2023-06-18,6.800000126659871,2.664000000804663,1,"C:\Users\yasemin.bozkurt\Desktop\article\DLPIF-repo-update\src\baseline_results.pkl::all_scenarios[(""mice"", ""10pct"")]"
MICE,10pct,deterministic,3422,17748,2023-06-28,0.0,2.7120000511407856,1,"C:\Users\yasemin.bozkurt\Desktop\article\DLPIF-repo-update\src\baseline_results.pkl::all_scenarios[(""mice"", ""10pct"")]"
MICE,10pct,deterministic,3425,17704,2023-06-29,0.0,0.0200000008859206,1,"C:\Users\yasemin.bozkurt\Desktop\article\DLPIF-repo-update\src\baseline_results.pkl::all_scenarios[(""mice"", ""10pct"")]"
MICE,10pct,deterministic,3427,17750,2023-06-29,0.0,1.252000005170703,1,"C:\Users\yasemin.bozkurt\Desktop\article\DLPIF-repo-update\src\baseline_results.pkl::all_scenarios[(""mice"", ""10pct"")]"
MICE,10pct,deterministic,3428,17155,2023-06-30,0.0,1.3400000531226397,1,"C:\Users\yasemin.bozkurt\Desktop\article\DLPIF-repo-update\src\baseline_results.pkl::all_scenarios[(""mice"", ""10pct"")]"
MICE,10pct,deterministic,3432,17155,2023-07-01,0.0,0.10000000235158951,1,"C:\Users\yasemin.bozkurt\Desktop\article\DLPIF-repo-update\src\baseline_results.pkl::all_scenarios[(""mice"", ""10pct"")]"
MICE,10pct,deterministic,3433,17704,2023-07-01,0.0,0.0,1,"C:\Users\yasemin.bozkurt\Desktop\article\DLPIF-repo-update\src\baseline_results.pkl::all_scenarios[(""mice"", ""10pct"")]"
MICE,10pct,deterministic,3468,17155,2023-07-10,0.5000000034458936,0.5520000136457384,1,"C:\Users\yasemin.bozkurt\Desktop\article\DLPIF-repo-update\src\baseline_results.pkl::all_scenarios[(""mice"", ""10pct"")]"
MICE,10pct,deterministic,3477,17704,2023-07-12,0.0,0.012000000115949662,1,"C:\Users\yasemin.bozkurt\Desktop\article\DLPIF-repo-update\src\baseline_results.pkl::all_scenarios[(""mice"", ""10pct"")]"
MICE,10pct,deterministic,3491,17750,2023-07-15,0.0,0.004000000125233783,1,"C:\Users\yasemin.bozkurt\Desktop\article\DLPIF-repo-update\src\baseline_results.pkl::all_scenarios[(""mice"", ""10pct"")]"
MICE,10pct,deterministic,3495,17750,2023-07-16,0.0,0.0,1,"C:\Users\yasemin.bozkurt\Desktop\article\DLPIF-repo-update\src\baseline_results.pkl::all_scenarios[(""mice"", ""10pct"")]"
MICE,10pct,deterministic,3496,17155,2023-07-17,0.0,0.008000000250467565,1,"C:\Users\yasemin.bozkurt\Desktop\article\DLPIF-repo-update\src\baseline_results.pkl::all_scenarios[(""mice"", ""10pct"")]"
MICE,10pct,deterministic,3500,17155,2023-07-18,0.0,1.4240000747144224,1,"C:\Users\yasemin.bozkurt\Desktop\article\DLPIF-repo-update\src\baseline_results.pkl::all_scenarios[(""mice"", ""10pct"")]"
MICE,10pct,deterministic,3502,17748,2023-07-18,0.0,0.47200001841411,1,"C:\Users\yasemin.bozkurt\Desktop\article\DLPIF-repo-update\src\baseline_results.pkl::all_scenarios[(""mice"", ""10pct"")]"
MICE,10pct,deterministic,3508,17155,2023-07-20,0.0,0.0400000017718412,1,"C:\Users\yasemin.bozkurt\Desktop\article\DLPIF-repo-update\src\baseline_results.pkl::all_scenarios[(""mice"", ""10pct"")]"
MICE,10pct,deterministic,3514,17748,2023-07-21,0.0,0.03200000100187026,1,"C:\Users\yasemin.bozkurt\Desktop\article\DLPIF-repo-update\src\baseline_results.pkl::all_scenarios[(""mice"", ""10pct"")]"
MICE,10pct,deterministic,3530,17748,2023-07-25,0.0,0.1600000070873648,1,"C:\Users\yasemin.bozkurt\Desktop\article\DLPIF-repo-update\src\baseline_results.pkl::all_scenarios[(""mice"", ""10pct"")]"
MICE,10pct,deterministic,3540,17155,2023-07-28,0.0,0.07200000069569797,1,"C:\Users\yasemin.bozkurt\Desktop\article\DLPIF-repo-update\src\baseline_results.pkl::all_scenarios[(""mice"", ""10pct"")]"
MICE,10pct,deterministic,3546,17748,2023-07-29,0.0,0.012000000115949662,1,"C:\Users\yasemin.bozkurt\Desktop\article\DLPIF-repo-update\src\baseline_results.pkl::all_scenarios[(""mice"", ""10pct"")]"
MICE,10pct,deterministic,3548,17155,2023-07-30,0.0,0.012000000115949662,1,"C:\Users\yasemin.bozkurt\Desktop\article\DLPIF-repo-update\src\baseline_results.pkl::all_scenarios[(""mice"", ""10pct"")]"
MICE,10pct,deterministic,3569,17704,2023-08-04,0.0,0.0,1,"C:\Users\yasemin.bozkurt\Desktop\article\DLPIF-repo-update\src\baseline_results.pkl::all_scenarios[(""mice"", ""10pct"")]"
MICE,10pct,deterministic,3578,17748,2023-08-06,0.0,1.4879999645054343,1,"C:\Users\yasemin.bozkurt\Desktop\article\DLPIF-repo-update\src\baseline_results.pkl::all_scenarios[(""mice"", ""10pct"")]"
MICE,10pct,deterministic,3580,17155,2023-08-07,0.0,0.01600000050093513,1,"C:\Users\yasemin.bozkurt\Desktop\article\DLPIF-repo-update\src\baseline_results.pkl::all_scenarios[(""mice"", ""10pct"")]"
MICE,10pct,deterministic,3584,17155,2023-08-08,0.0,1.0280000584200026,1,"C:\Users\yasemin.bozkurt\Desktop\article\DLPIF-repo-update\src\baseline_results.pkl::all_scenarios[(""mice"", ""10pct"")]"
MICE,10pct,deterministic,3600,17155,2023-08-12,0.0,0.5760000055655837,1,"C:\Users\yasemin.bozkurt\Desktop\article\DLPIF-repo-update\src\baseline_results.pkl::all_scenarios[(""mice"", ""10pct"")]"
MICE,10pct,deterministic,3639,17750,2023-08-21,0.0,0.0,1,"C:\Users\yasemin.bozkurt\Desktop\article\DLPIF-repo-update\src\baseline_results.pkl::all_scenarios[(""mice"", ""10pct"")]"
MICE,10pct,deterministic,3665,17704,2023-08-28,0.0,4.635999830067158,1,"C:\Users\yasemin.bozkurt\Desktop\article\DLPIF-repo-update\src\baseline_results.pkl::all_scenarios[(""mice"", ""10pct"")]"
MICE,10pct,deterministic,3706,17748,2023-09-07,0.0,6.307999943196774,1,"C:\Users\yasemin.bozkurt\Desktop\article\DLPIF-repo-update\src\baseline_results.pkl::all_scenarios[(""mice"", ""10pct"")]"
MICE,10pct,deterministic,3717,17704,2023-09-10,0.0,0.11200000662356616,1,"C:\Users\yasemin.bozkurt\Desktop\article\DLPIF-repo-update\src\baseline_results.pkl::all_scenarios[(""mice"", ""10pct"")]"
MICE,10pct,deterministic,3728,17155,2023-09-13,0.0,0.1600000070873648,1,"C:\Users\yasemin.bozkurt\Desktop\article\DLPIF-repo-update\src\baseline_results.pkl::all_scenarios[(""mice"", ""10pct"")]"
MICE,10pct,deterministic,3741,17704,2023-09-16,0.0,0.0,1,"C:\Users\yasemin.bozkurt\Desktop\article\DLPIF-repo-update\src\baseline_results.pkl::all_scenarios[(""mice"", ""10pct"")]"
MICE,10pct,deterministic,3749,17704,2023-09-18,0.0,0.024000000231899323,1,"C:\Users\yasemin.bozkurt\Desktop\article\DLPIF-repo-update\src\baseline_results.pkl::all_scenarios[(""mice"", ""10pct"")]"
MICE,10pct,deterministic,3761,17704,2023-09-21,0.0,0.004000000125233783,1,"C:\Users\yasemin.bozkurt\Desktop\article\DLPIF-repo-update\src\baseline_results.pkl::all_scenarios[(""mice"", ""10pct"")]"
MICE,10pct,deterministic,3764,17155,2023-09-22,0.0,0.048000000463798646,1,"C:\Users\yasemin.bozkurt\Desktop\article\DLPIF-repo-update\src\baseline_results.pkl::all_scenarios[(""mice"", ""10pct"")]"
MICE,10pct,deterministic,3768,17155,2023-09-23,0.0,0.0200000008859206,1,"C:\Users\yasemin.bozkurt\Desktop\article\DLPIF-repo-update\src\baseline_results.pkl::all_scenarios[(""mice"", ""10pct"")]"
MICE,10pct,deterministic,3774,17748,2023-09-24,0.0,0.06799999927170575,1,"C:\Users\yasemin.bozkurt\Desktop\article\DLPIF-repo-update\src\baseline_results.pkl::all_scenarios[(""mice"", ""10pct"")]"
MICE,10pct,deterministic,3779,17750,2023-09-25,0.0,0.0,1,"C:\Users\yasemin.bozkurt\Desktop\article\DLPIF-repo-update\src\baseline_results.pkl::all_scenarios[(""mice"", ""10pct"")]"
MICE,10pct,deterministic,3786,17748,2023-09-27,0.0,3.891999980807305,1,"C:\Users\yasemin.bozkurt\Desktop\article\DLPIF-repo-update\src\baseline_results.pkl::all_scenarios[(""mice"", ""10pct"")]"
MICE,10pct,deterministic,3802,17748,2023-10-01,5.800000186264516,9.978000256419183,1,"C:\Users\yasemin.bozkurt\Desktop\article\DLPIF-repo-update\src\baseline_results.pkl::all_scenarios[(""mice"", ""10pct"")]"
MICE,10pct,deterministic,3828,17155,2023-10-08,0.0,1.180000062659383,1,"C:\Users\yasemin.bozkurt\Desktop\article\DLPIF-repo-update\src\baseline_results.pkl::all_scenarios[(""mice"", ""10pct"")]"
MICE,10pct,deterministic,3832,17155,2023-10-09,0.0,1.3960000231862069,1,"C:\Users\yasemin.bozkurt\Desktop\article\DLPIF-repo-update\src\baseline_results.pkl::all_scenarios[(""mice"", ""10pct"")]"
MICE,10pct,deterministic,3852,17155,2023-10-14,0.0,1.0640000296756627,1,"C:\Users\yasemin.bozkurt\Desktop\article\DLPIF-repo-update\src\baseline_results.pkl::all_scenarios[(""mice"", ""10pct"")]"
MICE,10pct,deterministic,3861,17704,2023-10-16,0.0,0.0400000017718412,1,"C:\Users\yasemin.bozkurt\Desktop\article\DLPIF-repo-update\src\baseline_results.pkl::all_scenarios[(""mice"", ""10pct"")]"
MICE,10pct,deterministic,3862,17748,2023-10-16,0.0,0.6400000283494592,1,"C:\Users\yasemin.bozkurt\Desktop\article\DLPIF-repo-update\src\baseline_results.pkl::all_scenarios[(""mice"", ""10pct"")]"
MICE,10pct,deterministic,3873,17704,2023-10-19,0.8000000188127161,0.4760000115260482,1,"C:\Users\yasemin.bozkurt\Desktop\article\DLPIF-repo-update\src\baseline_results.pkl::all_scenarios[(""mice"", ""10pct"")]"
MICE,10pct,deterministic,3877,17704,2023-10-20,0.40000000940635805,1.0640000296756627,1,"C:\Users\yasemin.bozkurt\Desktop\article\DLPIF-repo-update\src\baseline_results.pkl::all_scenarios[(""mice"", ""10pct"")]"
MICE,10pct,deterministic,3889,17704,2023-10-23,0.0,0.004000000125233783,1,"C:\Users\yasemin.bozkurt\Desktop\article\DLPIF-repo-update\src\baseline_results.pkl::all_scenarios[(""mice"", ""10pct"")]"
MICE,10pct,deterministic,3891,17750,2023-10-23,0.0,0.10000000235158951,1,"C:\Users\yasemin.bozkurt\Desktop\article\DLPIF-repo-update\src\baseline_results.pkl::all_scenarios[(""mice"", ""10pct"")]"
MICE,10pct,deterministic,3893,17704,2023-10-24,0.0,0.008000000250467565,1,"C:\Users\yasemin.bozkurt\Desktop\article\DLPIF-repo-update\src\baseline_results.pkl::all_scenarios[(""mice"", ""10pct"")]"
MICE,10pct,deterministic,3897,17704,2023-10-25,0.0,0.004000000125233783,1,"C:\Users\yasemin.bozkurt\Desktop\article\DLPIF-repo-update\src\baseline_results.pkl::all_scenarios[(""mice"", ""10pct"")]"
MICE,10pct,deterministic,3904,17155,2023-10-27,0.0,0.0,1,"C:\Users\yasemin.bozkurt\Desktop\article\DLPIF-repo-update\src\baseline_results.pkl::all_scenarios[(""mice"", ""10pct"")]"
MICE,10pct,deterministic,3907,17750,2023-10-27,0.0,0.004000000125233783,1,"C:\Users\yasemin.bozkurt\Desktop\article\DLPIF-repo-update\src\baseline_results.pkl::all_scenarios[(""mice"", ""10pct"")]"
MICE,10pct,deterministic,3918,17748,2023-10-30,0.0,5.160000224411488,1,"C:\Users\yasemin.bozkurt\Desktop\article\DLPIF-repo-update\src\baseline_results.pkl::all_scenarios[(""mice"", ""10pct"")]"
MICE,10pct,deterministic,3921,17704,2023-10-31,0.0,0.09600000092759729,1,"C:\Users\yasemin.bozkurt\Desktop\article\DLPIF-repo-update\src\baseline_results.pkl::all_scenarios[(""mice"", ""10pct"")]"
MICE,10pct,deterministic,3924,17155,2023-11-01,0.0,0.24000000231899324,1,"C:\Users\yasemin.bozkurt\Desktop\article\DLPIF-repo-update\src\baseline_results.pkl::all_scenarios[(""mice"", ""10pct"")]"
MICE,10pct,deterministic,3926,17748,2023-11-01,0.0,1.380000050738454,1,"C:\Users\yasemin.bozkurt\Desktop\article\DLPIF-repo-update\src\baseline_results.pkl::all_scenarios[(""mice"", ""10pct"")]"
MICE,10pct,deterministic,3929,17704,2023-11-02,0.600000030733645,1.8800000209361316,1,"C:\Users\yasemin.bozkurt\Desktop\article\DLPIF-repo-update\src\baseline_results.pkl::all_scenarios[(""mice"", ""10pct"")]"
MICE,10pct,deterministic,3930,17748,2023-11-02,0.0,3.560000053793192,1,"C:\Users\yasemin.bozkurt\Desktop\article\DLPIF-repo-update\src\baseline_results.pkl::all_scenarios[(""mice"", ""10pct"")]"
MICE,10pct,deterministic,3941,17704,2023-11-05,1.0000000068917871,1.416000021994114,1,"C:\Users\yasemin.bozkurt\Desktop\article\DLPIF-repo-update\src\baseline_results.pkl::all_scenarios[(""mice"", ""10pct"")]"
MICE,10pct,deterministic,3995,17750,2023-11-18,3.6000000514090065,7.877999849617482,1,"C:\Users\yasemin.bozkurt\Desktop\article\DLPIF-repo-update\src\baseline_results.pkl::all_scenarios[(""mice"", ""10pct"")]"
MICE,10pct,deterministic,3998,17748,2023-11-19,10.400000444054605,9.972000682353974,1,"C:\Users\yasemin.bozkurt\Desktop\article\DLPIF-repo-update\src\baseline_results.pkl::all_scenarios[(""mice"", ""10pct"")]"
MICE,10pct,deterministic,3999,17750,2023-11-19,8.200000043213368,1.2760000303387642,1,"C:\Users\yasemin.bozkurt\Desktop\article\DLPIF-repo-update\src\baseline_results.pkl::all_scenarios[(""mice"", ""10pct"")]"
MICE,10pct,deterministic,4017,17704,2023-11-24,1.20000006146729,4.32400016784668,1,"C:\Users\yasemin.bozkurt\Desktop\article\DLPIF-repo-update\src\baseline_results.pkl::all_scenarios[(""mice"", ""10pct"")]"
MICE,10pct,deterministic,4036,17155,2023-11-29,0.10000000235158951,1.4600000459700824,1,"C:\Users\yasemin.bozkurt\Desktop\article\DLPIF-repo-update\src\baseline_results.pkl::all_scenarios[(""mice"", ""10pct"")]"
MICE,10pct,deterministic,4059,17750,2023-12-04,0.0,2.012000092864037,1,"C:\Users\yasemin.bozkurt\Desktop\article\DLPIF-repo-update\src\baseline_results.pkl::all_scenarios[(""mice"", ""10pct"")]"
MICE,10pct,deterministic,4061,17704,2023-12-05,0.0,1.616000010073185,1,"C:\Users\yasemin.bozkurt\Desktop\article\DLPIF-repo-update\src\baseline_results.pkl::all_scenarios[(""mice"", ""10pct"")]"
MICE,10pct,deterministic,4063,17750,2023-12-05,0.0,2.843999990075827,1,"C:\Users\yasemin.bozkurt\Desktop\article\DLPIF-repo-update\src\baseline_results.pkl::all_scenarios[(""mice"", ""10pct"")]"
MICE,10pct,deterministic,4078,17748,2023-12-09,9.200000515580179,4.6680000409483915,1,"C:\Users\yasemin.bozkurt\Desktop\article\DLPIF-repo-update\src\baseline_results.pkl::all_scenarios[(""mice"", ""10pct"")]"
MICE,10pct,deterministic,4079,17750,2023-12-09,6.000000174343587,5.976000282168389,1,"C:\Users\yasemin.bozkurt\Desktop\article\DLPIF-repo-update\src\baseline_results.pkl::all_scenarios[(""mice"", ""10pct"")]"
MICE,10pct,deterministic,4083,17750,2023-12-10,4.000000027567149,0.6120000433176757,1,"C:\Users\yasemin.bozkurt\Desktop\article\DLPIF-repo-update\src\baseline_results.pkl::all_scenarios[(""mice"", ""10pct"")]"
MICE,10pct,deterministic,4085,17704,2023-12-11,5.0000002339482315,2.368000178039074,1,"C:\Users\yasemin.bozkurt\Desktop\article\DLPIF-repo-update\src\baseline_results.pkl::all_scenarios[(""mice"", ""10pct"")]"
MICE,10pct,deterministic,4097,17704,2023-12-14,0.0,2.016000119224191,1,"C:\Users\yasemin.bozkurt\Desktop\article\DLPIF-repo-update\src\baseline_results.pkl::all_scenarios[(""mice"", ""10pct"")]"
MICE,10pct,deterministic,4102,17748,2023-12-15,0.0,1.2960000291466713,1,"C:\Users\yasemin.bozkurt\Desktop\article\DLPIF-repo-update\src\baseline_results.pkl::all_scenarios[(""mice"", ""10pct"")]"
MICE,10pct,deterministic,4108,17155,2023-12-17,5.300000216066838,5.8960002869367605,1,"C:\Users\yasemin.bozkurt\Desktop\article\DLPIF-repo-update\src\baseline_results.pkl::all_scenarios[(""mice"", ""10pct"")]"
MICE,10pct,deterministic,4133,17704,2023-12-23,6.000000174343587,1.2880001094192268,1,"C:\Users\yasemin.bozkurt\Desktop\article\DLPIF-repo-update\src\baseline_results.pkl::all_scenarios[(""mice"", ""10pct"")]"
MICE,10pct,deterministic,4140,17155,2023-12-25,0.0,1.3960000231862069,1,"C:\Users\yasemin.bozkurt\Desktop\article\DLPIF-repo-update\src\baseline_results.pkl::all_scenarios[(""mice"", ""10pct"")]"
MICE,10pct,deterministic,4141,17704,2023-12-25,0.0,0.23200001609511675,1,"C:\Users\yasemin.bozkurt\Desktop\article\DLPIF-repo-update\src\baseline_results.pkl::all_scenarios[(""mice"", ""10pct"")]"
MICE,10pct,deterministic,4157,17704,2023-12-29,0.0,0.06400000200374052,1,"C:\Users\yasemin.bozkurt\Desktop\article\DLPIF-repo-update\src\baseline_results.pkl::all_scenarios[(""mice"", ""10pct"")]"
MICE,10pct,deterministic,4162,17748,2023-12-30,0.0,0.4160000151023269,1,"C:\Users\yasemin.bozkurt\Desktop\article\DLPIF-repo-update\src\baseline_results.pkl::all_scenarios[(""mice"", ""10pct"")]"
MICE,20pct,deterministic,10,17748,2021-02-25,0.0,0.24800000516697768,1,"C:\Users\yasemin.bozkurt\Desktop\article\DLPIF-repo-update\src\baseline_results.pkl::all_scenarios[(""mice"", ""20pct"")]"
MICE,20pct,deterministic,16,17155,2021-02-27,0.0,0.16400000019930305,1,"C:\Users\yasemin.bozkurt\Desktop\article\DLPIF-repo-update\src\baseline_results.pkl::all_scenarios[(""mice"", ""20pct"")]"
MICE,20pct,deterministic,17,17704,2021-02-27,0.0,0.04399999903980643,1,"C:\Users\yasemin.bozkurt\Desktop\article\DLPIF-repo-update\src\baseline_results.pkl::all_scenarios[(""mice"", ""20pct"")]"
MICE,20pct,deterministic,19,17750,2021-02-27,0.0,0.004000000125233783,1,"C:\Users\yasemin.bozkurt\Desktop\article\DLPIF-repo-update\src\baseline_results.pkl::all_scenarios[(""mice"", ""20pct"")]"
MICE,20pct,deterministic,22,17748,2021-02-28,0.20000000470317902,0.18800000874325634,1,"C:\Users\yasemin.bozkurt\Desktop\article\DLPIF-repo-update\src\baseline_results.pkl::all_scenarios[(""mice"", ""20pct"")]"
MICE,20pct,deterministic,32,17155,2021-03-03,2.8000000990927223,0.39200002318248156,1,"C:\Users\yasemin.bozkurt\Desktop\article\DLPIF-repo-update\src\baseline_results.pkl::all_scenarios[(""mice"", ""20pct"")]"
MICE,20pct,deterministic,36,17155,2021-03-04,0.0,0.02800000165589154,1,"C:\Users\yasemin.bozkurt\Desktop\article\DLPIF-repo-update\src\baseline_results.pkl::all_scenarios[(""mice"", ""20pct"")]"
MICE,20pct,deterministic,37,17704,2021-03-04,0.0,0.01600000050093513,1,"C:\Users\yasemin.bozkurt\Desktop\article\DLPIF-repo-update\src\baseline_results.pkl::all_scenarios[(""mice"", ""20pct"")]"
MICE,20pct,deterministic,49,17704,2021-03-07,6.200000162422658,10.27200066447258,1,"C:\Users\yasemin.bozkurt\Desktop\article\DLPIF-repo-update\src\baseline_results.pkl::all_scenarios[(""mice"", ""20pct"")]"
MICE,20pct,deterministic,54,17748,2021-03-08,0.0,0.14799999450333418,1,"C:\Users\yasemin.bozkurt\Desktop\article\DLPIF-repo-update\src\baseline_results.pkl::all_scenarios[(""mice"", ""20pct"")]"
MICE,20pct,deterministic,57,17704,2021-03-09,0.0,0.13600000685546548,1,"C:\Users\yasemin.bozkurt\Desktop\article\DLPIF-repo-update\src\baseline_results.pkl::all_scenarios[(""mice"", ""20pct"")]"
MICE,20pct,deterministic,58,17748,2021-03-09,0.0,0.03200000100187026,1,"C:\Users\yasemin.bozkurt\Desktop\article\DLPIF-repo-update\src\baseline_results.pkl::all_scenarios[(""mice"", ""20pct"")]"
MICE,20pct,deterministic,66,17748,2021-03-11,0.20000000470317902,12.10800012946129,1,"C:\Users\yasemin.bozkurt\Desktop\article\DLPIF-repo-update\src\baseline_results.pkl::all_scenarios[(""mice"", ""20pct"")]"
MICE,20pct,deterministic,67,17750,2021-03-11,0.0,1.892000100016594,1,"C:\Users\yasemin.bozkurt\Desktop\article\DLPIF-repo-update\src\baseline_results.pkl::all_scenarios[(""mice"", ""20pct"")]"
MICE,20pct,deterministic,70,17748,2021-03-12,9.800000479817392,0.07600000211969019,1,"C:\Users\yasemin.bozkurt\Desktop\article\DLPIF-repo-update\src\baseline_results.pkl::all_scenarios[(""mice"", ""20pct"")]"
MICE,20pct,deterministic,71,17750,2021-03-12,8.200000043213368,0.21200000066310168,1,"C:\Users\yasemin.bozkurt\Desktop\article\DLPIF-repo-update\src\baseline_results.pkl::all_scenarios[(""mice"", ""20pct"")]"
MICE,20pct,deterministic,79,17750,2021-03-14,0.0,0.32400000728666783,1,"C:\Users\yasemin.bozkurt\Desktop\article\DLPIF-repo-update\src\baseline_results.pkl::all_scenarios[(""mice"", ""20pct"")]"
MICE,20pct,deterministic,88,17155,2021-03-17,10.600000432133676,2.1720000833272937,1,"C:\Users\yasemin.bozkurt\Desktop\article\DLPIF-repo-update\src\baseline_results.pkl::all_scenarios[(""mice"", ""20pct"")]"
MICE,20pct,deterministic,89,17704,2021-03-17,1.6000000376254322,8.103999942541122,1,"C:\Users\yasemin.bozkurt\Desktop\article\DLPIF-repo-update\src\baseline_results.pkl::all_scenarios[(""mice"", ""20pct"")]"
MICE,20pct,deterministic,91,17750,2021-03-17,7.600000078976155,3.023999979346991,1,"C:\Users\yasemin.bozkurt\Desktop\article\DLPIF-repo-update\src\baseline_results.pkl::all_scenarios[(""mice"", ""20pct"")]"
MICE,20pct,deterministic,92,17155,2021-03-18,0.600000030733645,1.2760000303387642,1,"C:\Users\yasemin.bozkurt\Desktop\article\DLPIF-repo-update\src\baseline_results.pkl::all_scenarios[(""mice"", ""20pct"")]"
MICE,20pct,deterministic,93,17704,2021-03-18,1.4000000495463611,1.1200000662356615,1,"C:\Users\yasemin.bozkurt\Desktop\article\DLPIF-repo-update\src\baseline_results.pkl::all_scenarios[(""mice"", ""20pct"")]"
MICE,20pct,deterministic,94,17748,2021-03-18,3.0000000871717933,3.730000043660403,1,"C:\Users\yasemin.bozkurt\Desktop\article\DLPIF-repo-update\src\baseline_results.pkl::all_scenarios[(""mice"", ""20pct"")]"
MICE,20pct,deterministic,96,17155,2021-03-19,3.4000000633299354,1.5240000687539579,1,"C:\Users\yasemin.bozkurt\Desktop\article\DLPIF-repo-update\src\baseline_results.pkl::all_scenarios[(""mice"", ""20pct"")]"
MICE,20pct,deterministic,104,17155,2021-03-21,14.000000229477884,1.0760000422596931,1,"C:\Users\yasemin.bozkurt\Desktop\article\DLPIF-repo-update\src\baseline_results.pkl::all_scenarios[(""mice"", ""20pct"")]"
MICE,20pct,deterministic,105,17704,2021-03-21,1.20000006146729,0.22000000351108612,1,"C:\Users\yasemin.bozkurt\Desktop\article\DLPIF-repo-update\src\baseline_results.pkl::all_scenarios[(""mice"", ""20pct"")]"
MICE,20pct,deterministic,107,17750,2021-03-21,6.200000162422658,4.092000234872103,1,"C:\Users\yasemin.bozkurt\Desktop\article\DLPIF-repo-update\src\baseline_results.pkl::all_scenarios[(""mice"", ""20pct"")]"
MICE,20pct,deterministic,124,17155,2021-03-26,0.8000000188127161,2.104000034183264,1,"C:\Users\yasemin.bozkurt\Desktop\article\DLPIF-repo-update\src\baseline_results.pkl::all_scenarios[(""mice"", ""20pct"")]"
MICE,20pct,deterministic,127,17750,2021-03-26,0.8000000188127161,0.5160000091418624,1,"C:\Users\yasemin.bozkurt\Desktop\article\DLPIF-repo-update\src\baseline_results.pkl::all_scenarios[(""mice"", ""20pct"")]"
MICE,20pct,deterministic,135,17750,2021-03-28,0.20000000470317902,0.024000000231899323,1,"C:\Users\yasemin.bozkurt\Desktop\article\DLPIF-repo-update\src\baseline_results.pkl::all_scenarios[(""mice"", ""20pct"")]"
MICE,20pct,deterministic,143,17750,2021-03-30,0.0,0.05599999915575609,1,"C:\Users\yasemin.bozkurt\Desktop\article\DLPIF-repo-update\src\baseline_results.pkl::all_scenarios[(""mice"", ""20pct"")]"
MICE,20pct,deterministic,145,17704,2021-03-31,3.0000000871717933,1.41199999563396,1,"C:\Users\yasemin.bozkurt\Desktop\article\DLPIF-repo-update\src\baseline_results.pkl::all_scenarios[(""mice"", ""20pct"")]"
MICE,20pct,deterministic,150,17748,2021-04-01,0.600000030733645,4.740000249445439,1,"C:\Users\yasemin.bozkurt\Desktop\article\DLPIF-repo-update\src\baseline_results.pkl::all_scenarios[(""mice"", ""20pct"")]"
MICE,20pct,deterministic,152,17155,2021-04-02,0.0,0.7359999960288406,1,"C:\Users\yasemin.bozkurt\Desktop\article\DLPIF-repo-update\src\baseline_results.pkl::all_scenarios[(""mice"", ""20pct"")]"
MICE,20pct,deterministic,155,17750,2021-04-02,0.0,1.1760000362992287,1,"C:\Users\yasemin.bozkurt\Desktop\article\DLPIF-repo-update\src\baseline_results.pkl::all_scenarios[(""mice"", ""20pct"")]"
MICE,20pct,deterministic,157,17704,2021-04-03,0.0,1.0560000434517862,1,"C:\Users\yasemin.bozkurt\Desktop\article\DLPIF-repo-update\src\baseline_results.pkl::all_scenarios[(""mice"", ""20pct"")]"
MICE,20pct,deterministic,159,17750,2021-04-03,0.0,0.3360000198706985,1,"C:\Users\yasemin.bozkurt\Desktop\article\DLPIF-repo-update\src\baseline_results.pkl::all_scenarios[(""mice"", ""20pct"")]"
MICE,20pct,deterministic,162,17748,2021-04-04,0.0,0.888000000268221,1,"C:\Users\yasemin.bozkurt\Desktop\article\DLPIF-repo-update\src\baseline_results.pkl::all_scenarios[(""mice"", ""20pct"")]"
MICE,20pct,deterministic,163,17750,2021-04-04,0.0,1.4179999686777593,1,"C:\Users\yasemin.bozkurt\Desktop\article\DLPIF-repo-update\src\baseline_results.pkl::all_scenarios[(""mice"", ""20pct"")]"
MICE,20pct,deterministic,169,17704,2021-04-06,11.20000039637089,0.6839999858289958,1,"C:\Users\yasemin.bozkurt\Desktop\article\DLPIF-repo-update\src\baseline_results.pkl::all_scenarios[(""mice"", ""20pct"")]"
MICE,20pct,deterministic,171,17750,2021-04-06,5.2000002220273025,2.863999988883734,1,"C:\Users\yasemin.bozkurt\Desktop\article\DLPIF-repo-update\src\baseline_results.pkl::all_scenarios[(""mice"", ""20pct"")]"
MICE,20pct,deterministic,185,17704,2021-04-10,0.0,0.672000039741397,1,"C:\Users\yasemin.bozkurt\Desktop\article\DLPIF-repo-update\src\baseline_results.pkl::all_scenarios[(""mice"", ""20pct"")]"
MICE,20pct,deterministic,190,17748,2021-04-11,0.20000000470317902,0.10800000519957394,1,"C:\Users\yasemin.bozkurt\Desktop\article\DLPIF-repo-update\src\baseline_results.pkl::all_scenarios[(""mice"", ""20pct"")]"
MICE,20pct,deterministic,194,17748,2021-04-12,0.0,0.39199998993426566,1,"C:\Users\yasemin.bozkurt\Desktop\article\DLPIF-repo-update\src\baseline_results.pkl::all_scenarios[(""mice"", ""20pct"")]"
MICE,20pct,deterministic,195,17750,2021-04-12,0.0,0.048000000463798646,1,"C:\Users\yasemin.bozkurt\Desktop\article\DLPIF-repo-update\src\baseline_results.pkl::all_scenarios[(""mice"", ""20pct"")]"
MICE,20pct,deterministic,199,17750,2021-04-13,0.0,0.40000000940635805,1,"C:\Users\yasemin.bozkurt\Desktop\article\DLPIF-repo-update\src\baseline_results.pkl::all_scenarios[(""mice"", ""20pct"")]"
MICE,20pct,deterministic,204,17155,2021-04-15,0.0,1.4600000459700824,1,"C:\Users\yasemin.bozkurt\Desktop\article\DLPIF-repo-update\src\baseline_results.pkl::all_scenarios[(""mice"", ""20pct"")]"
MICE,20pct,deterministic,211,17750,2021-04-16,0.0,2.820000097900629,1,"C:\Users\yasemin.bozkurt\Desktop\article\DLPIF-repo-update\src\baseline_results.pkl::all_scenarios[(""mice"", ""20pct"")]"
MICE,20pct,deterministic,212,17155,2021-04-17,0.20000000470317902,0.7359999960288406,1,"C:\Users\yasemin.bozkurt\Desktop\article\DLPIF-repo-update\src\baseline_results.pkl::all_scenarios[(""mice"", ""20pct"")]"
MICE,20pct,deterministic,220,17155,2021-04-19,10.800000420212747,1.8359999969601632,1,"C:\Users\yasemin.bozkurt\Desktop\article\DLPIF-repo-update\src\baseline_results.pkl::all_scenarios[(""mice"", ""20pct"")]"
MICE,20pct,deterministic,225,17704,2021-04-20,13.000000289082529,4.664000147581101,1,"C:\Users\yasemin.bozkurt\Desktop\article\DLPIF-repo-update\src\baseline_results.pkl::all_scenarios[(""mice"", ""20pct"")]"
MICE,20pct,deterministic,236,17155,2021-04-23,0.0,0.008000000250467565,1,"C:\Users\yasemin.bozkurt\Desktop\article\DLPIF-repo-update\src\baseline_results.pkl::all_scenarios[(""mice"", ""20pct"")]"
MICE,20pct,deterministic,247,17750,2021-04-25,7.000000114738942,2.4359999611973766,1,"C:\Users\yasemin.bozkurt\Desktop\article\DLPIF-repo-update\src\baseline_results.pkl::all_scenarios[(""mice"", ""20pct"")]"
MICE,20pct,deterministic,249,17704,2021-04-26,6.000000174343587,6.8800001218914995,1,"C:\Users\yasemin.bozkurt\Desktop\article\DLPIF-repo-update\src\baseline_results.pkl::all_scenarios[(""mice"", ""20pct"")]"
MICE,20pct,deterministic,251,17750,2021-04-26,0.20000000470317902,0.7720000337809325,1,"C:\Users\yasemin.bozkurt\Desktop\article\DLPIF-repo-update\src\baseline_results.pkl::all_scenarios[(""mice"", ""20pct"")]"
MICE,20pct,deterministic,253,17704,2021-04-27,0.0,0.01600000050093513,1,"C:\Users\yasemin.bozkurt\Desktop\article\DLPIF-repo-update\src\baseline_results.pkl::all_scenarios[(""mice"", ""20pct"")]"
MICE,20pct,deterministic,256,17155,2021-04-28,0.0,0.004000000125233783,1,"C:\Users\yasemin.bozkurt\Desktop\article\DLPIF-repo-update\src\baseline_results.pkl::all_scenarios[(""mice"", ""20pct"")]"
MICE,20pct,deterministic,261,17704,2021-04-29,0.40000000940635805,0.03200000100187026,1,"C:\Users\yasemin.bozkurt\Desktop\article\DLPIF-repo-update\src\baseline_results.pkl::all_scenarios[(""mice"", ""20pct"")]"
MICE,20pct,deterministic,265,17704,2021-04-30,0.0,0.012000000115949662,1,"C:\Users\yasemin.bozkurt\Desktop\article\DLPIF-repo-update\src\baseline_results.pkl::all_scenarios[(""mice"", ""20pct"")]"
MICE,20pct,deterministic,266,17748,2021-04-30,0.0,0.1400000082794577,1,"C:\Users\yasemin.bozkurt\Desktop\article\DLPIF-repo-update\src\baseline_results.pkl::all_scenarios[(""mice"", ""20pct"")]"
MICE,20pct,deterministic,269,17704,2021-05-01,0.0,0.0,1,"C:\Users\yasemin.bozkurt\Desktop\article\DLPIF-repo-update\src\baseline_results.pkl::all_scenarios[(""mice"", ""20pct"")]"
MICE,20pct,deterministic,278,17748,2021-05-03,0.0,0.14800001112744213,1,"C:\Users\yasemin.bozkurt\Desktop\article\DLPIF-repo-update\src\baseline_results.pkl::all_scenarios[(""mice"", ""20pct"")]"
MICE,20pct,deterministic,279,17750,2021-05-03,0.0,0.008000000250467565,1,"C:\Users\yasemin.bozkurt\Desktop\article\DLPIF-repo-update\src\baseline_results.pkl::all_scenarios[(""mice"", ""20pct"")]"
MICE,20pct,deterministic,287,17750,2021-05-05,0.0,0.49600001033395535,1,"C:\Users\yasemin.bozkurt\Desktop\article\DLPIF-repo-update\src\baseline_results.pkl::all_scenarios[(""mice"", ""20pct"")]"
MICE,20pct,deterministic,297,17704,2021-05-08,0.0,0.05600000331178308,1,"C:\Users\yasemin.bozkurt\Desktop\article\DLPIF-repo-update\src\baseline_results.pkl::all_scenarios[(""mice"", ""20pct"")]"
MICE,20pct,deterministic,298,17748,2021-05-08,0.0,2.580000112205744,1,"C:\Users\yasemin.bozkurt\Desktop\article\DLPIF-repo-update\src\baseline_results.pkl::all_scenarios[(""mice"", ""20pct"")]"
MICE,20pct,deterministic,302,17748,2021-05-09,0.40000000940635805,1.3040000818669797,1,"C:\Users\yasemin.bozkurt\Desktop\article\DLPIF-repo-update\src\baseline_results.pkl::all_scenarios[(""mice"", ""20pct"")]"
MICE,20pct,deterministic,311,17750,2021-05-11,0.0,0.004000000125233783,1,"C:\Users\yasemin.bozkurt\Desktop\article\DLPIF-repo-update\src\baseline_results.pkl::all_scenarios[(""mice"", ""20pct"")]"
MICE,20pct,deterministic,315,17750,2021-05-12,0.0,0.0,1,"C:\Users\yasemin.bozkurt\Desktop\article\DLPIF-repo-update\src\baseline_results.pkl::all_scenarios[(""mice"", ""20pct"")]"
MICE,20pct,deterministic,316,17155,2021-05-13,0.0,0.0,1,"C:\Users\yasemin.bozkurt\Desktop\article\DLPIF-repo-update\src\baseline_results.pkl::all_scenarios[(""mice"", ""20pct"")]"
MICE,20pct,deterministic,317,17704,2021-05-13,0.0,0.3360000198706985,1,"C:\Users\yasemin.bozkurt\Desktop\article\DLPIF-repo-update\src\baseline_results.pkl::all_scenarios[(""mice"", ""20pct"")]"
MICE,20pct,deterministic,318,17748,2021-05-13,0.0,0.008000000250467565,1,"C:\Users\yasemin.bozkurt\Desktop\article\DLPIF-repo-update\src\baseline_results.pkl::all_scenarios[(""mice"", ""20pct"")]"
MICE,20pct,deterministic,319,17750,2021-05-13,0.0,0.09199999950360507,1,"C:\Users\yasemin.bozkurt\Desktop\article\DLPIF-repo-update\src\baseline_results.pkl::all_scenarios[(""mice"", ""20pct"")]"
MICE,20pct,deterministic,326,17748,2021-05-15,0.0,0.24000000231899324,1,"C:\Users\yasemin.bozkurt\Desktop\article\DLPIF-repo-update\src\baseline_results.pkl::all_scenarios[(""mice"", ""20pct"")]"
MICE,20pct,deterministic,332,17155,2021-05-17,0.0,0.6600000271573664,1,"C:\Users\yasemin.bozkurt\Desktop\article\DLPIF-repo-update\src\baseline_results.pkl::all_scenarios[(""mice"", ""20pct"")]"
MICE,20pct,deterministic,334,17748,2021-05-17,0.0,0.7440000487491489,1,"C:\Users\yasemin.bozkurt\Desktop\article\DLPIF-repo-update\src\baseline_results.pkl::all_scenarios[(""mice"", ""20pct"")]"
MICE,20pct,deterministic,350,17748,2021-05-21,0.0,1.760000028088689,1,"C:\Users\yasemin.bozkurt\Desktop\article\DLPIF-repo-update\src\baseline_results.pkl::all_scenarios[(""mice"", ""20pct"")]"
MICE,20pct,deterministic,353,17704,2021-05-22,1.0000000068917871,2.470000118762255,1,"C:\Users\yasemin.bozkurt\Desktop\article\DLPIF-repo-update\src\baseline_results.pkl::all_scenarios[(""mice"", ""20pct"")]"
MICE,20pct,deterministic,360,17155,2021-05-24,0.0,0.24800000516697768,1,"C:\Users\yasemin.bozkurt\Desktop\article\DLPIF-repo-update\src\baseline_results.pkl::all_scenarios[(""mice"", ""20pct"")]"
MICE,20pct,deterministic,362,17748,2021-05-24,0.0,0.06799999927170575,1,"C:\Users\yasemin.bozkurt\Desktop\article\DLPIF-repo-update\src\baseline_results.pkl::all_scenarios[(""mice"", ""20pct"")]"
MICE,20pct,deterministic,371,17750,2021-05-26,0.0,0.0,1,"C:\Users\yasemin.bozkurt\Desktop\article\DLPIF-repo-update\src\baseline_results.pkl::all_scenarios[(""mice"", ""20pct"")]"
MICE,20pct,deterministic,374,17748,2021-05-27,0.0,3.8480000898242,1,"C:\Users\yasemin.bozkurt\Desktop\article\DLPIF-repo-update\src\baseline_results.pkl::all_scenarios[(""mice"", ""20pct"")]"
MICE,20pct,deterministic,378,17748,2021-05-28,0.0,1.0800000021234155,1,"C:\Users\yasemin.bozkurt\Desktop\article\DLPIF-repo-update\src\baseline_results.pkl::all_scenarios[(""mice"", ""20pct"")]"
MICE,20pct,deterministic,383,17750,2021-05-29,0.0,0.4839999977499247,1,"C:\Users\yasemin.bozkurt\Desktop\article\DLPIF-repo-update\src\baseline_results.pkl::all_scenarios[(""mice"", ""20pct"")]"
MICE,20pct,deterministic,387,17750,2021-05-30,0.0,0.14800001112744213,1,"C:\Users\yasemin.bozkurt\Desktop\article\DLPIF-repo-update\src\baseline_results.pkl::all_scenarios[(""mice"", ""20pct"")]"
MICE,20pct,deterministic,388,17155,2021-05-31,1.20000006146729,2.9920000344514848,1,"C:\Users\yasemin.bozkurt\Desktop\article\DLPIF-repo-update\src\baseline_results.pkl::all_scenarios[(""mice"", ""20pct"")]"
MICE,20pct,deterministic,391,17750,2021-05-31,4.80000024586916,3.4920000046491624,1,"C:\Users\yasemin.bozkurt\Desktop\article\DLPIF-repo-update\src\baseline_results.pkl::all_scenarios[(""mice"", ""20pct"")]"
MICE,20pct,deterministic,393,17704,2021-06-01,9.200000515580179,4.896000346541405,1,"C:\Users\yasemin.bozkurt\Desktop\article\DLPIF-repo-update\src\baseline_results.pkl::all_scenarios[(""mice"", ""20pct"")]"
MICE,20pct,deterministic,401,17704,2021-06-03,1.0000000068917871,0.42799999443814163,1,"C:\Users\yasemin.bozkurt\Desktop\article\DLPIF-repo-update\src\baseline_results.pkl::all_scenarios[(""mice"", ""20pct"")]"
MICE,20pct,deterministic,406,17748,2021-06-04,0.0,0.5480000205338001,1,"C:\Users\yasemin.bozkurt\Desktop\article\DLPIF-repo-update\src\baseline_results.pkl::all_scenarios[(""mice"", ""20pct"")]"
MICE,20pct,deterministic,407,17750,2021-06-04,0.0,0.09199999950360507,1,"C:\Users\yasemin.bozkurt\Desktop\article\DLPIF-repo-update\src\baseline_results.pkl::all_scenarios[(""mice"", ""20pct"")]"
MICE,20pct,deterministic,416,17155,2021-06-07,0.0,0.048000000463798646,1,"C:\Users\yasemin.bozkurt\Desktop\article\DLPIF-repo-update\src\baseline_results.pkl::all_scenarios[(""mice"", ""20pct"")]"
MICE,20pct,deterministic,418,17748,2021-06-07,0.0,0.008000000250467565,1,"C:\Users\yasemin.bozkurt\Desktop\article\DLPIF-repo-update\src\baseline_results.pkl::all_scenarios[(""mice"", ""20pct"")]"
MICE,20pct,deterministic,420,17155,2021-06-08,0.0,6.144000059366227,1,"C:\Users\yasemin.bozkurt\Desktop\article\DLPIF-repo-update\src\baseline_results.pkl::all_scenarios[(""mice"", ""20pct"")]"
MICE,20pct,deterministic,424,17155,2021-06-09,6.800000126659871,7.330000095069409,1,"C:\Users\yasemin.bozkurt\Desktop\article\DLPIF-repo-update\src\baseline_results.pkl::all_scenarios[(""mice"", ""20pct"")]"
MICE,20pct,deterministic,429,17704,2021-06-10,0.0,0.30800000159069896,1,"C:\Users\yasemin.bozkurt\Desktop\article\DLPIF-repo-update\src\baseline_results.pkl::all_scenarios[(""mice"", ""20pct"")]"
MICE,20pct,deterministic,436,17155,2021-06-12,3.0000000871717933,1.8480000760406257,1,"C:\Users\yasemin.bozkurt\Desktop\article\DLPIF-repo-update\src\baseline_results.pkl::all_scenarios[(""mice"", ""20pct"")]"
MICE,20pct,deterministic,439,17750,2021-06-12,0.600000030733645,1.067999989539385,1,"C:\Users\yasemin.bozkurt\Desktop\article\DLPIF-repo-update\src\baseline_results.pkl::all_scenarios[(""mice"", ""20pct"")]"
MICE,20pct,deterministic,448,17155,2021-06-15,10.400000444054605,8.103999942541122,1,"C:\Users\yasemin.bozkurt\Desktop\article\DLPIF-repo-update\src\baseline_results.pkl::all_scenarios[(""mice"", ""20pct"")]"
MICE,20pct,deterministic,450,17748,2021-06-15,17.40000002682209,3.764000201225281,1,"C:\Users\yasemin.bozkurt\Desktop\article\DLPIF-repo-update\src\baseline_results.pkl::all_scenarios[(""mice"", ""20pct"")]"
MICE,20pct,deterministic,452,17155,2021-06-16,2.2000000018626453,4.160000018030406,1,"C:\Users\yasemin.bozkurt\Desktop\article\DLPIF-repo-update\src\baseline_results.pkl::all_scenarios[(""mice"", ""20pct"")]"
MICE,20pct,deterministic,454,17748,2021-06-16,0.8000000188127161,8.198000362515451,1,"C:\Users\yasemin.bozkurt\Desktop\article\DLPIF-repo-update\src\baseline_results.pkl::all_scenarios[(""mice"", ""20pct"")]"
MICE,20pct,deterministic,457,17704,2021-06-17,0.600000030733645,3.2920000165700913,1,"C:\Users\yasemin.bozkurt\Desktop\article\DLPIF-repo-update\src\baseline_results.pkl::all_scenarios[(""mice"", ""20pct"")]"
MICE,20pct,deterministic,461,17704,2021-06-18,0.40000000940635805,1.0240000320598484,1,"C:\Users\yasemin.bozkurt\Desktop\article\DLPIF-repo-update\src\baseline_results.pkl::all_scenarios[(""mice"", ""20pct"")]"
MICE,20pct,deterministic,462,17748,2021-06-18,0.40000000940635805,3.172000023722649,1,"C:\Users\yasemin.bozkurt\Desktop\article\DLPIF-repo-update\src\baseline_results.pkl::all_scenarios[(""mice"", ""20pct"")]"
MICE,20pct,deterministic,466,17748,2021-06-19,0.0,5.9840000689029695,1,"C:\Users\yasemin.bozkurt\Desktop\article\DLPIF-repo-update\src\baseline_results.pkl::all_scenarios[(""mice"", ""20pct"")]"
MICE,20pct,deterministic,467,17750,2021-06-19,0.20000000470317902,0.20000000470317902,1,"C:\Users\yasemin.bozkurt\Desktop\article\DLPIF-repo-update\src\baseline_results.pkl::all_scenarios[(""mice"", ""20pct"")]"
MICE,20pct,deterministic,468,17155,2021-06-20,0.0,4.8119999259710315,1,"C:\Users\yasemin.bozkurt\Desktop\article\DLPIF-repo-update\src\baseline_results.pkl::all_scenarios[(""mice"", ""20pct"")]"
MICE,20pct,deterministic,469,17704,2021-06-20,0.40000000940635805,8.728000330924989,1,"C:\Users\yasemin.bozkurt\Desktop\article\DLPIF-repo-update\src\baseline_results.pkl::all_scenarios[(""mice"", ""20pct"")]"
MICE,20pct,deterministic,475,17750,2021-06-21,5.2000002220273025,5.181999903917313,1,"C:\Users\yasemin.bozkurt\Desktop\article\DLPIF-repo-update\src\baseline_results.pkl::all_scenarios[(""mice"", ""20pct"")]"
MICE,20pct,deterministic,476,17155,2021-06-22,2.8000000990927223,2.8800000943243504,1,"C:\Users\yasemin.bozkurt\Desktop\article\DLPIF-repo-update\src\baseline_results.pkl::all_scenarios[(""mice"", ""20pct"")]"
MICE,20pct,deterministic,478,17748,2021-06-22,0.8000000188127161,4.084000182151795,1,"C:\Users\yasemin.bozkurt\Desktop\article\DLPIF-repo-update\src\baseline_results.pkl::all_scenarios[(""mice"", ""20pct"")]"
MICE,20pct,deterministic,488,17155,2021-06-25,0.0,0.8760000541806222,1,"C:\Users\yasemin.bozkurt\Desktop\article\DLPIF-repo-update\src\baseline_results.pkl::all_scenarios[(""mice"", ""20pct"")]"
MICE,20pct,deterministic,489,17704,2021-06-25,0.40000000940635805,0.6040000570937991,1,"C:\Users\yasemin.bozkurt\Desktop\article\DLPIF-repo-update\src\baseline_results.pkl::all_scenarios[(""mice"", ""20pct"")]"
MICE,20pct,deterministic,498,17748,2021-06-27,0.0,0.004000000125233783,1,"C:\Users\yasemin.bozkurt\Desktop\article\DLPIF-repo-update\src\baseline_results.pkl::all_scenarios[(""mice"", ""20pct"")]"
MICE,20pct,deterministic,501,17704,2021-06-28,0.0,0.49600001033395535,1,"C:\Users\yasemin.bozkurt\Desktop\article\DLPIF-repo-update\src\baseline_results.pkl::all_scenarios[(""mice"", ""20pct"")]"
MICE,20pct,deterministic,505,17704,2021-06-29,0.0,0.42000000821426514,1,"C:\Users\yasemin.bozkurt\Desktop\article\DLPIF-repo-update\src\baseline_results.pkl::all_scenarios[(""mice"", ""20pct"")]"
MICE,20pct,deterministic,509,17704,2021-06-30,0.0,1.0880000548437239,1,"C:\Users\yasemin.bozkurt\Desktop\article\DLPIF-repo-update\src\baseline_results.pkl::all_scenarios[(""mice"", ""20pct"")]"
MICE,20pct,deterministic,515,17750,2021-07-01,0.0,0.0,1,"C:\Users\yasemin.bozkurt\Desktop\article\DLPIF-repo-update\src\baseline_results.pkl::all_scenarios[(""mice"", ""20pct"")]"
MICE,20pct,deterministic,516,17155,2021-07-02,0.0,0.0,1,"C:\Users\yasemin.bozkurt\Desktop\article\DLPIF-repo-update\src\baseline_results.pkl::all_scenarios[(""mice"", ""20pct"")]"
MICE,20pct,deterministic,517,17704,2021-07-02,0.0,0.008000000250467565,1,"C:\Users\yasemin.bozkurt\Desktop\article\DLPIF-repo-update\src\baseline_results.pkl::all_scenarios[(""mice"", ""20pct"")]"
MICE,20pct,deterministic,520,17155,2021-07-03,0.0,3.0480001375079158,1,"C:\Users\yasemin.bozkurt\Desktop\article\DLPIF-repo-update\src\baseline_results.pkl::all_scenarios[(""mice"", ""20pct"")]"
MICE,20pct,deterministic,525,17704,2021-07-04,0.20000000470317902,2.0080000665038824,1,"C:\Users\yasemin.bozkurt\Desktop\article\DLPIF-repo-update\src\baseline_results.pkl::all_scenarios[(""mice"", ""20pct"")]"
MICE,20pct,deterministic,526,17748,2021-07-04,2.6000001110136512,0.3280000003986061,1,"C:\Users\yasemin.bozkurt\Desktop\article\DLPIF-repo-update\src\baseline_results.pkl::all_scenarios[(""mice"", ""20pct"")]"
MICE,20pct,deterministic,527,17750,2021-07-04,0.600000030733645,0.048000000463798646,1,"C:\Users\yasemin.bozkurt\Desktop\article\DLPIF-repo-update\src\baseline_results.pkl::all_scenarios[(""mice"", ""20pct"")]"
MICE,20pct,deterministic,529,17704,2021-07-05,0.0,0.10400000377558173,1,"C:\Users\yasemin.bozkurt\Desktop\article\DLPIF-repo-update\src\baseline_results.pkl::all_scenarios[(""mice"", ""20pct"")]"
MICE,20pct,deterministic,545,17704,2021-07-09,0.0,1.2560000315308573,1,"C:\Users\yasemin.bozkurt\Desktop\article\DLPIF-repo-update\src\baseline_results.pkl::all_scenarios[(""mice"", ""20pct"")]"
MICE,20pct,deterministic,554,17748,2021-07-11,0.0,0.0,1,"C:\Users\yasemin.bozkurt\Desktop\article\DLPIF-repo-update\src\baseline_results.pkl::all_scenarios[(""mice"", ""20pct"")]"
MICE,20pct,deterministic,558,17748,2021-07-12,0.0,0.22000000351108612,1,"C:\Users\yasemin.bozkurt\Desktop\article\DLPIF-repo-update\src\baseline_results.pkl::all_scenarios[(""mice"", ""20pct"")]"
MICE,20pct,deterministic,559,17750,2021-07-12,0.0,0.0,1,"C:\Users\yasemin.bozkurt\Desktop\article\DLPIF-repo-update\src\baseline_results.pkl::all_scenarios[(""mice"", ""20pct"")]"
MICE,20pct,deterministic,572,17155,2021-07-16,0.0,0.3519999923184514,1,"C:\Users\yasemin.bozkurt\Desktop\article\DLPIF-repo-update\src\baseline_results.pkl::all_scenarios[(""mice"", ""20pct"")]"
MICE,20pct,deterministic,578,17748,2021-07-17,0.0,0.004000000125233783,1,"C:\Users\yasemin.bozkurt\Desktop\article\DLPIF-repo-update\src\baseline_results.pkl::all_scenarios[(""mice"", ""20pct"")]"
MICE,20pct,deterministic,594,17748,2021-07-21,0.0,0.10400000377558173,1,"C:\Users\yasemin.bozkurt\Desktop\article\DLPIF-repo-update\src\baseline_results.pkl::all_scenarios[(""mice"", ""20pct"")]"
MICE,20pct,deterministic,595,17750,2021-07-21,0.0,0.0,1,"C:\Users\yasemin.bozkurt\Desktop\article\DLPIF-repo-update\src\baseline_results.pkl::all_scenarios[(""mice"", ""20pct"")]"
MICE,20pct,deterministic,596,17155,2021-07-22,0.0,1.6800000328570606,1,"C:\Users\yasemin.bozkurt\Desktop\article\DLPIF-repo-update\src\baseline_results.pkl::all_scenarios[(""mice"", ""20pct"")]"
MICE,20pct,deterministic,598,17748,2021-07-22,0.0,0.08799999807961285,1,"C:\Users\yasemin.bozkurt\Desktop\article\DLPIF-repo-update\src\baseline_results.pkl::all_scenarios[(""mice"", ""20pct"")]"
MICE,20pct,deterministic,599,17750,2021-07-22,0.0,0.0,1,"C:\Users\yasemin.bozkurt\Desktop\article\DLPIF-repo-update\src\baseline_results.pkl::all_scenarios[(""mice"", ""20pct"")]"
MICE,20pct,deterministic,606,17748,2021-07-24,0.0,1.3000000555068256,1,"C:\Users\yasemin.bozkurt\Desktop\article\DLPIF-repo-update\src\baseline_results.pkl::all_scenarios[(""mice"", ""20pct"")]"
MICE,20pct,deterministic,609,17704,2021-07-25,0.0,0.8440000427886845,1,"C:\Users\yasemin.bozkurt\Desktop\article\DLPIF-repo-update\src\baseline_results.pkl::all_scenarios[(""mice"", ""20pct"")]"
MICE,20pct,deterministic,612,17155,2021-07-26,0.20000000470317902,0.27200001371093097,1,"C:\Users\yasemin.bozkurt\Desktop\article\DLPIF-repo-update\src\baseline_results.pkl::all_scenarios[(""mice"", ""20pct"")]"
MICE,20pct,deterministic,615,17750,2021-07-26,0.20000000470317902,0.5280000217258931,1,"C:\Users\yasemin.bozkurt\Desktop\article\DLPIF-repo-update\src\baseline_results.pkl::all_scenarios[(""mice"", ""20pct"")]"
MICE,20pct,deterministic,618,17748,2021-07-27,0.20000000470317902,0.03600000034784898,1,"C:\Users\yasemin.bozkurt\Desktop\article\DLPIF-repo-update\src\baseline_results.pkl::all_scenarios[(""mice"", ""20pct"")]"
MICE,20pct,deterministic,621,17704,2021-07-28,0.0,0.0400000017718412,1,"C:\Users\yasemin.bozkurt\Desktop\article\DLPIF-repo-update\src\baseline_results.pkl::all_scenarios[(""mice"", ""20pct"")]"
MICE,20pct,deterministic,627,17750,2021-07-29,0.0,0.01600000050093513,1,"C:\Users\yasemin.bozkurt\Desktop\article\DLPIF-repo-update\src\baseline_results.pkl::all_scenarios[(""mice"", ""20pct"")]"
MICE,20pct,deterministic,629,17704,2021-07-30,0.0,0.0,1,"C:\Users\yasemin.bozkurt\Desktop\article\DLPIF-repo-update\src\baseline_results.pkl::all_scenarios[(""mice"", ""20pct"")]"
MICE,20pct,deterministic,639,17750,2021-08-01,0.0,0.0,1,"C:\Users\yasemin.bozkurt\Desktop\article\DLPIF-repo-update\src\baseline_results.pkl::all_scenarios[(""mice"", ""20pct"")]"
MICE,20pct,deterministic,641,17704,2021-08-02,0.0,0.0,1,"C:\Users\yasemin.bozkurt\Desktop\article\DLPIF-repo-update\src\baseline_results.pkl::all_scenarios[(""mice"", ""20pct"")]"
MICE,20pct,deterministic,643,17750,2021-08-02,0.0,0.0,1,"C:\Users\yasemin.bozkurt\Desktop\article\DLPIF-repo-update\src\baseline_results.pkl::all_scenarios[(""mice"", ""20pct"")]"
MICE,20pct,deterministic,651,17750,2021-08-04,0.0,0.0,1,"C:\Users\yasemin.bozkurt\Desktop\article\DLPIF-repo-update\src\baseline_results.pkl::all_scenarios[(""mice"", ""20pct"")]"
MICE,20pct,deterministic,661,17704,2021-08-07,0.0,0.09600000092759729,1,"C:\Users\yasemin.bozkurt\Desktop\article\DLPIF-repo-update\src\baseline_results.pkl::all_scenarios[(""mice"", ""20pct"")]"
MICE,20pct,deterministic,677,17704,2021-08-11,0.0,0.024000000231899323,1,"C:\Users\yasemin.bozkurt\Desktop\article\DLPIF-repo-update\src\baseline_results.pkl::all_scenarios[(""mice"", ""20pct"")]"
MICE,20pct,deterministic,678,17748,2021-08-11,0.0,0.27200001371093097,1,"C:\Users\yasemin.bozkurt\Desktop\article\DLPIF-repo-update\src\baseline_results.pkl::all_scenarios[(""mice"", ""20pct"")]"
MICE,20pct,deterministic,691,17750,2021-08-14,0.0,0.03600000034784898,1,"C:\Users\yasemin.bozkurt\Desktop\article\DLPIF-repo-update\src\baseline_results.pkl::all_scenarios[(""mice"", ""20pct"")]"
MICE,20pct,deterministic,707,17750,2021-08-18,0.0,0.0,1,"C:\Users\yasemin.bozkurt\Desktop\article\DLPIF-repo-update\src\baseline_results.pkl::all_scenarios[(""mice"", ""20pct"")]"
MICE,20pct,deterministic,713,17704,2021-08-20,0.0,0.18399999900721015,1,"C:\Users\yasemin.bozkurt\Desktop\article\DLPIF-repo-update\src\baseline_results.pkl::all_scenarios[(""mice"", ""20pct"")]"
MICE,20pct,deterministic,720,17155,2021-08-22,0.0,0.3520000255666674,1,"C:\Users\yasemin.bozkurt\Desktop\article\DLPIF-repo-update\src\baseline_results.pkl::all_scenarios[(""mice"", ""20pct"")]"
MICE,20pct,deterministic,728,17155,2021-08-24,0.0,0.2800000165589154,1,"C:\Users\yasemin.bozkurt\Desktop\article\DLPIF-repo-update\src\baseline_results.pkl::all_scenarios[(""mice"", ""20pct"")]"
MICE,20pct,deterministic,732,17155,2021-08-25,0.0,0.08400000496767462,1,"C:\Users\yasemin.bozkurt\Desktop\article\DLPIF-repo-update\src\baseline_results.pkl::all_scenarios[(""mice"", ""20pct"")]"
MICE,20pct,deterministic,750,17748,2021-08-29,0.0,0.22399999662302436,1,"C:\Users\yasemin.bozkurt\Desktop\article\DLPIF-repo-update\src\baseline_results.pkl::all_scenarios[(""mice"", ""20pct"")]"
MICE,20pct,deterministic,751,17750,2021-08-29,0.0,0.0,1,"C:\Users\yasemin.bozkurt\Desktop\article\DLPIF-repo-update\src\baseline_results.pkl::all_scenarios[(""mice"", ""20pct"")]"
MICE,20pct,deterministic,755,17750,2021-08-30,0.0,0.0,1,"C:\Users\yasemin.bozkurt\Desktop\article\DLPIF-repo-update\src\baseline_results.pkl::all_scenarios[(""mice"", ""20pct"")]"
MICE,20pct,deterministic,759,17750,2021-08-31,0.0,0.0,1,"C:\Users\yasemin.bozkurt\Desktop\article\DLPIF-repo-update\src\baseline_results.pkl::all_scenarios[(""mice"", ""20pct"")]"
MICE,20pct,deterministic,760,17155,2021-09-01,0.0,0.5240000286139548,1,"C:\Users\yasemin.bozkurt\Desktop\article\DLPIF-repo-update\src\baseline_results.pkl::all_scenarios[(""mice"", ""20pct"")]"
MICE,20pct,deterministic,763,17750,2021-09-01,0.0,0.01600000050093513,1,"C:\Users\yasemin.bozkurt\Desktop\article\DLPIF-repo-update\src\baseline_results.pkl::all_scenarios[(""mice"", ""20pct"")]"
MICE,20pct,deterministic,768,17155,2021-09-03,0.0,2.1400001384317875,1,"C:\Users\yasemin.bozkurt\Desktop\article\DLPIF-repo-update\src\baseline_results.pkl::all_scenarios[(""mice"", ""20pct"")]"
MICE,20pct,deterministic,769,17704,2021-09-03,0.0,0.03600000034784898,1,"C:\Users\yasemin.bozkurt\Desktop\article\DLPIF-repo-update\src\baseline_results.pkl::all_scenarios[(""mice"", ""20pct"")]"
MICE,20pct,deterministic,773,17704,2021-09-04,0.0,0.0,1,"C:\Users\yasemin.bozkurt\Desktop\article\DLPIF-repo-update\src\baseline_results.pkl::all_scenarios[(""mice"", ""20pct"")]"
MICE,20pct,deterministic,775,17750,2021-09-04,0.0,0.004000000125233783,1,"C:\Users\yasemin.bozkurt\Desktop\article\DLPIF-repo-update\src\baseline_results.pkl::all_scenarios[(""mice"", ""20pct"")]"
MICE,20pct,deterministic,776,17155,2021-09-05,0.0,0.3679999980144203,1,"C:\Users\yasemin.bozkurt\Desktop\article\DLPIF-repo-update\src\baseline_results.pkl::all_scenarios[(""mice"", ""20pct"")]"
MICE,20pct,deterministic,791,17750,2021-09-08,0.0,0.01600000050093513,1,"C:\Users\yasemin.bozkurt\Desktop\article\DLPIF-repo-update\src\baseline_results.pkl::all_scenarios[(""mice"", ""20pct"")]"
MICE,20pct,deterministic,804,17155,2021-09-12,0.0,0.48800002411007887,1,"C:\Users\yasemin.bozkurt\Desktop\article\DLPIF-repo-update\src\baseline_results.pkl::all_scenarios[(""mice"", ""20pct"")]"
MICE,20pct,deterministic,809,17704,2021-09-13,0.20000000470317902,4.074000182747842,1,"C:\Users\yasemin.bozkurt\Desktop\article\DLPIF-repo-update\src\baseline_results.pkl::all_scenarios[(""mice"", ""20pct"")]"
MICE,20pct,deterministic,820,17155,2021-09-16,14.400000205636026,3.248000125586987,1,"C:\Users\yasemin.bozkurt\Desktop\article\DLPIF-repo-update\src\baseline_results.pkl::all_scenarios[(""mice"", ""20pct"")]"
MICE,20pct,deterministic,821,17704,2021-09-16,0.0,1.7560000017285349,1,"C:\Users\yasemin.bozkurt\Desktop\article\DLPIF-repo-update\src\baseline_results.pkl::all_scenarios[(""mice"", ""20pct"")]"
MICE,20pct,deterministic,831,17750,2021-09-18,0.0,0.01600000050093513,1,"C:\Users\yasemin.bozkurt\Desktop\article\DLPIF-repo-update\src\baseline_results.pkl::all_scenarios[(""mice"", ""20pct"")]"
MICE,20pct,deterministic,834,17748,2021-09-19,0.0,0.29600002225488425,1,"C:\Users\yasemin.bozkurt\Desktop\article\DLPIF-repo-update\src\baseline_results.pkl::all_scenarios[(""mice"", ""20pct"")]"
MICE,20pct,deterministic,841,17704,2021-09-21,0.0,0.0800000035436824,1,"C:\Users\yasemin.bozkurt\Desktop\article\DLPIF-repo-update\src\baseline_results.pkl::all_scenarios[(""mice"", ""20pct"")]"
MICE,20pct,deterministic,843,17750,2021-09-21,0.20000000470317902,0.1840000156313181,1,"C:\Users\yasemin.bozkurt\Desktop\article\DLPIF-repo-update\src\baseline_results.pkl::all_scenarios[(""mice"", ""20pct"")]"
MICE,20pct,deterministic,844,17155,2021-09-22,0.0,2.2820000767707826,1,"C:\Users\yasemin.bozkurt\Desktop\article\DLPIF-repo-update\src\baseline_results.pkl::all_scenarios[(""mice"", ""20pct"")]"
MICE,20pct,deterministic,849,17704,2021-09-23,0.20000000470317902,2.9639999829232697,1,"C:\Users\yasemin.bozkurt\Desktop\article\DLPIF-repo-update\src\baseline_results.pkl::all_scenarios[(""mice"", ""20pct"")]"
MICE,20pct,deterministic,850,17748,2021-09-23,1.6000000376254322,1.9360001239925624,1,"C:\Users\yasemin.bozkurt\Desktop\article\DLPIF-repo-update\src\baseline_results.pkl::all_scenarios[(""mice"", ""20pct"")]"
MICE,20pct,deterministic,852,17155,2021-09-24,4.400000003725291,1.4000000495463611,1,"C:\Users\yasemin.bozkurt\Desktop\article\DLPIF-repo-update\src\baseline_results.pkl::all_scenarios[(""mice"", ""20pct"")]"
MICE,20pct,deterministic,856,17155,2021-09-25,0.0,0.06000000057974831,1,"C:\Users\yasemin.bozkurt\Desktop\article\DLPIF-repo-update\src\baseline_results.pkl::all_scenarios[(""mice"", ""20pct"")]"
MICE,20pct,deterministic,861,17704,2021-09-26,0.20000000470317902,0.0400000017718412,1,"C:\Users\yasemin.bozkurt\Desktop\article\DLPIF-repo-update\src\baseline_results.pkl::all_scenarios[(""mice"", ""20pct"")]"
MICE,20pct,deterministic,864,17155,2021-09-27,0.0,0.008000000250467565,1,"C:\Users\yasemin.bozkurt\Desktop\article\DLPIF-repo-update\src\baseline_results.pkl::all_scenarios[(""mice"", ""20pct"")]"
MICE,20pct,deterministic,867,17750,2021-09-27,0.0,0.508000022917986,1,"C:\Users\yasemin.bozkurt\Desktop\article\DLPIF-repo-update\src\baseline_results.pkl::all_scenarios[(""mice"", ""20pct"")]"
MICE,20pct,deterministic,871,17750,2021-09-28,0.0,0.024000000231899323,1,"C:\Users\yasemin.bozkurt\Desktop\article\DLPIF-repo-update\src\baseline_results.pkl::all_scenarios[(""mice"", ""20pct"")]"
MICE,20pct,deterministic,873,17704,2021-09-29,0.0,0.5160000091418624,1,"C:\Users\yasemin.bozkurt\Desktop\article\DLPIF-repo-update\src\baseline_results.pkl::all_scenarios[(""mice"", ""20pct"")]"
MICE,20pct,deterministic,877,17704,2021-09-30,0.0,0.2319999994710088,1,"C:\Users\yasemin.bozkurt\Desktop\article\DLPIF-repo-update\src\baseline_results.pkl::all_scenarios[(""mice"", ""20pct"")]"
MICE,20pct,deterministic,882,17748,2021-10-01,0.0,0.03200000100187026,1,"C:\Users\yasemin.bozkurt\Desktop\article\DLPIF-repo-update\src\baseline_results.pkl::all_scenarios[(""mice"", ""20pct"")]"
MICE,20pct,deterministic,884,17155,2021-10-02,0.0,0.47200001841411,1,"C:\Users\yasemin.bozkurt\Desktop\article\DLPIF-repo-update\src\baseline_results.pkl::all_scenarios[(""mice"", ""20pct"")]"
MICE,20pct,deterministic,885,17704,2021-10-02,0.0,0.11199999831151218,1,"C:\Users\yasemin.bozkurt\Desktop\article\DLPIF-repo-update\src\baseline_results.pkl::all_scenarios[(""mice"", ""20pct"")]"
MICE,20pct,deterministic,886,17748,2021-10-02,0.0,0.3200000141747296,1,"C:\Users\yasemin.bozkurt\Desktop\article\DLPIF-repo-update\src\baseline_results.pkl::all_scenarios[(""mice"", ""20pct"")]"
MICE,20pct,deterministic,889,17704,2021-10-03,0.0,0.436000013910234,1,"C:\Users\yasemin.bozkurt\Desktop\article\DLPIF-repo-update\src\baseline_results.pkl::all_scenarios[(""mice"", ""20pct"")]"
MICE,20pct,deterministic,894,17748,2021-10-04,0.0,0.7150000238791109,1,"C:\Users\yasemin.bozkurt\Desktop\article\DLPIF-repo-update\src\baseline_results.pkl::all_scenarios[(""mice"", ""20pct"")]"
MICE,20pct,deterministic,897,17704,2021-10-05,0.0,2.2759999707341194,1,"C:\Users\yasemin.bozkurt\Desktop\article\DLPIF-repo-update\src\baseline_results.pkl::all_scenarios[(""mice"", ""20pct"")]"
MICE,20pct,deterministic,898,17748,2021-10-05,0.0,1.6600000340491534,1,"C:\Users\yasemin.bozkurt\Desktop\article\DLPIF-repo-update\src\baseline_results.pkl::all_scenarios[(""mice"", ""20pct"")]"
MICE,20pct,deterministic,899,17750,2021-10-05,0.0,0.15200000423938037,1,"C:\Users\yasemin.bozkurt\Desktop\article\DLPIF-repo-update\src\baseline_results.pkl::all_scenarios[(""mice"", ""20pct"")]"
MICE,20pct,deterministic,900,17155,2021-10-06,0.0,0.8240000439807773,1,"C:\Users\yasemin.bozkurt\Desktop\article\DLPIF-repo-update\src\baseline_results.pkl::all_scenarios[(""mice"", ""20pct"")]"
MICE,20pct,deterministic,905,17704,2021-10-07,0.0,0.16400000019930305,1,"C:\Users\yasemin.bozkurt\Desktop\article\DLPIF-repo-update\src\baseline_results.pkl::all_scenarios[(""mice"", ""20pct"")]"
MICE,20pct,deterministic,907,17750,2021-10-07,0.0,0.0,1,"C:\Users\yasemin.bozkurt\Desktop\article\DLPIF-repo-update\src\baseline_results.pkl::all_scenarios[(""mice"", ""20pct"")]"
MICE,20pct,deterministic,909,17704,2021-10-08,0.0,0.01600000050093513,1,"C:\Users\yasemin.bozkurt\Desktop\article\DLPIF-repo-update\src\baseline_results.pkl::all_scenarios[(""mice"", ""20pct"")]"
MICE,20pct,deterministic,913,17704,2021-10-09,0.40000000940635805,1.580000038817525,1,"C:\Users\yasemin.bozkurt\Desktop\article\DLPIF-repo-update\src\baseline_results.pkl::all_scenarios[(""mice"", ""20pct"")]"
MICE,20pct,deterministic,921,17704,2021-10-11,0.0,2.0480000641196967,1,"C:\Users\yasemin.bozkurt\Desktop\article\DLPIF-repo-update\src\baseline_results.pkl::all_scenarios[(""mice"", ""20pct"")]"
MICE,20pct,deterministic,926,17748,2021-10-12,0.20000000470317902,0.5880000181496143,1,"C:\Users\yasemin.bozkurt\Desktop\article\DLPIF-repo-update\src\baseline_results.pkl::all_scenarios[(""mice"", ""20pct"")]"
MICE,20pct,deterministic,927,17750,2021-10-12,0.0,0.32400000728666783,1,"C:\Users\yasemin.bozkurt\Desktop\article\DLPIF-repo-update\src\baseline_results.pkl::all_scenarios[(""mice"", ""20pct"")]"
MICE,20pct,deterministic,929,17704,2021-10-13,14.800000181794168,2.980000088363886,1,"C:\Users\yasemin.bozkurt\Desktop\article\DLPIF-repo-update\src\baseline_results.pkl::all_scenarios[(""mice"", ""20pct"")]"
MICE,20pct,deterministic,932,17155,2021-10-14,0.0,2.3320000737905504,1,"C:\Users\yasemin.bozkurt\Desktop\article\DLPIF-repo-update\src\baseline_results.pkl::all_scenarios[(""mice"", ""20pct"")]"
MICE,20pct,deterministic,938,17748,2021-10-15,0.0,0.6959999984130264,1,"C:\Users\yasemin.bozkurt\Desktop\article\DLPIF-repo-update\src\baseline_results.pkl::all_scenarios[(""mice"", ""20pct"")]"
MICE,20pct,deterministic,942,17748,2021-10-16,9.800000479817392,1.5440714847296477,1,"C:\Users\yasemin.bozkurt\Desktop\article\DLPIF-repo-update\src\baseline_results.pkl::all_scenarios[(""mice"", ""20pct"")]"
MICE,20pct,deterministic,944,17155,2021-10-17,9.200000515580179,2.0440000377595426,1,"C:\Users\yasemin.bozkurt\Desktop\article\DLPIF-repo-update\src\baseline_results.pkl::all_scenarios[(""mice"", ""20pct"")]"
MICE,20pct,deterministic,959,17750,2021-10-20,0.0,0.06400000200374052,1,"C:\Users\yasemin.bozkurt\Desktop\article\DLPIF-repo-update\src\baseline_results.pkl::all_scenarios[(""mice"", ""20pct"")]"
MICE,20pct,deterministic,971,17750,2021-10-23,0.0,0.05600000331178308,1,"C:\Users\yasemin.bozkurt\Desktop\article\DLPIF-repo-update\src\baseline_results.pkl::all_scenarios[(""mice"", ""20pct"")]"
MICE,20pct,deterministic,980,17155,2021-10-26,0.0,0.03600000034784898,1,"C:\Users\yasemin.bozkurt\Desktop\article\DLPIF-repo-update\src\baseline_results.pkl::all_scenarios[(""mice"", ""20pct"")]"
MICE,20pct,deterministic,993,17704,2021-10-29,0.0,0.3960000162944198,1,"C:\Users\yasemin.bozkurt\Desktop\article\DLPIF-repo-update\src\baseline_results.pkl::all_scenarios[(""mice"", ""20pct"")]"
MICE,20pct,deterministic,1002,17748,2021-10-31,0.20000000470317902,1.3879999704658987,1,"C:\Users\yasemin.bozkurt\Desktop\article\DLPIF-repo-update\src\baseline_results.pkl::all_scenarios[(""mice"", ""20pct"")]"
MICE,20pct,deterministic,1004,17155,2021-11-01,8.200000043213368,8.526000130176545,1,"C:\Users\yasemin.bozkurt\Desktop\article\DLPIF-repo-update\src\baseline_results.pkl::all_scenarios[(""mice"", ""20pct"")]"
MICE,20pct,deterministic,1005,17704,2021-11-01,11.600000372529031,3.6519999951124196,1,"C:\Users\yasemin.bozkurt\Desktop\article\DLPIF-repo-update\src\baseline_results.pkl::all_scenarios[(""mice"", ""20pct"")]"
MICE,20pct,deterministic,1006,17748,2021-11-01,14.800000181794168,9.588000279664994,1,"C:\Users\yasemin.bozkurt\Desktop\article\DLPIF-repo-update\src\baseline_results.pkl::all_scenarios[(""mice"", ""20pct"")]"
MICE,20pct,deterministic,1007,17750,2021-11-01,18.200001043081286,8.432000242173672,1,"C:\Users\yasemin.bozkurt\Desktop\article\DLPIF-repo-update\src\baseline_results.pkl::all_scenarios[(""mice"", ""20pct"")]"
MICE,20pct,deterministic,1016,17155,2021-11-04,0.0,0.47200001841411,1,"C:\Users\yasemin.bozkurt\Desktop\article\DLPIF-repo-update\src\baseline_results.pkl::all_scenarios[(""mice"", ""20pct"")]"
MICE,20pct,deterministic,1027,17750,2021-11-06,0.20000000470317902,0.03600000034784898,1,"C:\Users\yasemin.bozkurt\Desktop\article\DLPIF-repo-update\src\baseline_results.pkl::all_scenarios[(""mice"", ""20pct"")]"
MICE,20pct,deterministic,1029,17704,2021-11-07,0.0,0.04399999903980643,1,"C:\Users\yasemin.bozkurt\Desktop\article\DLPIF-repo-update\src\baseline_results.pkl::all_scenarios[(""mice"", ""20pct"")]"
MICE,20pct,deterministic,1030,17748,2021-11-07,0.20000000470317902,0.2240000132471323,1,"C:\Users\yasemin.bozkurt\Desktop\article\DLPIF-repo-update\src\baseline_results.pkl::all_scenarios[(""mice"", ""20pct"")]"
MICE,20pct,deterministic,1034,17748,2021-11-08,0.0,0.048000000463798646,1,"C:\Users\yasemin.bozkurt\Desktop\article\DLPIF-repo-update\src\baseline_results.pkl::all_scenarios[(""mice"", ""20pct"")]"
MICE,20pct,deterministic,1038,17748,2021-11-09,0.0,0.12400000258348884,1,"C:\Users\yasemin.bozkurt\Desktop\article\DLPIF-repo-update\src\baseline_results.pkl::all_scenarios[(""mice"", ""20pct"")]"
MICE,20pct,deterministic,1045,17704,2021-11-11,0.40000000940635805,1.3600000519305468,1,"C:\Users\yasemin.bozkurt\Desktop\article\DLPIF-repo-update\src\baseline_results.pkl::all_scenarios[(""mice"", ""20pct"")]"
MICE,20pct,deterministic,1059,17750,2021-11-14,0.0,0.012000000115949662,1,"C:\Users\yasemin.bozkurt\Desktop\article\DLPIF-repo-update\src\baseline_results.pkl::all_scenarios[(""mice"", ""20pct"")]"
MICE,20pct,deterministic,1061,17704,2021-11-15,0.0,0.0,1,"C:\Users\yasemin.bozkurt\Desktop\article\DLPIF-repo-update\src\baseline_results.pkl::all_scenarios[(""mice"", ""20pct"")]"
MICE,20pct,deterministic,1070,17748,2021-11-17,0.0,0.21200000066310168,1,"C:\Users\yasemin.bozkurt\Desktop\article\DLPIF-repo-update\src\baseline_results.pkl::all_scenarios[(""mice"", ""20pct"")]"
MICE,20pct,deterministic,1073,17704,2021-11-18,0.0,0.42799999443814163,1,"C:\Users\yasemin.bozkurt\Desktop\article\DLPIF-repo-update\src\baseline_results.pkl::all_scenarios[(""mice"", ""20pct"")]"
MICE,20pct,deterministic,1077,17704,2021-11-19,0.20000000470317902,4.2400000132620335,1,"C:\Users\yasemin.bozkurt\Desktop\article\DLPIF-repo-update\src\baseline_results.pkl::all_scenarios[(""mice"", ""20pct"")]"
MICE,20pct,deterministic,1088,17155,2021-11-22,0.0,0.3519999923184514,1,"C:\Users\yasemin.bozkurt\Desktop\article\DLPIF-repo-update\src\baseline_results.pkl::all_scenarios[(""mice"", ""20pct"")]"
MICE,20pct,deterministic,1097,17704,2021-11-24,16.80000006258488,8.636000123620034,1,"C:\Users\yasemin.bozkurt\Desktop\article\DLPIF-repo-update\src\baseline_results.pkl::all_scenarios[(""mice"", ""20pct"")]"
MICE,20pct,deterministic,1101,17704,2021-11-25,6.800000126659871,3.976000135391951,1,"C:\Users\yasemin.bozkurt\Desktop\article\DLPIF-repo-update\src\baseline_results.pkl::all_scenarios[(""mice"", ""20pct"")]"
MICE,20pct,deterministic,1113,17704,2021-11-28,0.0,1.252000005170703,1,"C:\Users\yasemin.bozkurt\Desktop\article\DLPIF-repo-update\src\baseline_results.pkl::all_scenarios[(""mice"", ""20pct"")]"
MICE,20pct,deterministic,1120,17155,2021-11-30,19.600000959634784,5.4560003131628045,1,"C:\Users\yasemin.bozkurt\Desktop\article\DLPIF-repo-update\src\baseline_results.pkl::all_scenarios[(""mice"", ""20pct"")]"
MICE,20pct,deterministic,1122,17748,2021-11-30,22.40000079274178,8.64800033569336,1,"C:\Users\yasemin.bozkurt\Desktop\article\DLPIF-repo-update\src\baseline_results.pkl::all_scenarios[(""mice"", ""20pct"")]"
MICE,20pct,deterministic,1125,17704,2021-12-01,14.000000229477884,3.656000154465437,1,"C:\Users\yasemin.bozkurt\Desktop\article\DLPIF-repo-update\src\baseline_results.pkl::all_scenarios[(""mice"", ""20pct"")]"
MICE,20pct,deterministic,1133,17704,2021-12-03,0.40000000940635805,8.040000052750111,1,"C:\Users\yasemin.bozkurt\Desktop\article\DLPIF-repo-update\src\baseline_results.pkl::all_scenarios[(""mice"", ""20pct"")]"
MICE,20pct,deterministic,1134,17748,2021-12-03,0.600000030733645,4.140000019222498,1,"C:\Users\yasemin.bozkurt\Desktop\article\DLPIF-repo-update\src\baseline_results.pkl::all_scenarios[(""mice"", ""20pct"")]"
MICE,20pct,deterministic,1149,17704,2021-12-07,0.0,3.628000102937222,1,"C:\Users\yasemin.bozkurt\Desktop\article\DLPIF-repo-update\src\baseline_results.pkl::all_scenarios[(""mice"", ""20pct"")]"
MICE,20pct,deterministic,1153,17704,2021-12-08,4.400000003725291,1.6460000082850457,1,"C:\Users\yasemin.bozkurt\Desktop\article\DLPIF-repo-update\src\baseline_results.pkl::all_scenarios[(""mice"", ""20pct"")]"
MICE,20pct,deterministic,1154,17748,2021-12-08,1.8000000257045032,10.243999814987184,1,"C:\Users\yasemin.bozkurt\Desktop\article\DLPIF-repo-update\src\baseline_results.pkl::all_scenarios[(""mice"", ""20pct"")]"
MICE,20pct,deterministic,1156,17155,2021-12-09,0.8000000188127161,0.6560000007972122,1,"C:\Users\yasemin.bozkurt\Desktop\article\DLPIF-repo-update\src\baseline_results.pkl::all_scenarios[(""mice"", ""20pct"")]"
MICE,20pct,deterministic,1159,17750,2021-12-09,0.0,1.1960000351071358,1,"C:\Users\yasemin.bozkurt\Desktop\article\DLPIF-repo-update\src\baseline_results.pkl::all_scenarios[(""mice"", ""20pct"")]"
MICE,20pct,deterministic,1161,17704,2021-12-10,0.0,1.5560000136494638,1,"C:\Users\yasemin.bozkurt\Desktop\article\DLPIF-repo-update\src\baseline_results.pkl::all_scenarios[(""mice"", ""20pct"")]"
MICE,20pct,deterministic,1174,17748,2021-12-13,7.600000078976155,8.440000028908253,1,"C:\Users\yasemin.bozkurt\Desktop\article\DLPIF-repo-update\src\baseline_results.pkl::all_scenarios[(""mice"", ""20pct"")]"
MICE,20pct,deterministic,1179,17750,2021-12-14,9.60000049173832,4.756000354886055,1,"C:\Users\yasemin.bozkurt\Desktop\article\DLPIF-repo-update\src\baseline_results.pkl::all_scenarios[(""mice"", ""20pct"")]"
MICE,20pct,deterministic,1191,17750,2021-12-17,0.0,0.9760000482201577,1,"C:\Users\yasemin.bozkurt\Desktop\article\DLPIF-repo-update\src\baseline_results.pkl::all_scenarios[(""mice"", ""20pct"")]"
MICE,20pct,deterministic,1198,17748,2021-12-19,0.600000030733645,16.488000932335854,1,"C:\Users\yasemin.bozkurt\Desktop\article\DLPIF-repo-update\src\baseline_results.pkl::all_scenarios[(""mice"", ""20pct"")]"
MICE,20pct,deterministic,1201,17704,2021-12-20,1.0000000068917871,3.5680001065135003,1,"C:\Users\yasemin.bozkurt\Desktop\article\DLPIF-repo-update\src\baseline_results.pkl::all_scenarios[(""mice"", ""20pct"")]"
MICE,20pct,deterministic,1203,17750,2021-12-20,0.600000030733645,1.9040000461041928,1,"C:\Users\yasemin.bozkurt\Desktop\article\DLPIF-repo-update\src\baseline_results.pkl::all_scenarios[(""mice"", ""20pct"")]"
MICE,20pct,deterministic,1206,17748,2021-12-21,0.20000000470317902,3.7400000430643563,1,"C:\Users\yasemin.bozkurt\Desktop\article\DLPIF-repo-update\src\baseline_results.pkl::all_scenarios[(""mice"", ""20pct"")]"
MICE,20pct,deterministic,1218,17748,2021-12-24,0.0,0.31199999470263723,1,"C:\Users\yasemin.bozkurt\Desktop\article\DLPIF-repo-update\src\baseline_results.pkl::all_scenarios[(""mice"", ""20pct"")]"
MICE,20pct,deterministic,1219,17750,2021-12-24,0.0,0.2519999982789159,1,"C:\Users\yasemin.bozkurt\Desktop\article\DLPIF-repo-update\src\baseline_results.pkl::all_scenarios[(""mice"", ""20pct"")]"
MICE,20pct,deterministic,1222,17748,2021-12-25,0.0,0.4680000253021718,1,"C:\Users\yasemin.bozkurt\Desktop\article\DLPIF-repo-update\src\baseline_results.pkl::all_scenarios[(""mice"", ""20pct"")]"
MICE,20pct,deterministic,1228,17155,2021-12-27,0.0,2.092000088095665,1,"C:\Users\yasemin.bozkurt\Desktop\article\DLPIF-repo-update\src\baseline_results.pkl::all_scenarios[(""mice"", ""20pct"")]"
MICE,20pct,deterministic,1231,17750,2021-12-27,0.20000000470317902,2.2600001312792304,1,"C:\Users\yasemin.bozkurt\Desktop\article\DLPIF-repo-update\src\baseline_results.pkl::all_scenarios[(""mice"", ""20pct"")]"
MICE,20pct,deterministic,1236,17155,2021-12-29,0.0,0.5200000022538007,1,"C:\Users\yasemin.bozkurt\Desktop\article\DLPIF-repo-update\src\baseline_results.pkl::all_scenarios[(""mice"", ""20pct"")]"
MICE,20pct,deterministic,1252,17155,2022-01-02,3.8000000394880775,7.056000217795373,1,"C:\Users\yasemin.bozkurt\Desktop\article\DLPIF-repo-update\src\baseline_results.pkl::all_scenarios[(""mice"", ""20pct"")]"
MICE,20pct,deterministic,1256,17155,2022-01-03,0.20000000470317902,1.8959999933838847,1,"C:\Users\yasemin.bozkurt\Desktop\article\DLPIF-repo-update\src\baseline_results.pkl::all_scenarios[(""mice"", ""20pct"")]"
MICE,20pct,deterministic,1270,17748,2022-01-06,0.0,2.9439999841153623,1,"C:\Users\yasemin.bozkurt\Desktop\article\DLPIF-repo-update\src\baseline_results.pkl::all_scenarios[(""mice"", ""20pct"")]"
MICE,20pct,deterministic,1271,17750,2022-01-06,0.0,5.716000297665596,1,"C:\Users\yasemin.bozkurt\Desktop\article\DLPIF-repo-update\src\baseline_results.pkl::all_scenarios[(""mice"", ""20pct"")]"
MICE,20pct,deterministic,1277,17704,2022-01-08,0.0,2.5520000606775284,1,"C:\Users\yasemin.bozkurt\Desktop\article\DLPIF-repo-update\src\baseline_results.pkl::all_scenarios[(""mice"", ""20pct"")]"
MICE,20pct,deterministic,1289,17704,2022-01-11,2.2000000018626453,1.1879999823868275,1,"C:\Users\yasemin.bozkurt\Desktop\article\DLPIF-repo-update\src\baseline_results.pkl::all_scenarios[(""mice"", ""20pct"")]"
MICE,20pct,deterministic,1296,17155,2022-01-13,0.20000000470317902,2.888000147044659,1,"C:\Users\yasemin.bozkurt\Desktop\article\DLPIF-repo-update\src\baseline_results.pkl::all_scenarios[(""mice"", ""20pct"")]"
MICE,20pct,deterministic,1304,17155,2022-01-15,0.0,0.9960000470280648,1,"C:\Users\yasemin.bozkurt\Desktop\article\DLPIF-repo-update\src\baseline_results.pkl::all_scenarios[(""mice"", ""20pct"")]"
MICE,20pct,deterministic,1310,17748,2022-01-16,0.0,1.0960000410676003,1,"C:\Users\yasemin.bozkurt\Desktop\article\DLPIF-repo-update\src\baseline_results.pkl::all_scenarios[(""mice"", ""20pct"")]"
MICE,20pct,deterministic,1314,17748,2022-01-17,0.0,0.05600000331178308,1,"C:\Users\yasemin.bozkurt\Desktop\article\DLPIF-repo-update\src\baseline_results.pkl::all_scenarios[(""mice"", ""20pct"")]"
MICE,20pct,deterministic,1316,17155,2022-01-18,2.2000000018626453,0.8480000691488386,1,"C:\Users\yasemin.bozkurt\Desktop\article\DLPIF-repo-update\src\baseline_results.pkl::all_scenarios[(""mice"", ""20pct"")]"
MICE,20pct,deterministic,1318,17748,2022-01-18,0.0,1.2040000878274442,1,"C:\Users\yasemin.bozkurt\Desktop\article\DLPIF-repo-update\src\baseline_results.pkl::all_scenarios[(""mice"", ""20pct"")]"
MICE,20pct,deterministic,1324,17155,2022-01-20,0.20000000470317902,0.3600000117905438,1,"C:\Users\yasemin.bozkurt\Desktop\article\DLPIF-repo-update\src\baseline_results.pkl::all_scenarios[(""mice"", ""20pct"")]"
MICE,20pct,deterministic,1326,17748,2022-01-20,2.2000000018626453,0.14800001112744213,1,"C:\Users\yasemin.bozkurt\Desktop\article\DLPIF-repo-update\src\baseline_results.pkl::all_scenarios[(""mice"", ""20pct"")]"
MICE,20pct,deterministic,1329,17704,2022-01-21,1.0000000068917871,0.09600000092759729,1,"C:\Users\yasemin.bozkurt\Desktop\article\DLPIF-repo-update\src\baseline_results.pkl::all_scenarios[(""mice"", ""20pct"")]"
MICE,20pct,deterministic,1339,17750,2022-01-23,1.4000000495463611,2.1320000857114794,1,"C:\Users\yasemin.bozkurt\Desktop\article\DLPIF-repo-update\src\baseline_results.pkl::all_scenarios[(""mice"", ""20pct"")]"
MICE,20pct,deterministic,1340,17155,2022-01-24,0.0,0.31199999470263723,1,"C:\Users\yasemin.bozkurt\Desktop\article\DLPIF-repo-update\src\baseline_results.pkl::all_scenarios[(""mice"", ""20pct"")]"
MICE,20pct,deterministic,1349,17704,2022-01-26,0.0,1.4780000980943442,1,"C:\Users\yasemin.bozkurt\Desktop\article\DLPIF-repo-update\src\baseline_results.pkl::all_scenarios[(""mice"", ""20pct"")]"
MICE,20pct,deterministic,1351,17750,2022-01-26,0.20000000470317902,0.2319999994710088,1,"C:\Users\yasemin.bozkurt\Desktop\article\DLPIF-repo-update\src\baseline_results.pkl::all_scenarios[(""mice"", ""20pct"")]"
MICE,20pct,deterministic,1352,17155,2022-01-27,0.0,1.107999987155199,1,"C:\Users\yasemin.bozkurt\Desktop\article\DLPIF-repo-update\src\baseline_results.pkl::all_scenarios[(""mice"", ""20pct"")]"
MICE,20pct,deterministic,1356,17155,2022-01-28,0.0,1.6319999825209381,1,"C:\Users\yasemin.bozkurt\Desktop\article\DLPIF-repo-update\src\baseline_results.pkl::all_scenarios[(""mice"", ""20pct"")]"
MICE,20pct,deterministic,1360,17155,2022-01-29,0.0,0.9559999829158188,1,"C:\Users\yasemin.bozkurt\Desktop\article\DLPIF-repo-update\src\baseline_results.pkl::all_scenarios[(""mice"", ""20pct"")]"
MICE,20pct,deterministic,1366,17748,2022-01-30,0.0,0.16400000019930305,1,"C:\Users\yasemin.bozkurt\Desktop\article\DLPIF-repo-update\src\baseline_results.pkl::all_scenarios[(""mice"", ""20pct"")]"
MICE,20pct,deterministic,1386,17748,2022-02-04,0.8000000188127161,3.0800000824034215,1,"C:\Users\yasemin.bozkurt\Desktop\article\DLPIF-repo-update\src\baseline_results.pkl::all_scenarios[(""mice"", ""20pct"")]"
MICE,20pct,deterministic,1387,17750,2022-02-04,3.8000000394880775,0.18800000874325634,1,"C:\Users\yasemin.bozkurt\Desktop\article\DLPIF-repo-update\src\baseline_results.pkl::all_scenarios[(""mice"", ""20pct"")]"
MICE,20pct,deterministic,1391,17750,2022-02-05,0.0,0.16400000019930305,1,"C:\Users\yasemin.bozkurt\Desktop\article\DLPIF-repo-update\src\baseline_results.pkl::all_scenarios[(""mice"", ""20pct"")]"
MICE,20pct,deterministic,1399,17750,2022-02-07,0.20000000470317902,0.03200000100187026,1,"C:\Users\yasemin.bozkurt\Desktop\article\DLPIF-repo-update\src\baseline_results.pkl::all_scenarios[(""mice"", ""20pct"")]"
MICE,20pct,deterministic,1403,17750,2022-02-08,7.600000078976155,13.8280000269413,1,"C:\Users\yasemin.bozkurt\Desktop\article\DLPIF-repo-update\src\baseline_results.pkl::all_scenarios[(""mice"", ""20pct"")]"
MICE,20pct,deterministic,1404,17155,2022-02-09,20.60000090003014,15.96800096333027,1,"C:\Users\yasemin.bozkurt\Desktop\article\DLPIF-repo-update\src\baseline_results.pkl::all_scenarios[(""mice"", ""20pct"")]"
MICE,20pct,deterministic,1405,17704,2022-02-09,5.800000186264516,3.968000082671643,1,"C:\Users\yasemin.bozkurt\Desktop\article\DLPIF-repo-update\src\baseline_results.pkl::all_scenarios[(""mice"", ""20pct"")]"
MICE,20pct,deterministic,1406,17748,2022-02-09,8.800000007450581,4.826000350713731,1,"C:\Users\yasemin.bozkurt\Desktop\article\DLPIF-repo-update\src\baseline_results.pkl::all_scenarios[(""mice"", ""20pct"")]"
MICE,20pct,deterministic,1410,17748,2022-02-10,5.0000002339482315,9.060000523924828,1,"C:\Users\yasemin.bozkurt\Desktop\article\DLPIF-repo-update\src\baseline_results.pkl::all_scenarios[(""mice"", ""20pct"")]"
MICE,20pct,deterministic,1423,17750,2022-02-13,0.0,0.3280000003986061,1,"C:\Users\yasemin.bozkurt\Desktop\article\DLPIF-repo-update\src\baseline_results.pkl::all_scenarios[(""mice"", ""20pct"")]"
MICE,20pct,deterministic,1431,17750,2022-02-15,0.0,0.15600001397542657,1,"C:\Users\yasemin.bozkurt\Desktop\article\DLPIF-repo-update\src\baseline_results.pkl::all_scenarios[(""mice"", ""20pct"")]"
MICE,20pct,deterministic,1436,17155,2022-02-17,0.0,0.42400000132620336,1,"C:\Users\yasemin.bozkurt\Desktop\article\DLPIF-repo-update\src\baseline_results.pkl::all_scenarios[(""mice"", ""20pct"")]"
MICE,20pct,deterministic,1439,17750,2022-02-17,0.0,0.04400000319583342,1,"C:\Users\yasemin.bozkurt\Desktop\article\DLPIF-repo-update\src\baseline_results.pkl::all_scenarios[(""mice"", ""20pct"")]"
MICE,20pct,deterministic,1441,17704,2022-02-18,0.0,5.480000205338002,1,"C:\Users\yasemin.bozkurt\Desktop\article\DLPIF-repo-update\src\baseline_results.pkl::all_scenarios[(""mice"", ""20pct"")]"
MICE,20pct,deterministic,1443,17750,2022-02-18,0.0,0.4600000058300794,1,"C:\Users\yasemin.bozkurt\Desktop\article\DLPIF-repo-update\src\baseline_results.pkl::all_scenarios[(""mice"", ""20pct"")]"
MICE,20pct,deterministic,1451,17750,2022-02-20,0.20000000470317902,0.0,1,"C:\Users\yasemin.bozkurt\Desktop\article\DLPIF-repo-update\src\baseline_results.pkl::all_scenarios[(""mice"", ""20pct"")]"
MICE,20pct,deterministic,1459,17750,2022-02-22,0.20000000470317902,2.575999952852726,1,"C:\Users\yasemin.bozkurt\Desktop\article\DLPIF-repo-update\src\baseline_results.pkl::all_scenarios[(""mice"", ""20pct"")]"
MICE,20pct,deterministic,1463,17750,2022-02-23,1.6000000376254322,1.6200000364333393,1,"C:\Users\yasemin.bozkurt\Desktop\article\DLPIF-repo-update\src\baseline_results.pkl::all_scenarios[(""mice"", ""20pct"")]"
MICE,20pct,deterministic,1464,17155,2022-02-24,4.000000027567149,2.4440000139176847,1,"C:\Users\yasemin.bozkurt\Desktop\article\DLPIF-repo-update\src\baseline_results.pkl::all_scenarios[(""mice"", ""20pct"")]"
MICE,20pct,deterministic,1476,17155,2022-02-27,0.0,0.7320000361651183,1,"C:\Users\yasemin.bozkurt\Desktop\article\DLPIF-repo-update\src\baseline_results.pkl::all_scenarios[(""mice"", ""20pct"")]"
MICE,20pct,deterministic,1477,17704,2022-02-27,0.0,0.6400000283494592,1,"C:\Users\yasemin.bozkurt\Desktop\article\DLPIF-repo-update\src\baseline_results.pkl::all_scenarios[(""mice"", ""20pct"")]"
MICE,20pct,deterministic,1481,17704,2022-02-28,2.6000001110136512,2.664000000804663,1,"C:\Users\yasemin.bozkurt\Desktop\article\DLPIF-repo-update\src\baseline_results.pkl::all_scenarios[(""mice"", ""20pct"")]"
MICE,20pct,deterministic,1486,17748,2022-03-01,4.400000003725291,1.9359999909996988,1,"C:\Users\yasemin.bozkurt\Desktop\article\DLPIF-repo-update\src\baseline_results.pkl::all_scenarios[(""mice"", ""20pct"")]"
MICE,20pct,deterministic,1490,17748,2022-03-02,0.20000000470317902,5.5040000975132,1,"C:\Users\yasemin.bozkurt\Desktop\article\DLPIF-repo-update\src\baseline_results.pkl::all_scenarios[(""mice"", ""20pct"")]"
MICE,20pct,deterministic,1492,17155,2022-03-03,10.800000420212747,7.608000397682191,1,"C:\Users\yasemin.bozkurt\Desktop\article\DLPIF-repo-update\src\baseline_results.pkl::all_scenarios[(""mice"", ""20pct"")]"
MICE,20pct,deterministic,1503,17750,2022-03-05,0.20000000470317902,0.5880000181496143,1,"C:\Users\yasemin.bozkurt\Desktop\article\DLPIF-repo-update\src\baseline_results.pkl::all_scenarios[(""mice"", ""20pct"")]"
MICE,20pct,deterministic,1515,17750,2022-03-08,11.000000408291818,11.768000149726868,1,"C:\Users\yasemin.bozkurt\Desktop\article\DLPIF-repo-update\src\baseline_results.pkl::all_scenarios[(""mice"", ""20pct"")]"
MICE,20pct,deterministic,1530,17748,2022-03-12,0.0,7.004000008106233,1,"C:\Users\yasemin.bozkurt\Desktop\article\DLPIF-repo-update\src\baseline_results.pkl::all_scenarios[(""mice"", ""20pct"")]"
MICE,20pct,deterministic,1535,17750,2022-03-13,0.0,2.960000089555979,1,"C:\Users\yasemin.bozkurt\Desktop\article\DLPIF-repo-update\src\baseline_results.pkl::all_scenarios[(""mice"", ""20pct"")]"
MICE,20pct,deterministic,1537,17704,2022-03-14,1.6000000376254322,0.11200000662356616,1,"C:\Users\yasemin.bozkurt\Desktop\article\DLPIF-repo-update\src\baseline_results.pkl::all_scenarios[(""mice"", ""20pct"")]"
MICE,20pct,deterministic,1538,17748,2022-03-14,0.40000000940635805,0.20000000470317902,1,"C:\Users\yasemin.bozkurt\Desktop\article\DLPIF-repo-update\src\baseline_results.pkl::all_scenarios[(""mice"", ""20pct"")]"
MICE,20pct,deterministic,1545,17704,2022-03-16,0.0,0.26800000397488477,1,"C:\Users\yasemin.bozkurt\Desktop\article\DLPIF-repo-update\src\baseline_results.pkl::all_scenarios[(""mice"", ""20pct"")]"
MICE,20pct,deterministic,1549,17704,2022-03-17,0.0,5.724000084400178,1,"C:\Users\yasemin.bozkurt\Desktop\article\DLPIF-repo-update\src\baseline_results.pkl::all_scenarios[(""mice"", ""20pct"")]"
MICE,20pct,deterministic,1550,17748,2022-03-17,0.0,0.8520000290125609,1,"C:\Users\yasemin.bozkurt\Desktop\article\DLPIF-repo-update\src\baseline_results.pkl::all_scenarios[(""mice"", ""20pct"")]"
MICE,20pct,deterministic,1561,17704,2022-03-20,1.0000000068917871,0.3600000117905438,1,"C:\Users\yasemin.bozkurt\Desktop\article\DLPIF-repo-update\src\baseline_results.pkl::all_scenarios[(""mice"", ""20pct"")]"
MICE,20pct,deterministic,1566,17748,2022-03-21,0.0,0.0,1,"C:\Users\yasemin.bozkurt\Desktop\article\DLPIF-repo-update\src\baseline_results.pkl::all_scenarios[(""mice"", ""20pct"")]"
MICE,20pct,deterministic,1572,17155,2022-03-23,0.0,3.4839999519288543,1,"C:\Users\yasemin.bozkurt\Desktop\article\DLPIF-repo-update\src\baseline_results.pkl::all_scenarios[(""mice"", ""20pct"")]"
MICE,20pct,deterministic,1576,17155,2022-03-24,0.0,0.98000000808388,1,"C:\Users\yasemin.bozkurt\Desktop\article\DLPIF-repo-update\src\baseline_results.pkl::all_scenarios[(""mice"", ""20pct"")]"
MICE,20pct,deterministic,1579,17750,2022-03-24,0.0,0.10800000519957394,1,"C:\Users\yasemin.bozkurt\Desktop\article\DLPIF-repo-update\src\baseline_results.pkl::all_scenarios[(""mice"", ""20pct"")]"
MICE,20pct,deterministic,1580,17155,2022-03-25,0.0,0.03600000034784898,1,"C:\Users\yasemin.bozkurt\Desktop\article\DLPIF-repo-update\src\baseline_results.pkl::all_scenarios[(""mice"", ""20pct"")]"
MICE,20pct,deterministic,1587,17750,2022-03-26,0.0,0.3200000141747296,1,"C:\Users\yasemin.bozkurt\Desktop\article\DLPIF-repo-update\src\baseline_results.pkl::all_scenarios[(""mice"", ""20pct"")]"
MICE,20pct,deterministic,1590,17748,2022-03-27,0.0,0.008000000250467565,1,"C:\Users\yasemin.bozkurt\Desktop\article\DLPIF-repo-update\src\baseline_results.pkl::all_scenarios[(""mice"", ""20pct"")]"
MICE,20pct,deterministic,1597,17704,2022-03-29,0.0,0.4440000333823264,1,"C:\Users\yasemin.bozkurt\Desktop\article\DLPIF-repo-update\src\baseline_results.pkl::all_scenarios[(""mice"", ""20pct"")]"
MICE,20pct,deterministic,1601,17704,2022-03-30,0.600000030733645,0.5760000055655837,1,"C:\Users\yasemin.bozkurt\Desktop\article\DLPIF-repo-update\src\baseline_results.pkl::all_scenarios[(""mice"", ""20pct"")]"
MICE,20pct,deterministic,1602,17748,2022-03-30,1.6000000376254322,1.1600000638514758,1,"C:\Users\yasemin.bozkurt\Desktop\article\DLPIF-repo-update\src\baseline_results.pkl::all_scenarios[(""mice"", ""20pct"")]"
MICE,20pct,deterministic,1603,17750,2022-03-30,0.8000000188127161,0.03600000034784898,1,"C:\Users\yasemin.bozkurt\Desktop\article\DLPIF-repo-update\src\baseline_results.pkl::all_scenarios[(""mice"", ""20pct"")]"
MICE,20pct,deterministic,1611,17750,2022-04-01,0.0,0.01600000050093513,1,"C:\Users\yasemin.bozkurt\Desktop\article\DLPIF-repo-update\src\baseline_results.pkl::all_scenarios[(""mice"", ""20pct"")]"
MICE,20pct,deterministic,1618,17748,2022-04-03,0.0,0.780000020004809,1,"C:\Users\yasemin.bozkurt\Desktop\article\DLPIF-repo-update\src\baseline_results.pkl::all_scenarios[(""mice"", ""20pct"")]"
MICE,20pct,deterministic,1619,17750,2022-04-03,0.0,0.004000000125233783,1,"C:\Users\yasemin.bozkurt\Desktop\article\DLPIF-repo-update\src\baseline_results.pkl::all_scenarios[(""mice"", ""20pct"")]"
MICE,20pct,deterministic,1629,17704,2022-04-06,0.0,0.008000000250467565,1,"C:\Users\yasemin.bozkurt\Desktop\article\DLPIF-repo-update\src\baseline_results.pkl::all_scenarios[(""mice"", ""20pct"")]"
MICE,20pct,deterministic,1630,17748,2022-04-06,0.0,0.6526461867615581,1,"C:\Users\yasemin.bozkurt\Desktop\article\DLPIF-repo-update\src\baseline_results.pkl::all_scenarios[(""mice"", ""20pct"")]"
MICE,20pct,deterministic,1631,17750,2022-04-06,0.0,0.008000000250467565,1,"C:\Users\yasemin.bozkurt\Desktop\article\DLPIF-repo-update\src\baseline_results.pkl::all_scenarios[(""mice"", ""20pct"")]"
MICE,20pct,deterministic,1632,17155,2022-04-07,0.0,0.4800000046379865,1,"C:\Users\yasemin.bozkurt\Desktop\article\DLPIF-repo-update\src\baseline_results.pkl::all_scenarios[(""mice"", ""20pct"")]"
MICE,20pct,deterministic,1635,17750,2022-04-07,0.0,0.6639999870210886,1,"C:\Users\yasemin.bozkurt\Desktop\article\DLPIF-repo-update\src\baseline_results.pkl::all_scenarios[(""mice"", ""20pct"")]"
MICE,20pct,deterministic,1640,17155,2022-04-09,0.20000000470317902,0.06000000057974831,1,"C:\Users\yasemin.bozkurt\Desktop\article\DLPIF-repo-update\src\baseline_results.pkl::all_scenarios[(""mice"", ""20pct"")]"
MICE,20pct,deterministic,1647,17750,2022-04-10,0.0,0.004000000125233783,1,"C:\Users\yasemin.bozkurt\Desktop\article\DLPIF-repo-update\src\baseline_results.pkl::all_scenarios[(""mice"", ""20pct"")]"
MICE,20pct,deterministic,1649,17704,2022-04-11,2.0000000137835743,4.008000080287457,1,"C:\Users\yasemin.bozkurt\Desktop\article\DLPIF-repo-update\src\baseline_results.pkl::all_scenarios[(""mice"", ""20pct"")]"
MICE,20pct,deterministic,1653,17704,2022-04-12,4.000000027567149,0.8140000445768237,1,"C:\Users\yasemin.bozkurt\Desktop\article\DLPIF-repo-update\src\baseline_results.pkl::all_scenarios[(""mice"", ""20pct"")]"
MICE,20pct,deterministic,1656,17155,2022-04-13,0.0,1.2940000824630262,1,"C:\Users\yasemin.bozkurt\Desktop\article\DLPIF-repo-update\src\baseline_results.pkl::all_scenarios[(""mice"", ""20pct"")]"
MICE,20pct,deterministic,1659,17750,2022-04-13,0.0,0.03600000034784898,1,"C:\Users\yasemin.bozkurt\Desktop\article\DLPIF-repo-update\src\baseline_results.pkl::all_scenarios[(""mice"", ""20pct"")]"
MICE,20pct,deterministic,1667,17750,2022-04-15,0.0,0.03600000034784898,1,"C:\Users\yasemin.bozkurt\Desktop\article\DLPIF-repo-update\src\baseline_results.pkl::all_scenarios[(""mice"", ""20pct"")]"
MICE,20pct,deterministic,1669,17704,2022-04-16,0.0,1.4246821951121094,1,"C:\Users\yasemin.bozkurt\Desktop\article\DLPIF-repo-update\src\baseline_results.pkl::all_scenarios[(""mice"", ""20pct"")]"
MICE,20pct,deterministic,1674,17748,2022-04-17,0.0,5.311999896168709,1,"C:\Users\yasemin.bozkurt\Desktop\article\DLPIF-repo-update\src\baseline_results.pkl::all_scenarios[(""mice"", ""20pct"")]"
MICE,20pct,deterministic,1677,17704,2022-04-18,8.60000001937151,10.020000466704369,1,"C:\Users\yasemin.bozkurt\Desktop\article\DLPIF-repo-update\src\baseline_results.pkl::all_scenarios[(""mice"", ""20pct"")]"
MICE,20pct,deterministic,1678,17748,2022-04-18,5.800000186264516,9.312000721693039,1,"C:\Users\yasemin.bozkurt\Desktop\article\DLPIF-repo-update\src\baseline_results.pkl::all_scenarios[(""mice"", ""20pct"")]"
MICE,20pct,deterministic,1682,17748,2022-04-19,2.0000000137835743,14.268000000715256,1,"C:\Users\yasemin.bozkurt\Desktop\article\DLPIF-repo-update\src\baseline_results.pkl::all_scenarios[(""mice"", ""20pct"")]"
MICE,20pct,deterministic,1713,17704,2022-04-27,0.0,0.004000000125233783,1,"C:\Users\yasemin.bozkurt\Desktop\article\DLPIF-repo-update\src\baseline_results.pkl::all_scenarios[(""mice"", ""20pct"")]"
MICE,20pct,deterministic,1716,17155,2022-04-28,0.0,0.008000000250467565,1,"C:\Users\yasemin.bozkurt\Desktop\article\DLPIF-repo-update\src\baseline_results.pkl::all_scenarios[(""mice"", ""20pct"")]"
MICE,20pct,deterministic,1718,17748,2022-04-28,0.0,0.40400000251829626,1,"C:\Users\yasemin.bozkurt\Desktop\article\DLPIF-repo-update\src\baseline_results.pkl::all_scenarios[(""mice"", ""20pct"")]"
MICE,20pct,deterministic,1723,17750,2022-04-29,0.0,0.01600000050093513,1,"C:\Users\yasemin.bozkurt\Desktop\article\DLPIF-repo-update\src\baseline_results.pkl::all_scenarios[(""mice"", ""20pct"")]"
MICE,20pct,deterministic,1725,17704,2022-04-30,0.0,2.104000034183264,1,"C:\Users\yasemin.bozkurt\Desktop\article\DLPIF-repo-update\src\baseline_results.pkl::all_scenarios[(""mice"", ""20pct"")]"
MICE,20pct,deterministic,1726,17748,2022-04-30,0.0,7.200000102818013,1,"C:\Users\yasemin.bozkurt\Desktop\article\DLPIF-repo-update\src\baseline_results.pkl::all_scenarios[(""mice"", ""20pct"")]"
MICE,20pct,deterministic,1735,17750,2022-05-02,0.0,0.14400000139139593,1,"C:\Users\yasemin.bozkurt\Desktop\article\DLPIF-repo-update\src\baseline_results.pkl::all_scenarios[(""mice"", ""20pct"")]"
MICE,20pct,deterministic,1738,17748,2022-05-03,0.0,10.000000467896463,1,"C:\Users\yasemin.bozkurt\Desktop\article\DLPIF-repo-update\src\baseline_results.pkl::all_scenarios[(""mice"", ""20pct"")]"
MICE,20pct,deterministic,1744,17155,2022-05-05,1.0000000068917871,2.368000178039074,1,"C:\Users\yasemin.bozkurt\Desktop\article\DLPIF-repo-update\src\baseline_results.pkl::all_scenarios[(""mice"", ""20pct"")]"
MICE,20pct,deterministic,1750,17748,2022-05-06,0.600000030733645,0.3000000153668225,1,"C:\Users\yasemin.bozkurt\Desktop\article\DLPIF-repo-update\src\baseline_results.pkl::all_scenarios[(""mice"", ""20pct"")]"
MICE,20pct,deterministic,1765,17704,2022-05-10,0.0,0.13600000685546548,1,"C:\Users\yasemin.bozkurt\Desktop\article\DLPIF-repo-update\src\baseline_results.pkl::all_scenarios[(""mice"", ""20pct"")]"
MICE,20pct,deterministic,1770,17748,2022-05-11,3.0000000871717933,0.3319999935105443,1,"C:\Users\yasemin.bozkurt\Desktop\article\DLPIF-repo-update\src\baseline_results.pkl::all_scenarios[(""mice"", ""20pct"")]"
MICE,20pct,deterministic,1774,17748,2022-05-12,4.400000003725291,1.184000089019537,1,"C:\Users\yasemin.bozkurt\Desktop\article\DLPIF-repo-update\src\baseline_results.pkl::all_scenarios[(""mice"", ""20pct"")]"
MICE,20pct,deterministic,1780,17155,2022-05-14,0.600000030733645,0.07200000069569797,1,"C:\Users\yasemin.bozkurt\Desktop\article\DLPIF-repo-update\src\baseline_results.pkl::all_scenarios[(""mice"", ""20pct"")]"
MICE,20pct,deterministic,1787,17750,2022-05-15,4.80000024586916,0.26400001086294655,1,"C:\Users\yasemin.bozkurt\Desktop\article\DLPIF-repo-update\src\baseline_results.pkl::all_scenarios[(""mice"", ""20pct"")]"
MICE,20pct,deterministic,1789,17704,2022-05-16,0.0,0.9240000380203128,1,"C:\Users\yasemin.bozkurt\Desktop\article\DLPIF-repo-update\src\baseline_results.pkl::all_scenarios[(""mice"", ""20pct"")]"
MICE,20pct,deterministic,1792,17155,2022-05-17,14.600000193715097,2.272000077366829,1,"C:\Users\yasemin.bozkurt\Desktop\article\DLPIF-repo-update\src\baseline_results.pkl::all_scenarios[(""mice"", ""20pct"")]"
MICE,20pct,deterministic,1793,17704,2022-05-17,0.20000000470317902,0.236000009207055,1,"C:\Users\yasemin.bozkurt\Desktop\article\DLPIF-repo-update\src\baseline_results.pkl::all_scenarios[(""mice"", ""20pct"")]"
MICE,20pct,deterministic,1795,17750,2022-05-17,1.0000000068917871,0.004000000125233783,1,"C:\Users\yasemin.bozkurt\Desktop\article\DLPIF-repo-update\src\baseline_results.pkl::all_scenarios[(""mice"", ""20pct"")]"
MICE,20pct,deterministic,1798,17748,2022-05-18,0.20000000470317902,0.3479999992065132,1,"C:\Users\yasemin.bozkurt\Desktop\article\DLPIF-repo-update\src\baseline_results.pkl::all_scenarios[(""mice"", ""20pct"")]"
MICE,20pct,deterministic,1816,17155,2022-05-23,0.0,0.2520000149030239,1,"C:\Users\yasemin.bozkurt\Desktop\article\DLPIF-repo-update\src\baseline_results.pkl::all_scenarios[(""mice"", ""20pct"")]"
MICE,20pct,deterministic,1823,17750,2022-05-24,0.0,0.0,1,"C:\Users\yasemin.bozkurt\Desktop\article\DLPIF-repo-update\src\baseline_results.pkl::all_scenarios[(""mice"", ""20pct"")]"
MICE,20pct,deterministic,1830,17748,2022-05-26,0.0,0.08799999807961285,1,"C:\Users\yasemin.bozkurt\Desktop\article\DLPIF-repo-update\src\baseline_results.pkl::all_scenarios[(""mice"", ""20pct"")]"
MICE,20pct,deterministic,1832,17155,2022-05-27,0.40000000940635805,1.4280001010745764,1,"C:\Users\yasemin.bozkurt\Desktop\article\DLPIF-repo-update\src\baseline_results.pkl::all_scenarios[(""mice"", ""20pct"")]"
MICE,20pct,deterministic,1836,17155,2022-05-28,1.0000000068917871,0.04400000319583342,1,"C:\Users\yasemin.bozkurt\Desktop\article\DLPIF-repo-update\src\baseline_results.pkl::all_scenarios[(""mice"", ""20pct"")]"
MICE,20pct,deterministic,1844,17155,2022-05-30,1.0000000068917871,0.20000000470317902,1,"C:\Users\yasemin.bozkurt\Desktop\article\DLPIF-repo-update\src\baseline_results.pkl::all_scenarios[(""mice"", ""20pct"")]"
MICE,20pct,deterministic,1848,17155,2022-05-31,0.0,0.0,1,"C:\Users\yasemin.bozkurt\Desktop\article\DLPIF-repo-update\src\baseline_results.pkl::all_scenarios[(""mice"", ""20pct"")]"
MICE,20pct,deterministic,1852,17155,2022-06-01,0.0,0.39200002318248156,1,"C:\Users\yasemin.bozkurt\Desktop\article\DLPIF-repo-update\src\baseline_results.pkl::all_scenarios[(""mice"", ""20pct"")]"
MICE,20pct,deterministic,1854,17748,2022-06-01,0.0,1.2179999805986883,1,"C:\Users\yasemin.bozkurt\Desktop\article\DLPIF-repo-update\src\baseline_results.pkl::all_scenarios[(""mice"", ""20pct"")]"
MICE,20pct,deterministic,1856,17155,2022-06-02,0.0,0.16400000019930305,1,"C:\Users\yasemin.bozkurt\Desktop\article\DLPIF-repo-update\src\baseline_results.pkl::all_scenarios[(""mice"", ""20pct"")]"
MICE,20pct,deterministic,1865,17704,2022-06-04,0.0,0.16800000993534925,1,"C:\Users\yasemin.bozkurt\Desktop\article\DLPIF-repo-update\src\baseline_results.pkl::all_scenarios[(""mice"", ""20pct"")]"
MICE,20pct,deterministic,1866,17748,2022-06-04,0.20000000470317902,1.4919999908655883,1,"C:\Users\yasemin.bozkurt\Desktop\article\DLPIF-repo-update\src\baseline_results.pkl::all_scenarios[(""mice"", ""20pct"")]"
MICE,20pct,deterministic,1880,17155,2022-06-08,0.0,2.953999983519316,1,"C:\Users\yasemin.bozkurt\Desktop\article\DLPIF-repo-update\src\baseline_results.pkl::all_scenarios[(""mice"", ""20pct"")]"
MICE,20pct,deterministic,1898,17748,2022-06-12,6.800000126659871,15.316000789403917,1,"C:\Users\yasemin.bozkurt\Desktop\article\DLPIF-repo-update\src\baseline_results.pkl::all_scenarios[(""mice"", ""20pct"")]"
MICE,20pct,deterministic,1899,17750,2022-06-12,11.800000360608102,0.8800000140443445,1,"C:\Users\yasemin.bozkurt\Desktop\article\DLPIF-repo-update\src\baseline_results.pkl::all_scenarios[(""mice"", ""20pct"")]"
MICE,20pct,deterministic,1900,17155,2022-06-13,1.20000006146729,6.974000541865826,1,"C:\Users\yasemin.bozkurt\Desktop\article\DLPIF-repo-update\src\baseline_results.pkl::all_scenarios[(""mice"", ""20pct"")]"
MICE,20pct,deterministic,1906,17748,2022-06-14,0.20000000470317902,0.9920000206679107,1,"C:\Users\yasemin.bozkurt\Desktop\article\DLPIF-repo-update\src\baseline_results.pkl::all_scenarios[(""mice"", ""20pct"")]"
MICE,20pct,deterministic,1909,17704,2022-06-15,0.0,0.5120000160299242,1,"C:\Users\yasemin.bozkurt\Desktop\article\DLPIF-repo-update\src\baseline_results.pkl::all_scenarios[(""mice"", ""20pct"")]"
MICE,20pct,deterministic,1911,17750,2022-06-15,0.0,3.380000064522028,1,"C:\Users\yasemin.bozkurt\Desktop\article\DLPIF-repo-update\src\baseline_results.pkl::all_scenarios[(""mice"", ""20pct"")]"
MICE,20pct,deterministic,1913,17704,2022-06-16,4.000000027567149,5.544000095129014,1,"C:\Users\yasemin.bozkurt\Desktop\article\DLPIF-repo-update\src\baseline_results.pkl::all_scenarios[(""mice"", ""20pct"")]"
MICE,20pct,deterministic,1919,17750,2022-06-17,5.2000002220273025,2.37400001809001,1,"C:\Users\yasemin.bozkurt\Desktop\article\DLPIF-repo-update\src\baseline_results.pkl::all_scenarios[(""mice"", ""20pct"")]"
MICE,20pct,deterministic,1922,17748,2022-06-18,0.0,4.231999960541725,1,"C:\Users\yasemin.bozkurt\Desktop\article\DLPIF-repo-update\src\baseline_results.pkl::all_scenarios[(""mice"", ""20pct"")]"
MICE,20pct,deterministic,1925,17704,2022-06-19,2.8000000990927223,0.692000038549304,1,"C:\Users\yasemin.bozkurt\Desktop\article\DLPIF-repo-update\src\baseline_results.pkl::all_scenarios[(""mice"", ""20pct"")]"
MICE,20pct,deterministic,1933,17704,2022-06-21,1.0000000068917871,0.8040000451728703,1,"C:\Users\yasemin.bozkurt\Desktop\article\DLPIF-repo-update\src\baseline_results.pkl::all_scenarios[(""mice"", ""20pct"")]"
MICE,20pct,deterministic,1939,17750,2022-06-22,0.0,0.1359999985434115,1,"C:\Users\yasemin.bozkurt\Desktop\article\DLPIF-repo-update\src\baseline_results.pkl::all_scenarios[(""mice"", ""20pct"")]"
MICE,20pct,deterministic,1940,17155,2022-06-23,0.0,0.6520000409334898,1,"C:\Users\yasemin.bozkurt\Desktop\article\DLPIF-repo-update\src\baseline_results.pkl::all_scenarios[(""mice"", ""20pct"")]"
MICE,20pct,deterministic,1941,17704,2022-06-23,0.0,0.3879999968223274,1,"C:\Users\yasemin.bozkurt\Desktop\article\DLPIF-repo-update\src\baseline_results.pkl::all_scenarios[(""mice"", ""20pct"")]"
MICE,20pct,deterministic,1943,17750,2022-06-23,0.0,1.1400000650435687,1,"C:\Users\yasemin.bozkurt\Desktop\article\DLPIF-repo-update\src\baseline_results.pkl::all_scenarios[(""mice"", ""20pct"")]"
MICE,20pct,deterministic,1945,17704,2022-06-24,0.20000000470317902,0.8200000176206231,1,"C:\Users\yasemin.bozkurt\Desktop\article\DLPIF-repo-update\src\baseline_results.pkl::all_scenarios[(""mice"", ""20pct"")]"
MICE,20pct,deterministic,1950,17748,2022-06-25,0.0,0.6480000145733357,1,"C:\Users\yasemin.bozkurt\Desktop\article\DLPIF-repo-update\src\baseline_results.pkl::all_scenarios[(""mice"", ""20pct"")]"
MICE,20pct,deterministic,1951,17750,2022-06-25,0.0,0.03200000100187026,1,"C:\Users\yasemin.bozkurt\Desktop\article\DLPIF-repo-update\src\baseline_results.pkl::all_scenarios[(""mice"", ""20pct"")]"
MICE,20pct,deterministic,1958,17748,2022-06-27,0.0,0.98000000808388,1,"C:\Users\yasemin.bozkurt\Desktop\article\DLPIF-repo-update\src\baseline_results.pkl::all_scenarios[(""mice"", ""20pct"")]"
MICE,20pct,deterministic,1962,17748,2022-06-28,0.20000000470317902,0.5600000331178308,1,"C:\Users\yasemin.bozkurt\Desktop\article\DLPIF-repo-update\src\baseline_results.pkl::all_scenarios[(""mice"", ""20pct"")]"
MICE,20pct,deterministic,1963,17750,2022-06-28,0.0,1.1600000638514758,1,"C:\Users\yasemin.bozkurt\Desktop\article\DLPIF-repo-update\src\baseline_results.pkl::all_scenarios[(""mice"", ""20pct"")]"
MICE,20pct,deterministic,1970,17748,2022-06-30,0.0,1.4680000986903907,1,"C:\Users\yasemin.bozkurt\Desktop\article\DLPIF-repo-update\src\baseline_results.pkl::all_scenarios[(""mice"", ""20pct"")]"
MICE,20pct,deterministic,1988,17155,2022-07-05,0.0,0.06000000057974831,1,"C:\Users\yasemin.bozkurt\Desktop\article\DLPIF-repo-update\src\baseline_results.pkl::all_scenarios[(""mice"", ""20pct"")]"
MICE,20pct,deterministic,1995,17750,2022-07-06,0.0,0.0,1,"C:\Users\yasemin.bozkurt\Desktop\article\DLPIF-repo-update\src\baseline_results.pkl::all_scenarios[(""mice"", ""20pct"")]"
MICE,20pct,deterministic,2002,17748,2022-07-08,0.0,0.6480000145733357,1,"C:\Users\yasemin.bozkurt\Desktop\article\DLPIF-repo-update\src\baseline_results.pkl::all_scenarios[(""mice"", ""20pct"")]"
MICE,20pct,deterministic,2008,17155,2022-07-10,1.4000000495463611,10.12399982213974,1,"C:\Users\yasemin.bozkurt\Desktop\article\DLPIF-repo-update\src\baseline_results.pkl::all_scenarios[(""mice"", ""20pct"")]"
MICE,20pct,deterministic,2011,17750,2022-07-10,2.2000000018626453,0.052000001887790866,1,"C:\Users\yasemin.bozkurt\Desktop\article\DLPIF-repo-update\src\baseline_results.pkl::all_scenarios[(""mice"", ""20pct"")]"
MICE,20pct,deterministic,2012,17155,2022-07-11,1.20000006146729,3.9800000287592416,1,"C:\Users\yasemin.bozkurt\Desktop\article\DLPIF-repo-update\src\baseline_results.pkl::all_scenarios[(""mice"", ""20pct"")]"
MICE,20pct,deterministic,2013,17704,2022-07-11,0.20000000470317902,0.40400000251829626,1,"C:\Users\yasemin.bozkurt\Desktop\article\DLPIF-repo-update\src\baseline_results.pkl::all_scenarios[(""mice"", ""20pct"")]"
MICE,20pct,deterministic,2015,17750,2022-07-11,0.20000000470317902,0.0,1,"C:\Users\yasemin.bozkurt\Desktop\article\DLPIF-repo-update\src\baseline_results.pkl::all_scenarios[(""mice"", ""20pct"")]"
MICE,20pct,deterministic,2017,17704,2022-07-12,0.0,0.5120000160299242,1,"C:\Users\yasemin.bozkurt\Desktop\article\DLPIF-repo-update\src\baseline_results.pkl::all_scenarios[(""mice"", ""20pct"")]"
MICE,20pct,deterministic,2018,17748,2022-07-12,0.0,0.3560000186786056,1,"C:\Users\yasemin.bozkurt\Desktop\article\DLPIF-repo-update\src\baseline_results.pkl::all_scenarios[(""mice"", ""20pct"")]"
MICE,20pct,deterministic,2019,17750,2022-07-12,0.0,0.24800000516697768,1,"C:\Users\yasemin.bozkurt\Desktop\article\DLPIF-repo-update\src\baseline_results.pkl::all_scenarios[(""mice"", ""20pct"")]"
MICE,20pct,deterministic,2027,17750,2022-07-14,0.0,0.0,1,"C:\Users\yasemin.bozkurt\Desktop\article\DLPIF-repo-update\src\baseline_results.pkl::all_scenarios[(""mice"", ""20pct"")]"
MICE,20pct,deterministic,2054,17748,2022-07-21,0.0,0.3600000117905438,1,"C:\Users\yasemin.bozkurt\Desktop\article\DLPIF-repo-update\src\baseline_results.pkl::all_scenarios[(""mice"", ""20pct"")]"
MICE,20pct,deterministic,2060,17155,2022-07-23,0.0,0.008000000250467565,1,"C:\Users\yasemin.bozkurt\Desktop\article\DLPIF-repo-update\src\baseline_results.pkl::all_scenarios[(""mice"", ""20pct"")]"
MICE,20pct,deterministic,2061,17704,2022-07-23,0.0,0.0,1,"C:\Users\yasemin.bozkurt\Desktop\article\DLPIF-repo-update\src\baseline_results.pkl::all_scenarios[(""mice"", ""20pct"")]"
MICE,20pct,deterministic,2063,17750,2022-07-23,0.0,0.3560000186786056,1,"C:\Users\yasemin.bozkurt\Desktop\article\DLPIF-repo-update\src\baseline_results.pkl::all_scenarios[(""mice"", ""20pct"")]"
MICE,20pct,deterministic,2082,17748,2022-07-28,0.0,0.0,1,"C:\Users\yasemin.bozkurt\Desktop\article\DLPIF-repo-update\src\baseline_results.pkl::all_scenarios[(""mice"", ""20pct"")]"
MICE,20pct,deterministic,2083,17750,2022-07-28,0.0,0.0,1,"C:\Users\yasemin.bozkurt\Desktop\article\DLPIF-repo-update\src\baseline_results.pkl::all_scenarios[(""mice"", ""20pct"")]"
MICE,20pct,deterministic,2085,17704,2022-07-29,0.0,0.0,1,"C:\Users\yasemin.bozkurt\Desktop\article\DLPIF-repo-update\src\baseline_results.pkl::all_scenarios[(""mice"", ""20pct"")]"
MICE,20pct,deterministic,2086,17748,2022-07-29,0.0,0.26000000112690036,1,"C:\Users\yasemin.bozkurt\Desktop\article\DLPIF-repo-update\src\baseline_results.pkl::all_scenarios[(""mice"", ""20pct"")]"
MICE,20pct,deterministic,2088,17155,2022-07-30,0.0,0.28400000967085365,1,"C:\Users\yasemin.bozkurt\Desktop\article\DLPIF-repo-update\src\baseline_results.pkl::all_scenarios[(""mice"", ""20pct"")]"
MICE,20pct,deterministic,2090,17748,2022-07-30,0.0,0.06400000200374052,1,"C:\Users\yasemin.bozkurt\Desktop\article\DLPIF-repo-update\src\baseline_results.pkl::all_scenarios[(""mice"", ""20pct"")]"
MICE,20pct,deterministic,2097,17704,2022-08-01,0.0,0.26000000112690036,1,"C:\Users\yasemin.bozkurt\Desktop\article\DLPIF-repo-update\src\baseline_results.pkl::all_scenarios[(""mice"", ""20pct"")]"
MICE,20pct,deterministic,2106,17748,2022-08-03,0.0,0.06000000057974831,1,"C:\Users\yasemin.bozkurt\Desktop\article\DLPIF-repo-update\src\baseline_results.pkl::all_scenarios[(""mice"", ""20pct"")]"
MICE,20pct,deterministic,2116,17155,2022-08-06,0.0,6.714000025391579,1,"C:\Users\yasemin.bozkurt\Desktop\article\DLPIF-repo-update\src\baseline_results.pkl::all_scenarios[(""mice"", ""20pct"")]"
MICE,20pct,deterministic,2134,17748,2022-08-10,0.0,0.271999997086823,1,"C:\Users\yasemin.bozkurt\Desktop\article\DLPIF-repo-update\src\baseline_results.pkl::all_scenarios[(""mice"", ""20pct"")]"
MICE,20pct,deterministic,2137,17704,2022-08-11,0.0,0.11200000662356616,1,"C:\Users\yasemin.bozkurt\Desktop\article\DLPIF-repo-update\src\baseline_results.pkl::all_scenarios[(""mice"", ""20pct"")]"
MICE,20pct,deterministic,2139,17750,2022-08-11,0.0,0.26000000112690036,1,"C:\Users\yasemin.bozkurt\Desktop\article\DLPIF-repo-update\src\baseline_results.pkl::all_scenarios[(""mice"", ""20pct"")]"
MICE,20pct,deterministic,2149,17704,2022-08-14,2.2000000018626453,1.8080000784248116,1,"C:\Users\yasemin.bozkurt\Desktop\article\DLPIF-repo-update\src\baseline_results.pkl::all_scenarios[(""mice"", ""20pct"")]"
MICE,20pct,deterministic,2160,17155,2022-08-17,0.0,0.2800000165589154,1,"C:\Users\yasemin.bozkurt\Desktop\article\DLPIF-repo-update\src\baseline_results.pkl::all_scenarios[(""mice"", ""20pct"")]"
MICE,20pct,deterministic,2163,17750,2022-08-17,0.0,0.012000000115949662,1,"C:\Users\yasemin.bozkurt\Desktop\article\DLPIF-repo-update\src\baseline_results.pkl::all_scenarios[(""mice"", ""20pct"")]"
MICE,20pct,deterministic,2171,17750,2022-08-19,0.0,0.0,1,"C:\Users\yasemin.bozkurt\Desktop\article\DLPIF-repo-update\src\baseline_results.pkl::all_scenarios[(""mice"", ""20pct"")]"
MICE,20pct,deterministic,2173,17704,2022-08-20,0.0,0.47200001841411,1,"C:\Users\yasemin.bozkurt\Desktop\article\DLPIF-repo-update\src\baseline_results.pkl::all_scenarios[(""mice"", ""20pct"")]"
MICE,20pct,deterministic,2182,17748,2022-08-22,0.0,1.3560000255703928,1,"C:\Users\yasemin.bozkurt\Desktop\article\DLPIF-repo-update\src\baseline_results.pkl::all_scenarios[(""mice"", ""20pct"")]"
MICE,20pct,deterministic,2191,17750,2022-08-24,0.0,0.4760000115260482,1,"C:\Users\yasemin.bozkurt\Desktop\article\DLPIF-repo-update\src\baseline_results.pkl::all_scenarios[(""mice"", ""20pct"")]"
MICE,20pct,deterministic,2193,17704,2022-08-25,17.00000005066395,0.6480000145733357,1,"C:\Users\yasemin.bozkurt\Desktop\article\DLPIF-repo-update\src\baseline_results.pkl::all_scenarios[(""mice"", ""20pct"")]"
MICE,20pct,deterministic,2194,17748,2022-08-25,3.8000000394880775,8.070000050961973,1,"C:\Users\yasemin.bozkurt\Desktop\article\DLPIF-repo-update\src\baseline_results.pkl::all_scenarios[(""mice"", ""20pct"")]"
MICE,20pct,deterministic,2196,17155,2022-08-26,0.3000000153668225,4.386000110954047,1,"C:\Users\yasemin.bozkurt\Desktop\article\DLPIF-repo-update\src\baseline_results.pkl::all_scenarios[(""mice"", ""20pct"")]"
MICE,20pct,deterministic,2210,17748,2022-08-29,0.0,2.5720000594854358,1,"C:\Users\yasemin.bozkurt\Desktop\article\DLPIF-repo-update\src\baseline_results.pkl::all_scenarios[(""mice"", ""20pct"")]"
MICE,20pct,deterministic,2212,17155,2022-08-30,0.0,1.3960000231862069,1,"C:\Users\yasemin.bozkurt\Desktop\article\DLPIF-repo-update\src\baseline_results.pkl::all_scenarios[(""mice"", ""20pct"")]"
MICE,20pct,deterministic,2213,17704,2022-08-30,0.0,2.5000001169741157,1,"C:\Users\yasemin.bozkurt\Desktop\article\DLPIF-repo-update\src\baseline_results.pkl::all_scenarios[(""mice"", ""20pct"")]"
MICE,20pct,deterministic,2214,17748,2022-08-30,0.20000000470317902,0.3600000117905438,1,"C:\Users\yasemin.bozkurt\Desktop\article\DLPIF-repo-update\src\baseline_results.pkl::all_scenarios[(""mice"", ""20pct"")]"
MICE,20pct,deterministic,2229,17704,2022-09-03,0.0,1.144000091403723,1,"C:\Users\yasemin.bozkurt\Desktop\article\DLPIF-repo-update\src\baseline_results.pkl::all_scenarios[(""mice"", ""20pct"")]"
MICE,20pct,deterministic,2236,17155,2022-09-05,0.0,1.0120000194758179,1,"C:\Users\yasemin.bozkurt\Desktop\article\DLPIF-repo-update\src\baseline_results.pkl::all_scenarios[(""mice"", ""20pct"")]"
MICE,20pct,deterministic,2237,17704,2022-09-05,0.0,1.1479999847710134,1,"C:\Users\yasemin.bozkurt\Desktop\article\DLPIF-repo-update\src\baseline_results.pkl::all_scenarios[(""mice"", ""20pct"")]"
MICE,20pct,deterministic,2241,17704,2022-09-06,0.0,0.14400000139139593,1,"C:\Users\yasemin.bozkurt\Desktop\article\DLPIF-repo-update\src\baseline_results.pkl::all_scenarios[(""mice"", ""20pct"")]"
MICE,20pct,deterministic,2246,17748,2022-09-07,0.0,0.0800000035436824,1,"C:\Users\yasemin.bozkurt\Desktop\article\DLPIF-repo-update\src\baseline_results.pkl::all_scenarios[(""mice"", ""20pct"")]"
MICE,20pct,deterministic,2260,17155,2022-09-11,0.0,0.01600000050093513,1,"C:\Users\yasemin.bozkurt\Desktop\article\DLPIF-repo-update\src\baseline_results.pkl::all_scenarios[(""mice"", ""20pct"")]"
MICE,20pct,deterministic,2261,17704,2022-09-11,0.0,0.0,1,"C:\Users\yasemin.bozkurt\Desktop\article\DLPIF-repo-update\src\baseline_results.pkl::all_scenarios[(""mice"", ""20pct"")]"
MICE,20pct,deterministic,2262,17748,2022-09-11,0.0,0.008000000250467565,1,"C:\Users\yasemin.bozkurt\Desktop\article\DLPIF-repo-update\src\baseline_results.pkl::all_scenarios[(""mice"", ""20pct"")]"
MICE,20pct,deterministic,2265,17704,2022-09-12,0.0,0.0400000017718412,1,"C:\Users\yasemin.bozkurt\Desktop\article\DLPIF-repo-update\src\baseline_results.pkl::all_scenarios[(""mice"", ""20pct"")]"
MICE,20pct,deterministic,2270,17748,2022-09-13,0.0,1.5160000160336495,1,"C:\Users\yasemin.bozkurt\Desktop\article\DLPIF-repo-update\src\baseline_results.pkl::all_scenarios[(""mice"", ""20pct"")]"
MICE,20pct,deterministic,2279,17750,2022-09-15,0.0,0.004000000125233783,1,"C:\Users\yasemin.bozkurt\Desktop\article\DLPIF-repo-update\src\baseline_results.pkl::all_scenarios[(""mice"", ""20pct"")]"
MICE,20pct,deterministic,2280,17155,2022-09-16,0.0,0.0,1,"C:\Users\yasemin.bozkurt\Desktop\article\DLPIF-repo-update\src\baseline_results.pkl::all_scenarios[(""mice"", ""20pct"")]"
MICE,20pct,deterministic,2281,17704,2022-09-16,0.0,0.0,1,"C:\Users\yasemin.bozkurt\Desktop\article\DLPIF-repo-update\src\baseline_results.pkl::all_scenarios[(""mice"", ""20pct"")]"
MICE,20pct,deterministic,2282,17748,2022-09-16,0.0,0.0,1,"C:\Users\yasemin.bozkurt\Desktop\article\DLPIF-repo-update\src\baseline_results.pkl::all_scenarios[(""mice"", ""20pct"")]"
MICE,20pct,deterministic,2285,17704,2022-09-17,0.0,0.0,1,"C:\Users\yasemin.bozkurt\Desktop\article\DLPIF-repo-update\src\baseline_results.pkl::all_scenarios[(""mice"", ""20pct"")]"
MICE,20pct,deterministic,2298,17748,2022-09-20,0.0,0.5800000319257379,1,"C:\Users\yasemin.bozkurt\Desktop\article\DLPIF-repo-update\src\baseline_results.pkl::all_scenarios[(""mice"", ""20pct"")]"
MICE,20pct,deterministic,2305,17704,2022-09-22,0.0,2.9920000344514848,1,"C:\Users\yasemin.bozkurt\Desktop\article\DLPIF-repo-update\src\baseline_results.pkl::all_scenarios[(""mice"", ""20pct"")]"
MICE,20pct,deterministic,2311,17750,2022-09-23,0.0,0.0,1,"C:\Users\yasemin.bozkurt\Desktop\article\DLPIF-repo-update\src\baseline_results.pkl::all_scenarios[(""mice"", ""20pct"")]"
MICE,20pct,deterministic,2318,17748,2022-09-25,0.0,0.012000000115949662,1,"C:\Users\yasemin.bozkurt\Desktop\article\DLPIF-repo-update\src\baseline_results.pkl::all_scenarios[(""mice"", ""20pct"")]"
MICE,20pct,deterministic,2322,17748,2022-09-26,0.0,0.012000000115949662,1,"C:\Users\yasemin.bozkurt\Desktop\article\DLPIF-repo-update\src\baseline_results.pkl::all_scenarios[(""mice"", ""20pct"")]"
MICE,20pct,deterministic,2325,17704,2022-09-27,0.0,0.008000000250467565,1,"C:\Users\yasemin.bozkurt\Desktop\article\DLPIF-repo-update\src\baseline_results.pkl::all_scenarios[(""mice"", ""20pct"")]"
MICE,20pct,deterministic,2346,17748,2022-10-02,0.0,0.024000000231899323,1,"C:\Users\yasemin.bozkurt\Desktop\article\DLPIF-repo-update\src\baseline_results.pkl::all_scenarios[(""mice"", ""20pct"")]"
MICE,20pct,deterministic,2347,17750,2022-10-02,0.0,0.01600000050093513,1,"C:\Users\yasemin.bozkurt\Desktop\article\DLPIF-repo-update\src\baseline_results.pkl::all_scenarios[(""mice"", ""20pct"")]"
MICE,20pct,deterministic,2352,17155,2022-10-04,0.0,1.596000011265278,1,"C:\Users\yasemin.bozkurt\Desktop\article\DLPIF-repo-update\src\baseline_results.pkl::all_scenarios[(""mice"", ""20pct"")]"
MICE,20pct,deterministic,2354,17748,2022-10-04,0.0,0.4839999977499247,1,"C:\Users\yasemin.bozkurt\Desktop\article\DLPIF-repo-update\src\baseline_results.pkl::all_scenarios[(""mice"", ""20pct"")]"
MICE,20pct,deterministic,2361,17704,2022-10-06,0.0,0.29199999589473014,1,"C:\Users\yasemin.bozkurt\Desktop\article\DLPIF-repo-update\src\baseline_results.pkl::all_scenarios[(""mice"", ""20pct"")]"
MICE,20pct,deterministic,2368,17155,2022-10-08,2.2000000018626453,12.480000320076943,1,"C:\Users\yasemin.bozkurt\Desktop\article\DLPIF-repo-update\src\baseline_results.pkl::all_scenarios[(""mice"", ""20pct"")]"
MICE,20pct,deterministic,2370,17748,2022-10-08,0.40000000940635805,2.084000035375357,1,"C:\Users\yasemin.bozkurt\Desktop\article\DLPIF-repo-update\src\baseline_results.pkl::all_scenarios[(""mice"", ""20pct"")]"
MICE,20pct,deterministic,2374,17748,2022-10-09,0.20000000470317902,0.16800000993534925,1,"C:\Users\yasemin.bozkurt\Desktop\article\DLPIF-repo-update\src\baseline_results.pkl::all_scenarios[(""mice"", ""20pct"")]"
MICE,20pct,deterministic,2382,17748,2022-10-11,0.0,0.06400000200374052,1,"C:\Users\yasemin.bozkurt\Desktop\article\DLPIF-repo-update\src\baseline_results.pkl::all_scenarios[(""mice"", ""20pct"")]"
MICE,20pct,deterministic,2383,17750,2022-10-11,0.0,0.22399999662302436,1,"C:\Users\yasemin.bozkurt\Desktop\article\DLPIF-repo-update\src\baseline_results.pkl::all_scenarios[(""mice"", ""20pct"")]"
MICE,20pct,deterministic,2384,17155,2022-10-12,0.0,0.8320000302046539,1,"C:\Users\yasemin.bozkurt\Desktop\article\DLPIF-repo-update\src\baseline_results.pkl::all_scenarios[(""mice"", ""20pct"")]"
MICE,20pct,deterministic,2387,17750,2022-10-12,0.0,0.07200000069569797,1,"C:\Users\yasemin.bozkurt\Desktop\article\DLPIF-repo-update\src\baseline_results.pkl::all_scenarios[(""mice"", ""20pct"")]"
MICE,20pct,deterministic,2396,17155,2022-10-15,4.300000009685755,13.050000286102296,1,"C:\Users\yasemin.bozkurt\Desktop\article\DLPIF-repo-update\src\baseline_results.pkl::all_scenarios[(""mice"", ""20pct"")]"
MICE,20pct,deterministic,2398,17748,2022-10-15,2.6000001110136512,12.774000728130341,1,"C:\Users\yasemin.bozkurt\Desktop\article\DLPIF-repo-update\src\baseline_results.pkl::all_scenarios[(""mice"", ""20pct"")]"
MICE,20pct,deterministic,2400,17155,2022-10-16,2.2000000018626453,10.512000650167467,1,"C:\Users\yasemin.bozkurt\Desktop\article\DLPIF-repo-update\src\baseline_results.pkl::all_scenarios[(""mice"", ""20pct"")]"
MICE,20pct,deterministic,2401,17704,2022-10-16,4.400000003725291,6.912000332772732,1,"C:\Users\yasemin.bozkurt\Desktop\article\DLPIF-repo-update\src\baseline_results.pkl::all_scenarios[(""mice"", ""20pct"")]"
MICE,20pct,deterministic,2414,17748,2022-10-19,0.0,6.844000017642975,1,"C:\Users\yasemin.bozkurt\Desktop\article\DLPIF-repo-update\src\baseline_results.pkl::all_scenarios[(""mice"", ""20pct"")]"
MICE,20pct,deterministic,2421,17704,2022-10-21,0.0,0.0200000008859206,1,"C:\Users\yasemin.bozkurt\Desktop\article\DLPIF-repo-update\src\baseline_results.pkl::all_scenarios[(""mice"", ""20pct"")]"
MICE,20pct,deterministic,2422,17748,2022-10-21,0.0,0.16800000993534925,1,"C:\Users\yasemin.bozkurt\Desktop\article\DLPIF-repo-update\src\baseline_results.pkl::all_scenarios[(""mice"", ""20pct"")]"
MICE,20pct,deterministic,2424,17155,2022-10-22,0.0,0.14800001112744213,1,"C:\Users\yasemin.bozkurt\Desktop\article\DLPIF-repo-update\src\baseline_results.pkl::all_scenarios[(""mice"", ""20pct"")]"
MICE,20pct,deterministic,2429,17704,2022-10-23,0.0,0.024000000231899323,1,"C:\Users\yasemin.bozkurt\Desktop\article\DLPIF-repo-update\src\baseline_results.pkl::all_scenarios[(""mice"", ""20pct"")]"
MICE,20pct,deterministic,2432,17155,2022-10-24,0.0,0.01600000050093513,1,"C:\Users\yasemin.bozkurt\Desktop\article\DLPIF-repo-update\src\baseline_results.pkl::all_scenarios[(""mice"", ""20pct"")]"
MICE,20pct,deterministic,2435,17750,2022-10-24,0.0,0.0800000035436824,1,"C:\Users\yasemin.bozkurt\Desktop\article\DLPIF-repo-update\src\baseline_results.pkl::all_scenarios[(""mice"", ""20pct"")]"
MICE,20pct,deterministic,2439,17750,2022-10-25,0.0,0.008000000250467565,1,"C:\Users\yasemin.bozkurt\Desktop\article\DLPIF-repo-update\src\baseline_results.pkl::all_scenarios[(""mice"", ""20pct"")]"
MICE,20pct,deterministic,2440,17155,2022-10-26,0.0,0.19599999496713283,1,"C:\Users\yasemin.bozkurt\Desktop\article\DLPIF-repo-update\src\baseline_results.pkl::all_scenarios[(""mice"", ""20pct"")]"
MICE,20pct,deterministic,2442,17748,2022-10-26,0.0,0.9840000344440342,1,"C:\Users\yasemin.bozkurt\Desktop\article\DLPIF-repo-update\src\baseline_results.pkl::all_scenarios[(""mice"", ""20pct"")]"
MICE,20pct,deterministic,2443,17750,2022-10-26,0.0,0.004000000125233783,1,"C:\Users\yasemin.bozkurt\Desktop\article\DLPIF-repo-update\src\baseline_results.pkl::all_scenarios[(""mice"", ""20pct"")]"
MICE,20pct,deterministic,2449,17704,2022-10-28,0.0,0.9520000230520964,1,"C:\Users\yasemin.bozkurt\Desktop\article\DLPIF-repo-update\src\baseline_results.pkl::all_scenarios[(""mice"", ""20pct"")]"
MICE,20pct,deterministic,2450,17748,2022-10-28,0.0,0.09199999950360507,1,"C:\Users\yasemin.bozkurt\Desktop\article\DLPIF-repo-update\src\baseline_results.pkl::all_scenarios[(""mice"", ""20pct"")]"
MICE,20pct,deterministic,2451,17750,2022-10-28,0.0,0.03200000100187026,1,"C:\Users\yasemin.bozkurt\Desktop\article\DLPIF-repo-update\src\baseline_results.pkl::all_scenarios[(""mice"", ""20pct"")]"
MICE,20pct,deterministic,2455,17750,2022-10-29,0.0,0.0400000017718412,1,"C:\Users\yasemin.bozkurt\Desktop\article\DLPIF-repo-update\src\baseline_results.pkl::all_scenarios[(""mice"", ""20pct"")]"
MICE,20pct,deterministic,2457,17704,2022-10-30,0.0,0.03200000100187026,1,"C:\Users\yasemin.bozkurt\Desktop\article\DLPIF-repo-update\src\baseline_results.pkl::all_scenarios[(""mice"", ""20pct"")]"
MICE,20pct,deterministic,2464,17155,2022-11-01,0.0,0.10400000377558173,1,"C:\Users\yasemin.bozkurt\Desktop\article\DLPIF-repo-update\src\baseline_results.pkl::all_scenarios[(""mice"", ""20pct"")]"
MICE,20pct,deterministic,2466,17748,2022-11-01,0.0,0.048000000463798646,1,"C:\Users\yasemin.bozkurt\Desktop\article\DLPIF-repo-update\src\baseline_results.pkl::all_scenarios[(""mice"", ""20pct"")]"
MICE,20pct,deterministic,2474,17748,2022-11-03,0.0,0.06000000057974831,1,"C:\Users\yasemin.bozkurt\Desktop\article\DLPIF-repo-update\src\baseline_results.pkl::all_scenarios[(""mice"", ""20pct"")]"
MICE,20pct,deterministic,2479,17750,2022-11-04,0.0,0.004000000125233783,1,"C:\Users\yasemin.bozkurt\Desktop\article\DLPIF-repo-update\src\baseline_results.pkl::all_scenarios[(""mice"", ""20pct"")]"
MICE,20pct,deterministic,2493,17704,2022-11-08,0.0,1.144000091403723,1,"C:\Users\yasemin.bozkurt\Desktop\article\DLPIF-repo-update\src\baseline_results.pkl::all_scenarios[(""mice"", ""20pct"")]"
MICE,20pct,deterministic,2502,17748,2022-11-10,0.0,0.07200000069569797,1,"C:\Users\yasemin.bozkurt\Desktop\article\DLPIF-repo-update\src\baseline_results.pkl::all_scenarios[(""mice"", ""20pct"")]"
MICE,20pct,deterministic,2519,17750,2022-11-14,0.0,0.0400000017718412,1,"C:\Users\yasemin.bozkurt\Desktop\article\DLPIF-repo-update\src\baseline_results.pkl::all_scenarios[(""mice"", ""20pct"")]"
MICE,20pct,deterministic,2522,17748,2022-11-15,0.0,1.0000000068917871,1,"C:\Users\yasemin.bozkurt\Desktop\article\DLPIF-repo-update\src\baseline_results.pkl::all_scenarios[(""mice"", ""20pct"")]"
MICE,20pct,deterministic,2524,17155,2022-11-16,0.0,0.7000000247731806,1,"C:\Users\yasemin.bozkurt\Desktop\article\DLPIF-repo-update\src\baseline_results.pkl::all_scenarios[(""mice"", ""20pct"")]"
MICE,20pct,deterministic,2525,17704,2022-11-16,0.0,0.0800000035436824,1,"C:\Users\yasemin.bozkurt\Desktop\article\DLPIF-repo-update\src\baseline_results.pkl::all_scenarios[(""mice"", ""20pct"")]"
MICE,20pct,deterministic,2531,17750,2022-11-17,0.0,0.1600000070873648,1,"C:\Users\yasemin.bozkurt\Desktop\article\DLPIF-repo-update\src\baseline_results.pkl::all_scenarios[(""mice"", ""20pct"")]"
MICE,20pct,deterministic,2538,17748,2022-11-19,3.2000000752508644,3.520000056177378,1,"C:\Users\yasemin.bozkurt\Desktop\article\DLPIF-repo-update\src\baseline_results.pkl::all_scenarios[(""mice"", ""20pct"")]"
MICE,20pct,deterministic,2540,17155,2022-11-20,0.0,0.11199999831151218,1,"C:\Users\yasemin.bozkurt\Desktop\article\DLPIF-repo-update\src\baseline_results.pkl::all_scenarios[(""mice"", ""20pct"")]"
MICE,20pct,deterministic,2551,17750,2022-11-22,16.400000086426736,3.08800013512373,1,"C:\Users\yasemin.bozkurt\Desktop\article\DLPIF-repo-update\src\baseline_results.pkl::all_scenarios[(""mice"", ""20pct"")]"
MICE,20pct,deterministic,2553,17704,2022-11-23,0.0,0.6800000259652734,1,"C:\Users\yasemin.bozkurt\Desktop\article\DLPIF-repo-update\src\baseline_results.pkl::all_scenarios[(""mice"", ""20pct"")]"
MICE,20pct,deterministic,2559,17750,2022-11-24,19.800000947713855,4.416000109165907,1,"C:\Users\yasemin.bozkurt\Desktop\article\DLPIF-repo-update\src\baseline_results.pkl::all_scenarios[(""mice"", ""20pct"")]"
MICE,20pct,deterministic,2564,17155,2022-11-26,1.5000000435858967,2.9480001434683802,1,"C:\Users\yasemin.bozkurt\Desktop\article\DLPIF-repo-update\src\baseline_results.pkl::all_scenarios[(""mice"", ""20pct"")]"
MICE,20pct,deterministic,2565,17704,2022-11-26,0.600000030733645,3.631999996304512,1,"C:\Users\yasemin.bozkurt\Desktop\article\DLPIF-repo-update\src\baseline_results.pkl::all_scenarios[(""mice"", ""20pct"")]"
MICE,20pct,deterministic,2568,17155,2022-11-27,0.0,1.3819999974220993,1,"C:\Users\yasemin.bozkurt\Desktop\article\DLPIF-repo-update\src\baseline_results.pkl::all_scenarios[(""mice"", ""20pct"")]"
MICE,20pct,deterministic,2578,17748,2022-11-29,0.0,6.688000452518463,1,"C:\Users\yasemin.bozkurt\Desktop\article\DLPIF-repo-update\src\baseline_results.pkl::all_scenarios[(""mice"", ""20pct"")]"
MICE,20pct,deterministic,2588,17155,2022-12-02,2.0000000137835743,0.40799999563023454,1,"C:\Users\yasemin.bozkurt\Desktop\article\DLPIF-repo-update\src\baseline_results.pkl::all_scenarios[(""mice"", ""20pct"")]"
MICE,20pct,deterministic,2589,17704,2022-12-02,1.8000000257045032,2.4680001720786096,1,"C:\Users\yasemin.bozkurt\Desktop\article\DLPIF-repo-update\src\baseline_results.pkl::all_scenarios[(""mice"", ""20pct"")]"
MICE,20pct,deterministic,2605,17704,2022-12-06,0.0,0.672000039741397,1,"C:\Users\yasemin.bozkurt\Desktop\article\DLPIF-repo-update\src\baseline_results.pkl::all_scenarios[(""mice"", ""20pct"")]"
MICE,20pct,deterministic,2608,17155,2022-12-07,0.0,8.238000360131265,1,"C:\Users\yasemin.bozkurt\Desktop\article\DLPIF-repo-update\src\baseline_results.pkl::all_scenarios[(""mice"", ""20pct"")]"
MICE,20pct,deterministic,2612,17155,2022-12-08,0.0,5.164000117778778,1,"C:\Users\yasemin.bozkurt\Desktop\article\DLPIF-repo-update\src\baseline_results.pkl::all_scenarios[(""mice"", ""20pct"")]"
MICE,20pct,deterministic,2617,17704,2022-12-09,0.600000030733645,2.265999971330166,1,"C:\Users\yasemin.bozkurt\Desktop\article\DLPIF-repo-update\src\baseline_results.pkl::all_scenarios[(""mice"", ""20pct"")]"
MICE,20pct,deterministic,2622,17748,2022-12-10,0.0,11.29599996507168,1,"C:\Users\yasemin.bozkurt\Desktop\article\DLPIF-repo-update\src\baseline_results.pkl::all_scenarios[(""mice"", ""20pct"")]"
MICE,20pct,deterministic,2625,17704,2022-12-11,2.8000000990927223,3.2200000740587713,1,"C:\Users\yasemin.bozkurt\Desktop\article\DLPIF-repo-update\src\baseline_results.pkl::all_scenarios[(""mice"", ""20pct"")]"
MICE,20pct,deterministic,2627,17750,2022-12-11,0.20000000470317902,2.7239999972283844,1,"C:\Users\yasemin.bozkurt\Desktop\article\DLPIF-repo-update\src\baseline_results.pkl::all_scenarios[(""mice"", ""20pct"")]"
MICE,20pct,deterministic,2635,17750,2022-12-13,1.4000000495463611,4.084000182151795,1,"C:\Users\yasemin.bozkurt\Desktop\article\DLPIF-repo-update\src\baseline_results.pkl::all_scenarios[(""mice"", ""20pct"")]"
MICE,20pct,deterministic,2645,17704,2022-12-16,0.0,0.6959999984130264,1,"C:\Users\yasemin.bozkurt\Desktop\article\DLPIF-repo-update\src\baseline_results.pkl::all_scenarios[(""mice"", ""20pct"")]"
MICE,20pct,deterministic,2654,17748,2022-12-18,0.0,2.786000206321478,1,"C:\Users\yasemin.bozkurt\Desktop\article\DLPIF-repo-update\src\baseline_results.pkl::all_scenarios[(""mice"", ""20pct"")]"
MICE,20pct,deterministic,2655,17750,2022-12-18,0.20000000470317902,1.576000012457371,1,"C:\Users\yasemin.bozkurt\Desktop\article\DLPIF-repo-update\src\baseline_results.pkl::all_scenarios[(""mice"", ""20pct"")]"
MICE,20pct,deterministic,2657,17704,2022-12-19,0.0,0.12800000400748104,1,"C:\Users\yasemin.bozkurt\Desktop\article\DLPIF-repo-update\src\baseline_results.pkl::all_scenarios[(""mice"", ""20pct"")]"
MICE,20pct,deterministic,2679,17750,2022-12-24,0.0,0.8240000439807773,1,"C:\Users\yasemin.bozkurt\Desktop\article\DLPIF-repo-update\src\baseline_results.pkl::all_scenarios[(""mice"", ""20pct"")]"
MICE,20pct,deterministic,2682,17748,2022-12-25,0.0,7.472000299394131,1,"C:\Users\yasemin.bozkurt\Desktop\article\DLPIF-repo-update\src\baseline_results.pkl::all_scenarios[(""mice"", ""20pct"")]"
MICE,20pct,deterministic,2683,17750,2022-12-25,0.0,0.9680000619962812,1,"C:\Users\yasemin.bozkurt\Desktop\article\DLPIF-repo-update\src\baseline_results.pkl::all_scenarios[(""mice"", ""20pct"")]"
MICE,20pct,deterministic,2684,17155,2022-12-26,0.10000000235158951,3.2520000189542775,1,"C:\Users\yasemin.bozkurt\Desktop\article\DLPIF-repo-update\src\baseline_results.pkl::all_scenarios[(""mice"", ""20pct"")]"
MICE,20pct,deterministic,2687,17750,2022-12-26,0.0,0.2560000080149621,1,"C:\Users\yasemin.bozkurt\Desktop\article\DLPIF-repo-update\src\baseline_results.pkl::all_scenarios[(""mice"", ""20pct"")]"
MICE,20pct,deterministic,2690,17748,2022-12-27,0.0,0.04399999903980643,1,"C:\Users\yasemin.bozkurt\Desktop\article\DLPIF-repo-update\src\baseline_results.pkl::all_scenarios[(""mice"", ""20pct"")]"
MICE,20pct,deterministic,2693,17704,2022-12-28,0.0,0.008000000250467565,1,"C:\Users\yasemin.bozkurt\Desktop\article\DLPIF-repo-update\src\baseline_results.pkl::all_scenarios[(""mice"", ""20pct"")]"
MICE,20pct,deterministic,2698,17748,2022-12-29,0.0,1.4640000723302367,1,"C:\Users\yasemin.bozkurt\Desktop\article\DLPIF-repo-update\src\baseline_results.pkl::all_scenarios[(""mice"", ""20pct"")]"
MICE,20pct,deterministic,2700,17155,2022-12-30,0.0,1.1239999596029522,1,"C:\Users\yasemin.bozkurt\Desktop\article\DLPIF-repo-update\src\baseline_results.pkl::all_scenarios[(""mice"", ""20pct"")]"
MICE,20pct,deterministic,2707,17750,2022-12-31,0.0,0.3000000153668225,1,"C:\Users\yasemin.bozkurt\Desktop\article\DLPIF-repo-update\src\baseline_results.pkl::all_scenarios[(""mice"", ""20pct"")]"
MICE,20pct,deterministic,2708,17155,2023-01-01,0.0,0.5160000091418624,1,"C:\Users\yasemin.bozkurt\Desktop\article\DLPIF-repo-update\src\baseline_results.pkl::all_scenarios[(""mice"", ""20pct"")]"
MICE,20pct,deterministic,2709,17704,2023-01-01,0.0,0.15200000423938037,1,"C:\Users\yasemin.bozkurt\Desktop\article\DLPIF-repo-update\src\baseline_results.pkl::all_scenarios[(""mice"", ""20pct"")]"
MICE,20pct,deterministic,2712,17155,2023-01-02,0.0,0.15200000423938037,1,"C:\Users\yasemin.bozkurt\Desktop\article\DLPIF-repo-update\src\baseline_results.pkl::all_scenarios[(""mice"", ""20pct"")]"
MICE,20pct,deterministic,2716,17155,2023-01-03,0.0,0.0200000008859206,1,"C:\Users\yasemin.bozkurt\Desktop\article\DLPIF-repo-update\src\baseline_results.pkl::all_scenarios[(""mice"", ""20pct"")]"
MICE,20pct,deterministic,2723,17750,2023-01-04,0.0,0.004000000125233783,1,"C:\Users\yasemin.bozkurt\Desktop\article\DLPIF-repo-update\src\baseline_results.pkl::all_scenarios[(""mice"", ""20pct"")]"
MICE,20pct,deterministic,2727,17750,2023-01-05,0.0,0.24800000516697768,1,"C:\Users\yasemin.bozkurt\Desktop\article\DLPIF-repo-update\src\baseline_results.pkl::all_scenarios[(""mice"", ""20pct"")]"
MICE,20pct,deterministic,2729,17704,2023-01-06,0.0,0.436000013910234,1,"C:\Users\yasemin.bozkurt\Desktop\article\DLPIF-repo-update\src\baseline_results.pkl::all_scenarios[(""mice"", ""20pct"")]"
MICE,20pct,deterministic,2738,17748,2023-01-08,0.0,0.01600000050093513,1,"C:\Users\yasemin.bozkurt\Desktop\article\DLPIF-repo-update\src\baseline_results.pkl::all_scenarios[(""mice"", ""20pct"")]"
MICE,20pct,deterministic,2746,17748,2023-01-10,0.0,0.16800000993534925,1,"C:\Users\yasemin.bozkurt\Desktop\article\DLPIF-repo-update\src\baseline_results.pkl::all_scenarios[(""mice"", ""20pct"")]"
MICE,20pct,deterministic,2751,17750,2023-01-11,6.6000001385808,2.104000034183264,1,"C:\Users\yasemin.bozkurt\Desktop\article\DLPIF-repo-update\src\baseline_results.pkl::all_scenarios[(""mice"", ""20pct"")]"
MICE,20pct,deterministic,2754,17748,2023-01-12,19.00000099539757,4.616000363230706,1,"C:\Users\yasemin.bozkurt\Desktop\article\DLPIF-repo-update\src\baseline_results.pkl::all_scenarios[(""mice"", ""20pct"")]"
MICE,20pct,deterministic,2755,17750,2023-01-12,26.4000005543232,3.4780001118779187,1,"C:\Users\yasemin.bozkurt\Desktop\article\DLPIF-repo-update\src\baseline_results.pkl::all_scenarios[(""mice"", ""20pct"")]"
MICE,20pct,deterministic,2761,17704,2023-01-14,0.0,1.1679999835789205,1,"C:\Users\yasemin.bozkurt\Desktop\article\DLPIF-repo-update\src\baseline_results.pkl::all_scenarios[(""mice"", ""20pct"")]"
MICE,20pct,deterministic,2763,17750,2023-01-14,0.0,0.3760000174865127,1,"C:\Users\yasemin.bozkurt\Desktop\article\DLPIF-repo-update\src\baseline_results.pkl::all_scenarios[(""mice"", ""20pct"")]"
MICE,20pct,deterministic,2771,17750,2023-01-16,0.0,0.0800000035436824,1,"C:\Users\yasemin.bozkurt\Desktop\article\DLPIF-repo-update\src\baseline_results.pkl::all_scenarios[(""mice"", ""20pct"")]"
MICE,20pct,deterministic,2772,17155,2023-01-17,0.0,0.692000038549304,1,"C:\Users\yasemin.bozkurt\Desktop\article\DLPIF-repo-update\src\baseline_results.pkl::all_scenarios[(""mice"", ""20pct"")]"
MICE,20pct,deterministic,2776,17155,2023-01-18,0.0,3.0359999254345897,1,"C:\Users\yasemin.bozkurt\Desktop\article\DLPIF-repo-update\src\baseline_results.pkl::all_scenarios[(""mice"", ""20pct"")]"
MICE,20pct,deterministic,2783,17750,2023-01-19,0.0,0.7200000235810876,1,"C:\Users\yasemin.bozkurt\Desktop\article\DLPIF-repo-update\src\baseline_results.pkl::all_scenarios[(""mice"", ""20pct"")]"
MICE,20pct,deterministic,2788,17155,2023-01-21,0.10000000235158951,0.8520000290125609,1,"C:\Users\yasemin.bozkurt\Desktop\article\DLPIF-repo-update\src\baseline_results.pkl::all_scenarios[(""mice"", ""20pct"")]"
MICE,20pct,deterministic,2790,17748,2023-01-21,3.2000000752508644,10.472000652551651,1,"C:\Users\yasemin.bozkurt\Desktop\article\DLPIF-repo-update\src\baseline_results.pkl::all_scenarios[(""mice"", ""20pct"")]"
MICE,20pct,deterministic,2795,17750,2023-01-22,0.0,0.24000000231899324,1,"C:\Users\yasemin.bozkurt\Desktop\article\DLPIF-repo-update\src\baseline_results.pkl::all_scenarios[(""mice"", ""20pct"")]"
MICE,20pct,deterministic,2800,17155,2023-01-24,0.0,0.32400000728666783,1,"C:\Users\yasemin.bozkurt\Desktop\article\DLPIF-repo-update\src\baseline_results.pkl::all_scenarios[(""mice"", ""20pct"")]"
MICE,20pct,deterministic,2803,17750,2023-01-24,0.20000000470317902,0.3679999980144203,1,"C:\Users\yasemin.bozkurt\Desktop\article\DLPIF-repo-update\src\baseline_results.pkl::all_scenarios[(""mice"", ""20pct"")]"
MICE,20pct,deterministic,2804,17155,2023-01-25,0.0,2.5440000079572203,1,"C:\Users\yasemin.bozkurt\Desktop\article\DLPIF-repo-update\src\baseline_results.pkl::all_scenarios[(""mice"", ""20pct"")]"
MICE,20pct,deterministic,2811,17750,2023-01-26,0.0,0.0400000017718412,1,"C:\Users\yasemin.bozkurt\Desktop\article\DLPIF-repo-update\src\baseline_results.pkl::all_scenarios[(""mice"", ""20pct"")]"
MICE,20pct,deterministic,2826,17748,2023-01-30,0.600000030733645,7.183999997377396,1,"C:\Users\yasemin.bozkurt\Desktop\article\DLPIF-repo-update\src\baseline_results.pkl::all_scenarios[(""mice"", ""20pct"")]"
MICE,20pct,deterministic,2828,17155,2023-01-31,1.5000000435858967,1.1279999859631062,1,"C:\Users\yasemin.bozkurt\Desktop\article\DLPIF-repo-update\src\baseline_results.pkl::all_scenarios[(""mice"", ""20pct"")]"
MICE,20pct,deterministic,2831,17750,2023-01-31,0.0,0.03200000100187026,1,"C:\Users\yasemin.bozkurt\Desktop\article\DLPIF-repo-update\src\baseline_results.pkl::all_scenarios[(""mice"", ""20pct"")]"
MICE,20pct,deterministic,2842,17748,2023-02-03,0.40000000940635805,2.9160001985728745,1,"C:\Users\yasemin.bozkurt\Desktop\article\DLPIF-repo-update\src\baseline_results.pkl::all_scenarios[(""mice"", ""20pct"")]"
MICE,20pct,deterministic,2843,17750,2023-02-03,0.0,1.2360000327229501,1,"C:\Users\yasemin.bozkurt\Desktop\article\DLPIF-repo-update\src\baseline_results.pkl::all_scenarios[(""mice"", ""20pct"")]"
MICE,20pct,deterministic,2845,17704,2023-02-04,0.0,7.276000204682351,1,"C:\Users\yasemin.bozkurt\Desktop\article\DLPIF-repo-update\src\baseline_results.pkl::all_scenarios[(""mice"", ""20pct"")]"
MICE,20pct,deterministic,2847,17750,2023-02-04,0.8000000188127161,0.5600000331178308,1,"C:\Users\yasemin.bozkurt\Desktop\article\DLPIF-repo-update\src\baseline_results.pkl::all_scenarios[(""mice"", ""20pct"")]"
MICE,20pct,deterministic,2855,17750,2023-02-06,0.600000030733645,4.052000237256289,1,"C:\Users\yasemin.bozkurt\Desktop\article\DLPIF-repo-update\src\baseline_results.pkl::all_scenarios[(""mice"", ""20pct"")]"
MICE,20pct,deterministic,2856,17155,2023-02-07,0.10000000235158951,3.8440001964569097,1,"C:\Users\yasemin.bozkurt\Desktop\article\DLPIF-repo-update\src\baseline_results.pkl::all_scenarios[(""mice"", ""20pct"")]"
MICE,20pct,deterministic,2860,17155,2023-02-08,0.40000000940635805,1.688000085577369,1,"C:\Users\yasemin.bozkurt\Desktop\article\DLPIF-repo-update\src\baseline_results.pkl::all_scenarios[(""mice"", ""20pct"")]"
MICE,20pct,deterministic,2861,17704,2023-02-08,0.0,0.29600002225488425,1,"C:\Users\yasemin.bozkurt\Desktop\article\DLPIF-repo-update\src\baseline_results.pkl::all_scenarios[(""mice"", ""20pct"")]"
MICE,20pct,deterministic,2864,17155,2023-02-09,0.10000000235158951,0.3520000255666674,1,"C:\Users\yasemin.bozkurt\Desktop\article\DLPIF-repo-update\src\baseline_results.pkl::all_scenarios[(""mice"", ""20pct"")]"
MICE,20pct,deterministic,2867,17750,2023-02-09,0.0,0.41199998874217275,1,"C:\Users\yasemin.bozkurt\Desktop\article\DLPIF-repo-update\src\baseline_results.pkl::all_scenarios[(""mice"", ""20pct"")]"
MICE,20pct,deterministic,2879,17750,2023-02-12,0.0,0.3519999923184514,1,"C:\Users\yasemin.bozkurt\Desktop\article\DLPIF-repo-update\src\baseline_results.pkl::all_scenarios[(""mice"", ""20pct"")]"
MICE,20pct,deterministic,2896,17155,2023-02-17,0.0,0.1739999996032566,1,"C:\Users\yasemin.bozkurt\Desktop\article\DLPIF-repo-update\src\baseline_results.pkl::all_scenarios[(""mice"", ""20pct"")]"
MICE,20pct,deterministic,2902,17748,2023-02-18,0.0,0.05600000331178308,1,"C:\Users\yasemin.bozkurt\Desktop\article\DLPIF-repo-update\src\baseline_results.pkl::all_scenarios[(""mice"", ""20pct"")]"
MICE,20pct,deterministic,2912,17155,2023-02-21,2.40000012293458,0.18399999900721015,1,"C:\Users\yasemin.bozkurt\Desktop\article\DLPIF-repo-update\src\baseline_results.pkl::all_scenarios[(""mice"", ""20pct"")]"
MICE,20pct,deterministic,2919,17750,2023-02-22,0.20000000470317902,0.008000000250467565,1,"C:\Users\yasemin.bozkurt\Desktop\article\DLPIF-repo-update\src\baseline_results.pkl::all_scenarios[(""mice"", ""20pct"")]"
MICE,20pct,deterministic,2922,17748,2023-02-23,0.0,0.42799999443814163,1,"C:\Users\yasemin.bozkurt\Desktop\article\DLPIF-repo-update\src\baseline_results.pkl::all_scenarios[(""mice"", ""20pct"")]"
MICE,20pct,deterministic,2925,17704,2023-02-24,0.0,0.06000000057974831,1,"C:\Users\yasemin.bozkurt\Desktop\article\DLPIF-repo-update\src\baseline_results.pkl::all_scenarios[(""mice"", ""20pct"")]"
MICE,20pct,deterministic,2937,17704,2023-02-27,0.0,0.06400000200374052,1,"C:\Users\yasemin.bozkurt\Desktop\article\DLPIF-repo-update\src\baseline_results.pkl::all_scenarios[(""mice"", ""20pct"")]"
MICE,20pct,deterministic,2941,17704,2023-02-28,0.0,0.07600000211969019,1,"C:\Users\yasemin.bozkurt\Desktop\article\DLPIF-repo-update\src\baseline_results.pkl::all_scenarios[(""mice"", ""20pct"")]"
MICE,20pct,deterministic,2944,17155,2023-03-01,0.0,0.06400000200374052,1,"C:\Users\yasemin.bozkurt\Desktop\article\DLPIF-repo-update\src\baseline_results.pkl::all_scenarios[(""mice"", ""20pct"")]"
MICE,20pct,deterministic,2948,17155,2023-03-02,0.0,0.30800000159069896,1,"C:\Users\yasemin.bozkurt\Desktop\article\DLPIF-repo-update\src\baseline_results.pkl::all_scenarios[(""mice"", ""20pct"")]"
MICE,20pct,deterministic,2949,17704,2023-03-02,0.0,0.8920000266283751,1,"C:\Users\yasemin.bozkurt\Desktop\article\DLPIF-repo-update\src\baseline_results.pkl::all_scenarios[(""mice"", ""20pct"")]"
MICE,20pct,deterministic,2956,17155,2023-03-04,0.0,0.7240000499412418,1,"C:\Users\yasemin.bozkurt\Desktop\article\DLPIF-repo-update\src\baseline_results.pkl::all_scenarios[(""mice"", ""20pct"")]"
MICE,20pct,deterministic,2963,17750,2023-03-05,2.40000012293458,12.39599989950657,1,"C:\Users\yasemin.bozkurt\Desktop\article\DLPIF-repo-update\src\baseline_results.pkl::all_scenarios[(""mice"", ""20pct"")]"
MICE,20pct,deterministic,2965,17704,2023-03-06,0.0,1.6240000627934934,1,"C:\Users\yasemin.bozkurt\Desktop\article\DLPIF-repo-update\src\baseline_results.pkl::all_scenarios[(""mice"", ""20pct"")]"
MICE,20pct,deterministic,2967,17750,2023-03-06,15.800000122189523,3.2920000165700913,1,"C:\Users\yasemin.bozkurt\Desktop\article\DLPIF-repo-update\src\baseline_results.pkl::all_scenarios[(""mice"", ""20pct"")]"
MICE,20pct,deterministic,2976,17155,2023-03-09,0.0,2.856000202149153,1,"C:\Users\yasemin.bozkurt\Desktop\article\DLPIF-repo-update\src\baseline_results.pkl::all_scenarios[(""mice"", ""20pct"")]"
MICE,20pct,deterministic,2981,17704,2023-03-10,0.0,2.212000080943108,1,"C:\Users\yasemin.bozkurt\Desktop\article\DLPIF-repo-update\src\baseline_results.pkl::all_scenarios[(""mice"", ""20pct"")]"
MICE,20pct,deterministic,2983,17750,2023-03-10,0.0,3.4039999566972257,1,"C:\Users\yasemin.bozkurt\Desktop\article\DLPIF-repo-update\src\baseline_results.pkl::all_scenarios[(""mice"", ""20pct"")]"
MICE,20pct,deterministic,2984,17155,2023-03-11,4.80000024586916,5.56000020056963,1,"C:\Users\yasemin.bozkurt\Desktop\article\DLPIF-repo-update\src\baseline_results.pkl::all_scenarios[(""mice"", ""20pct"")]"
MICE,20pct,deterministic,2985,17704,2023-03-11,2.8000000990927223,4.1160001270473,1,"C:\Users\yasemin.bozkurt\Desktop\article\DLPIF-repo-update\src\baseline_results.pkl::all_scenarios[(""mice"", ""20pct"")]"
MICE,20pct,deterministic,2987,17750,2023-03-11,4.000000027567149,5.360000212490559,1,"C:\Users\yasemin.bozkurt\Desktop\article\DLPIF-repo-update\src\baseline_results.pkl::all_scenarios[(""mice"", ""20pct"")]"
MICE,20pct,deterministic,2995,17750,2023-03-13,4.20000001564622,7.768000388145447,1,"C:\Users\yasemin.bozkurt\Desktop\article\DLPIF-repo-update\src\baseline_results.pkl::all_scenarios[(""mice"", ""20pct"")]"
MICE,20pct,deterministic,2996,17155,2023-03-14,0.0,2.9480001434683802,1,"C:\Users\yasemin.bozkurt\Desktop\article\DLPIF-repo-update\src\baseline_results.pkl::all_scenarios[(""mice"", ""20pct"")]"
MICE,20pct,deterministic,2998,17748,2023-03-14,0.0,1.872000101208687,1,"C:\Users\yasemin.bozkurt\Desktop\article\DLPIF-repo-update\src\baseline_results.pkl::all_scenarios[(""mice"", ""20pct"")]"
MICE,20pct,deterministic,3034,17748,2023-03-23,6.000000174343587,5.444000101089478,1,"C:\Users\yasemin.bozkurt\Desktop\article\DLPIF-repo-update\src\baseline_results.pkl::all_scenarios[(""mice"", ""20pct"")]"
MICE,20pct,deterministic,3036,17155,2023-03-24,0.40000000940635805,0.2800000165589154,1,"C:\Users\yasemin.bozkurt\Desktop\article\DLPIF-repo-update\src\baseline_results.pkl::all_scenarios[(""mice"", ""20pct"")]"
MICE,20pct,deterministic,3037,17704,2023-03-24,0.40000000940635805,1.2800000566989185,1,"C:\Users\yasemin.bozkurt\Desktop\article\DLPIF-repo-update\src\baseline_results.pkl::all_scenarios[(""mice"", ""20pct"")]"
MICE,20pct,deterministic,3046,17748,2023-03-26,0.0,5.208000008761883,1,"C:\Users\yasemin.bozkurt\Desktop\article\DLPIF-repo-update\src\baseline_results.pkl::all_scenarios[(""mice"", ""20pct"")]"
MICE,20pct,deterministic,3052,17155,2023-03-28,1.0000000068917871,1.341999999806285,1,"C:\Users\yasemin.bozkurt\Desktop\article\DLPIF-repo-update\src\baseline_results.pkl::all_scenarios[(""mice"", ""20pct"")]"
MICE,20pct,deterministic,3059,17750,2023-03-29,20.200000923871997,3.904000192880631,1,"C:\Users\yasemin.bozkurt\Desktop\article\DLPIF-repo-update\src\baseline_results.pkl::all_scenarios[(""mice"", ""20pct"")]"
MICE,20pct,deterministic,3062,17748,2023-03-30,0.600000030733645,0.3360000198706985,1,"C:\Users\yasemin.bozkurt\Desktop\article\DLPIF-repo-update\src\baseline_results.pkl::all_scenarios[(""mice"", ""20pct"")]"
MICE,20pct,deterministic,3063,17750,2023-03-30,0.40000000940635805,0.9360000506043435,1,"C:\Users\yasemin.bozkurt\Desktop\article\DLPIF-repo-update\src\baseline_results.pkl::all_scenarios[(""mice"", ""20pct"")]"
MICE,20pct,deterministic,3064,17155,2023-03-31,0.0,0.9400000104680658,1,"C:\Users\yasemin.bozkurt\Desktop\article\DLPIF-repo-update\src\baseline_results.pkl::all_scenarios[(""mice"", ""20pct"")]"
MICE,20pct,deterministic,3071,17750,2023-04-01,0.0,0.15200000423938037,1,"C:\Users\yasemin.bozkurt\Desktop\article\DLPIF-repo-update\src\baseline_results.pkl::all_scenarios[(""mice"", ""20pct"")]"
MICE,20pct,deterministic,3073,17704,2023-04-02,0.0,1.96000001616776,1,"C:\Users\yasemin.bozkurt\Desktop\article\DLPIF-repo-update\src\baseline_results.pkl::all_scenarios[(""mice"", ""20pct"")]"
MICE,20pct,deterministic,3074,17748,2023-04-02,0.0,3.2554285749793057,1,"C:\Users\yasemin.bozkurt\Desktop\article\DLPIF-repo-update\src\baseline_results.pkl::all_scenarios[(""mice"", ""20pct"")]"
MICE,20pct,deterministic,3077,17704,2023-04-03,1.4000000495463611,0.11200000662356616,1,"C:\Users\yasemin.bozkurt\Desktop\article\DLPIF-repo-update\src\baseline_results.pkl::all_scenarios[(""mice"", ""20pct"")]"
MICE,20pct,deterministic,3089,17704,2023-04-06,13.40000026524067,0.1600000070873648,1,"C:\Users\yasemin.bozkurt\Desktop\article\DLPIF-repo-update\src\baseline_results.pkl::all_scenarios[(""mice"", ""20pct"")]"
MICE,20pct,deterministic,3096,17155,2023-04-08,0.20000000470317902,0.4680000253021718,1,"C:\Users\yasemin.bozkurt\Desktop\article\DLPIF-repo-update\src\baseline_results.pkl::all_scenarios[(""mice"", ""20pct"")]"
MICE,20pct,deterministic,3097,17704,2023-04-08,1.8000000257045032,0.4479999932460487,1,"C:\Users\yasemin.bozkurt\Desktop\article\DLPIF-repo-update\src\baseline_results.pkl::all_scenarios[(""mice"", ""20pct"")]"
MICE,20pct,deterministic,3107,17750,2023-04-10,0.0,4.558000047504902,1,"C:\Users\yasemin.bozkurt\Desktop\article\DLPIF-repo-update\src\baseline_results.pkl::all_scenarios[(""mice"", ""20pct"")]"
MICE,20pct,deterministic,3114,17748,2023-04-12,4.000000027567149,10.303999811410904,1,"C:\Users\yasemin.bozkurt\Desktop\article\DLPIF-repo-update\src\baseline_results.pkl::all_scenarios[(""mice"", ""20pct"")]"
MICE,20pct,deterministic,3118,17748,2023-04-13,2.6000001110136512,3.7880000934004787,1,"C:\Users\yasemin.bozkurt\Desktop\article\DLPIF-repo-update\src\baseline_results.pkl::all_scenarios[(""mice"", ""20pct"")]"
MICE,20pct,deterministic,3120,17155,2023-04-14,0.0,0.0400000017718412,1,"C:\Users\yasemin.bozkurt\Desktop\article\DLPIF-repo-update\src\baseline_results.pkl::all_scenarios[(""mice"", ""20pct"")]"
MICE,20pct,deterministic,3121,17704,2023-04-14,2.2000000018626453,0.03600000034784898,1,"C:\Users\yasemin.bozkurt\Desktop\article\DLPIF-repo-update\src\baseline_results.pkl::all_scenarios[(""mice"", ""20pct"")]"
MICE,20pct,deterministic,3123,17750,2023-04-14,0.20000000470317902,0.3560000186786056,1,"C:\Users\yasemin.bozkurt\Desktop\article\DLPIF-repo-update\src\baseline_results.pkl::all_scenarios[(""mice"", ""20pct"")]"
MICE,20pct,deterministic,3124,17155,2023-04-15,0.0,0.04399999903980643,1,"C:\Users\yasemin.bozkurt\Desktop\article\DLPIF-repo-update\src\baseline_results.pkl::all_scenarios[(""mice"", ""20pct"")]"
MICE,20pct,deterministic,3125,17704,2023-04-15,0.0,0.2319999994710088,1,"C:\Users\yasemin.bozkurt\Desktop\article\DLPIF-repo-update\src\baseline_results.pkl::all_scenarios[(""mice"", ""20pct"")]"
MICE,20pct,deterministic,3126,17748,2023-04-15,0.0,2.0440000377595426,1,"C:\Users\yasemin.bozkurt\Desktop\article\DLPIF-repo-update\src\baseline_results.pkl::all_scenarios[(""mice"", ""20pct"")]"
MICE,20pct,deterministic,3144,17155,2023-04-20,0.5000000034458936,2.3000001288950447,1,"C:\Users\yasemin.bozkurt\Desktop\article\DLPIF-repo-update\src\baseline_results.pkl::all_scenarios[(""mice"", ""20pct"")]"
MICE,20pct,deterministic,3145,17704,2023-04-20,3.4000000633299354,2.7320000499486925,1,"C:\Users\yasemin.bozkurt\Desktop\article\DLPIF-repo-update\src\baseline_results.pkl::all_scenarios[(""mice"", ""20pct"")]"
MICE,20pct,deterministic,3151,17750,2023-04-21,0.8000000188127161,0.3400000129826367,1,"C:\Users\yasemin.bozkurt\Desktop\article\DLPIF-repo-update\src\baseline_results.pkl::all_scenarios[(""mice"", ""20pct"")]"
MICE,20pct,deterministic,3154,17748,2023-04-22,0.20000000470317902,2.6939999990165235,1,"C:\Users\yasemin.bozkurt\Desktop\article\DLPIF-repo-update\src\baseline_results.pkl::all_scenarios[(""mice"", ""20pct"")]"
MICE,20pct,deterministic,3158,17748,2023-04-23,2.0000000137835743,2.6440000019967558,1,"C:\Users\yasemin.bozkurt\Desktop\article\DLPIF-repo-update\src\baseline_results.pkl::all_scenarios[(""mice"", ""20pct"")]"
MICE,20pct,deterministic,3171,17750,2023-04-26,0.20000000470317902,1.5200000423938038,1,"C:\Users\yasemin.bozkurt\Desktop\article\DLPIF-repo-update\src\baseline_results.pkl::all_scenarios[(""mice"", ""20pct"")]"
MICE,20pct,deterministic,3177,17704,2023-04-28,11.800000360608102,1.3679999716579916,1,"C:\Users\yasemin.bozkurt\Desktop\article\DLPIF-repo-update\src\baseline_results.pkl::all_scenarios[(""mice"", ""20pct"")]"
MICE,20pct,deterministic,3186,17748,2023-04-30,0.0,0.31599998781457544,1,"C:\Users\yasemin.bozkurt\Desktop\article\DLPIF-repo-update\src\baseline_results.pkl::all_scenarios[(""mice"", ""20pct"")]"
MICE,20pct,deterministic,3191,17750,2023-05-01,0.0,0.024000000231899323,1,"C:\Users\yasemin.bozkurt\Desktop\article\DLPIF-repo-update\src\baseline_results.pkl::all_scenarios[(""mice"", ""20pct"")]"
MICE,20pct,deterministic,3192,17155,2023-05-02,0.0,0.03200000100187026,1,"C:\Users\yasemin.bozkurt\Desktop\article\DLPIF-repo-update\src\baseline_results.pkl::all_scenarios[(""mice"", ""20pct"")]"
MICE,20pct,deterministic,3196,17155,2023-05-03,0.0,0.008000000250467565,1,"C:\Users\yasemin.bozkurt\Desktop\article\DLPIF-repo-update\src\baseline_results.pkl::all_scenarios[(""mice"", ""20pct"")]"
MICE,20pct,deterministic,3200,17155,2023-05-04,5.4000002101063735,0.9880000608041883,1,"C:\Users\yasemin.bozkurt\Desktop\article\DLPIF-repo-update\src\baseline_results.pkl::all_scenarios[(""mice"", ""20pct"")]"
MICE,20pct,deterministic,3204,17155,2023-05-05,0.0,4.202000228315592,1,"C:\Users\yasemin.bozkurt\Desktop\article\DLPIF-repo-update\src\baseline_results.pkl::all_scenarios[(""mice"", ""20pct"")]"
MICE,20pct,deterministic,3205,17704,2023-05-05,1.20000006146729,2.5120000630617145,1,"C:\Users\yasemin.bozkurt\Desktop\article\DLPIF-repo-update\src\baseline_results.pkl::all_scenarios[(""mice"", ""20pct"")]"
MICE,20pct,deterministic,3211,17750,2023-05-06,9.200000515580179,1.9960001204162838,1,"C:\Users\yasemin.bozkurt\Desktop\article\DLPIF-repo-update\src\baseline_results.pkl::all_scenarios[(""mice"", ""20pct"")]"
MICE,20pct,deterministic,3212,17155,2023-05-07,0.5000000034458936,4.855999816954136,1,"C:\Users\yasemin.bozkurt\Desktop\article\DLPIF-repo-update\src\baseline_results.pkl::all_scenarios[(""mice"", ""20pct"")]"
MICE,20pct,deterministic,3213,17704,2023-05-07,0.0,2.6720000535249713,1,"C:\Users\yasemin.bozkurt\Desktop\article\DLPIF-repo-update\src\baseline_results.pkl::all_scenarios[(""mice"", ""20pct"")]"
MICE,20pct,deterministic,3231,17750,2023-05-11,0.0,1.1479999847710134,1,"C:\Users\yasemin.bozkurt\Desktop\article\DLPIF-repo-update\src\baseline_results.pkl::all_scenarios[(""mice"", ""20pct"")]"
MICE,20pct,deterministic,3238,17748,2023-05-13,1.6000000376254322,0.30800000159069896,1,"C:\Users\yasemin.bozkurt\Desktop\article\DLPIF-repo-update\src\baseline_results.pkl::all_scenarios[(""mice"", ""20pct"")]"
MICE,20pct,deterministic,3249,17704,2023-05-16,0.0,0.004000000125233783,1,"C:\Users\yasemin.bozkurt\Desktop\article\DLPIF-repo-update\src\baseline_results.pkl::all_scenarios[(""mice"", ""20pct"")]"
MICE,20pct,deterministic,3250,17748,2023-05-16,0.0,0.09600000092759729,1,"C:\Users\yasemin.bozkurt\Desktop\article\DLPIF-repo-update\src\baseline_results.pkl::all_scenarios[(""mice"", ""20pct"")]"
MICE,20pct,deterministic,3253,17704,2023-05-17,6.6000001385808,1.4560000196099283,1,"C:\Users\yasemin.bozkurt\Desktop\article\DLPIF-repo-update\src\baseline_results.pkl::all_scenarios[(""mice"", ""20pct"")]"
MICE,20pct,deterministic,3254,17748,2023-05-17,9.800000479817392,4.596000364422799,1,"C:\Users\yasemin.bozkurt\Desktop\article\DLPIF-repo-update\src\baseline_results.pkl::all_scenarios[(""mice"", ""20pct"")]"
MICE,20pct,deterministic,3258,17748,2023-05-18,13.600000253319742,2.2559999719262125,1,"C:\Users\yasemin.bozkurt\Desktop\article\DLPIF-repo-update\src\baseline_results.pkl::all_scenarios[(""mice"", ""20pct"")]"
MICE,20pct,deterministic,3262,17748,2023-05-19,3.2000000752508644,8.92400042563677,1,"C:\Users\yasemin.bozkurt\Desktop\article\DLPIF-repo-update\src\baseline_results.pkl::all_scenarios[(""mice"", ""20pct"")]"
MICE,20pct,deterministic,3263,17750,2023-05-19,1.8000000257045032,2.2679999180138113,1,"C:\Users\yasemin.bozkurt\Desktop\article\DLPIF-repo-update\src\baseline_results.pkl::all_scenarios[(""mice"", ""20pct"")]"
MICE,20pct,deterministic,3268,17155,2023-05-21,0.0,4.32800006121397,1,"C:\Users\yasemin.bozkurt\Desktop\article\DLPIF-repo-update\src\baseline_results.pkl::all_scenarios[(""mice"", ""20pct"")]"
MICE,20pct,deterministic,3277,17704,2023-05-23,0.20000000470317902,4.384000164270401,1,"C:\Users\yasemin.bozkurt\Desktop\article\DLPIF-repo-update\src\baseline_results.pkl::all_scenarios[(""mice"", ""20pct"")]"
MICE,20pct,deterministic,3281,17704,2023-05-24,0.0,2.5000001169741157,1,"C:\Users\yasemin.bozkurt\Desktop\article\DLPIF-repo-update\src\baseline_results.pkl::all_scenarios[(""mice"", ""20pct"")]"
MICE,20pct,deterministic,3290,17748,2023-05-26,0.20000000470317902,4.340000273287297,1,"C:\Users\yasemin.bozkurt\Desktop\article\DLPIF-repo-update\src\baseline_results.pkl::all_scenarios[(""mice"", ""20pct"")]"
MICE,20pct,deterministic,3291,17750,2023-05-26,0.20000000470317902,0.6520000409334898,1,"C:\Users\yasemin.bozkurt\Desktop\article\DLPIF-repo-update\src\baseline_results.pkl::all_scenarios[(""mice"", ""20pct"")]"
MICE,20pct,deterministic,3293,17704,2023-05-27,0.20000000470317902,3.2680001243948937,1,"C:\Users\yasemin.bozkurt\Desktop\article\DLPIF-repo-update\src\baseline_results.pkl::all_scenarios[(""mice"", ""20pct"")]"
MICE,20pct,deterministic,3304,17155,2023-05-30,2.6000001110136512,6.676000240445138,1,"C:\Users\yasemin.bozkurt\Desktop\article\DLPIF-repo-update\src\baseline_results.pkl::all_scenarios[(""mice"", ""20pct"")]"
MICE,20pct,deterministic,3305,17704,2023-05-30,8.40000003129244,0.583260484971106,1,"C:\Users\yasemin.bozkurt\Desktop\article\DLPIF-repo-update\src\baseline_results.pkl::all_scenarios[(""mice"", ""20pct"")]"
MICE,20pct,deterministic,3319,17750,2023-06-02,0.0,4.896000346541405,1,"C:\Users\yasemin.bozkurt\Desktop\article\DLPIF-repo-update\src\baseline_results.pkl::all_scenarios[(""mice"", ""20pct"")]"
MICE,20pct,deterministic,3320,17155,2023-06-03,27.200000506639483,15.124000588059427,1,"C:\Users\yasemin.bozkurt\Desktop\article\DLPIF-repo-update\src\baseline_results.pkl::all_scenarios[(""mice"", ""20pct"")]"
MICE,20pct,deterministic,3322,17748,2023-06-03,17.600000014901163,6.468000465631485,1,"C:\Users\yasemin.bozkurt\Desktop\article\DLPIF-repo-update\src\baseline_results.pkl::all_scenarios[(""mice"", ""20pct"")]"
MICE,20pct,deterministic,3328,17155,2023-06-05,0.0,3.5120000034570698,1,"C:\Users\yasemin.bozkurt\Desktop\article\DLPIF-repo-update\src\baseline_results.pkl::all_scenarios[(""mice"", ""20pct"")]"
MICE,20pct,deterministic,3332,17155,2023-06-06,0.0,1.9059999927878382,1,"C:\Users\yasemin.bozkurt\Desktop\article\DLPIF-repo-update\src\baseline_results.pkl::all_scenarios[(""mice"", ""20pct"")]"
MICE,20pct,deterministic,3339,17750,2023-06-07,0.0,0.21600001039914787,1,"C:\Users\yasemin.bozkurt\Desktop\article\DLPIF-repo-update\src\baseline_results.pkl::all_scenarios[(""mice"", ""20pct"")]"
MICE,20pct,deterministic,3343,17750,2023-06-08,0.0,3.828000091016293,1,"C:\Users\yasemin.bozkurt\Desktop\article\DLPIF-repo-update\src\baseline_results.pkl::all_scenarios[(""mice"", ""20pct"")]"
MICE,20pct,deterministic,3346,17748,2023-06-09,4.000000027567149,9.833999839425088,1,"C:\Users\yasemin.bozkurt\Desktop\article\DLPIF-repo-update\src\baseline_results.pkl::all_scenarios[(""mice"", ""20pct"")]"
MICE,20pct,deterministic,3347,17750,2023-06-09,8.800000007450581,5.39000021070242,1,"C:\Users\yasemin.bozkurt\Desktop\article\DLPIF-repo-update\src\baseline_results.pkl::all_scenarios[(""mice"", ""20pct"")]"
MICE,20pct,deterministic,3348,17155,2023-06-10,2.3000001288950447,5.500000204145909,1,"C:\Users\yasemin.bozkurt\Desktop\article\DLPIF-repo-update\src\baseline_results.pkl::all_scenarios[(""mice"", ""20pct"")]"
MICE,20pct,deterministic,3353,17704,2023-06-11,0.0,1.5679999597370626,1,"C:\Users\yasemin.bozkurt\Desktop\article\DLPIF-repo-update\src\baseline_results.pkl::all_scenarios[(""mice"", ""20pct"")]"
MICE,20pct,deterministic,3354,17748,2023-06-11,0.20000000470317902,0.5839999917894603,1,"C:\Users\yasemin.bozkurt\Desktop\article\DLPIF-repo-update\src\baseline_results.pkl::all_scenarios[(""mice"", ""20pct"")]"
MICE,20pct,deterministic,3357,17704,2023-06-12,0.0,0.31199999470263723,1,"C:\Users\yasemin.bozkurt\Desktop\article\DLPIF-repo-update\src\baseline_results.pkl::all_scenarios[(""mice"", ""20pct"")]"
MICE,20pct,deterministic,3365,17704,2023-06-14,0.0,0.9240000380203128,1,"C:\Users\yasemin.bozkurt\Desktop\article\DLPIF-repo-update\src\baseline_results.pkl::all_scenarios[(""mice"", ""20pct"")]"
MICE,20pct,deterministic,3374,17748,2023-06-16,0.0,3.8900000341236596,1,"C:\Users\yasemin.bozkurt\Desktop\article\DLPIF-repo-update\src\baseline_results.pkl::all_scenarios[(""mice"", ""20pct"")]"
MICE,20pct,deterministic,3378,17748,2023-06-17,3.8000000394880775,9.123999881744385,1,"C:\Users\yasemin.bozkurt\Desktop\article\DLPIF-repo-update\src\baseline_results.pkl::all_scenarios[(""mice"", ""20pct"")]"
MICE,20pct,deterministic,3380,17155,2023-06-18,1.1000000009313227,7.4580004066228875,1,"C:\Users\yasemin.bozkurt\Desktop\article\DLPIF-repo-update\src\baseline_results.pkl::all_scenarios[(""mice"", ""20pct"")]"
MICE,20pct,deterministic,3385,17704,2023-06-19,30.20000032782555,3.508000110089779,1,"C:\Users\yasemin.bozkurt\Desktop\article\DLPIF-repo-update\src\baseline_results.pkl::all_scenarios[(""mice"", ""20pct"")]"
MICE,20pct,deterministic,3389,17704,2023-06-20,15.800000122189523,5.2300002202391624,1,"C:\Users\yasemin.bozkurt\Desktop\article\DLPIF-repo-update\src\baseline_results.pkl::all_scenarios[(""mice"", ""20pct"")]"
MICE,20pct,deterministic,3407,17750,2023-06-24,0.0,0.048000000463798646,1,"C:\Users\yasemin.bozkurt\Desktop\article\DLPIF-repo-update\src\baseline_results.pkl::all_scenarios[(""mice"", ""20pct"")]"
MICE,20pct,deterministic,3409,17704,2023-06-25,0.0,0.21200000066310168,1,"C:\Users\yasemin.bozkurt\Desktop\article\DLPIF-repo-update\src\baseline_results.pkl::all_scenarios[(""mice"", ""20pct"")]"
MICE,20pct,deterministic,3410,17748,2023-06-25,0.0,0.16400000019930305,1,"C:\Users\yasemin.bozkurt\Desktop\article\DLPIF-repo-update\src\baseline_results.pkl::all_scenarios[(""mice"", ""20pct"")]"
MICE,20pct,deterministic,3417,17704,2023-06-27,0.0,1.0640000296756627,1,"C:\Users\yasemin.bozkurt\Desktop\article\DLPIF-repo-update\src\baseline_results.pkl::all_scenarios[(""mice"", ""20pct"")]"
MICE,20pct,deterministic,3427,17750,2023-06-29,0.0,3.7520002551376823,1,"C:\Users\yasemin.bozkurt\Desktop\article\DLPIF-repo-update\src\baseline_results.pkl::all_scenarios[(""mice"", ""20pct"")]"
MICE,20pct,deterministic,3431,17750,2023-06-30,0.0,0.10000000235158951,1,"C:\Users\yasemin.bozkurt\Desktop\article\DLPIF-repo-update\src\baseline_results.pkl::all_scenarios[(""mice"", ""20pct"")]"
MICE,20pct,deterministic,3438,17748,2023-07-02,0.0,0.04399999903980643,1,"C:\Users\yasemin.bozkurt\Desktop\article\DLPIF-repo-update\src\baseline_results.pkl::all_scenarios[(""mice"", ""20pct"")]"
MICE,20pct,deterministic,3440,17155,2023-07-03,0.0,0.05600000331178308,1,"C:\Users\yasemin.bozkurt\Desktop\article\DLPIF-repo-update\src\baseline_results.pkl::all_scenarios[(""mice"", ""20pct"")]"
MICE,20pct,deterministic,3441,17704,2023-07-03,0.0,0.01600000050093513,1,"C:\Users\yasemin.bozkurt\Desktop\article\DLPIF-repo-update\src\baseline_results.pkl::all_scenarios[(""mice"", ""20pct"")]"
MICE,20pct,deterministic,3443,17750,2023-07-03,0.0,0.02800000165589154,1,"C:\Users\yasemin.bozkurt\Desktop\article\DLPIF-repo-update\src\baseline_results.pkl::all_scenarios[(""mice"", ""20pct"")]"
MICE,20pct,deterministic,3453,17704,2023-07-06,0.0,0.0,1,"C:\Users\yasemin.bozkurt\Desktop\article\DLPIF-repo-update\src\baseline_results.pkl::all_scenarios[(""mice"", ""20pct"")]"
MICE,20pct,deterministic,3457,17704,2023-07-07,0.0,6.934000012278557,1,"C:\Users\yasemin.bozkurt\Desktop\article\DLPIF-repo-update\src\baseline_results.pkl::all_scenarios[(""mice"", ""20pct"")]"
MICE,20pct,deterministic,3464,17155,2023-07-09,0.9000000128522516,1.5640000663697722,1,"C:\Users\yasemin.bozkurt\Desktop\article\DLPIF-repo-update\src\baseline_results.pkl::all_scenarios[(""mice"", ""20pct"")]"
MICE,20pct,deterministic,3470,17748,2023-07-10,0.0,0.49600001033395535,1,"C:\Users\yasemin.bozkurt\Desktop\article\DLPIF-repo-update\src\baseline_results.pkl::all_scenarios[(""mice"", ""20pct"")]"
MICE,20pct,deterministic,3475,17750,2023-07-11,0.0,0.07600000211969019,1,"C:\Users\yasemin.bozkurt\Desktop\article\DLPIF-repo-update\src\baseline_results.pkl::all_scenarios[(""mice"", ""20pct"")]"
MICE,20pct,deterministic,3477,17704,2023-07-12,0.0,0.05600000331178308,1,"C:\Users\yasemin.bozkurt\Desktop\article\DLPIF-repo-update\src\baseline_results.pkl::all_scenarios[(""mice"", ""20pct"")]"
MICE,20pct,deterministic,3486,17748,2023-07-14,0.0,0.048000000463798646,1,"C:\Users\yasemin.bozkurt\Desktop\article\DLPIF-repo-update\src\baseline_results.pkl::all_scenarios[(""mice"", ""20pct"")]"
MICE,20pct,deterministic,3489,17704,2023-07-15,0.0,0.344000006094575,1,"C:\Users\yasemin.bozkurt\Desktop\article\DLPIF-repo-update\src\baseline_results.pkl::all_scenarios[(""mice"", ""20pct"")]"
MICE,20pct,deterministic,3491,17750,2023-07-15,0.0,0.004000000125233783,1,"C:\Users\yasemin.bozkurt\Desktop\article\DLPIF-repo-update\src\baseline_results.pkl::all_scenarios[(""mice"", ""20pct"")]"
MICE,20pct,deterministic,3495,17750,2023-07-16,0.0,0.0,1,"C:\Users\yasemin.bozkurt\Desktop\article\DLPIF-repo-update\src\baseline_results.pkl::all_scenarios[(""mice"", ""20pct"")]"
MICE,20pct,deterministic,3496,17155,2023-07-17,0.0,0.0,1,"C:\Users\yasemin.bozkurt\Desktop\article\DLPIF-repo-update\src\baseline_results.pkl::all_scenarios[(""mice"", ""20pct"")]"
MICE,20pct,deterministic,3498,17748,2023-07-17,0.0,0.048000000463798646,1,"C:\Users\yasemin.bozkurt\Desktop\article\DLPIF-repo-update\src\baseline_results.pkl::all_scenarios[(""mice"", ""20pct"")]"
MICE,20pct,deterministic,3502,17748,2023-07-18,0.0,0.47200001841411,1,"C:\Users\yasemin.bozkurt\Desktop\article\DLPIF-repo-update\src\baseline_results.pkl::all_scenarios[(""mice"", ""20pct"")]"
MICE,20pct,deterministic,3507,17750,2023-07-19,0.0,0.012000000115949662,1,"C:\Users\yasemin.bozkurt\Desktop\article\DLPIF-repo-update\src\baseline_results.pkl::all_scenarios[(""mice"", ""20pct"")]"
MICE,20pct,deterministic,3508,17155,2023-07-20,0.0,0.0400000017718412,1,"C:\Users\yasemin.bozkurt\Desktop\article\DLPIF-repo-update\src\baseline_results.pkl::all_scenarios[(""mice"", ""20pct"")]"
MICE,20pct,deterministic,3513,17704,2023-07-21,0.0,0.5239999953657389,1,"C:\Users\yasemin.bozkurt\Desktop\article\DLPIF-repo-update\src\baseline_results.pkl::all_scenarios[(""mice"", ""20pct"")]"
MICE,20pct,deterministic,3522,17748,2023-07-23,0.0,0.0,1,"C:\Users\yasemin.bozkurt\Desktop\article\DLPIF-repo-update\src\baseline_results.pkl::all_scenarios[(""mice"", ""20pct"")]"
MICE,20pct,deterministic,3523,17750,2023-07-23,0.0,0.0,1,"C:\Users\yasemin.bozkurt\Desktop\article\DLPIF-repo-update\src\baseline_results.pkl::all_scenarios[(""mice"", ""20pct"")]"
MICE,20pct,deterministic,3541,17704,2023-07-28,0.0,0.0200000008859206,1,"C:\Users\yasemin.bozkurt\Desktop\article\DLPIF-repo-update\src\baseline_results.pkl::all_scenarios[(""mice"", ""20pct"")]"
MICE,20pct,deterministic,3542,17748,2023-07-28,0.0,0.0,1,"C:\Users\yasemin.bozkurt\Desktop\article\DLPIF-repo-update\src\baseline_results.pkl::all_scenarios[(""mice"", ""20pct"")]"
MICE,20pct,deterministic,3554,17748,2023-07-31,0.0,0.6400000283494592,1,"C:\Users\yasemin.bozkurt\Desktop\article\DLPIF-repo-update\src\baseline_results.pkl::all_scenarios[(""mice"", ""20pct"")]"
MICE,20pct,deterministic,3555,17750,2023-07-31,0.0,0.0,1,"C:\Users\yasemin.bozkurt\Desktop\article\DLPIF-repo-update\src\baseline_results.pkl::all_scenarios[(""mice"", ""20pct"")]"
MICE,20pct,deterministic,3556,17155,2023-08-01,0.0,0.4440000001341105,1,"C:\Users\yasemin.bozkurt\Desktop\article\DLPIF-repo-update\src\baseline_results.pkl::all_scenarios[(""mice"", ""20pct"")]"
MICE,20pct,deterministic,3567,17750,2023-08-03,0.0,0.0,1,"C:\Users\yasemin.bozkurt\Desktop\article\DLPIF-repo-update\src\baseline_results.pkl::all_scenarios[(""mice"", ""20pct"")]"
MICE,20pct,deterministic,3568,17155,2023-08-04,0.0,0.0,1,"C:\Users\yasemin.bozkurt\Desktop\article\DLPIF-repo-update\src\baseline_results.pkl::all_scenarios[(""mice"", ""20pct"")]"
MICE,20pct,deterministic,3578,17748,2023-08-06,0.0,0.06400000200374052,1,"C:\Users\yasemin.bozkurt\Desktop\article\DLPIF-repo-update\src\baseline_results.pkl::all_scenarios[(""mice"", ""20pct"")]"
MICE,20pct,deterministic,3581,17704,2023-08-07,0.0,0.0,1,"C:\Users\yasemin.bozkurt\Desktop\article\DLPIF-repo-update\src\baseline_results.pkl::all_scenarios[(""mice"", ""20pct"")]"
MICE,20pct,deterministic,3582,17748,2023-08-07,0.0,0.0,1,"C:\Users\yasemin.bozkurt\Desktop\article\DLPIF-repo-update\src\baseline_results.pkl::all_scenarios[(""mice"", ""20pct"")]"
MICE,20pct,deterministic,3600,17155,2023-08-12,0.0,0.3360000198706985,1,"C:\Users\yasemin.bozkurt\Desktop\article\DLPIF-repo-update\src\baseline_results.pkl::all_scenarios[(""mice"", ""20pct"")]"
MICE,20pct,deterministic,3607,17750,2023-08-13,0.0,0.0,1,"C:\Users\yasemin.bozkurt\Desktop\article\DLPIF-repo-update\src\baseline_results.pkl::all_scenarios[(""mice"", ""20pct"")]"
MICE,20pct,deterministic,3608,17155,2023-08-14,0.0,1.0760000422596931,1,"C:\Users\yasemin.bozkurt\Desktop\article\DLPIF-repo-update\src\baseline_results.pkl::all_scenarios[(""mice"", ""20pct"")]"
MICE,20pct,deterministic,3609,17704,2023-08-14,0.0,0.5560000067576767,1,"C:\Users\yasemin.bozkurt\Desktop\article\DLPIF-repo-update\src\baseline_results.pkl::all_scenarios[(""mice"", ""20pct"")]"
MICE,20pct,deterministic,3613,17704,2023-08-15,0.0,0.01600000050093513,1,"C:\Users\yasemin.bozkurt\Desktop\article\DLPIF-repo-update\src\baseline_results.pkl::all_scenarios[(""mice"", ""20pct"")]"
MICE,20pct,deterministic,3617,17704,2023-08-16,0.0,4.562526592612267,1,"C:\Users\yasemin.bozkurt\Desktop\article\DLPIF-repo-update\src\baseline_results.pkl::all_scenarios[(""mice"", ""20pct"")]"
MICE,20pct,deterministic,3626,17748,2023-08-18,0.0,1.0490319488570095,1,"C:\Users\yasemin.bozkurt\Desktop\article\DLPIF-repo-update\src\baseline_results.pkl::all_scenarios[(""mice"", ""20pct"")]"
MICE,20pct,deterministic,3637,17704,2023-08-21,0.0,0.0400000017718412,1,"C:\Users\yasemin.bozkurt\Desktop\article\DLPIF-repo-update\src\baseline_results.pkl::all_scenarios[(""mice"", ""20pct"")]"
MICE,20pct,deterministic,3638,17748,2023-08-21,0.0,0.0,1,"C:\Users\yasemin.bozkurt\Desktop\article\DLPIF-repo-update\src\baseline_results.pkl::all_scenarios[(""mice"", ""20pct"")]"
MICE,20pct,deterministic,3643,17750,2023-08-22,0.0,0.024000000231899323,1,"C:\Users\yasemin.bozkurt\Desktop\article\DLPIF-repo-update\src\baseline_results.pkl::all_scenarios[(""mice"", ""20pct"")]"
MICE,20pct,deterministic,3646,17748,2023-08-23,0.0,0.0,1,"C:\Users\yasemin.bozkurt\Desktop\article\DLPIF-repo-update\src\baseline_results.pkl::all_scenarios[(""mice"", ""20pct"")]"
MICE,20pct,deterministic,3654,17748,2023-08-25,0.0,0.06800000342773274,1,"C:\Users\yasemin.bozkurt\Desktop\article\DLPIF-repo-update\src\baseline_results.pkl::all_scenarios[(""mice"", ""20pct"")]"
MICE,20pct,deterministic,3669,17704,2023-08-29,0.0,0.008000000250467565,1,"C:\Users\yasemin.bozkurt\Desktop\article\DLPIF-repo-update\src\baseline_results.pkl::all_scenarios[(""mice"", ""20pct"")]"
MICE,20pct,deterministic,3676,17155,2023-08-31,0.0,0.0,1,"C:\Users\yasemin.bozkurt\Desktop\article\DLPIF-repo-update\src\baseline_results.pkl::all_scenarios[(""mice"", ""20pct"")]"
MICE,20pct,deterministic,3679,17750,2023-08-31,0.0,0.0600000047357753,1,"C:\Users\yasemin.bozkurt\Desktop\article\DLPIF-repo-update\src\baseline_results.pkl::all_scenarios[(""mice"", ""20pct"")]"
MICE,20pct,deterministic,3680,17155,2023-09-01,0.0,0.008000000250467565,1,"C:\Users\yasemin.bozkurt\Desktop\article\DLPIF-repo-update\src\baseline_results.pkl::all_scenarios[(""mice"", ""20pct"")]"
MICE,20pct,deterministic,3698,17748,2023-09-05,2.6000001110136512,2.308000181615353,1,"C:\Users\yasemin.bozkurt\Desktop\article\DLPIF-repo-update\src\baseline_results.pkl::all_scenarios[(""mice"", ""20pct"")]"
MICE,20pct,deterministic,3700,17155,2023-09-06,0.0,0.27200001371093097,1,"C:\Users\yasemin.bozkurt\Desktop\article\DLPIF-repo-update\src\baseline_results.pkl::all_scenarios[(""mice"", ""20pct"")]"
MICE,20pct,deterministic,3705,17704,2023-09-07,0.0,0.7559999948367477,1,"C:\Users\yasemin.bozkurt\Desktop\article\DLPIF-repo-update\src\baseline_results.pkl::all_scenarios[(""mice"", ""20pct"")]"
MICE,20pct,deterministic,3713,17704,2023-09-09,3.4000000633299354,0.24800000516697768,1,"C:\Users\yasemin.bozkurt\Desktop\article\DLPIF-repo-update\src\baseline_results.pkl::all_scenarios[(""mice"", ""20pct"")]"
MICE,20pct,deterministic,3717,17704,2023-09-10,0.0,0.11200000662356616,1,"C:\Users\yasemin.bozkurt\Desktop\article\DLPIF-repo-update\src\baseline_results.pkl::all_scenarios[(""mice"", ""20pct"")]"
MICE,20pct,deterministic,3731,17750,2023-09-13,0.0,0.12800000400748104,1,"C:\Users\yasemin.bozkurt\Desktop\article\DLPIF-repo-update\src\baseline_results.pkl::all_scenarios[(""mice"", ""20pct"")]"
MICE,20pct,deterministic,3738,17748,2023-09-15,0.0,0.08400000496767462,1,"C:\Users\yasemin.bozkurt\Desktop\article\DLPIF-repo-update\src\baseline_results.pkl::all_scenarios[(""mice"", ""20pct"")]"
MICE,20pct,deterministic,3739,17750,2023-09-15,0.0,0.12000000115949662,1,"C:\Users\yasemin.bozkurt\Desktop\article\DLPIF-repo-update\src\baseline_results.pkl::all_scenarios[(""mice"", ""20pct"")]"
MICE,20pct,deterministic,3743,17750,2023-09-16,0.0,0.0,1,"C:\Users\yasemin.bozkurt\Desktop\article\DLPIF-repo-update\src\baseline_results.pkl::all_scenarios[(""mice"", ""20pct"")]"
MICE,20pct,deterministic,3745,17704,2023-09-17,0.0,0.4520000196062029,1,"C:\Users\yasemin.bozkurt\Desktop\article\DLPIF-repo-update\src\baseline_results.pkl::all_scenarios[(""mice"", ""20pct"")]"
MICE,20pct,deterministic,3753,17704,2023-09-19,0.0,0.0,1,"C:\Users\yasemin.bozkurt\Desktop\article\DLPIF-repo-update\src\baseline_results.pkl::all_scenarios[(""mice"", ""20pct"")]"
MICE,20pct,deterministic,3756,17155,2023-09-20,0.0,0.0200000008859206,1,"C:\Users\yasemin.bozkurt\Desktop\article\DLPIF-repo-update\src\baseline_results.pkl::all_scenarios[(""mice"", ""20pct"")]"
MICE,20pct,deterministic,3764,17155,2023-09-22,0.0,0.0,1,"C:\Users\yasemin.bozkurt\Desktop\article\DLPIF-repo-update\src\baseline_results.pkl::all_scenarios[(""mice"", ""20pct"")]"
MICE,20pct,deterministic,3794,17748,2023-09-29,7.200000102818013,4.012000239640475,1,"C:\Users\yasemin.bozkurt\Desktop\article\DLPIF-repo-update\src\baseline_results.pkl::all_scenarios[(""mice"", ""20pct"")]"
MICE,20pct,deterministic,3795,17750,2023-09-29,12.400000324845315,3.3239999614655975,1,"C:\Users\yasemin.bozkurt\Desktop\article\DLPIF-repo-update\src\baseline_results.pkl::all_scenarios[(""mice"", ""20pct"")]"
MICE,20pct,deterministic,3801,17704,2023-10-01,9.60000049173832,9.892000687122346,1,"C:\Users\yasemin.bozkurt\Desktop\article\DLPIF-repo-update\src\baseline_results.pkl::all_scenarios[(""mice"", ""20pct"")]"
MICE,20pct,deterministic,3804,17155,2023-10-02,11.800000360608102,5.9379999652504925,1,"C:\Users\yasemin.bozkurt\Desktop\article\DLPIF-repo-update\src\baseline_results.pkl::all_scenarios[(""mice"", ""20pct"")]"
MICE,20pct,deterministic,3805,17704,2023-10-02,17.40000002682209,5.086000335216522,1,"C:\Users\yasemin.bozkurt\Desktop\article\DLPIF-repo-update\src\baseline_results.pkl::all_scenarios[(""mice"", ""20pct"")]"
MICE,20pct,deterministic,3806,17748,2023-10-02,4.400000003725291,8.76200022250414,1,"C:\Users\yasemin.bozkurt\Desktop\article\DLPIF-repo-update\src\baseline_results.pkl::all_scenarios[(""mice"", ""20pct"")]"
MICE,20pct,deterministic,3810,17748,2023-10-03,0.20000000470317902,4.144000178575516,1,"C:\Users\yasemin.bozkurt\Desktop\article\DLPIF-repo-update\src\baseline_results.pkl::all_scenarios[(""mice"", ""20pct"")]"
MICE,20pct,deterministic,3815,17750,2023-10-04,0.0,0.14400000139139593,1,"C:\Users\yasemin.bozkurt\Desktop\article\DLPIF-repo-update\src\baseline_results.pkl::all_scenarios[(""mice"", ""20pct"")]"
MICE,20pct,deterministic,3816,17155,2023-10-05,0.0,1.88800007365644,1,"C:\Users\yasemin.bozkurt\Desktop\article\DLPIF-repo-update\src\baseline_results.pkl::all_scenarios[(""mice"", ""20pct"")]"
MICE,20pct,deterministic,3820,17155,2023-10-06,0.0,0.872000027820468,1,"C:\Users\yasemin.bozkurt\Desktop\article\DLPIF-repo-update\src\baseline_results.pkl::all_scenarios[(""mice"", ""20pct"")]"
MICE,20pct,deterministic,3825,17704,2023-10-07,0.0,0.1400000082794577,1,"C:\Users\yasemin.bozkurt\Desktop\article\DLPIF-repo-update\src\baseline_results.pkl::all_scenarios[(""mice"", ""20pct"")]"
MICE,20pct,deterministic,3827,17750,2023-10-07,0.0,0.024000000231899323,1,"C:\Users\yasemin.bozkurt\Desktop\article\DLPIF-repo-update\src\baseline_results.pkl::all_scenarios[(""mice"", ""20pct"")]"
MICE,20pct,deterministic,3831,17750,2023-10-08,0.0,1.2640000842511654,1,"C:\Users\yasemin.bozkurt\Desktop\article\DLPIF-repo-update\src\baseline_results.pkl::all_scenarios[(""mice"", ""20pct"")]"
MICE,20pct,deterministic,3841,17704,2023-10-11,0.0,0.6480000145733357,1,"C:\Users\yasemin.bozkurt\Desktop\article\DLPIF-repo-update\src\baseline_results.pkl::all_scenarios[(""mice"", ""20pct"")]"
MICE,20pct,deterministic,3844,17155,2023-10-12,0.0,0.31199999470263723,1,"C:\Users\yasemin.bozkurt\Desktop\article\DLPIF-repo-update\src\baseline_results.pkl::all_scenarios[(""mice"", ""20pct"")]"
MICE,20pct,deterministic,3847,17750,2023-10-12,0.0,0.024000000231899323,1,"C:\Users\yasemin.bozkurt\Desktop\article\DLPIF-repo-update\src\baseline_results.pkl::all_scenarios[(""mice"", ""20pct"")]"
MICE,20pct,deterministic,3851,17750,2023-10-13,0.0,0.28800000278279186,1,"C:\Users\yasemin.bozkurt\Desktop\article\DLPIF-repo-update\src\baseline_results.pkl::all_scenarios[(""mice"", ""20pct"")]"
MICE,20pct,deterministic,3852,17155,2023-10-14,0.0,1.8959999933838847,1,"C:\Users\yasemin.bozkurt\Desktop\article\DLPIF-repo-update\src\baseline_results.pkl::all_scenarios[(""mice"", ""20pct"")]"
MICE,20pct,deterministic,3866,17748,2023-10-17,0.0,5.248000006377698,1,"C:\Users\yasemin.bozkurt\Desktop\article\DLPIF-repo-update\src\baseline_results.pkl::all_scenarios[(""mice"", ""20pct"")]"
MICE,20pct,deterministic,3870,17748,2023-10-18,1.8000000257045032,7.440000088512898,1,"C:\Users\yasemin.bozkurt\Desktop\article\DLPIF-repo-update\src\baseline_results.pkl::all_scenarios[(""mice"", ""20pct"")]"
MICE,20pct,deterministic,3871,17750,2023-10-18,1.8000000257045032,2.3159999683499337,1,"C:\Users\yasemin.bozkurt\Desktop\article\DLPIF-repo-update\src\baseline_results.pkl::all_scenarios[(""mice"", ""20pct"")]"
MICE,20pct,deterministic,3872,17155,2023-10-19,0.3000000153668225,0.5160000091418624,1,"C:\Users\yasemin.bozkurt\Desktop\article\DLPIF-repo-update\src\baseline_results.pkl::all_scenarios[(""mice"", ""20pct"")]"
MICE,20pct,deterministic,3876,17155,2023-10-20,0.20000000470317902,2.144000031799078,1,"C:\Users\yasemin.bozkurt\Desktop\article\DLPIF-repo-update\src\baseline_results.pkl::all_scenarios[(""mice"", ""20pct"")]"
MICE,20pct,deterministic,3883,17750,2023-10-21,0.0,0.3400000129826367,1,"C:\Users\yasemin.bozkurt\Desktop\article\DLPIF-repo-update\src\baseline_results.pkl::all_scenarios[(""mice"", ""20pct"")]"
MICE,20pct,deterministic,3884,17155,2023-10-22,0.0,0.05600000331178308,1,"C:\Users\yasemin.bozkurt\Desktop\article\DLPIF-repo-update\src\baseline_results.pkl::all_scenarios[(""mice"", ""20pct"")]"
MICE,20pct,deterministic,3887,17750,2023-10-22,0.0,0.24800000516697768,1,"C:\Users\yasemin.bozkurt\Desktop\article\DLPIF-repo-update\src\baseline_results.pkl::all_scenarios[(""mice"", ""20pct"")]"
MICE,20pct,deterministic,3890,17748,2023-10-23,0.0,0.09199999950360507,1,"C:\Users\yasemin.bozkurt\Desktop\article\DLPIF-repo-update\src\baseline_results.pkl::all_scenarios[(""mice"", ""20pct"")]"
MICE,20pct,deterministic,3891,17750,2023-10-23,0.0,0.06400000200374052,1,"C:\Users\yasemin.bozkurt\Desktop\article\DLPIF-repo-update\src\baseline_results.pkl::all_scenarios[(""mice"", ""20pct"")]"
MICE,20pct,deterministic,3899,17750,2023-10-25,0.0,0.004000000125233783,1,"C:\Users\yasemin.bozkurt\Desktop\article\DLPIF-repo-update\src\baseline_results.pkl::all_scenarios[(""mice"", ""20pct"")]"
MICE,20pct,deterministic,3904,17155,2023-10-27,0.0,1.4719999920576812,1,"C:\Users\yasemin.bozkurt\Desktop\article\DLPIF-repo-update\src\baseline_results.pkl::all_scenarios[(""mice"", ""20pct"")]"
MICE,20pct,deterministic,3907,17750,2023-10-27,0.0,0.012000000115949662,1,"C:\Users\yasemin.bozkurt\Desktop\article\DLPIF-repo-update\src\baseline_results.pkl::all_scenarios[(""mice"", ""20pct"")]"
MICE,20pct,deterministic,3908,17155,2023-10-28,0.0,2.036000118032098,1,"C:\Users\yasemin.bozkurt\Desktop\article\DLPIF-repo-update\src\baseline_results.pkl::all_scenarios[(""mice"", ""20pct"")]"
MICE,20pct,deterministic,3924,17155,2023-11-01,0.0,0.5760000055655837,1,"C:\Users\yasemin.bozkurt\Desktop\article\DLPIF-repo-update\src\baseline_results.pkl::all_scenarios[(""mice"", ""20pct"")]"
MICE,20pct,deterministic,3925,17704,2023-11-01,0.20000000470317902,2.1960001084953547,1,"C:\Users\yasemin.bozkurt\Desktop\article\DLPIF-repo-update\src\baseline_results.pkl::all_scenarios[(""mice"", ""20pct"")]"
MICE,20pct,deterministic,3928,17155,2023-11-02,0.0,2.1320000857114794,1,"C:\Users\yasemin.bozkurt\Desktop\article\DLPIF-repo-update\src\baseline_results.pkl::all_scenarios[(""mice"", ""20pct"")]"
MICE,20pct,deterministic,3936,17155,2023-11-04,1.9000000197440388,0.12400000258348884,1,"C:\Users\yasemin.bozkurt\Desktop\article\DLPIF-repo-update\src\baseline_results.pkl::all_scenarios[(""mice"", ""20pct"")]"
MICE,20pct,deterministic,3945,17704,2023-11-06,0.600000030733645,1.3519999992102385,1,"C:\Users\yasemin.bozkurt\Desktop\article\DLPIF-repo-update\src\baseline_results.pkl::all_scenarios[(""mice"", ""20pct"")]"
MICE,20pct,deterministic,3956,17155,2023-11-09,0.0,1.344000079482794,1,"C:\Users\yasemin.bozkurt\Desktop\article\DLPIF-repo-update\src\baseline_results.pkl::all_scenarios[(""mice"", ""20pct"")]"
MICE,20pct,deterministic,3962,17748,2023-11-10,0.40000000940635805,0.4920000172220171,1,"C:\Users\yasemin.bozkurt\Desktop\article\DLPIF-repo-update\src\baseline_results.pkl::all_scenarios[(""mice"", ""20pct"")]"
MICE,20pct,deterministic,3965,17704,2023-11-11,0.0,1.180000062659383,1,"C:\Users\yasemin.bozkurt\Desktop\article\DLPIF-repo-update\src\baseline_results.pkl::all_scenarios[(""mice"", ""20pct"")]"
MICE,20pct,deterministic,3966,17748,2023-11-11,0.40000000940635805,2.4559999600052835,1,"C:\Users\yasemin.bozkurt\Desktop\article\DLPIF-repo-update\src\baseline_results.pkl::all_scenarios[(""mice"", ""20pct"")]"
MICE,20pct,deterministic,3974,17748,2023-11-13,12.200000336766244,9.716000059247017,1,"C:\Users\yasemin.bozkurt\Desktop\article\DLPIF-repo-update\src\baseline_results.pkl::all_scenarios[(""mice"", ""20pct"")]"
MICE,20pct,deterministic,3975,17750,2023-11-13,7.200000102818013,11.188000184297563,1,"C:\Users\yasemin.bozkurt\Desktop\article\DLPIF-repo-update\src\baseline_results.pkl::all_scenarios[(""mice"", ""20pct"")]"
MICE,20pct,deterministic,3989,17704,2023-11-17,3.6000000514090065,0.344000006094575,1,"C:\Users\yasemin.bozkurt\Desktop\article\DLPIF-repo-update\src\baseline_results.pkl::all_scenarios[(""mice"", ""20pct"")]"
MICE,20pct,deterministic,3991,17750,2023-11-17,3.4000000633299354,0.7559999948367477,1,"C:\Users\yasemin.bozkurt\Desktop\article\DLPIF-repo-update\src\baseline_results.pkl::all_scenarios[(""mice"", ""20pct"")]"
MICE,20pct,deterministic,3996,17155,2023-11-19,10.100000461935998,5.591999879479409,1,"C:\Users\yasemin.bozkurt\Desktop\article\DLPIF-repo-update\src\baseline_results.pkl::all_scenarios[(""mice"", ""20pct"")]"
MICE,20pct,deterministic,3998,17748,2023-11-19,10.400000444054605,8.072000263631345,1,"C:\Users\yasemin.bozkurt\Desktop\article\DLPIF-repo-update\src\baseline_results.pkl::all_scenarios[(""mice"", ""20pct"")]"
MICE,20pct,deterministic,4005,17704,2023-11-21,0.20000000470317902,2.3200001277029516,1,"C:\Users\yasemin.bozkurt\Desktop\article\DLPIF-repo-update\src\baseline_results.pkl::all_scenarios[(""mice"", ""20pct"")]"
MICE,20pct,deterministic,4006,17748,2023-11-21,1.20000006146729,2.1120000869035724,1,"C:\Users\yasemin.bozkurt\Desktop\article\DLPIF-repo-update\src\baseline_results.pkl::all_scenarios[(""mice"", ""20pct"")]"
MICE,20pct,deterministic,4010,17748,2023-11-22,0.0,2.40000012293458,1,"C:\Users\yasemin.bozkurt\Desktop\article\DLPIF-repo-update\src\baseline_results.pkl::all_scenarios[(""mice"", ""20pct"")]"
MICE,20pct,deterministic,4011,17750,2023-11-22,0.0,2.295999969542027,1,"C:\Users\yasemin.bozkurt\Desktop\article\DLPIF-repo-update\src\baseline_results.pkl::all_scenarios[(""mice"", ""20pct"")]"
MICE,20pct,deterministic,4016,17155,2023-11-24,0.0,4.548000048100949,1,"C:\Users\yasemin.bozkurt\Desktop\article\DLPIF-repo-update\src\baseline_results.pkl::all_scenarios[(""mice"", ""20pct"")]"
MICE,20pct,deterministic,4020,17155,2023-11-25,0.20000000470317902,6.167999951541424,1,"C:\Users\yasemin.bozkurt\Desktop\article\DLPIF-repo-update\src\baseline_results.pkl::all_scenarios[(""mice"", ""20pct"")]"
MICE,20pct,deterministic,4021,17704,2023-11-25,1.6000000376254322,5.300000216066838,1,"C:\Users\yasemin.bozkurt\Desktop\article\DLPIF-repo-update\src\baseline_results.pkl::all_scenarios[(""mice"", ""20pct"")]"
MICE,20pct,deterministic,4044,17155,2023-12-01,4.300000009685755,2.768000154197216,1,"C:\Users\yasemin.bozkurt\Desktop\article\DLPIF-repo-update\src\baseline_results.pkl::all_scenarios[(""mice"", ""20pct"")]"
MICE,20pct,deterministic,4048,17155,2023-12-02,1.0000000068917871,0.8480000026524067,1,"C:\Users\yasemin.bozkurt\Desktop\article\DLPIF-repo-update\src\baseline_results.pkl::all_scenarios[(""mice"", ""20pct"")]"
MICE,20pct,deterministic,4063,17750,2023-12-05,0.0,2.3520000725984573,1,"C:\Users\yasemin.bozkurt\Desktop\article\DLPIF-repo-update\src\baseline_results.pkl::all_scenarios[(""mice"", ""20pct"")]"
MICE,20pct,deterministic,4064,17155,2023-12-06,0.40000000940635805,5.024000126123429,1,"C:\Users\yasemin.bozkurt\Desktop\article\DLPIF-repo-update\src\baseline_results.pkl::all_scenarios[(""mice"", ""20pct"")]"
MICE,20pct,deterministic,4065,17704,2023-12-06,0.0,9.628000277280808,1,"C:\Users\yasemin.bozkurt\Desktop\article\DLPIF-repo-update\src\baseline_results.pkl::all_scenarios[(""mice"", ""20pct"")]"
MICE,20pct,deterministic,4071,17750,2023-12-07,1.6000000376254322,5.096000334620476,1,"C:\Users\yasemin.bozkurt\Desktop\article\DLPIF-repo-update\src\baseline_results.pkl::all_scenarios[(""mice"", ""20pct"")]"
MICE,20pct,deterministic,4075,17750,2023-12-08,10.000000467896463,8.408000349998474,1,"C:\Users\yasemin.bozkurt\Desktop\article\DLPIF-repo-update\src\baseline_results.pkl::all_scenarios[(""mice"", ""20pct"")]"
MICE,20pct,deterministic,4077,17704,2023-12-09,6.000000174343587,5.151999905705452,1,"C:\Users\yasemin.bozkurt\Desktop\article\DLPIF-repo-update\src\baseline_results.pkl::all_scenarios[(""mice"", ""20pct"")]"
MICE,20pct,deterministic,4078,17748,2023-12-09,9.200000515580179,12.564000740647318,1,"C:\Users\yasemin.bozkurt\Desktop\article\DLPIF-repo-update\src\baseline_results.pkl::all_scenarios[(""mice"", ""20pct"")]"
MICE,20pct,deterministic,4084,17155,2023-12-11,7.900000061094762,3.760000041872263,1,"C:\Users\yasemin.bozkurt\Desktop\article\DLPIF-repo-update\src\baseline_results.pkl::all_scenarios[(""mice"", ""20pct"")]"
MICE,20pct,deterministic,4086,17748,2023-12-11,1.8000000257045032,6.396000257134438,1,"C:\Users\yasemin.bozkurt\Desktop\article\DLPIF-repo-update\src\baseline_results.pkl::all_scenarios[(""mice"", ""20pct"")]"
MICE,20pct,deterministic,4096,17155,2023-12-14,0.0,0.94400003682822,1,"C:\Users\yasemin.bozkurt\Desktop\article\DLPIF-repo-update\src\baseline_results.pkl::all_scenarios[(""mice"", ""20pct"")]"
MICE,20pct,deterministic,4098,17748,2023-12-14,0.0,0.2319999994710088,1,"C:\Users\yasemin.bozkurt\Desktop\article\DLPIF-repo-update\src\baseline_results.pkl::all_scenarios[(""mice"", ""20pct"")]"
MICE,20pct,deterministic,4099,17750,2023-12-14,0.0,7.8320002779364595,1,"C:\Users\yasemin.bozkurt\Desktop\article\DLPIF-repo-update\src\baseline_results.pkl::all_scenarios[(""mice"", ""20pct"")]"
MICE,20pct,deterministic,4103,17750,2023-12-15,0.0,1.6800000328570606,1,"C:\Users\yasemin.bozkurt\Desktop\article\DLPIF-repo-update\src\baseline_results.pkl::all_scenarios[(""mice"", ""20pct"")]"
MICE,20pct,deterministic,4105,17704,2023-12-16,0.8000000188127161,4.600000257790089,1,"C:\Users\yasemin.bozkurt\Desktop\article\DLPIF-repo-update\src\baseline_results.pkl::all_scenarios[(""mice"", ""20pct"")]"
MICE,20pct,deterministic,4112,17155,2023-12-18,6.200000162422658,6.147999952733517,1,"C:\Users\yasemin.bozkurt\Desktop\article\DLPIF-repo-update\src\baseline_results.pkl::all_scenarios[(""mice"", ""20pct"")]"
MICE,20pct,deterministic,4118,17748,2023-12-19,0.0,0.5720000457018615,1,"C:\Users\yasemin.bozkurt\Desktop\article\DLPIF-repo-update\src\baseline_results.pkl::all_scenarios[(""mice"", ""20pct"")]"
MICE,20pct,deterministic,4119,17750,2023-12-19,0.0,0.20800000755116346,1,"C:\Users\yasemin.bozkurt\Desktop\article\DLPIF-repo-update\src\baseline_results.pkl::all_scenarios[(""mice"", ""20pct"")]"
MICE,20pct,deterministic,4120,17155,2023-12-20,0.0,1.2400000590831042,1,"C:\Users\yasemin.bozkurt\Desktop\article\DLPIF-repo-update\src\baseline_results.pkl::all_scenarios[(""mice"", ""20pct"")]"
MICE,20pct,deterministic,4121,17704,2023-12-20,0.0,0.5520000136457384,1,"C:\Users\yasemin.bozkurt\Desktop\article\DLPIF-repo-update\src\baseline_results.pkl::all_scenarios[(""mice"", ""20pct"")]"
MICE,20pct,deterministic,4133,17704,2023-12-23,6.000000174343587,0.9760000482201577,1,"C:\Users\yasemin.bozkurt\Desktop\article\DLPIF-repo-update\src\baseline_results.pkl::all_scenarios[(""mice"", ""20pct"")]"
MICE,20pct,deterministic,4135,17750,2023-12-23,5.0000002339482315,4.916000345349312,1,"C:\Users\yasemin.bozkurt\Desktop\article\DLPIF-repo-update\src\baseline_results.pkl::all_scenarios[(""mice"", ""20pct"")]"
MICE,20pct,deterministic,4137,17704,2023-12-24,3.4000000633299354,1.3960000231862069,1,"C:\Users\yasemin.bozkurt\Desktop\article\DLPIF-repo-update\src\baseline_results.pkl::all_scenarios[(""mice"", ""20pct"")]"
MICE,20pct,deterministic,4139,17750,2023-12-24,1.0000000068917871,1.2279999800026418,1,"C:\Users\yasemin.bozkurt\Desktop\article\DLPIF-repo-update\src\baseline_results.pkl::all_scenarios[(""mice"", ""20pct"")]"
MICE,20pct,deterministic,4150,17748,2023-12-27,0.0,2.9280001446604733,1,"C:\Users\yasemin.bozkurt\Desktop\article\DLPIF-repo-update\src\baseline_results.pkl::all_scenarios[(""mice"", ""20pct"")]"
MICE,20pct,deterministic,4161,17704,2023-12-30,0.20000000470317902,0.7720000337809325,1,"C:\Users\yasemin.bozkurt\Desktop\article\DLPIF-repo-update\src\baseline_results.pkl::all_scenarios[(""mice"", ""20pct"")]"
MICE,20pct,deterministic,4166,17748,2023-12-31,0.0,1.1200000662356615,1,"C:\Users\yasemin.bozkurt\Desktop\article\DLPIF-repo-update\src\baseline_results.pkl::all_scenarios[(""mice"", ""20pct"")]"
MICE,block30d,deterministic,172,17155,2021-04-07,0.0,0.06000000057974831,1,"C:\Users\yasemin.bozkurt\Desktop\article\DLPIF-repo-update\src\baseline_results.pkl::all_scenarios[(""mice"", ""block30d"")]"
MICE,block30d,deterministic,176,17155,2021-04-08,0.0,1.96000001616776,1,"C:\Users\yasemin.bozkurt\Desktop\article\DLPIF-repo-update\src\baseline_results.pkl::all_scenarios[(""mice"", ""block30d"")]"
MICE,block30d,deterministic,180,17155,2021-04-09,9.200000515580179,4.595999832451344,1,"C:\Users\yasemin.bozkurt\Desktop\article\DLPIF-repo-update\src\baseline_results.pkl::all_scenarios[(""mice"", ""block30d"")]"
MICE,block30d,deterministic,184,17155,2021-04-10,0.0,1.6800000328570606,1,"C:\Users\yasemin.bozkurt\Desktop\article\DLPIF-repo-update\src\baseline_results.pkl::all_scenarios[(""mice"", ""block30d"")]"
MICE,block30d,deterministic,188,17155,2021-04-11,0.0,0.8000000188127161,1,"C:\Users\yasemin.bozkurt\Desktop\article\DLPIF-repo-update\src\baseline_results.pkl::all_scenarios[(""mice"", ""block30d"")]"
MICE,block30d,deterministic,192,17155,2021-04-12,3.2000000752508644,1.3200000543147328,1,"C:\Users\yasemin.bozkurt\Desktop\article\DLPIF-repo-update\src\baseline_results.pkl::all_scenarios[(""mice"", ""block30d"")]"
MICE,block30d,deterministic,194,17748,2021-04-12,0.0,0.43200002079829575,1,"C:\Users\yasemin.bozkurt\Desktop\article\DLPIF-repo-update\src\baseline_results.pkl::all_scenarios[(""mice"", ""block30d"")]"
MICE,block30d,deterministic,196,17155,2021-04-13,2.0000000137835743,0.8200000176206231,1,"C:\Users\yasemin.bozkurt\Desktop\article\DLPIF-repo-update\src\baseline_results.pkl::all_scenarios[(""mice"", ""block30d"")]"
MICE,block30d,deterministic,198,17748,2021-04-13,0.0,0.22000000351108612,1,"C:\Users\yasemin.bozkurt\Desktop\article\DLPIF-repo-update\src\baseline_results.pkl::all_scenarios[(""mice"", ""block30d"")]"
MICE,block30d,deterministic,200,17155,2021-04-14,0.0,0.0800000035436824,1,"C:\Users\yasemin.bozkurt\Desktop\article\DLPIF-repo-update\src\baseline_results.pkl::all_scenarios[(""mice"", ""block30d"")]"
MICE,block30d,deterministic,202,17748,2021-04-14,0.0,0.7880000062286855,1,"C:\Users\yasemin.bozkurt\Desktop\article\DLPIF-repo-update\src\baseline_results.pkl::all_scenarios[(""mice"", ""block30d"")]"
MICE,block30d,deterministic,204,17155,2021-04-15,0.0,0.024000000231899323,1,"C:\Users\yasemin.bozkurt\Desktop\article\DLPIF-repo-update\src\baseline_results.pkl::all_scenarios[(""mice"", ""block30d"")]"
MICE,block30d,deterministic,206,17748,2021-04-15,0.0,0.8320000302046539,1,"C:\Users\yasemin.bozkurt\Desktop\article\DLPIF-repo-update\src\baseline_results.pkl::all_scenarios[(""mice"", ""block30d"")]"
MICE,block30d,deterministic,208,17155,2021-04-16,0.0,0.9200000116601588,1,"C:\Users\yasemin.bozkurt\Desktop\article\DLPIF-repo-update\src\baseline_results.pkl::all_scenarios[(""mice"", ""block30d"")]"
MICE,block30d,deterministic,210,17748,2021-04-16,0.0,0.16400000019930305,1,"C:\Users\yasemin.bozkurt\Desktop\article\DLPIF-repo-update\src\baseline_results.pkl::all_scenarios[(""mice"", ""block30d"")]"
MICE,block30d,deterministic,212,17155,2021-04-17,0.20000000470317902,0.7359999960288406,1,"C:\Users\yasemin.bozkurt\Desktop\article\DLPIF-repo-update\src\baseline_results.pkl::all_scenarios[(""mice"", ""block30d"")]"
MICE,block30d,deterministic,214,17748,2021-04-17,0.0,1.6480000879615546,1,"C:\Users\yasemin.bozkurt\Desktop\article\DLPIF-repo-update\src\baseline_results.pkl::all_scenarios[(""mice"", ""block30d"")]"
MICE,block30d,deterministic,216,17155,2021-04-18,3.6000000514090065,1.7640000544488432,1,"C:\Users\yasemin.bozkurt\Desktop\article\DLPIF-repo-update\src\baseline_results.pkl::all_scenarios[(""mice"", ""block30d"")]"
MICE,block30d,deterministic,218,17748,2021-04-18,5.800000186264516,0.6280000157654286,1,"C:\Users\yasemin.bozkurt\Desktop\article\DLPIF-repo-update\src\baseline_results.pkl::all_scenarios[(""mice"", ""block30d"")]"
MICE,block30d,deterministic,220,17155,2021-04-19,10.800000420212747,1.8359999969601632,1,"C:\Users\yasemin.bozkurt\Desktop\article\DLPIF-repo-update\src\baseline_results.pkl::all_scenarios[(""mice"", ""block30d"")]"
MICE,block30d,deterministic,222,17748,2021-04-19,15.20000015795231,9.32000050842762,1,"C:\Users\yasemin.bozkurt\Desktop\article\DLPIF-repo-update\src\baseline_results.pkl::all_scenarios[(""mice"", ""block30d"")]"
MICE,block30d,deterministic,224,17155,2021-04-20,5.4000002101063735,2.9920000344514848,1,"C:\Users\yasemin.bozkurt\Desktop\article\DLPIF-repo-update\src\baseline_results.pkl::all_scenarios[(""mice"", ""block30d"")]"
MICE,block30d,deterministic,226,17748,2021-04-20,5.600000198185445,5.8760002881288536,1,"C:\Users\yasemin.bozkurt\Desktop\article\DLPIF-repo-update\src\baseline_results.pkl::all_scenarios[(""mice"", ""block30d"")]"
MICE,block30d,deterministic,228,17155,2021-04-21,0.0,0.4920000172220171,1,"C:\Users\yasemin.bozkurt\Desktop\article\DLPIF-repo-update\src\baseline_results.pkl::all_scenarios[(""mice"", ""block30d"")]"
MICE,block30d,deterministic,230,17748,2021-04-21,0.40000000940635805,2.8220000445842746,1,"C:\Users\yasemin.bozkurt\Desktop\article\DLPIF-repo-update\src\baseline_results.pkl::all_scenarios[(""mice"", ""block30d"")]"
MICE,block30d,deterministic,232,17155,2021-04-22,0.0,0.08399999665562065,1,"C:\Users\yasemin.bozkurt\Desktop\article\DLPIF-repo-update\src\baseline_results.pkl::all_scenarios[(""mice"", ""block30d"")]"
MICE,block30d,deterministic,234,17748,2021-04-22,0.0,1.8387800797820093,1,"C:\Users\yasemin.bozkurt\Desktop\article\DLPIF-repo-update\src\baseline_results.pkl::all_scenarios[(""mice"", ""block30d"")]"
MICE,block30d,deterministic,236,17155,2021-04-23,0.0,0.008000000250467565,1,"C:\Users\yasemin.bozkurt\Desktop\article\DLPIF-repo-update\src\baseline_results.pkl::all_scenarios[(""mice"", ""block30d"")]"
MICE,block30d,deterministic,238,17748,2021-04-23,0.0,0.48200001781806356,1,"C:\Users\yasemin.bozkurt\Desktop\article\DLPIF-repo-update\src\baseline_results.pkl::all_scenarios[(""mice"", ""block30d"")]"
MICE,block30d,deterministic,240,17155,2021-04-24,0.0,0.3360000198706985,1,"C:\Users\yasemin.bozkurt\Desktop\article\DLPIF-repo-update\src\baseline_results.pkl::all_scenarios[(""mice"", ""block30d"")]"
MICE,block30d,deterministic,242,17748,2021-04-24,0.0,12.748000091314317,1,"C:\Users\yasemin.bozkurt\Desktop\article\DLPIF-repo-update\src\baseline_results.pkl::all_scenarios[(""mice"", ""block30d"")]"
MICE,block30d,deterministic,244,17155,2021-04-25,11.600000372529031,10.520000436902047,1,"C:\Users\yasemin.bozkurt\Desktop\article\DLPIF-repo-update\src\baseline_results.pkl::all_scenarios[(""mice"", ""block30d"")]"
MICE,block30d,deterministic,246,17748,2021-04-25,9.000000527501108,7.84000006467104,1,"C:\Users\yasemin.bozkurt\Desktop\article\DLPIF-repo-update\src\baseline_results.pkl::all_scenarios[(""mice"", ""block30d"")]"
MICE,block30d,deterministic,248,17155,2021-04-26,14.000000229477884,6.868000441789627,1,"C:\Users\yasemin.bozkurt\Desktop\article\DLPIF-repo-update\src\baseline_results.pkl::all_scenarios[(""mice"", ""block30d"")]"
MICE,block30d,deterministic,250,17748,2021-04-26,0.40000000940635805,7.628000396490098,1,"C:\Users\yasemin.bozkurt\Desktop\article\DLPIF-repo-update\src\baseline_results.pkl::all_scenarios[(""mice"", ""block30d"")]"
MICE,block30d,deterministic,252,17155,2021-04-27,0.0,0.5200000022538007,1,"C:\Users\yasemin.bozkurt\Desktop\article\DLPIF-repo-update\src\baseline_results.pkl::all_scenarios[(""mice"", ""block30d"")]"
MICE,block30d,deterministic,254,17748,2021-04-27,0.20000000470317902,0.4520000196062029,1,"C:\Users\yasemin.bozkurt\Desktop\article\DLPIF-repo-update\src\baseline_results.pkl::all_scenarios[(""mice"", ""block30d"")]"
MICE,block30d,deterministic,256,17155,2021-04-28,0.0,0.004000000125233783,1,"C:\Users\yasemin.bozkurt\Desktop\article\DLPIF-repo-update\src\baseline_results.pkl::all_scenarios[(""mice"", ""block30d"")]"
MICE,block30d,deterministic,258,17748,2021-04-28,0.0,0.19599999496713283,1,"C:\Users\yasemin.bozkurt\Desktop\article\DLPIF-repo-update\src\baseline_results.pkl::all_scenarios[(""mice"", ""block30d"")]"
MICE,block30d,deterministic,260,17155,2021-04-29,0.0,0.012000000115949662,1,"C:\Users\yasemin.bozkurt\Desktop\article\DLPIF-repo-update\src\baseline_results.pkl::all_scenarios[(""mice"", ""block30d"")]"
MICE,block30d,deterministic,262,17748,2021-04-29,0.0,0.20800000755116346,1,"C:\Users\yasemin.bozkurt\Desktop\article\DLPIF-repo-update\src\baseline_results.pkl::all_scenarios[(""mice"", ""block30d"")]"
MICE,block30d,deterministic,264,17155,2021-04-30,0.0,0.024000000231899323,1,"C:\Users\yasemin.bozkurt\Desktop\article\DLPIF-repo-update\src\baseline_results.pkl::all_scenarios[(""mice"", ""block30d"")]"
MICE,block30d,deterministic,266,17748,2021-04-30,0.0,0.048000000463798646,1,"C:\Users\yasemin.bozkurt\Desktop\article\DLPIF-repo-update\src\baseline_results.pkl::all_scenarios[(""mice"", ""block30d"")]"
MICE,block30d,deterministic,268,17155,2021-05-01,0.0,0.0,1,"C:\Users\yasemin.bozkurt\Desktop\article\DLPIF-repo-update\src\baseline_results.pkl::all_scenarios[(""mice"", ""block30d"")]"
MICE,block30d,deterministic,270,17748,2021-05-01,0.0,0.1600000070873648,1,"C:\Users\yasemin.bozkurt\Desktop\article\DLPIF-repo-update\src\baseline_results.pkl::all_scenarios[(""mice"", ""block30d"")]"
MICE,block30d,deterministic,272,17155,2021-05-02,0.0,0.01600000050093513,1,"C:\Users\yasemin.bozkurt\Desktop\article\DLPIF-repo-update\src\baseline_results.pkl::all_scenarios[(""mice"", ""block30d"")]"
MICE,block30d,deterministic,274,17748,2021-05-02,0.0,0.012000000115949662,1,"C:\Users\yasemin.bozkurt\Desktop\article\DLPIF-repo-update\src\baseline_results.pkl::all_scenarios[(""mice"", ""block30d"")]"
MICE,block30d,deterministic,276,17155,2021-05-03,0.0,0.07200000069569797,1,"C:\Users\yasemin.bozkurt\Desktop\article\DLPIF-repo-update\src\baseline_results.pkl::all_scenarios[(""mice"", ""block30d"")]"
MICE,block30d,deterministic,278,17748,2021-05-03,0.0,0.11200000662356616,1,"C:\Users\yasemin.bozkurt\Desktop\article\DLPIF-repo-update\src\baseline_results.pkl::all_scenarios[(""mice"", ""block30d"")]"
MICE,block30d,deterministic,280,17155,2021-05-04,0.0,0.6400000283494592,1,"C:\Users\yasemin.bozkurt\Desktop\article\DLPIF-repo-update\src\baseline_results.pkl::all_scenarios[(""mice"", ""block30d"")]"
MICE,block30d,deterministic,282,17748,2021-05-04,0.0,1.4760000184178355,1,"C:\Users\yasemin.bozkurt\Desktop\article\DLPIF-repo-update\src\baseline_results.pkl::all_scenarios[(""mice"", ""block30d"")]"
MICE,block30d,deterministic,284,17155,2021-05-05,0.0,0.40000000940635805,1,"C:\Users\yasemin.bozkurt\Desktop\article\DLPIF-repo-update\src\baseline_results.pkl::all_scenarios[(""mice"", ""block30d"")]"
MICE,block30d,deterministic,286,17748,2021-05-05,0.0,2.8080001518130304,1,"C:\Users\yasemin.bozkurt\Desktop\article\DLPIF-repo-update\src\baseline_results.pkl::all_scenarios[(""mice"", ""block30d"")]"
MICE,block30d,deterministic,288,17155,2021-05-06,0.0,3.8839999280869963,1,"C:\Users\yasemin.bozkurt\Desktop\article\DLPIF-repo-update\src\baseline_results.pkl::all_scenarios[(""mice"", ""block30d"")]"
MICE,block30d,deterministic,290,17748,2021-05-06,0.0,1.0760000422596931,1,"C:\Users\yasemin.bozkurt\Desktop\article\DLPIF-repo-update\src\baseline_results.pkl::all_scenarios[(""mice"", ""block30d"")]"
MICE,block30d,deterministic,294,17748,2021-05-07,0.0,0.780000020004809,1,"C:\Users\yasemin.bozkurt\Desktop\article\DLPIF-repo-update\src\baseline_results.pkl::all_scenarios[(""mice"", ""block30d"")]"
MICE,block30d,deterministic,298,17748,2021-05-08,0.0,0.7120000373572112,1,"C:\Users\yasemin.bozkurt\Desktop\article\DLPIF-repo-update\src\baseline_results.pkl::all_scenarios[(""mice"", ""block30d"")]"
MICE,block30d,deterministic,299,17750,2021-05-08,0.0,0.47200001841411,1,"C:\Users\yasemin.bozkurt\Desktop\article\DLPIF-repo-update\src\baseline_results.pkl::all_scenarios[(""mice"", ""block30d"")]"
MICE,block30d,deterministic,302,17748,2021-05-09,0.40000000940635805,3.08800013512373,1,"C:\Users\yasemin.bozkurt\Desktop\article\DLPIF-repo-update\src\baseline_results.pkl::all_scenarios[(""mice"", ""block30d"")]"
MICE,block30d,deterministic,303,17750,2021-05-09,0.0,0.271999997086823,1,"C:\Users\yasemin.bozkurt\Desktop\article\DLPIF-repo-update\src\baseline_results.pkl::all_scenarios[(""mice"", ""block30d"")]"
MICE,block30d,deterministic,306,17748,2021-05-10,0.0,0.012000000115949662,1,"C:\Users\yasemin.bozkurt\Desktop\article\DLPIF-repo-update\src\baseline_results.pkl::all_scenarios[(""mice"", ""block30d"")]"
MICE,block30d,deterministic,307,17750,2021-05-10,0.0,0.01600000050093513,1,"C:\Users\yasemin.bozkurt\Desktop\article\DLPIF-repo-update\src\baseline_results.pkl::all_scenarios[(""mice"", ""block30d"")]"
MICE,block30d,deterministic,310,17748,2021-05-11,0.0,0.052000001887790866,1,"C:\Users\yasemin.bozkurt\Desktop\article\DLPIF-repo-update\src\baseline_results.pkl::all_scenarios[(""mice"", ""block30d"")]"
MICE,block30d,deterministic,311,17750,2021-05-11,0.0,0.004000000125233783,1,"C:\Users\yasemin.bozkurt\Desktop\article\DLPIF-repo-update\src\baseline_results.pkl::all_scenarios[(""mice"", ""block30d"")]"
MICE,block30d,deterministic,315,17750,2021-05-12,0.0,0.0,1,"C:\Users\yasemin.bozkurt\Desktop\article\DLPIF-repo-update\src\baseline_results.pkl::all_scenarios[(""mice"", ""block30d"")]"
MICE,block30d,deterministic,319,17750,2021-05-13,0.0,0.01600000050093513,1,"C:\Users\yasemin.bozkurt\Desktop\article\DLPIF-repo-update\src\baseline_results.pkl::all_scenarios[(""mice"", ""block30d"")]"
MICE,block30d,deterministic,323,17750,2021-05-14,0.0,0.01600000050093513,1,"C:\Users\yasemin.bozkurt\Desktop\article\DLPIF-repo-update\src\baseline_results.pkl::all_scenarios[(""mice"", ""block30d"")]"
MICE,block30d,deterministic,327,17750,2021-05-15,0.0,0.012000000115949662,1,"C:\Users\yasemin.bozkurt\Desktop\article\DLPIF-repo-update\src\baseline_results.pkl::all_scenarios[(""mice"", ""block30d"")]"
MICE,block30d,deterministic,330,17748,2021-05-16,0.0,1.4279999680817128,1,"C:\Users\yasemin.bozkurt\Desktop\article\DLPIF-repo-update\src\baseline_results.pkl::all_scenarios[(""mice"", ""block30d"")]"
MICE,block30d,deterministic,331,17750,2021-05-16,0.0,0.01600000050093513,1,"C:\Users\yasemin.bozkurt\Desktop\article\DLPIF-repo-update\src\baseline_results.pkl::all_scenarios[(""mice"", ""block30d"")]"
MICE,block30d,deterministic,334,17748,2021-05-17,0.0,0.18800000874325634,1,"C:\Users\yasemin.bozkurt\Desktop\article\DLPIF-repo-update\src\baseline_results.pkl::all_scenarios[(""mice"", ""block30d"")]"
MICE,block30d,deterministic,335,17750,2021-05-17,0.0,0.05600000331178308,1,"C:\Users\yasemin.bozkurt\Desktop\article\DLPIF-repo-update\src\baseline_results.pkl::all_scenarios[(""mice"", ""block30d"")]"
MICE,block30d,deterministic,338,17748,2021-05-18,0.0,0.03600000034784898,1,"C:\Users\yasemin.bozkurt\Desktop\article\DLPIF-repo-update\src\baseline_results.pkl::all_scenarios[(""mice"", ""block30d"")]"
MICE,block30d,deterministic,339,17750,2021-05-18,0.0,0.008000000250467565,1,"C:\Users\yasemin.bozkurt\Desktop\article\DLPIF-repo-update\src\baseline_results.pkl::all_scenarios[(""mice"", ""block30d"")]"
MICE,block30d,deterministic,342,17748,2021-05-19,0.0,0.008000000250467565,1,"C:\Users\yasemin.bozkurt\Desktop\article\DLPIF-repo-update\src\baseline_results.pkl::all_scenarios[(""mice"", ""block30d"")]"
MICE,block30d,deterministic,343,17750,2021-05-19,0.0,0.012000000115949662,1,"C:\Users\yasemin.bozkurt\Desktop\article\DLPIF-repo-update\src\baseline_results.pkl::all_scenarios[(""mice"", ""block30d"")]"
MICE,block30d,deterministic,346,17748,2021-05-20,0.0,0.0,1,"C:\Users\yasemin.bozkurt\Desktop\article\DLPIF-repo-update\src\baseline_results.pkl::all_scenarios[(""mice"", ""block30d"")]"
MICE,block30d,deterministic,347,17750,2021-05-20,0.0,0.0,1,"C:\Users\yasemin.bozkurt\Desktop\article\DLPIF-repo-update\src\baseline_results.pkl::all_scenarios[(""mice"", ""block30d"")]"
MICE,block30d,deterministic,350,17748,2021-05-21,0.0,1.4719999920576812,1,"C:\Users\yasemin.bozkurt\Desktop\article\DLPIF-repo-update\src\baseline_results.pkl::all_scenarios[(""mice"", ""block30d"")]"
MICE,block30d,deterministic,351,17750,2021-05-21,0.0,0.271999997086823,1,"C:\Users\yasemin.bozkurt\Desktop\article\DLPIF-repo-update\src\baseline_results.pkl::all_scenarios[(""mice"", ""block30d"")]"
MICE,block30d,deterministic,354,17748,2021-05-22,2.8000000990927223,3.3000000692904,1,"C:\Users\yasemin.bozkurt\Desktop\article\DLPIF-repo-update\src\baseline_results.pkl::all_scenarios[(""mice"", ""block30d"")]"
MICE,block30d,deterministic,355,17750,2021-05-22,0.40000000940635805,0.8760000541806222,1,"C:\Users\yasemin.bozkurt\Desktop\article\DLPIF-repo-update\src\baseline_results.pkl::all_scenarios[(""mice"", ""block30d"")]"
MICE,block30d,deterministic,358,17748,2021-05-23,0.20000000470317902,0.04400000319583342,1,"C:\Users\yasemin.bozkurt\Desktop\article\DLPIF-repo-update\src\baseline_results.pkl::all_scenarios[(""mice"", ""block30d"")]"
MICE,block30d,deterministic,359,17750,2021-05-23,0.0,0.012000000115949662,1,"C:\Users\yasemin.bozkurt\Desktop\article\DLPIF-repo-update\src\baseline_results.pkl::all_scenarios[(""mice"", ""block30d"")]"
MICE,block30d,deterministic,362,17748,2021-05-24,0.0,0.008000000250467565,1,"C:\Users\yasemin.bozkurt\Desktop\article\DLPIF-repo-update\src\baseline_results.pkl::all_scenarios[(""mice"", ""block30d"")]"
MICE,block30d,deterministic,363,17750,2021-05-24,0.0,0.0,1,"C:\Users\yasemin.bozkurt\Desktop\article\DLPIF-repo-update\src\baseline_results.pkl::all_scenarios[(""mice"", ""block30d"")]"
MICE,block30d,deterministic,366,17748,2021-05-25,0.0,0.008000000250467565,1,"C:\Users\yasemin.bozkurt\Desktop\article\DLPIF-repo-update\src\baseline_results.pkl::all_scenarios[(""mice"", ""block30d"")]"
MICE,block30d,deterministic,367,17750,2021-05-25,0.0,0.0,1,"C:\Users\yasemin.bozkurt\Desktop\article\DLPIF-repo-update\src\baseline_results.pkl::all_scenarios[(""mice"", ""block30d"")]"
MICE,block30d,deterministic,370,17748,2021-05-26,0.0,0.07200000069569797,1,"C:\Users\yasemin.bozkurt\Desktop\article\DLPIF-repo-update\src\baseline_results.pkl::all_scenarios[(""mice"", ""block30d"")]"
MICE,block30d,deterministic,371,17750,2021-05-26,0.0,0.0,1,"C:\Users\yasemin.bozkurt\Desktop\article\DLPIF-repo-update\src\baseline_results.pkl::all_scenarios[(""mice"", ""block30d"")]"
MICE,block30d,deterministic,374,17748,2021-05-27,0.0,1.6440000616014006,1,"C:\Users\yasemin.bozkurt\Desktop\article\DLPIF-repo-update\src\baseline_results.pkl::all_scenarios[(""mice"", ""block30d"")]"
MICE,block30d,deterministic,375,17750,2021-05-27,0.0,0.004000000125233783,1,"C:\Users\yasemin.bozkurt\Desktop\article\DLPIF-repo-update\src\baseline_results.pkl::all_scenarios[(""mice"", ""block30d"")]"
MICE,block30d,deterministic,378,17748,2021-05-28,0.0,0.31599998781457544,1,"C:\Users\yasemin.bozkurt\Desktop\article\DLPIF-repo-update\src\baseline_results.pkl::all_scenarios[(""mice"", ""block30d"")]"
MICE,block30d,deterministic,379,17750,2021-05-28,0.0,0.004000000125233783,1,"C:\Users\yasemin.bozkurt\Desktop\article\DLPIF-repo-update\src\baseline_results.pkl::all_scenarios[(""mice"", ""block30d"")]"
MICE,block30d,deterministic,382,17748,2021-05-29,0.0,5.324000108242036,1,"C:\Users\yasemin.bozkurt\Desktop\article\DLPIF-repo-update\src\baseline_results.pkl::all_scenarios[(""mice"", ""block30d"")]"
MICE,block30d,deterministic,383,17750,2021-05-29,0.0,0.4679999920539558,1,"C:\Users\yasemin.bozkurt\Desktop\article\DLPIF-repo-update\src\baseline_results.pkl::all_scenarios[(""mice"", ""block30d"")]"
MICE,block30d,deterministic,386,17748,2021-05-30,0.0,0.12400000258348884,1,"C:\Users\yasemin.bozkurt\Desktop\article\DLPIF-repo-update\src\baseline_results.pkl::all_scenarios[(""mice"", ""block30d"")]"
MICE,block30d,deterministic,387,17750,2021-05-30,0.0,0.0200000008859206,1,"C:\Users\yasemin.bozkurt\Desktop\article\DLPIF-repo-update\src\baseline_results.pkl::all_scenarios[(""mice"", ""block30d"")]"
MICE,block30d,deterministic,390,17748,2021-05-31,2.40000012293458,3.8040001988410954,1,"C:\Users\yasemin.bozkurt\Desktop\article\DLPIF-repo-update\src\baseline_results.pkl::all_scenarios[(""mice"", ""block30d"")]"
MICE,block30d,deterministic,391,17750,2021-05-31,4.80000024586916,3.4920000046491624,1,"C:\Users\yasemin.bozkurt\Desktop\article\DLPIF-repo-update\src\baseline_results.pkl::all_scenarios[(""mice"", ""block30d"")]"
MICE,block30d,deterministic,394,17748,2021-06-01,1.0000000068917871,5.208000008761883,1,"C:\Users\yasemin.bozkurt\Desktop\article\DLPIF-repo-update\src\baseline_results.pkl::all_scenarios[(""mice"", ""block30d"")]"
MICE,block30d,deterministic,395,17750,2021-06-01,0.20000000470317902,2.863999988883734,1,"C:\Users\yasemin.bozkurt\Desktop\article\DLPIF-repo-update\src\baseline_results.pkl::all_scenarios[(""mice"", ""block30d"")]"
MICE,block30d,deterministic,398,17748,2021-06-02,5.600000198185445,3.16000007763505,1,"C:\Users\yasemin.bozkurt\Desktop\article\DLPIF-repo-update\src\baseline_results.pkl::all_scenarios[(""mice"", ""block30d"")]"
MICE,block30d,deterministic,399,17750,2021-06-02,6.800000126659871,0.08800000639166684,1,"C:\Users\yasemin.bozkurt\Desktop\article\DLPIF-repo-update\src\baseline_results.pkl::all_scenarios[(""mice"", ""block30d"")]"
MICE,block30d,deterministic,402,17748,2021-06-03,1.0000000068917871,0.7720000337809325,1,"C:\Users\yasemin.bozkurt\Desktop\article\DLPIF-repo-update\src\baseline_results.pkl::all_scenarios[(""mice"", ""block30d"")]"
MICE,block30d,deterministic,403,17750,2021-06-03,0.0,0.004000000125233783,1,"C:\Users\yasemin.bozkurt\Desktop\article\DLPIF-repo-update\src\baseline_results.pkl::all_scenarios[(""mice"", ""block30d"")]"
MICE,block30d,deterministic,406,17748,2021-06-04,0.0,0.6759999996051193,1,"C:\Users\yasemin.bozkurt\Desktop\article\DLPIF-repo-update\src\baseline_results.pkl::all_scenarios[(""mice"", ""block30d"")]"
MICE,block30d,deterministic,407,17750,2021-06-04,0.0,0.10800000519957394,1,"C:\Users\yasemin.bozkurt\Desktop\article\DLPIF-repo-update\src\baseline_results.pkl::all_scenarios[(""mice"", ""block30d"")]"
MICE,block30d,deterministic,410,17748,2021-06-05,0.0,0.10000000235158951,1,"C:\Users\yasemin.bozkurt\Desktop\article\DLPIF-repo-update\src\baseline_results.pkl::all_scenarios[(""mice"", ""block30d"")]"
MICE,block30d,deterministic,411,17750,2021-06-05,0.0,0.04399999903980643,1,"C:\Users\yasemin.bozkurt\Desktop\article\DLPIF-repo-update\src\baseline_results.pkl::all_scenarios[(""mice"", ""block30d"")]"
MICE,block30d,deterministic,414,17748,2021-06-06,0.0,0.11200000662356616,1,"C:\Users\yasemin.bozkurt\Desktop\article\DLPIF-repo-update\src\baseline_results.pkl::all_scenarios[(""mice"", ""block30d"")]"
MICE,block30d,deterministic,415,17750,2021-06-06,0.0,0.008000000250467565,1,"C:\Users\yasemin.bozkurt\Desktop\article\DLPIF-repo-update\src\baseline_results.pkl::all_scenarios[(""mice"", ""block30d"")]"
MICE,block30d,deterministic,418,17748,2021-06-07,0.0,0.008000000250467565,1,"C:\Users\yasemin.bozkurt\Desktop\article\DLPIF-repo-update\src\baseline_results.pkl::all_scenarios[(""mice"", ""block30d"")]"
MICE,block30d,deterministic,422,17748,2021-06-08,0.0,0.8840000404044986,1,"C:\Users\yasemin.bozkurt\Desktop\article\DLPIF-repo-update\src\baseline_results.pkl::all_scenarios[(""mice"", ""block30d"")]"
MICE,block30d,deterministic,426,17748,2021-06-09,4.80000024586916,4.300000009685755,1,"C:\Users\yasemin.bozkurt\Desktop\article\DLPIF-repo-update\src\baseline_results.pkl::all_scenarios[(""mice"", ""block30d"")]"
MICE,block30d,deterministic,430,17748,2021-06-10,0.20000000470317902,5.827999971807004,1,"C:\Users\yasemin.bozkurt\Desktop\article\DLPIF-repo-update\src\baseline_results.pkl::all_scenarios[(""mice"", ""block30d"")]"
MICE,block30d,deterministic,434,17748,2021-06-11,3.2000000752508644,4.336000113934279,1,"C:\Users\yasemin.bozkurt\Desktop\article\DLPIF-repo-update\src\baseline_results.pkl::all_scenarios[(""mice"", ""block30d"")]"
MICE,block30d,deterministic,438,17748,2021-06-12,10.000000467896463,2.9820000350475313,1,"C:\Users\yasemin.bozkurt\Desktop\article\DLPIF-repo-update\src\baseline_results.pkl::all_scenarios[(""mice"", ""block30d"")]"
MICE,block30d,deterministic,442,17748,2021-06-13,0.0,2.4600001193583014,1,"C:\Users\yasemin.bozkurt\Desktop\article\DLPIF-repo-update\src\baseline_results.pkl::all_scenarios[(""mice"", ""block30d"")]"
MICE,block30d,deterministic,446,17748,2021-06-14,4.400000003725291,9.423999863862992,1,"C:\Users\yasemin.bozkurt\Desktop\article\DLPIF-repo-update\src\baseline_results.pkl::all_scenarios[(""mice"", ""block30d"")]"
MICE,block30d,deterministic,671,17750,2021-08-09,0.0,0.008000000250467565,1,"C:\Users\yasemin.bozkurt\Desktop\article\DLPIF-repo-update\src\baseline_results.pkl::all_scenarios[(""mice"", ""block30d"")]"
MICE,block30d,deterministic,675,17750,2021-08-10,0.0,0.004000000125233783,1,"C:\Users\yasemin.bozkurt\Desktop\article\DLPIF-repo-update\src\baseline_results.pkl::all_scenarios[(""mice"", ""block30d"")]"
MICE,block30d,deterministic,679,17750,2021-08-11,0.0,0.2760000068228692,1,"C:\Users\yasemin.bozkurt\Desktop\article\DLPIF-repo-update\src\baseline_results.pkl::all_scenarios[(""mice"", ""block30d"")]"
MICE,block30d,deterministic,683,17750,2021-08-12,0.0,0.20800000755116346,1,"C:\Users\yasemin.bozkurt\Desktop\article\DLPIF-repo-update\src\baseline_results.pkl::all_scenarios[(""mice"", ""block30d"")]"
MICE,block30d,deterministic,687,17750,2021-08-13,0.0,0.42400000132620336,1,"C:\Users\yasemin.bozkurt\Desktop\article\DLPIF-repo-update\src\baseline_results.pkl::all_scenarios[(""mice"", ""block30d"")]"
MICE,block30d,deterministic,691,17750,2021-08-14,0.0,0.4600000058300794,1,"C:\Users\yasemin.bozkurt\Desktop\article\DLPIF-repo-update\src\baseline_results.pkl::all_scenarios[(""mice"", ""block30d"")]"
MICE,block30d,deterministic,695,17750,2021-08-15,0.0,0.3000000153668225,1,"C:\Users\yasemin.bozkurt\Desktop\article\DLPIF-repo-update\src\baseline_results.pkl::all_scenarios[(""mice"", ""block30d"")]"
MICE,block30d,deterministic,699,17750,2021-08-16,0.0,0.06400000200374052,1,"C:\Users\yasemin.bozkurt\Desktop\article\DLPIF-repo-update\src\baseline_results.pkl::all_scenarios[(""mice"", ""block30d"")]"
MICE,block30d,deterministic,703,17750,2021-08-17,0.0,0.004000000125233783,1,"C:\Users\yasemin.bozkurt\Desktop\article\DLPIF-repo-update\src\baseline_results.pkl::all_scenarios[(""mice"", ""block30d"")]"
MICE,block30d,deterministic,707,17750,2021-08-18,0.0,0.13600000685546548,1,"C:\Users\yasemin.bozkurt\Desktop\article\DLPIF-repo-update\src\baseline_results.pkl::all_scenarios[(""mice"", ""block30d"")]"
MICE,block30d,deterministic,711,17750,2021-08-19,0.0,0.16800000993534925,1,"C:\Users\yasemin.bozkurt\Desktop\article\DLPIF-repo-update\src\baseline_results.pkl::all_scenarios[(""mice"", ""block30d"")]"
MICE,block30d,deterministic,715,17750,2021-08-20,0.0,0.5320000148378313,1,"C:\Users\yasemin.bozkurt\Desktop\article\DLPIF-repo-update\src\baseline_results.pkl::all_scenarios[(""mice"", ""block30d"")]"
MICE,block30d,deterministic,719,17750,2021-08-21,0.0,0.37200002437457447,1,"C:\Users\yasemin.bozkurt\Desktop\article\DLPIF-repo-update\src\baseline_results.pkl::all_scenarios[(""mice"", ""block30d"")]"
MICE,block30d,deterministic,722,17748,2021-08-22,0.0,0.8360000565648079,1,"C:\Users\yasemin.bozkurt\Desktop\article\DLPIF-repo-update\src\baseline_results.pkl::all_scenarios[(""mice"", ""block30d"")]"
MICE,block30d,deterministic,723,17750,2021-08-22,0.0,0.3560000186786056,1,"C:\Users\yasemin.bozkurt\Desktop\article\DLPIF-repo-update\src\baseline_results.pkl::all_scenarios[(""mice"", ""block30d"")]"
MICE,block30d,deterministic,726,17748,2021-08-23,0.0,0.9120000254362822,1,"C:\Users\yasemin.bozkurt\Desktop\article\DLPIF-repo-update\src\baseline_results.pkl::all_scenarios[(""mice"", ""block30d"")]"
MICE,block30d,deterministic,727,17750,2021-08-23,0.0,0.5120000160299242,1,"C:\Users\yasemin.bozkurt\Desktop\article\DLPIF-repo-update\src\baseline_results.pkl::all_scenarios[(""mice"", ""block30d"")]"
MICE,block30d,deterministic,730,17748,2021-08-24,0.0,1.0600000033155084,1,"C:\Users\yasemin.bozkurt\Desktop\article\DLPIF-repo-update\src\baseline_results.pkl::all_scenarios[(""mice"", ""block30d"")]"
MICE,block30d,deterministic,731,17750,2021-08-24,0.0,0.26000000112690036,1,"C:\Users\yasemin.bozkurt\Desktop\article\DLPIF-repo-update\src\baseline_results.pkl::all_scenarios[(""mice"", ""block30d"")]"
MICE,block30d,deterministic,734,17748,2021-08-25,0.0,0.8159999912604691,1,"C:\Users\yasemin.bozkurt\Desktop\article\DLPIF-repo-update\src\baseline_results.pkl::all_scenarios[(""mice"", ""block30d"")]"
MICE,block30d,deterministic,735,17750,2021-08-25,0.0,0.3640000049024821,1,"C:\Users\yasemin.bozkurt\Desktop\article\DLPIF-repo-update\src\baseline_results.pkl::all_scenarios[(""mice"", ""block30d"")]"
MICE,block30d,deterministic,738,17748,2021-08-26,0.0,1.5040000699460507,1,"C:\Users\yasemin.bozkurt\Desktop\article\DLPIF-repo-update\src\baseline_results.pkl::all_scenarios[(""mice"", ""block30d"")]"
MICE,block30d,deterministic,739,17750,2021-08-26,0.0,0.0,1,"C:\Users\yasemin.bozkurt\Desktop\article\DLPIF-repo-update\src\baseline_results.pkl::all_scenarios[(""mice"", ""block30d"")]"
MICE,block30d,deterministic,742,17748,2021-08-27,0.0,0.16800000993534925,1,"C:\Users\yasemin.bozkurt\Desktop\article\DLPIF-repo-update\src\baseline_results.pkl::all_scenarios[(""mice"", ""block30d"")]"
MICE,block30d,deterministic,743,17750,2021-08-27,0.0,0.0,1,"C:\Users\yasemin.bozkurt\Desktop\article\DLPIF-repo-update\src\baseline_results.pkl::all_scenarios[(""mice"", ""block30d"")]"
MICE,block30d,deterministic,746,17748,2021-08-28,0.0,0.7959999924525619,1,"C:\Users\yasemin.bozkurt\Desktop\article\DLPIF-repo-update\src\baseline_results.pkl::all_scenarios[(""mice"", ""block30d"")]"
MICE,block30d,deterministic,747,17750,2021-08-28,0.0,0.0,1,"C:\Users\yasemin.bozkurt\Desktop\article\DLPIF-repo-update\src\baseline_results.pkl::all_scenarios[(""mice"", ""block30d"")]"
MICE,block30d,deterministic,750,17748,2021-08-29,0.0,0.6560000007972122,1,"C:\Users\yasemin.bozkurt\Desktop\article\DLPIF-repo-update\src\baseline_results.pkl::all_scenarios[(""mice"", ""block30d"")]"
MICE,block30d,deterministic,751,17750,2021-08-29,0.0,0.0,1,"C:\Users\yasemin.bozkurt\Desktop\article\DLPIF-repo-update\src\baseline_results.pkl::all_scenarios[(""mice"", ""block30d"")]"
MICE,block30d,deterministic,754,17748,2021-08-30,0.0,0.28800000278279186,1,"C:\Users\yasemin.bozkurt\Desktop\article\DLPIF-repo-update\src\baseline_results.pkl::all_scenarios[(""mice"", ""block30d"")]"
MICE,block30d,deterministic,755,17750,2021-08-30,0.0,0.0,1,"C:\Users\yasemin.bozkurt\Desktop\article\DLPIF-repo-update\src\baseline_results.pkl::all_scenarios[(""mice"", ""block30d"")]"
MICE,block30d,deterministic,758,17748,2021-08-31,0.0,0.19200000185519459,1,"C:\Users\yasemin.bozkurt\Desktop\article\DLPIF-repo-update\src\baseline_results.pkl::all_scenarios[(""mice"", ""block30d"")]"
MICE,block30d,deterministic,759,17750,2021-08-31,0.0,0.0,1,"C:\Users\yasemin.bozkurt\Desktop\article\DLPIF-repo-update\src\baseline_results.pkl::all_scenarios[(""mice"", ""block30d"")]"
MICE,block30d,deterministic,762,17748,2021-09-01,0.0,0.6560000007972122,1,"C:\Users\yasemin.bozkurt\Desktop\article\DLPIF-repo-update\src\baseline_results.pkl::all_scenarios[(""mice"", ""block30d"")]"
MICE,block30d,deterministic,763,17750,2021-09-01,0.0,0.0,1,"C:\Users\yasemin.bozkurt\Desktop\article\DLPIF-repo-update\src\baseline_results.pkl::all_scenarios[(""mice"", ""block30d"")]"
MICE,block30d,deterministic,766,17748,2021-09-02,0.0,1.1679999835789205,1,"C:\Users\yasemin.bozkurt\Desktop\article\DLPIF-repo-update\src\baseline_results.pkl::all_scenarios[(""mice"", ""block30d"")]"
MICE,block30d,deterministic,767,17750,2021-09-02,0.0,0.008000000250467565,1,"C:\Users\yasemin.bozkurt\Desktop\article\DLPIF-repo-update\src\baseline_results.pkl::all_scenarios[(""mice"", ""block30d"")]"
MICE,block30d,deterministic,770,17748,2021-09-03,0.0,0.14400000139139593,1,"C:\Users\yasemin.bozkurt\Desktop\article\DLPIF-repo-update\src\baseline_results.pkl::all_scenarios[(""mice"", ""block30d"")]"
MICE,block30d,deterministic,771,17750,2021-09-03,0.0,0.04400000319583342,1,"C:\Users\yasemin.bozkurt\Desktop\article\DLPIF-repo-update\src\baseline_results.pkl::all_scenarios[(""mice"", ""block30d"")]"
MICE,block30d,deterministic,774,17748,2021-09-04,0.0,2.580000112205744,1,"C:\Users\yasemin.bozkurt\Desktop\article\DLPIF-repo-update\src\baseline_results.pkl::all_scenarios[(""mice"", ""block30d"")]"
MICE,block30d,deterministic,775,17750,2021-09-04,0.0,0.0,1,"C:\Users\yasemin.bozkurt\Desktop\article\DLPIF-repo-update\src\baseline_results.pkl::all_scenarios[(""mice"", ""block30d"")]"
MICE,block30d,deterministic,778,17748,2021-09-05,0.0,1.1160000398755074,1,"C:\Users\yasemin.bozkurt\Desktop\article\DLPIF-repo-update\src\baseline_results.pkl::all_scenarios[(""mice"", ""block30d"")]"
MICE,block30d,deterministic,779,17750,2021-09-05,0.0,0.02800000165589154,1,"C:\Users\yasemin.bozkurt\Desktop\article\DLPIF-repo-update\src\baseline_results.pkl::all_scenarios[(""mice"", ""block30d"")]"
MICE,block30d,deterministic,782,17748,2021-09-06,0.0,0.508000022917986,1,"C:\Users\yasemin.bozkurt\Desktop\article\DLPIF-repo-update\src\baseline_results.pkl::all_scenarios[(""mice"", ""block30d"")]"
MICE,block30d,deterministic,783,17750,2021-09-06,0.0,0.027999999577878045,1,"C:\Users\yasemin.bozkurt\Desktop\article\DLPIF-repo-update\src\baseline_results.pkl::all_scenarios[(""mice"", ""block30d"")]"
MICE,block30d,deterministic,786,17748,2021-09-07,0.0,0.16400000019930305,1,"C:\Users\yasemin.bozkurt\Desktop\article\DLPIF-repo-update\src\baseline_results.pkl::all_scenarios[(""mice"", ""block30d"")]"
MICE,block30d,deterministic,787,17750,2021-09-07,0.0,0.5600000331178308,1,"C:\Users\yasemin.bozkurt\Desktop\article\DLPIF-repo-update\src\baseline_results.pkl::all_scenarios[(""mice"", ""block30d"")]"
MICE,block30d,deterministic,790,17748,2021-09-08,0.0,0.7280000098049642,1,"C:\Users\yasemin.bozkurt\Desktop\article\DLPIF-repo-update\src\baseline_results.pkl::all_scenarios[(""mice"", ""block30d"")]"
MICE,block30d,deterministic,794,17748,2021-09-09,0.0,1.5000000435858967,1,"C:\Users\yasemin.bozkurt\Desktop\article\DLPIF-repo-update\src\baseline_results.pkl::all_scenarios[(""mice"", ""block30d"")]"
MICE,block30d,deterministic,798,17748,2021-09-10,9.800000479817392,2.104000034183264,1,"C:\Users\yasemin.bozkurt\Desktop\article\DLPIF-repo-update\src\baseline_results.pkl::all_scenarios[(""mice"", ""block30d"")]"
MICE,block30d,deterministic,802,17748,2021-09-11,1.8000000257045032,1.0000000068917871,1,"C:\Users\yasemin.bozkurt\Desktop\article\DLPIF-repo-update\src\baseline_results.pkl::all_scenarios[(""mice"", ""block30d"")]"
MICE,block30d,deterministic,806,17748,2021-09-12,0.0,1.44799996688962,1,"C:\Users\yasemin.bozkurt\Desktop\article\DLPIF-repo-update\src\baseline_results.pkl::all_scenarios[(""mice"", ""block30d"")]"
MICE,block30d,deterministic,810,17748,2021-09-13,0.0,0.14400000139139593,1,"C:\Users\yasemin.bozkurt\Desktop\article\DLPIF-repo-update\src\baseline_results.pkl::all_scenarios[(""mice"", ""block30d"")]"
MICE,block30d,deterministic,814,17748,2021-09-14,0.0,1.143999958410859,1,"C:\Users\yasemin.bozkurt\Desktop\article\DLPIF-repo-update\src\baseline_results.pkl::all_scenarios[(""mice"", ""block30d"")]"
MICE,block30d,deterministic,818,17748,2021-09-15,0.0,2.488000170886517,1,"C:\Users\yasemin.bozkurt\Desktop\article\DLPIF-repo-update\src\baseline_results.pkl::all_scenarios[(""mice"", ""block30d"")]"
MICE,block30d,deterministic,822,17748,2021-09-16,0.0,1.4800000447779895,1,"C:\Users\yasemin.bozkurt\Desktop\article\DLPIF-repo-update\src\baseline_results.pkl::all_scenarios[(""mice"", ""block30d"")]"
MICE,block30d,deterministic,826,17748,2021-09-17,0.0,0.4800000046379865,1,"C:\Users\yasemin.bozkurt\Desktop\article\DLPIF-repo-update\src\baseline_results.pkl::all_scenarios[(""mice"", ""block30d"")]"
MICE,block30d,deterministic,830,17748,2021-09-18,0.0,0.08799999807961285,1,"C:\Users\yasemin.bozkurt\Desktop\article\DLPIF-repo-update\src\baseline_results.pkl::all_scenarios[(""mice"", ""block30d"")]"
MICE,block30d,deterministic,834,17748,2021-09-19,0.0,1.3240000806748868,1,"C:\Users\yasemin.bozkurt\Desktop\article\DLPIF-repo-update\src\baseline_results.pkl::all_scenarios[(""mice"", ""block30d"")]"
MICE,block30d,deterministic,838,17748,2021-09-20,0.0,0.004000000125233783,1,"C:\Users\yasemin.bozkurt\Desktop\article\DLPIF-repo-update\src\baseline_results.pkl::all_scenarios[(""mice"", ""block30d"")]"
MICE,block30d,deterministic,860,17155,2021-09-26,0.0,0.04399999903980643,1,"C:\Users\yasemin.bozkurt\Desktop\article\DLPIF-repo-update\src\baseline_results.pkl::all_scenarios[(""mice"", ""block30d"")]"
MICE,block30d,deterministic,864,17155,2021-09-27,0.0,0.0200000008859206,1,"C:\Users\yasemin.bozkurt\Desktop\article\DLPIF-repo-update\src\baseline_results.pkl::all_scenarios[(""mice"", ""block30d"")]"
MICE,block30d,deterministic,868,17155,2021-09-28,0.0,0.508000022917986,1,"C:\Users\yasemin.bozkurt\Desktop\article\DLPIF-repo-update\src\baseline_results.pkl::all_scenarios[(""mice"", ""block30d"")]"
MICE,block30d,deterministic,872,17155,2021-09-29,0.0,1.9240000449121,1,"C:\Users\yasemin.bozkurt\Desktop\article\DLPIF-repo-update\src\baseline_results.pkl::all_scenarios[(""mice"", ""block30d"")]"
MICE,block30d,deterministic,876,17155,2021-09-30,0.0,0.03600000034784898,1,"C:\Users\yasemin.bozkurt\Desktop\article\DLPIF-repo-update\src\baseline_results.pkl::all_scenarios[(""mice"", ""block30d"")]"
MICE,block30d,deterministic,880,17155,2021-10-01,0.0,0.24000000231899324,1,"C:\Users\yasemin.bozkurt\Desktop\article\DLPIF-repo-update\src\baseline_results.pkl::all_scenarios[(""mice"", ""block30d"")]"
MICE,block30d,deterministic,884,17155,2021-10-02,0.0,0.47200001841411,1,"C:\Users\yasemin.bozkurt\Desktop\article\DLPIF-repo-update\src\baseline_results.pkl::all_scenarios[(""mice"", ""block30d"")]"
MICE,block30d,deterministic,888,17155,2021-10-03,0.0,0.3000000153668225,1,"C:\Users\yasemin.bozkurt\Desktop\article\DLPIF-repo-update\src\baseline_results.pkl::all_scenarios[(""mice"", ""block30d"")]"
MICE,block30d,deterministic,892,17155,2021-10-04,0.0,0.4520000196062029,1,"C:\Users\yasemin.bozkurt\Desktop\article\DLPIF-repo-update\src\baseline_results.pkl::all_scenarios[(""mice"", ""block30d"")]"
MICE,block30d,deterministic,896,17155,2021-10-05,0.0,0.1400000082794577,1,"C:\Users\yasemin.bozkurt\Desktop\article\DLPIF-repo-update\src\baseline_results.pkl::all_scenarios[(""mice"", ""block30d"")]"
MICE,block30d,deterministic,900,17155,2021-10-06,0.0,0.7840000463649631,1,"C:\Users\yasemin.bozkurt\Desktop\article\DLPIF-repo-update\src\baseline_results.pkl::all_scenarios[(""mice"", ""block30d"")]"
MICE,block30d,deterministic,904,17155,2021-10-07,0.0,0.600000030733645,1,"C:\Users\yasemin.bozkurt\Desktop\article\DLPIF-repo-update\src\baseline_results.pkl::all_scenarios[(""mice"", ""block30d"")]"
MICE,block30d,deterministic,908,17155,2021-10-08,0.0,0.08400000496767462,1,"C:\Users\yasemin.bozkurt\Desktop\article\DLPIF-repo-update\src\baseline_results.pkl::all_scenarios[(""mice"", ""block30d"")]"
MICE,block30d,deterministic,912,17155,2021-10-09,0.0,0.12000000115949662,1,"C:\Users\yasemin.bozkurt\Desktop\article\DLPIF-repo-update\src\baseline_results.pkl::all_scenarios[(""mice"", ""block30d"")]"
MICE,block30d,deterministic,916,17155,2021-10-10,0.0,1.4879999645054343,1,"C:\Users\yasemin.bozkurt\Desktop\article\DLPIF-repo-update\src\baseline_results.pkl::all_scenarios[(""mice"", ""block30d"")]"
MICE,block30d,deterministic,920,17155,2021-10-11,0.0,4.504000157117844,1,"C:\Users\yasemin.bozkurt\Desktop\article\DLPIF-repo-update\src\baseline_results.pkl::all_scenarios[(""mice"", ""block30d"")]"
MICE,block30d,deterministic,924,17155,2021-10-12,0.0,0.3760000174865127,1,"C:\Users\yasemin.bozkurt\Desktop\article\DLPIF-repo-update\src\baseline_results.pkl::all_scenarios[(""mice"", ""block30d"")]"
MICE,block30d,deterministic,928,17155,2021-10-13,12.200000336766244,1.416000021994114,1,"C:\Users\yasemin.bozkurt\Desktop\article\DLPIF-repo-update\src\baseline_results.pkl::all_scenarios[(""mice"", ""block30d"")]"
MICE,block30d,deterministic,932,17155,2021-10-14,0.0,0.692000038549304,1,"C:\Users\yasemin.bozkurt\Desktop\article\DLPIF-repo-update\src\baseline_results.pkl::all_scenarios[(""mice"", ""block30d"")]"
MICE,block30d,deterministic,936,17155,2021-10-15,0.0,0.9880000608041883,1,"C:\Users\yasemin.bozkurt\Desktop\article\DLPIF-repo-update\src\baseline_results.pkl::all_scenarios[(""mice"", ""block30d"")]"
MICE,block30d,deterministic,940,17155,2021-10-16,0.600000030733645,1.3880001034587623,1,"C:\Users\yasemin.bozkurt\Desktop\article\DLPIF-repo-update\src\baseline_results.pkl::all_scenarios[(""mice"", ""block30d"")]"
MICE,block30d,deterministic,944,17155,2021-10-17,9.200000515580179,2.1120000869035724,1,"C:\Users\yasemin.bozkurt\Desktop\article\DLPIF-repo-update\src\baseline_results.pkl::all_scenarios[(""mice"", ""block30d"")]"
MICE,block30d,deterministic,948,17155,2021-10-18,10.000000467896463,5.068000017106534,1,"C:\Users\yasemin.bozkurt\Desktop\article\DLPIF-repo-update\src\baseline_results.pkl::all_scenarios[(""mice"", ""block30d"")]"
MICE,block30d,deterministic,952,17155,2021-10-19,0.0,3.924000191688538,1,"C:\Users\yasemin.bozkurt\Desktop\article\DLPIF-repo-update\src\baseline_results.pkl::all_scenarios[(""mice"", ""block30d"")]"
MICE,block30d,deterministic,956,17155,2021-10-20,0.0,0.2560000080149621,1,"C:\Users\yasemin.bozkurt\Desktop\article\DLPIF-repo-update\src\baseline_results.pkl::all_scenarios[(""mice"", ""block30d"")]"
MICE,block30d,deterministic,960,17155,2021-10-21,0.0,0.4520000196062029,1,"C:\Users\yasemin.bozkurt\Desktop\article\DLPIF-repo-update\src\baseline_results.pkl::all_scenarios[(""mice"", ""block30d"")]"
MICE,block30d,deterministic,964,17155,2021-10-22,0.0,0.5800000319257379,1,"C:\Users\yasemin.bozkurt\Desktop\article\DLPIF-repo-update\src\baseline_results.pkl::all_scenarios[(""mice"", ""block30d"")]"
MICE,block30d,deterministic,968,17155,2021-10-23,0.0,0.6560000007972122,1,"C:\Users\yasemin.bozkurt\Desktop\article\DLPIF-repo-update\src\baseline_results.pkl::all_scenarios[(""mice"", ""block30d"")]"
MICE,block30d,deterministic,972,17155,2021-10-24,0.0,1.0280000584200026,1,"C:\Users\yasemin.bozkurt\Desktop\article\DLPIF-repo-update\src\baseline_results.pkl::all_scenarios[(""mice"", ""block30d"")]"
MICE,block30d,deterministic,976,17155,2021-10-25,0.0,2.1120000869035724,1,"C:\Users\yasemin.bozkurt\Desktop\article\DLPIF-repo-update\src\baseline_results.pkl::all_scenarios[(""mice"", ""block30d"")]"
MICE,block30d,deterministic,1304,17155,2022-01-15,0.0,0.8359999900683761,1,"C:\Users\yasemin.bozkurt\Desktop\article\DLPIF-repo-update\src\baseline_results.pkl::all_scenarios[(""mice"", ""block30d"")]"
MICE,block30d,deterministic,1308,17155,2022-01-16,0.0,2.0520000904798508,1,"C:\Users\yasemin.bozkurt\Desktop\article\DLPIF-repo-update\src\baseline_results.pkl::all_scenarios[(""mice"", ""block30d"")]"
MICE,block30d,deterministic,1312,17155,2022-01-17,0.0,0.6520000409334898,1,"C:\Users\yasemin.bozkurt\Desktop\article\DLPIF-repo-update\src\baseline_results.pkl::all_scenarios[(""mice"", ""block30d"")]"
MICE,block30d,deterministic,1316,17155,2022-01-18,2.2000000018626453,0.5320000148378313,1,"C:\Users\yasemin.bozkurt\Desktop\article\DLPIF-repo-update\src\baseline_results.pkl::all_scenarios[(""mice"", ""block30d"")]"
MICE,block30d,deterministic,1320,17155,2022-01-19,0.600000030733645,2.82399999126792,1,"C:\Users\yasemin.bozkurt\Desktop\article\DLPIF-repo-update\src\baseline_results.pkl::all_scenarios[(""mice"", ""block30d"")]"
MICE,block30d,deterministic,1324,17155,2022-01-20,0.20000000470317902,0.3360000198706985,1,"C:\Users\yasemin.bozkurt\Desktop\article\DLPIF-repo-update\src\baseline_results.pkl::all_scenarios[(""mice"", ""block30d"")]"
MICE,block30d,deterministic,1328,17155,2022-01-21,0.0,0.6200000295415521,1,"C:\Users\yasemin.bozkurt\Desktop\article\DLPIF-repo-update\src\baseline_results.pkl::all_scenarios[(""mice"", ""block30d"")]"
MICE,block30d,deterministic,1332,17155,2022-01-22,12.200000336766244,7.24600020647049,1,"C:\Users\yasemin.bozkurt\Desktop\article\DLPIF-repo-update\src\baseline_results.pkl::all_scenarios[(""mice"", ""block30d"")]"
MICE,block30d,deterministic,1336,17155,2022-01-23,13.600000253319742,7.860000063478948,1,"C:\Users\yasemin.bozkurt\Desktop\article\DLPIF-repo-update\src\baseline_results.pkl::all_scenarios[(""mice"", ""block30d"")]"
MICE,block30d,deterministic,1340,17155,2022-01-24,0.0,1.8959999933838847,1,"C:\Users\yasemin.bozkurt\Desktop\article\DLPIF-repo-update\src\baseline_results.pkl::all_scenarios[(""mice"", ""block30d"")]"
MICE,block30d,deterministic,1344,17155,2022-01-25,0.0,2.34799991324544,1,"C:\Users\yasemin.bozkurt\Desktop\article\DLPIF-repo-update\src\baseline_results.pkl::all_scenarios[(""mice"", ""block30d"")]"
MICE,block30d,deterministic,1348,17155,2022-01-26,0.20000000470317902,2.108000060543418,1,"C:\Users\yasemin.bozkurt\Desktop\article\DLPIF-repo-update\src\baseline_results.pkl::all_scenarios[(""mice"", ""block30d"")]"
MICE,block30d,deterministic,1352,17155,2022-01-27,0.0,0.10400000377558173,1,"C:\Users\yasemin.bozkurt\Desktop\article\DLPIF-repo-update\src\baseline_results.pkl::all_scenarios[(""mice"", ""block30d"")]"
MICE,block30d,deterministic,1355,17750,2022-01-27,0.0,0.43200002079829575,1,"C:\Users\yasemin.bozkurt\Desktop\article\DLPIF-repo-update\src\baseline_results.pkl::all_scenarios[(""mice"", ""block30d"")]"
MICE,block30d,deterministic,1356,17155,2022-01-28,0.0,3.2960001759231092,1,"C:\Users\yasemin.bozkurt\Desktop\article\DLPIF-repo-update\src\baseline_results.pkl::all_scenarios[(""mice"", ""block30d"")]"
MICE,block30d,deterministic,1359,17750,2022-01-28,0.0,0.6800000259652734,1,"C:\Users\yasemin.bozkurt\Desktop\article\DLPIF-repo-update\src\baseline_results.pkl::all_scenarios[(""mice"", ""block30d"")]"
MICE,block30d,deterministic,1360,17155,2022-01-29,0.0,0.5120000160299242,1,"C:\Users\yasemin.bozkurt\Desktop\article\DLPIF-repo-update\src\baseline_results.pkl::all_scenarios[(""mice"", ""block30d"")]"
MICE,block30d,deterministic,1363,17750,2022-01-29,0.0,0.4760000115260482,1,"C:\Users\yasemin.bozkurt\Desktop\article\DLPIF-repo-update\src\baseline_results.pkl::all_scenarios[(""mice"", ""block30d"")]"
MICE,block30d,deterministic,1364,17155,2022-01-30,0.0,0.42400000132620336,1,"C:\Users\yasemin.bozkurt\Desktop\article\DLPIF-repo-update\src\baseline_results.pkl::all_scenarios[(""mice"", ""block30d"")]"
MICE,block30d,deterministic,1367,17750,2022-01-30,0.0,0.03600000034784898,1,"C:\Users\yasemin.bozkurt\Desktop\article\DLPIF-repo-update\src\baseline_results.pkl::all_scenarios[(""mice"", ""block30d"")]"
MICE,block30d,deterministic,1368,17155,2022-01-31,0.8000000188127161,7.638000395894052,1,"C:\Users\yasemin.bozkurt\Desktop\article\DLPIF-repo-update\src\baseline_results.pkl::all_scenarios[(""mice"", ""block30d"")]"
MICE,block30d,deterministic,1371,17750,2022-01-31,5.0000002339482315,0.436000013910234,1,"C:\Users\yasemin.bozkurt\Desktop\article\DLPIF-repo-update\src\baseline_results.pkl::all_scenarios[(""mice"", ""block30d"")]"
MICE,block30d,deterministic,1372,17155,2022-02-01,0.20000000470317902,0.24800000516697768,1,"C:\Users\yasemin.bozkurt\Desktop\article\DLPIF-repo-update\src\baseline_results.pkl::all_scenarios[(""mice"", ""block30d"")]"
MICE,block30d,deterministic,1375,17750,2022-02-01,1.20000006146729,0.1720000030472875,1,"C:\Users\yasemin.bozkurt\Desktop\article\DLPIF-repo-update\src\baseline_results.pkl::all_scenarios[(""mice"", ""block30d"")]"
MICE,block30d,deterministic,1376,17155,2022-02-02,0.0,3.3680001184344293,1,"C:\Users\yasemin.bozkurt\Desktop\article\DLPIF-repo-update\src\baseline_results.pkl::all_scenarios[(""mice"", ""block30d"")]"
MICE,block30d,deterministic,1379,17750,2022-02-02,0.0,4.744000142812729,1,"C:\Users\yasemin.bozkurt\Desktop\article\DLPIF-repo-update\src\baseline_results.pkl::all_scenarios[(""mice"", ""block30d"")]"
MICE,block30d,deterministic,1380,17155,2022-02-03,2.40000012293458,4.42200021520257,1,"C:\Users\yasemin.bozkurt\Desktop\article\DLPIF-repo-update\src\baseline_results.pkl::all_scenarios[(""mice"", ""block30d"")]"
MICE,block30d,deterministic,1383,17750,2022-02-03,17.800000002980234,2.076000115647912,1,"C:\Users\yasemin.bozkurt\Desktop\article\DLPIF-repo-update\src\baseline_results.pkl::all_scenarios[(""mice"", ""block30d"")]"
MICE,block30d,deterministic,1384,17155,2022-02-04,4.80000024586916,7.558000400662423,1,"C:\Users\yasemin.bozkurt\Desktop\article\DLPIF-repo-update\src\baseline_results.pkl::all_scenarios[(""mice"", ""block30d"")]"
MICE,block30d,deterministic,1387,17750,2022-02-04,3.8000000394880775,2.0480000641196967,1,"C:\Users\yasemin.bozkurt\Desktop\article\DLPIF-repo-update\src\baseline_results.pkl::all_scenarios[(""mice"", ""block30d"")]"
MICE,block30d,deterministic,1388,17155,2022-02-05,0.0,1.7000000316649677,1,"C:\Users\yasemin.bozkurt\Desktop\article\DLPIF-repo-update\src\baseline_results.pkl::all_scenarios[(""mice"", ""block30d"")]"
MICE,block30d,deterministic,1391,17750,2022-02-05,0.0,0.18399999900721015,1,"C:\Users\yasemin.bozkurt\Desktop\article\DLPIF-repo-update\src\baseline_results.pkl::all_scenarios[(""mice"", ""block30d"")]"
MICE,block30d,deterministic,1392,17155,2022-02-06,0.0,0.5120000160299242,1,"C:\Users\yasemin.bozkurt\Desktop\article\DLPIF-repo-update\src\baseline_results.pkl::all_scenarios[(""mice"", ""block30d"")]"
MICE,block30d,deterministic,1395,17750,2022-02-06,0.20000000470317902,0.26400001086294655,1,"C:\Users\yasemin.bozkurt\Desktop\article\DLPIF-repo-update\src\baseline_results.pkl::all_scenarios[(""mice"", ""block30d"")]"
MICE,block30d,deterministic,1396,17155,2022-02-07,0.0,0.4240000345744193,1,"C:\Users\yasemin.bozkurt\Desktop\article\DLPIF-repo-update\src\baseline_results.pkl::all_scenarios[(""mice"", ""block30d"")]"
MICE,block30d,deterministic,1399,17750,2022-02-07,0.20000000470317902,0.1400000082794577,1,"C:\Users\yasemin.bozkurt\Desktop\article\DLPIF-repo-update\src\baseline_results.pkl::all_scenarios[(""mice"", ""block30d"")]"
MICE,block30d,deterministic,1400,17155,2022-02-08,5.600000198185445,6.0400001719594005,1,"C:\Users\yasemin.bozkurt\Desktop\article\DLPIF-repo-update\src\baseline_results.pkl::all_scenarios[(""mice"", ""block30d"")]"
MICE,block30d,deterministic,1403,17750,2022-02-08,7.600000078976155,4.176000123471022,1,"C:\Users\yasemin.bozkurt\Desktop\article\DLPIF-repo-update\src\baseline_results.pkl::all_scenarios[(""mice"", ""block30d"")]"
MICE,block30d,deterministic,1404,17155,2022-02-09,20.60000090003014,6.480000145733357,1,"C:\Users\yasemin.bozkurt\Desktop\article\DLPIF-repo-update\src\baseline_results.pkl::all_scenarios[(""mice"", ""block30d"")]"
MICE,block30d,deterministic,1407,17750,2022-02-09,14.200000217556955,0.9640000356361271,1,"C:\Users\yasemin.bozkurt\Desktop\article\DLPIF-repo-update\src\baseline_results.pkl::all_scenarios[(""mice"", ""block30d"")]"
MICE,block30d,deterministic,1408,17155,2022-02-10,0.20000000470317902,3.428000114858151,1,"C:\Users\yasemin.bozkurt\Desktop\article\DLPIF-repo-update\src\baseline_results.pkl::all_scenarios[(""mice"", ""block30d"")]"
MICE,block30d,deterministic,1411,17750,2022-02-10,3.6000000514090065,0.48800002411007887,1,"C:\Users\yasemin.bozkurt\Desktop\article\DLPIF-repo-update\src\baseline_results.pkl::all_scenarios[(""mice"", ""block30d"")]"
MICE,block30d,deterministic,1412,17155,2022-02-11,0.20000000470317902,0.0800000035436824,1,"C:\Users\yasemin.bozkurt\Desktop\article\DLPIF-repo-update\src\baseline_results.pkl::all_scenarios[(""mice"", ""block30d"")]"
MICE,block30d,deterministic,1415,17750,2022-02-11,0.20000000470317902,0.26000000112690036,1,"C:\Users\yasemin.bozkurt\Desktop\article\DLPIF-repo-update\src\baseline_results.pkl::all_scenarios[(""mice"", ""block30d"")]"
MICE,block30d,deterministic,1416,17155,2022-02-12,0.0,0.04400000319583342,1,"C:\Users\yasemin.bozkurt\Desktop\article\DLPIF-repo-update\src\baseline_results.pkl::all_scenarios[(""mice"", ""block30d"")]"
MICE,block30d,deterministic,1419,17750,2022-02-12,0.0,0.06799999927170575,1,"C:\Users\yasemin.bozkurt\Desktop\article\DLPIF-repo-update\src\baseline_results.pkl::all_scenarios[(""mice"", ""block30d"")]"
MICE,block30d,deterministic,1420,17155,2022-02-13,0.0,1.5900000382214785,1,"C:\Users\yasemin.bozkurt\Desktop\article\DLPIF-repo-update\src\baseline_results.pkl::all_scenarios[(""mice"", ""block30d"")]"
MICE,block30d,deterministic,1423,17750,2022-02-13,0.0,0.5280000217258931,1,"C:\Users\yasemin.bozkurt\Desktop\article\DLPIF-repo-update\src\baseline_results.pkl::all_scenarios[(""mice"", ""block30d"")]"
MICE,block30d,deterministic,1427,17750,2022-02-14,0.0,0.8320000302046539,1,"C:\Users\yasemin.bozkurt\Desktop\article\DLPIF-repo-update\src\baseline_results.pkl::all_scenarios[(""mice"", ""block30d"")]"
MICE,block30d,deterministic,1431,17750,2022-02-15,0.0,0.06800000342773274,1,"C:\Users\yasemin.bozkurt\Desktop\article\DLPIF-repo-update\src\baseline_results.pkl::all_scenarios[(""mice"", ""block30d"")]"
MICE,block30d,deterministic,1435,17750,2022-02-16,0.0,0.02800000165589154,1,"C:\Users\yasemin.bozkurt\Desktop\article\DLPIF-repo-update\src\baseline_results.pkl::all_scenarios[(""mice"", ""block30d"")]"
MICE,block30d,deterministic,1439,17750,2022-02-17,0.0,0.03600000034784898,1,"C:\Users\yasemin.bozkurt\Desktop\article\DLPIF-repo-update\src\baseline_results.pkl::all_scenarios[(""mice"", ""block30d"")]"
MICE,block30d,deterministic,1442,17748,2022-02-18,0.0,4.80000024586916,1,"C:\Users\yasemin.bozkurt\Desktop\article\DLPIF-repo-update\src\baseline_results.pkl::all_scenarios[(""mice"", ""block30d"")]"
MICE,block30d,deterministic,1443,17750,2022-02-18,0.0,1.8120001047849656,1,"C:\Users\yasemin.bozkurt\Desktop\article\DLPIF-repo-update\src\baseline_results.pkl::all_scenarios[(""mice"", ""block30d"")]"
MICE,block30d,deterministic,1446,17748,2022-02-19,6.6000001385808,0.3600000117905438,1,"C:\Users\yasemin.bozkurt\Desktop\article\DLPIF-repo-update\src\baseline_results.pkl::all_scenarios[(""mice"", ""block30d"")]"
MICE,block30d,deterministic,1447,17750,2022-02-19,5.800000186264516,0.3679999980144203,1,"C:\Users\yasemin.bozkurt\Desktop\article\DLPIF-repo-update\src\baseline_results.pkl::all_scenarios[(""mice"", ""block30d"")]"
MICE,block30d,deterministic,1450,17748,2022-02-20,0.20000000470317902,0.06400000200374052,1,"C:\Users\yasemin.bozkurt\Desktop\article\DLPIF-repo-update\src\baseline_results.pkl::all_scenarios[(""mice"", ""block30d"")]"
MICE,block30d,deterministic,1451,17750,2022-02-20,0.20000000470317902,0.0,1,"C:\Users\yasemin.bozkurt\Desktop\article\DLPIF-repo-update\src\baseline_results.pkl::all_scenarios[(""mice"", ""block30d"")]"
MICE,block30d,deterministic,1454,17748,2022-02-21,0.0,0.02800000165589154,1,"C:\Users\yasemin.bozkurt\Desktop\article\DLPIF-repo-update\src\baseline_results.pkl::all_scenarios[(""mice"", ""block30d"")]"
MICE,block30d,deterministic,1455,17750,2022-02-21,0.0,0.19200000185519459,1,"C:\Users\yasemin.bozkurt\Desktop\article\DLPIF-repo-update\src\baseline_results.pkl::all_scenarios[(""mice"", ""block30d"")]"
MICE,block30d,deterministic,1458,17748,2022-02-22,0.0,8.688000333309175,1,"C:\Users\yasemin.bozkurt\Desktop\article\DLPIF-repo-update\src\baseline_results.pkl::all_scenarios[(""mice"", ""block30d"")]"
MICE,block30d,deterministic,1459,17750,2022-02-22,0.20000000470317902,1.9240000449121,1,"C:\Users\yasemin.bozkurt\Desktop\article\DLPIF-repo-update\src\baseline_results.pkl::all_scenarios[(""mice"", ""block30d"")]"
MICE,block30d,deterministic,1462,17748,2022-02-23,1.20000006146729,6.236000266671181,1,"C:\Users\yasemin.bozkurt\Desktop\article\DLPIF-repo-update\src\baseline_results.pkl::all_scenarios[(""mice"", ""block30d"")]"
MICE,block30d,deterministic,1463,17750,2022-02-23,1.6000000376254322,0.12400000258348884,1,"C:\Users\yasemin.bozkurt\Desktop\article\DLPIF-repo-update\src\baseline_results.pkl::all_scenarios[(""mice"", ""block30d"")]"
MICE,block30d,deterministic,1466,17748,2022-02-24,2.40000012293458,11.004000833630563,1,"C:\Users\yasemin.bozkurt\Desktop\article\DLPIF-repo-update\src\baseline_results.pkl::all_scenarios[(""mice"", ""block30d"")]"
MICE,block30d,deterministic,1467,17750,2022-02-24,3.4000000633299354,6.540000142157078,1,"C:\Users\yasemin.bozkurt\Desktop\article\DLPIF-repo-update\src\baseline_results.pkl::all_scenarios[(""mice"", ""block30d"")]"
MICE,block30d,deterministic,1470,17748,2022-02-25,6.200000162422658,11.672000581026078,1,"C:\Users\yasemin.bozkurt\Desktop\article\DLPIF-repo-update\src\baseline_results.pkl::all_scenarios[(""mice"", ""block30d"")]"
MICE,block30d,deterministic,1471,17750,2022-02-25,4.20000001564622,2.768000154197216,1,"C:\Users\yasemin.bozkurt\Desktop\article\DLPIF-repo-update\src\baseline_results.pkl::all_scenarios[(""mice"", ""block30d"")]"
MICE,block30d,deterministic,1474,17748,2022-02-26,0.600000030733645,3.6000000514090065,1,"C:\Users\yasemin.bozkurt\Desktop\article\DLPIF-repo-update\src\baseline_results.pkl::all_scenarios[(""mice"", ""block30d"")]"
MICE,block30d,deterministic,1478,17748,2022-02-27,0.0,3.3960001699626448,1,"C:\Users\yasemin.bozkurt\Desktop\article\DLPIF-repo-update\src\baseline_results.pkl::all_scenarios[(""mice"", ""block30d"")]"
MICE,block30d,deterministic,1482,17748,2022-02-28,5.600000198185445,6.620000137388707,1,"C:\Users\yasemin.bozkurt\Desktop\article\DLPIF-repo-update\src\baseline_results.pkl::all_scenarios[(""mice"", ""block30d"")]"
MICE,block30d,deterministic,1486,17748,2022-03-01,4.400000003725291,3.8640001952648166,1,"C:\Users\yasemin.bozkurt\Desktop\article\DLPIF-repo-update\src\baseline_results.pkl::all_scenarios[(""mice"", ""block30d"")]"
MICE,block30d,deterministic,1490,17748,2022-03-02,0.20000000470317902,5.2240001142025,1,"C:\Users\yasemin.bozkurt\Desktop\article\DLPIF-repo-update\src\baseline_results.pkl::all_scenarios[(""mice"", ""block30d"")]"
MICE,block30d,deterministic,1494,17748,2022-03-03,0.0,3.4080001160502436,1,"C:\Users\yasemin.bozkurt\Desktop\article\DLPIF-repo-update\src\baseline_results.pkl::all_scenarios[(""mice"", ""block30d"")]"
MICE,block30d,deterministic,1498,17748,2022-03-04,0.0,0.5440000274218619,1,"C:\Users\yasemin.bozkurt\Desktop\article\DLPIF-repo-update\src\baseline_results.pkl::all_scenarios[(""mice"", ""block30d"")]"
MICE,block30d,deterministic,1502,17748,2022-03-05,0.40000000940635805,5.260000218451023,1,"C:\Users\yasemin.bozkurt\Desktop\article\DLPIF-repo-update\src\baseline_results.pkl::all_scenarios[(""mice"", ""block30d"")]"
MICE,block30d,deterministic,1506,17748,2022-03-06,0.8000000188127161,4.884000134468079,1,"C:\Users\yasemin.bozkurt\Desktop\article\DLPIF-repo-update\src\baseline_results.pkl::all_scenarios[(""mice"", ""block30d"")]"
MICE,block30d,deterministic,1510,17748,2022-03-07,5.600000198185445,6.480000145733357,1,"C:\Users\yasemin.bozkurt\Desktop\article\DLPIF-repo-update\src\baseline_results.pkl::all_scenarios[(""mice"", ""block30d"")]"
MICE,block30d,deterministic,1514,17748,2022-03-08,8.60000001937151,11.704000791907312,1,"C:\Users\yasemin.bozkurt\Desktop\article\DLPIF-repo-update\src\baseline_results.pkl::all_scenarios[(""mice"", ""block30d"")]"
MICE,block30d,deterministic,1518,17748,2022-03-09,1.4000000495463611,4.820000244677067,1,"C:\Users\yasemin.bozkurt\Desktop\article\DLPIF-repo-update\src\baseline_results.pkl::all_scenarios[(""mice"", ""block30d"")]"
MICE,block30d,deterministic,1522,17748,2022-03-10,0.0,0.6200000295415521,1,"C:\Users\yasemin.bozkurt\Desktop\article\DLPIF-repo-update\src\baseline_results.pkl::all_scenarios[(""mice"", ""block30d"")]"
MICE,block30d,deterministic,1526,17748,2022-03-11,0.0,3.416000168770552,1,"C:\Users\yasemin.bozkurt\Desktop\article\DLPIF-repo-update\src\baseline_results.pkl::all_scenarios[(""mice"", ""block30d"")]"
MICE,block30d,deterministic,1530,17748,2022-03-12,0.0,0.4160000151023269,1,"C:\Users\yasemin.bozkurt\Desktop\article\DLPIF-repo-update\src\baseline_results.pkl::all_scenarios[(""mice"", ""block30d"")]"
MICE,block30d,deterministic,1534,17748,2022-03-13,0.20000000470317902,1.1660000368952752,1,"C:\Users\yasemin.bozkurt\Desktop\article\DLPIF-repo-update\src\baseline_results.pkl::all_scenarios[(""mice"", ""block30d"")]"
MICE,block30d,deterministic,1538,17748,2022-03-14,0.40000000940635805,0.1720000030472875,1,"C:\Users\yasemin.bozkurt\Desktop\article\DLPIF-repo-update\src\baseline_results.pkl::all_scenarios[(""mice"", ""block30d"")]"
MICE,block30d,deterministic,1542,17748,2022-03-15,0.0,0.09199999950360507,1,"C:\Users\yasemin.bozkurt\Desktop\article\DLPIF-repo-update\src\baseline_results.pkl::all_scenarios[(""mice"", ""block30d"")]"
MICE,block30d,deterministic,1543,17750,2022-03-15,0.0,0.29199999589473014,1,"C:\Users\yasemin.bozkurt\Desktop\article\DLPIF-repo-update\src\baseline_results.pkl::all_scenarios[(""mice"", ""block30d"")]"
MICE,block30d,deterministic,1546,17748,2022-03-16,0.0,0.01600000050093513,1,"C:\Users\yasemin.bozkurt\Desktop\article\DLPIF-repo-update\src\baseline_results.pkl::all_scenarios[(""mice"", ""block30d"")]"
MICE,block30d,deterministic,1547,17750,2022-03-16,0.0,0.2520000149030239,1,"C:\Users\yasemin.bozkurt\Desktop\article\DLPIF-repo-update\src\baseline_results.pkl::all_scenarios[(""mice"", ""block30d"")]"
MICE,block30d,deterministic,1550,17748,2022-03-17,0.0,0.29599998900666835,1,"C:\Users\yasemin.bozkurt\Desktop\article\DLPIF-repo-update\src\baseline_results.pkl::all_scenarios[(""mice"", ""block30d"")]"
MICE,block30d,deterministic,1551,17750,2022-03-17,0.0,0.42000000821426514,1,"C:\Users\yasemin.bozkurt\Desktop\article\DLPIF-repo-update\src\baseline_results.pkl::all_scenarios[(""mice"", ""block30d"")]"
MICE,block30d,deterministic,1554,17748,2022-03-18,0.0,0.38000001059845095,1,"C:\Users\yasemin.bozkurt\Desktop\article\DLPIF-repo-update\src\baseline_results.pkl::all_scenarios[(""mice"", ""block30d"")]"
MICE,block30d,deterministic,1555,17750,2022-03-18,0.0,6.3200001552701,1,"C:\Users\yasemin.bozkurt\Desktop\article\DLPIF-repo-update\src\baseline_results.pkl::all_scenarios[(""mice"", ""block30d"")]"
MICE,block30d,deterministic,1558,17748,2022-03-19,0.0,0.19200000185519459,1,"C:\Users\yasemin.bozkurt\Desktop\article\DLPIF-repo-update\src\baseline_results.pkl::all_scenarios[(""mice"", ""block30d"")]"
MICE,block30d,deterministic,1559,17750,2022-03-19,0.0,1.3000000555068256,1,"C:\Users\yasemin.bozkurt\Desktop\article\DLPIF-repo-update\src\baseline_results.pkl::all_scenarios[(""mice"", ""block30d"")]"
MICE,block30d,deterministic,1563,17750,2022-03-20,0.0,1.8640000484883787,1,"C:\Users\yasemin.bozkurt\Desktop\article\DLPIF-repo-update\src\baseline_results.pkl::all_scenarios[(""mice"", ""block30d"")]"
MICE,block30d,deterministic,1567,17750,2022-03-21,0.0,2.4680001720786096,1,"C:\Users\yasemin.bozkurt\Desktop\article\DLPIF-repo-update\src\baseline_results.pkl::all_scenarios[(""mice"", ""block30d"")]"
MICE,block30d,deterministic,1571,17750,2022-03-22,0.0,3.2800000704824925,1,"C:\Users\yasemin.bozkurt\Desktop\article\DLPIF-repo-update\src\baseline_results.pkl::all_scenarios[(""mice"", ""block30d"")]"
MICE,block30d,deterministic,1575,17750,2022-03-23,0.0,1.6919999789446594,1,"C:\Users\yasemin.bozkurt\Desktop\article\DLPIF-repo-update\src\baseline_results.pkl::all_scenarios[(""mice"", ""block30d"")]"
MICE,block30d,deterministic,1579,17750,2022-03-24,0.0,4.384000164270401,1,"C:\Users\yasemin.bozkurt\Desktop\article\DLPIF-repo-update\src\baseline_results.pkl::all_scenarios[(""mice"", ""block30d"")]"
MICE,block30d,deterministic,1583,17750,2022-03-25,0.0,0.3200000141747296,1,"C:\Users\yasemin.bozkurt\Desktop\article\DLPIF-repo-update\src\baseline_results.pkl::all_scenarios[(""mice"", ""block30d"")]"
MICE,block30d,deterministic,1587,17750,2022-03-26,0.0,0.872000027820468,1,"C:\Users\yasemin.bozkurt\Desktop\article\DLPIF-repo-update\src\baseline_results.pkl::all_scenarios[(""mice"", ""block30d"")]"
MICE,block30d,deterministic,1591,17750,2022-03-27,0.0,0.18399999900721015,1,"C:\Users\yasemin.bozkurt\Desktop\article\DLPIF-repo-update\src\baseline_results.pkl::all_scenarios[(""mice"", ""block30d"")]"
MICE,block30d,deterministic,1595,17750,2022-03-28,0.0,0.06000000057974831,1,"C:\Users\yasemin.bozkurt\Desktop\article\DLPIF-repo-update\src\baseline_results.pkl::all_scenarios[(""mice"", ""block30d"")]"
MICE,block30d,deterministic,1599,17750,2022-03-29,0.0,0.3560000186786056,1,"C:\Users\yasemin.bozkurt\Desktop\article\DLPIF-repo-update\src\baseline_results.pkl::all_scenarios[(""mice"", ""block30d"")]"
MICE,block30d,deterministic,1603,17750,2022-03-30,0.8000000188127161,0.10400000377558173,1,"C:\Users\yasemin.bozkurt\Desktop\article\DLPIF-repo-update\src\baseline_results.pkl::all_scenarios[(""mice"", ""block30d"")]"
MICE,block30d,deterministic,1607,17750,2022-03-31,0.0,0.5160000091418624,1,"C:\Users\yasemin.bozkurt\Desktop\article\DLPIF-repo-update\src\baseline_results.pkl::all_scenarios[(""mice"", ""block30d"")]"
MICE,block30d,deterministic,1611,17750,2022-04-01,0.0,0.31199999470263723,1,"C:\Users\yasemin.bozkurt\Desktop\article\DLPIF-repo-update\src\baseline_results.pkl::all_scenarios[(""mice"", ""block30d"")]"
MICE,block30d,deterministic,1615,17750,2022-04-02,0.0,1.6319999825209381,1,"C:\Users\yasemin.bozkurt\Desktop\article\DLPIF-repo-update\src\baseline_results.pkl::all_scenarios[(""mice"", ""block30d"")]"
MICE,block30d,deterministic,1619,17750,2022-04-03,0.0,0.6039999905973673,1,"C:\Users\yasemin.bozkurt\Desktop\article\DLPIF-repo-update\src\baseline_results.pkl::all_scenarios[(""mice"", ""block30d"")]"
MICE,block30d,deterministic,1623,17750,2022-04-04,0.0,0.5480000205338001,1,"C:\Users\yasemin.bozkurt\Desktop\article\DLPIF-repo-update\src\baseline_results.pkl::all_scenarios[(""mice"", ""block30d"")]"
MICE,block30d,deterministic,1627,17750,2022-04-05,0.0,0.3879999968223274,1,"C:\Users\yasemin.bozkurt\Desktop\article\DLPIF-repo-update\src\baseline_results.pkl::all_scenarios[(""mice"", ""block30d"")]"
MICE,block30d,deterministic,1631,17750,2022-04-06,0.0,0.39200002318248156,1,"C:\Users\yasemin.bozkurt\Desktop\article\DLPIF-repo-update\src\baseline_results.pkl::all_scenarios[(""mice"", ""block30d"")]"
MICE,block30d,deterministic,1635,17750,2022-04-07,0.0,0.5639999929815531,1,"C:\Users\yasemin.bozkurt\Desktop\article\DLPIF-repo-update\src\baseline_results.pkl::all_scenarios[(""mice"", ""block30d"")]"
MICE,block30d,deterministic,1639,17750,2022-04-08,6.200000162422658,0.2970420213416219,1,"C:\Users\yasemin.bozkurt\Desktop\article\DLPIF-repo-update\src\baseline_results.pkl::all_scenarios[(""mice"", ""block30d"")]"
MICE,block30d,deterministic,1643,17750,2022-04-09,0.40000000940635805,1.1000000674277546,1,"C:\Users\yasemin.bozkurt\Desktop\article\DLPIF-repo-update\src\baseline_results.pkl::all_scenarios[(""mice"", ""block30d"")]"
MICE,block30d,deterministic,1647,17750,2022-04-10,0.0,0.1600000070873648,1,"C:\Users\yasemin.bozkurt\Desktop\article\DLPIF-repo-update\src\baseline_results.pkl::all_scenarios[(""mice"", ""block30d"")]"
MICE,block30d,deterministic,1651,17750,2022-04-11,6.800000126659871,1.6560000076889994,1,"C:\Users\yasemin.bozkurt\Desktop\article\DLPIF-repo-update\src\baseline_results.pkl::all_scenarios[(""mice"", ""block30d"")]"
MICE,block30d,deterministic,1655,17750,2022-04-12,2.0000000137835743,0.7040000511333347,1,"C:\Users\yasemin.bozkurt\Desktop\article\DLPIF-repo-update\src\baseline_results.pkl::all_scenarios[(""mice"", ""block30d"")]"
MICE,block30d,deterministic,1659,17750,2022-04-13,0.0,0.048000000463798646,1,"C:\Users\yasemin.bozkurt\Desktop\article\DLPIF-repo-update\src\baseline_results.pkl::all_scenarios[(""mice"", ""block30d"")]"
MICE,block30d,deterministic,1685,17704,2022-04-20,1.0000000068917871,1.8019999723881484,1,"C:\Users\yasemin.bozkurt\Desktop\article\DLPIF-repo-update\src\baseline_results.pkl::all_scenarios[(""mice"", ""block30d"")]"
MICE,block30d,deterministic,1689,17704,2022-04-21,0.0,0.08400000496767462,1,"C:\Users\yasemin.bozkurt\Desktop\article\DLPIF-repo-update\src\baseline_results.pkl::all_scenarios[(""mice"", ""block30d"")]"
MICE,block30d,deterministic,1693,17704,2022-04-22,0.0,0.004000000125233783,1,"C:\Users\yasemin.bozkurt\Desktop\article\DLPIF-repo-update\src\baseline_results.pkl::all_scenarios[(""mice"", ""block30d"")]"
MICE,block30d,deterministic,1697,17704,2022-04-23,0.0,0.008000000250467565,1,"C:\Users\yasemin.bozkurt\Desktop\article\DLPIF-repo-update\src\baseline_results.pkl::all_scenarios[(""mice"", ""block30d"")]"
MICE,block30d,deterministic,1701,17704,2022-04-24,0.0,0.06000000057974831,1,"C:\Users\yasemin.bozkurt\Desktop\article\DLPIF-repo-update\src\baseline_results.pkl::all_scenarios[(""mice"", ""block30d"")]"
MICE,block30d,deterministic,1705,17704,2022-04-25,0.0,0.024000000231899323,1,"C:\Users\yasemin.bozkurt\Desktop\article\DLPIF-repo-update\src\baseline_results.pkl::all_scenarios[(""mice"", ""block30d"")]"
MICE,block30d,deterministic,1709,17704,2022-04-26,0.0,0.0,1,"C:\Users\yasemin.bozkurt\Desktop\article\DLPIF-repo-update\src\baseline_results.pkl::all_scenarios[(""mice"", ""block30d"")]"
MICE,block30d,deterministic,1713,17704,2022-04-27,0.0,0.004000000125233783,1,"C:\Users\yasemin.bozkurt\Desktop\article\DLPIF-repo-update\src\baseline_results.pkl::all_scenarios[(""mice"", ""block30d"")]"
MICE,block30d,deterministic,1717,17704,2022-04-28,0.0,0.004000000125233783,1,"C:\Users\yasemin.bozkurt\Desktop\article\DLPIF-repo-update\src\baseline_results.pkl::all_scenarios[(""mice"", ""block30d"")]"
MICE,block30d,deterministic,1721,17704,2022-04-29,0.0,0.1800000058952719,1,"C:\Users\yasemin.bozkurt\Desktop\article\DLPIF-repo-update\src\baseline_results.pkl::all_scenarios[(""mice"", ""block30d"")]"
MICE,block30d,deterministic,1725,17704,2022-04-30,0.0,2.40000012293458,1,"C:\Users\yasemin.bozkurt\Desktop\article\DLPIF-repo-update\src\baseline_results.pkl::all_scenarios[(""mice"", ""block30d"")]"
MICE,block30d,deterministic,1729,17704,2022-05-01,0.0,0.08400000496767462,1,"C:\Users\yasemin.bozkurt\Desktop\article\DLPIF-repo-update\src\baseline_results.pkl::all_scenarios[(""mice"", ""block30d"")]"
MICE,block30d,deterministic,1733,17704,2022-05-02,0.0,0.8680000014603139,1,"C:\Users\yasemin.bozkurt\Desktop\article\DLPIF-repo-update\src\baseline_results.pkl::all_scenarios[(""mice"", ""block30d"")]"
MICE,block30d,deterministic,1737,17704,2022-05-03,1.8000000257045032,2.548000167310238,1,"C:\Users\yasemin.bozkurt\Desktop\article\DLPIF-repo-update\src\baseline_results.pkl::all_scenarios[(""mice"", ""block30d"")]"
MICE,block30d,deterministic,1741,17704,2022-05-04,4.400000003725291,3.784000200033188,1,"C:\Users\yasemin.bozkurt\Desktop\article\DLPIF-repo-update\src\baseline_results.pkl::all_scenarios[(""mice"", ""block30d"")]"
MICE,block30d,deterministic,1745,17704,2022-05-05,0.0,0.12000000115949662,1,"C:\Users\yasemin.bozkurt\Desktop\article\DLPIF-repo-update\src\baseline_results.pkl::all_scenarios[(""mice"", ""block30d"")]"
MICE,block30d,deterministic,1749,17704,2022-05-06,0.0,0.004000000125233783,1,"C:\Users\yasemin.bozkurt\Desktop\article\DLPIF-repo-update\src\baseline_results.pkl::all_scenarios[(""mice"", ""block30d"")]"
MICE,block30d,deterministic,1752,17155,2022-05-07,0.0,1.6840000592172146,1,"C:\Users\yasemin.bozkurt\Desktop\article\DLPIF-repo-update\src\baseline_results.pkl::all_scenarios[(""mice"", ""block30d"")]"
MICE,block30d,deterministic,1753,17704,2022-05-07,0.0,0.09600000092759729,1,"C:\Users\yasemin.bozkurt\Desktop\article\DLPIF-repo-update\src\baseline_results.pkl::all_scenarios[(""mice"", ""block30d"")]"
MICE,block30d,deterministic,1756,17155,2022-05-08,0.0,0.1759999961592257,1,"C:\Users\yasemin.bozkurt\Desktop\article\DLPIF-repo-update\src\baseline_results.pkl::all_scenarios[(""mice"", ""block30d"")]"
MICE,block30d,deterministic,1757,17704,2022-05-08,0.0,0.1159999997355044,1,"C:\Users\yasemin.bozkurt\Desktop\article\DLPIF-repo-update\src\baseline_results.pkl::all_scenarios[(""mice"", ""block30d"")]"
MICE,block30d,deterministic,1760,17155,2022-05-09,0.0,0.8000000188127161,1,"C:\Users\yasemin.bozkurt\Desktop\article\DLPIF-repo-update\src\baseline_results.pkl::all_scenarios[(""mice"", ""block30d"")]"
MICE,block30d,deterministic,1761,17704,2022-05-09,0.0,0.008000000250467565,1,"C:\Users\yasemin.bozkurt\Desktop\article\DLPIF-repo-update\src\baseline_results.pkl::all_scenarios[(""mice"", ""block30d"")]"
MICE,block30d,deterministic,1764,17155,2022-05-10,0.0,0.008000000250467565,1,"C:\Users\yasemin.bozkurt\Desktop\article\DLPIF-repo-update\src\baseline_results.pkl::all_scenarios[(""mice"", ""block30d"")]"
MICE,block30d,deterministic,1765,17704,2022-05-10,0.0,0.004000000125233783,1,"C:\Users\yasemin.bozkurt\Desktop\article\DLPIF-repo-update\src\baseline_results.pkl::all_scenarios[(""mice"", ""block30d"")]"
MICE,block30d,deterministic,1768,17155,2022-05-11,0.0,2.096000114455819,1,"C:\Users\yasemin.bozkurt\Desktop\article\DLPIF-repo-update\src\baseline_results.pkl::all_scenarios[(""mice"", ""block30d"")]"
MICE,block30d,deterministic,1769,17704,2022-05-11,5.4000002101063735,1.1279999859631062,1,"C:\Users\yasemin.bozkurt\Desktop\article\DLPIF-repo-update\src\baseline_results.pkl::all_scenarios[(""mice"", ""block30d"")]"
MICE,block30d,deterministic,1772,17155,2022-05-12,3.6000000514090065,0.1600000070873648,1,"C:\Users\yasemin.bozkurt\Desktop\article\DLPIF-repo-update\src\baseline_results.pkl::all_scenarios[(""mice"", ""block30d"")]"
MICE,block30d,deterministic,1773,17704,2022-05-12,0.0,0.008000000250467565,1,"C:\Users\yasemin.bozkurt\Desktop\article\DLPIF-repo-update\src\baseline_results.pkl::all_scenarios[(""mice"", ""block30d"")]"
MICE,block30d,deterministic,1776,17155,2022-05-13,0.0,0.012000000115949662,1,"C:\Users\yasemin.bozkurt\Desktop\article\DLPIF-repo-update\src\baseline_results.pkl::all_scenarios[(""mice"", ""block30d"")]"
MICE,block30d,deterministic,1777,17704,2022-05-13,0.0,0.0,1,"C:\Users\yasemin.bozkurt\Desktop\article\DLPIF-repo-update\src\baseline_results.pkl::all_scenarios[(""mice"", ""block30d"")]"
MICE,block30d,deterministic,1780,17155,2022-05-14,0.600000030733645,0.1600000070873648,1,"C:\Users\yasemin.bozkurt\Desktop\article\DLPIF-repo-update\src\baseline_results.pkl::all_scenarios[(""mice"", ""block30d"")]"
MICE,block30d,deterministic,1781,17704,2022-05-14,0.40000000940635805,0.05599999915575609,1,"C:\Users\yasemin.bozkurt\Desktop\article\DLPIF-repo-update\src\baseline_results.pkl::all_scenarios[(""mice"", ""block30d"")]"
MICE,block30d,deterministic,1784,17155,2022-05-15,0.600000030733645,0.6239999894052745,1,"C:\Users\yasemin.bozkurt\Desktop\article\DLPIF-repo-update\src\baseline_results.pkl::all_scenarios[(""mice"", ""block30d"")]"
MICE,block30d,deterministic,1785,17704,2022-05-15,6.200000162422658,0.41200002199038865,1,"C:\Users\yasemin.bozkurt\Desktop\article\DLPIF-repo-update\src\baseline_results.pkl::all_scenarios[(""mice"", ""block30d"")]"
MICE,block30d,deterministic,1788,17155,2022-05-16,0.0,0.3360000198706985,1,"C:\Users\yasemin.bozkurt\Desktop\article\DLPIF-repo-update\src\baseline_results.pkl::all_scenarios[(""mice"", ""block30d"")]"
MICE,block30d,deterministic,1789,17704,2022-05-16,0.0,0.01600000050093513,1,"C:\Users\yasemin.bozkurt\Desktop\article\DLPIF-repo-update\src\baseline_results.pkl::all_scenarios[(""mice"", ""block30d"")]"
MICE,block30d,deterministic,1792,17155,2022-05-17,14.600000193715097,1.6080000903457405,1,"C:\Users\yasemin.bozkurt\Desktop\article\DLPIF-repo-update\src\baseline_results.pkl::all_scenarios[(""mice"", ""block30d"")]"
MICE,block30d,deterministic,1793,17704,2022-05-17,0.20000000470317902,0.27200001371093097,1,"C:\Users\yasemin.bozkurt\Desktop\article\DLPIF-repo-update\src\baseline_results.pkl::all_scenarios[(""mice"", ""block30d"")]"
MICE,block30d,deterministic,1796,17155,2022-05-18,0.0,1.4919999908655883,1,"C:\Users\yasemin.bozkurt\Desktop\article\DLPIF-repo-update\src\baseline_results.pkl::all_scenarios[(""mice"", ""block30d"")]"
MICE,block30d,deterministic,1797,17704,2022-05-18,0.0,0.03200000100187026,1,"C:\Users\yasemin.bozkurt\Desktop\article\DLPIF-repo-update\src\baseline_results.pkl::all_scenarios[(""mice"", ""block30d"")]"
MICE,block30d,deterministic,1800,17155,2022-05-19,0.600000030733645,0.4600000058300794,1,"C:\Users\yasemin.bozkurt\Desktop\article\DLPIF-repo-update\src\baseline_results.pkl::all_scenarios[(""mice"", ""block30d"")]"
MICE,block30d,deterministic,1801,17704,2022-05-19,2.8000000990927223,1.7160000041127206,1,"C:\Users\yasemin.bozkurt\Desktop\article\DLPIF-repo-update\src\baseline_results.pkl::all_scenarios[(""mice"", ""block30d"")]"
MICE,block30d,deterministic,1804,17155,2022-05-20,0.0,0.01600000050093513,1,"C:\Users\yasemin.bozkurt\Desktop\article\DLPIF-repo-update\src\baseline_results.pkl::all_scenarios[(""mice"", ""block30d"")]"
MICE,block30d,deterministic,1808,17155,2022-05-21,0.0,0.0,1,"C:\Users\yasemin.bozkurt\Desktop\article\DLPIF-repo-update\src\baseline_results.pkl::all_scenarios[(""mice"", ""block30d"")]"
MICE,block30d,deterministic,1812,17155,2022-05-22,0.0,0.012000000115949662,1,"C:\Users\yasemin.bozkurt\Desktop\article\DLPIF-repo-update\src\baseline_results.pkl::all_scenarios[(""mice"", ""block30d"")]"
MICE,block30d,deterministic,1816,17155,2022-05-23,0.0,0.40800002887845044,1,"C:\Users\yasemin.bozkurt\Desktop\article\DLPIF-repo-update\src\baseline_results.pkl::all_scenarios[(""mice"", ""block30d"")]"
MICE,block30d,deterministic,1820,17155,2022-05-24,0.0,0.09199999950360507,1,"C:\Users\yasemin.bozkurt\Desktop\article\DLPIF-repo-update\src\baseline_results.pkl::all_scenarios[(""mice"", ""block30d"")]"
MICE,block30d,deterministic,1821,17704,2022-05-24,0.0,0.29600002225488425,1,"C:\Users\yasemin.bozkurt\Desktop\article\DLPIF-repo-update\src\baseline_results.pkl::all_scenarios[(""mice"", ""block30d"")]"
MICE,block30d,deterministic,1824,17155,2022-05-25,0.0,0.06400000200374052,1,"C:\Users\yasemin.bozkurt\Desktop\article\DLPIF-repo-update\src\baseline_results.pkl::all_scenarios[(""mice"", ""block30d"")]"
MICE,block30d,deterministic,1825,17704,2022-05-25,0.20000000470317902,0.1720000030472875,1,"C:\Users\yasemin.bozkurt\Desktop\article\DLPIF-repo-update\src\baseline_results.pkl::all_scenarios[(""mice"", ""block30d"")]"
MICE,block30d,deterministic,1828,17155,2022-05-26,0.0,0.5280000217258931,1,"C:\Users\yasemin.bozkurt\Desktop\article\DLPIF-repo-update\src\baseline_results.pkl::all_scenarios[(""mice"", ""block30d"")]"
MICE,block30d,deterministic,1829,17704,2022-05-26,0.0,0.004000000125233783,1,"C:\Users\yasemin.bozkurt\Desktop\article\DLPIF-repo-update\src\baseline_results.pkl::all_scenarios[(""mice"", ""block30d"")]"
MICE,block30d,deterministic,1832,17155,2022-05-27,0.40000000940635805,0.6360000019893051,1,"C:\Users\yasemin.bozkurt\Desktop\article\DLPIF-repo-update\src\baseline_results.pkl::all_scenarios[(""mice"", ""block30d"")]"
MICE,block30d,deterministic,1833,17704,2022-05-27,0.0,0.1600000070873648,1,"C:\Users\yasemin.bozkurt\Desktop\article\DLPIF-repo-update\src\baseline_results.pkl::all_scenarios[(""mice"", ""block30d"")]"
MICE,block30d,deterministic,1836,17155,2022-05-28,1.0000000068917871,0.14400000139139593,1,"C:\Users\yasemin.bozkurt\Desktop\article\DLPIF-repo-update\src\baseline_results.pkl::all_scenarios[(""mice"", ""block30d"")]"
MICE,block30d,deterministic,1837,17704,2022-05-28,1.20000006146729,0.008000000250467565,1,"C:\Users\yasemin.bozkurt\Desktop\article\DLPIF-repo-update\src\baseline_results.pkl::all_scenarios[(""mice"", ""block30d"")]"
MICE,block30d,deterministic,1840,17155,2022-05-29,0.0,1.0080000596120955,1,"C:\Users\yasemin.bozkurt\Desktop\article\DLPIF-repo-update\src\baseline_results.pkl::all_scenarios[(""mice"", ""block30d"")]"
MICE,block30d,deterministic,1841,17704,2022-05-29,0.0,0.0,1,"C:\Users\yasemin.bozkurt\Desktop\article\DLPIF-repo-update\src\baseline_results.pkl::all_scenarios[(""mice"", ""block30d"")]"
MICE,block30d,deterministic,1844,17155,2022-05-30,1.0000000068917871,0.09600000092759729,1,"C:\Users\yasemin.bozkurt\Desktop\article\DLPIF-repo-update\src\baseline_results.pkl::all_scenarios[(""mice"", ""block30d"")]"
MICE,block30d,deterministic,1845,17704,2022-05-30,0.0,0.07200000069569797,1,"C:\Users\yasemin.bozkurt\Desktop\article\DLPIF-repo-update\src\baseline_results.pkl::all_scenarios[(""mice"", ""block30d"")]"
MICE,block30d,deterministic,1848,17155,2022-05-31,0.0,0.024000000231899323,1,"C:\Users\yasemin.bozkurt\Desktop\article\DLPIF-repo-update\src\baseline_results.pkl::all_scenarios[(""mice"", ""block30d"")]"
MICE,block30d,deterministic,1849,17704,2022-05-31,0.0,0.0,1,"C:\Users\yasemin.bozkurt\Desktop\article\DLPIF-repo-update\src\baseline_results.pkl::all_scenarios[(""mice"", ""block30d"")]"
MICE,block30d,deterministic,1852,17155,2022-06-01,0.0,0.39200002318248156,1,"C:\Users\yasemin.bozkurt\Desktop\article\DLPIF-repo-update\src\baseline_results.pkl::all_scenarios[(""mice"", ""block30d"")]"
MICE,block30d,deterministic,1853,17704,2022-06-01,0.0,0.3319999935105443,1,"C:\Users\yasemin.bozkurt\Desktop\article\DLPIF-repo-update\src\baseline_results.pkl::all_scenarios[(""mice"", ""block30d"")]"
MICE,block30d,deterministic,1856,17155,2022-06-02,0.0,0.5960000043734909,1,"C:\Users\yasemin.bozkurt\Desktop\article\DLPIF-repo-update\src\baseline_results.pkl::all_scenarios[(""mice"", ""block30d"")]"
MICE,block30d,deterministic,1857,17704,2022-06-02,0.0,0.0,1,"C:\Users\yasemin.bozkurt\Desktop\article\DLPIF-repo-update\src\baseline_results.pkl::all_scenarios[(""mice"", ""block30d"")]"
MICE,block30d,deterministic,1860,17155,2022-06-03,0.600000030733645,0.09600000092759729,1,"C:\Users\yasemin.bozkurt\Desktop\article\DLPIF-repo-update\src\baseline_results.pkl::all_scenarios[(""mice"", ""block30d"")]"
MICE,block30d,deterministic,1861,17704,2022-06-03,2.2000000018626453,0.42800002768635753,1,"C:\Users\yasemin.bozkurt\Desktop\article\DLPIF-repo-update\src\baseline_results.pkl::all_scenarios[(""mice"", ""block30d"")]"
MICE,block30d,deterministic,1864,17155,2022-06-04,0.20000000470317902,0.0200000008859206,1,"C:\Users\yasemin.bozkurt\Desktop\article\DLPIF-repo-update\src\baseline_results.pkl::all_scenarios[(""mice"", ""block30d"")]"
MICE,block30d,deterministic,1865,17704,2022-06-04,0.0,0.1600000070873648,1,"C:\Users\yasemin.bozkurt\Desktop\article\DLPIF-repo-update\src\baseline_results.pkl::all_scenarios[(""mice"", ""block30d"")]"
MICE,block30d,deterministic,1868,17155,2022-06-05,0.0,0.6080000169575215,1,"C:\Users\yasemin.bozkurt\Desktop\article\DLPIF-repo-update\src\baseline_results.pkl::all_scenarios[(""mice"", ""block30d"")]"
MICE,block30d,deterministic,1869,17704,2022-06-05,0.0,0.10400000377558173,1,"C:\Users\yasemin.bozkurt\Desktop\article\DLPIF-repo-update\src\baseline_results.pkl::all_scenarios[(""mice"", ""block30d"")]"
MICE,block30d,deterministic,1873,17704,2022-06-06,0.0,0.052000001887790866,1,"C:\Users\yasemin.bozkurt\Desktop\article\DLPIF-repo-update\src\baseline_results.pkl::all_scenarios[(""mice"", ""block30d"")]"
MICE,block30d,deterministic,1877,17704,2022-06-07,0.0,1.1960000351071358,1,"C:\Users\yasemin.bozkurt\Desktop\article\DLPIF-repo-update\src\baseline_results.pkl::all_scenarios[(""mice"", ""block30d"")]"
MICE,block30d,deterministic,1881,17704,2022-06-08,0.0,0.236000009207055,1,"C:\Users\yasemin.bozkurt\Desktop\article\DLPIF-repo-update\src\baseline_results.pkl::all_scenarios[(""mice"", ""block30d"")]"
MICE,block30d,deterministic,1885,17704,2022-06-09,0.0,0.15200000423938037,1,"C:\Users\yasemin.bozkurt\Desktop\article\DLPIF-repo-update\src\baseline_results.pkl::all_scenarios[(""mice"", ""block30d"")]"
MICE,block30d,deterministic,1889,17704,2022-06-10,8.40000003129244,1.2880001094192268,1,"C:\Users\yasemin.bozkurt\Desktop\article\DLPIF-repo-update\src\baseline_results.pkl::all_scenarios[(""mice"", ""block30d"")]"
MICE,block30d,deterministic,1893,17704,2022-06-11,4.400000003725291,3.2000000752508644,1,"C:\Users\yasemin.bozkurt\Desktop\article\DLPIF-repo-update\src\baseline_results.pkl::all_scenarios[(""mice"", ""block30d"")]"
MICE,block30d,deterministic,1897,17704,2022-06-12,21.00000087618828,8.50400045067072,1,"C:\Users\yasemin.bozkurt\Desktop\article\DLPIF-repo-update\src\baseline_results.pkl::all_scenarios[(""mice"", ""block30d"")]"
MICE,block30d,deterministic,1901,17704,2022-06-13,17.600000014901163,3.274000230431557,1,"C:\Users\yasemin.bozkurt\Desktop\article\DLPIF-repo-update\src\baseline_results.pkl::all_scenarios[(""mice"", ""block30d"")]"
MICE,block30d,deterministic,1905,17704,2022-06-14,0.0,1.5019999902695418,1,"C:\Users\yasemin.bozkurt\Desktop\article\DLPIF-repo-update\src\baseline_results.pkl::all_scenarios[(""mice"", ""block30d"")]"
MICE,block30d,deterministic,1909,17704,2022-06-15,0.0,0.5320000148378313,1,"C:\Users\yasemin.bozkurt\Desktop\article\DLPIF-repo-update\src\baseline_results.pkl::all_scenarios[(""mice"", ""block30d"")]"
MICE,block30d,deterministic,1913,17704,2022-06-16,4.000000027567149,6.956000223755837,1,"C:\Users\yasemin.bozkurt\Desktop\article\DLPIF-repo-update\src\baseline_results.pkl::all_scenarios[(""mice"", ""block30d"")]"
MICE,block30d,deterministic,1917,17704,2022-06-17,40.00000187158585,2.106000113859773,1,"C:\Users\yasemin.bozkurt\Desktop\article\DLPIF-repo-update\src\baseline_results.pkl::all_scenarios[(""mice"", ""block30d"")]"
MICE,block30d,deterministic,1921,17704,2022-06-18,0.0,1.5580000933259728,1,"C:\Users\yasemin.bozkurt\Desktop\article\DLPIF-repo-update\src\baseline_results.pkl::all_scenarios[(""mice"", ""block30d"")]"
MICE,block30d,deterministic,1925,17704,2022-06-19,2.8000000990927223,0.9840000344440342,1,"C:\Users\yasemin.bozkurt\Desktop\article\DLPIF-repo-update\src\baseline_results.pkl::all_scenarios[(""mice"", ""block30d"")]"
MICE,block30d,deterministic,1929,17704,2022-06-20,0.0,2.2080000545829535,1,"C:\Users\yasemin.bozkurt\Desktop\article\DLPIF-repo-update\src\baseline_results.pkl::all_scenarios[(""mice"", ""block30d"")]"
MICE,block30d,deterministic,1933,17704,2022-06-21,1.0000000068917871,0.18800000874325634,1,"C:\Users\yasemin.bozkurt\Desktop\article\DLPIF-repo-update\src\baseline_results.pkl::all_scenarios[(""mice"", ""block30d"")]"
MICE,block30d,deterministic,1937,17704,2022-06-22,0.20000000470317902,0.0200000008859206,1,"C:\Users\yasemin.bozkurt\Desktop\article\DLPIF-repo-update\src\baseline_results.pkl::all_scenarios[(""mice"", ""block30d"")]"
MICE,block30d,deterministic,2117,17704,2022-08-06,0.0,0.02800000165589154,1,"C:\Users\yasemin.bozkurt\Desktop\article\DLPIF-repo-update\src\baseline_results.pkl::all_scenarios[(""mice"", ""block30d"")]"
MICE,block30d,deterministic,2121,17704,2022-08-07,0.0,0.012000000115949662,1,"C:\Users\yasemin.bozkurt\Desktop\article\DLPIF-repo-update\src\baseline_results.pkl::all_scenarios[(""mice"", ""block30d"")]"
MICE,block30d,deterministic,2125,17704,2022-08-08,0.0,0.3760000174865127,1,"C:\Users\yasemin.bozkurt\Desktop\article\DLPIF-repo-update\src\baseline_results.pkl::all_scenarios[(""mice"", ""block30d"")]"
MICE,block30d,deterministic,2129,17704,2022-08-09,13.40000026524067,6.867999909818173,1,"C:\Users\yasemin.bozkurt\Desktop\article\DLPIF-repo-update\src\baseline_results.pkl::all_scenarios[(""mice"", ""block30d"")]"
MICE,block30d,deterministic,2133,17704,2022-08-10,7.000000114738942,0.7439999822527171,1,"C:\Users\yasemin.bozkurt\Desktop\article\DLPIF-repo-update\src\baseline_results.pkl::all_scenarios[(""mice"", ""block30d"")]"
MICE,block30d,deterministic,2137,17704,2022-08-11,0.0,0.04399999903980643,1,"C:\Users\yasemin.bozkurt\Desktop\article\DLPIF-repo-update\src\baseline_results.pkl::all_scenarios[(""mice"", ""block30d"")]"
MICE,block30d,deterministic,2141,17704,2022-08-12,0.0,0.0,1,"C:\Users\yasemin.bozkurt\Desktop\article\DLPIF-repo-update\src\baseline_results.pkl::all_scenarios[(""mice"", ""block30d"")]"
MICE,block30d,deterministic,2145,17704,2022-08-13,0.0,2.0440000377595426,1,"C:\Users\yasemin.bozkurt\Desktop\article\DLPIF-repo-update\src\baseline_results.pkl::all_scenarios[(""mice"", ""block30d"")]"
MICE,block30d,deterministic,2149,17704,2022-08-14,2.2000000018626453,2.1680000569671396,1,"C:\Users\yasemin.bozkurt\Desktop\article\DLPIF-repo-update\src\baseline_results.pkl::all_scenarios[(""mice"", ""block30d"")]"
MICE,block30d,deterministic,2153,17704,2022-08-15,6.800000126659871,4.971999916434289,1,"C:\Users\yasemin.bozkurt\Desktop\article\DLPIF-repo-update\src\baseline_results.pkl::all_scenarios[(""mice"", ""block30d"")]"
MICE,block30d,deterministic,2157,17704,2022-08-16,2.40000012293458,0.14400000139139593,1,"C:\Users\yasemin.bozkurt\Desktop\article\DLPIF-repo-update\src\baseline_results.pkl::all_scenarios[(""mice"", ""block30d"")]"
MICE,block30d,deterministic,2161,17704,2022-08-17,0.0,0.0,1,"C:\Users\yasemin.bozkurt\Desktop\article\DLPIF-repo-update\src\baseline_results.pkl::all_scenarios[(""mice"", ""block30d"")]"
MICE,block30d,deterministic,2165,17704,2022-08-18,0.0,0.0,1,"C:\Users\yasemin.bozkurt\Desktop\article\DLPIF-repo-update\src\baseline_results.pkl::all_scenarios[(""mice"", ""block30d"")]"
MICE,block30d,deterministic,2169,17704,2022-08-19,0.0,0.14799999450333418,1,"C:\Users\yasemin.bozkurt\Desktop\article\DLPIF-repo-update\src\baseline_results.pkl::all_scenarios[(""mice"", ""block30d"")]"
MICE,block30d,deterministic,2173,17704,2022-08-20,0.0,0.47200001841411,1,"C:\Users\yasemin.bozkurt\Desktop\article\DLPIF-repo-update\src\baseline_results.pkl::all_scenarios[(""mice"", ""block30d"")]"
MICE,block30d,deterministic,2177,17704,2022-08-21,0.0,0.06000000057974831,1,"C:\Users\yasemin.bozkurt\Desktop\article\DLPIF-repo-update\src\baseline_results.pkl::all_scenarios[(""mice"", ""block30d"")]"
MICE,block30d,deterministic,2181,17704,2022-08-22,0.0,0.18800000874325634,1,"C:\Users\yasemin.bozkurt\Desktop\article\DLPIF-repo-update\src\baseline_results.pkl::all_scenarios[(""mice"", ""block30d"")]"
MICE,block30d,deterministic,2185,17704,2022-08-23,0.0,0.15200000423938037,1,"C:\Users\yasemin.bozkurt\Desktop\article\DLPIF-repo-update\src\baseline_results.pkl::all_scenarios[(""mice"", ""block30d"")]"
MICE,block30d,deterministic,2189,17704,2022-08-24,0.0,4.008000080287457,1,"C:\Users\yasemin.bozkurt\Desktop\article\DLPIF-repo-update\src\baseline_results.pkl::all_scenarios[(""mice"", ""block30d"")]"
MICE,block30d,deterministic,2193,17704,2022-08-25,17.00000005066395,0.6480000145733357,1,"C:\Users\yasemin.bozkurt\Desktop\article\DLPIF-repo-update\src\baseline_results.pkl::all_scenarios[(""mice"", ""block30d"")]"
MICE,block30d,deterministic,2197,17704,2022-08-26,0.0,9.63000048995018,1,"C:\Users\yasemin.bozkurt\Desktop\article\DLPIF-repo-update\src\baseline_results.pkl::all_scenarios[(""mice"", ""block30d"")]"
MICE,block30d,deterministic,2201,17704,2022-08-27,6.800000126659871,6.690000133216381,1,"C:\Users\yasemin.bozkurt\Desktop\article\DLPIF-repo-update\src\baseline_results.pkl::all_scenarios[(""mice"", ""block30d"")]"
MICE,block30d,deterministic,2205,17704,2022-08-28,0.0,1.8120001047849656,1,"C:\Users\yasemin.bozkurt\Desktop\article\DLPIF-repo-update\src\baseline_results.pkl::all_scenarios[(""mice"", ""block30d"")]"
MICE,block30d,deterministic,2209,17704,2022-08-29,0.0,3.648000101745129,1,"C:\Users\yasemin.bozkurt\Desktop\article\DLPIF-repo-update\src\baseline_results.pkl::all_scenarios[(""mice"", ""block30d"")]"
MICE,block30d,deterministic,2213,17704,2022-08-30,0.0,0.6759999996051193,1,"C:\Users\yasemin.bozkurt\Desktop\article\DLPIF-repo-update\src\baseline_results.pkl::all_scenarios[(""mice"", ""block30d"")]"
MICE,block30d,deterministic,2217,17704,2022-08-31,0.0,1.576000012457371,1,"C:\Users\yasemin.bozkurt\Desktop\article\DLPIF-repo-update\src\baseline_results.pkl::all_scenarios[(""mice"", ""block30d"")]"
MICE,block30d,deterministic,2221,17704,2022-09-01,2.6000001110136512,12.210000336170198,1,"C:\Users\yasemin.bozkurt\Desktop\article\DLPIF-repo-update\src\baseline_results.pkl::all_scenarios[(""mice"", ""block30d"")]"
MICE,block30d,deterministic,2225,17704,2022-09-02,8.800000007450581,7.9100000604987155,1,"C:\Users\yasemin.bozkurt\Desktop\article\DLPIF-repo-update\src\baseline_results.pkl::all_scenarios[(""mice"", ""block30d"")]"
MICE,block30d,deterministic,2229,17704,2022-09-03,0.0,1.144000091403723,1,"C:\Users\yasemin.bozkurt\Desktop\article\DLPIF-repo-update\src\baseline_results.pkl::all_scenarios[(""mice"", ""block30d"")]"
MICE,block30d,deterministic,2233,17704,2022-09-04,0.0,0.5560000400058925,1,"C:\Users\yasemin.bozkurt\Desktop\article\DLPIF-repo-update\src\baseline_results.pkl::all_scenarios[(""mice"", ""block30d"")]"
MICE,block30d,deterministic,2376,17155,2022-10-10,0.0,0.9760000482201577,1,"C:\Users\yasemin.bozkurt\Desktop\article\DLPIF-repo-update\src\baseline_results.pkl::all_scenarios[(""mice"", ""block30d"")]"
MICE,block30d,deterministic,2380,17155,2022-10-11,0.0,1.20000006146729,1,"C:\Users\yasemin.bozkurt\Desktop\article\DLPIF-repo-update\src\baseline_results.pkl::all_scenarios[(""mice"", ""block30d"")]"
MICE,block30d,deterministic,2384,17155,2022-10-12,0.0,1.036000044643879,1,"C:\Users\yasemin.bozkurt\Desktop\article\DLPIF-repo-update\src\baseline_results.pkl::all_scenarios[(""mice"", ""block30d"")]"
MICE,block30d,deterministic,2388,17155,2022-10-13,0.0,1.88800007365644,1,"C:\Users\yasemin.bozkurt\Desktop\article\DLPIF-repo-update\src\baseline_results.pkl::all_scenarios[(""mice"", ""block30d"")]"
MICE,block30d,deterministic,2392,17155,2022-10-14,0.0,1.6440000616014006,1,"C:\Users\yasemin.bozkurt\Desktop\article\DLPIF-repo-update\src\baseline_results.pkl::all_scenarios[(""mice"", ""block30d"")]"
MICE,block30d,deterministic,2396,17155,2022-10-15,4.300000009685755,13.050000286102296,1,"C:\Users\yasemin.bozkurt\Desktop\article\DLPIF-repo-update\src\baseline_results.pkl::all_scenarios[(""mice"", ""block30d"")]"
MICE,block30d,deterministic,2400,17155,2022-10-16,2.2000000018626453,10.942000624537469,1,"C:\Users\yasemin.bozkurt\Desktop\article\DLPIF-repo-update\src\baseline_results.pkl::all_scenarios[(""mice"", ""block30d"")]"
MICE,block30d,deterministic,2404,17155,2022-10-17,6.700000132620335,19.372000122070315,1,"C:\Users\yasemin.bozkurt\Desktop\article\DLPIF-repo-update\src\baseline_results.pkl::all_scenarios[(""mice"", ""block30d"")]"
MICE,block30d,deterministic,2408,17155,2022-10-18,0.10000000235158951,10.480000439286233,1,"C:\Users\yasemin.bozkurt\Desktop\article\DLPIF-repo-update\src\baseline_results.pkl::all_scenarios[(""mice"", ""block30d"")]"
MICE,block30d,deterministic,2412,17155,2022-10-19,0.0,2.6740000002086166,1,"C:\Users\yasemin.bozkurt\Desktop\article\DLPIF-repo-update\src\baseline_results.pkl::all_scenarios[(""mice"", ""block30d"")]"
MICE,block30d,deterministic,2416,17155,2022-10-20,0.0,2.812000045180321,1,"C:\Users\yasemin.bozkurt\Desktop\article\DLPIF-repo-update\src\baseline_results.pkl::all_scenarios[(""mice"", ""block30d"")]"
MICE,block30d,deterministic,2420,17155,2022-10-21,0.0,0.7680000074207783,1,"C:\Users\yasemin.bozkurt\Desktop\article\DLPIF-repo-update\src\baseline_results.pkl::all_scenarios[(""mice"", ""block30d"")]"
MICE,block30d,deterministic,2424,17155,2022-10-22,0.0,0.13600000685546548,1,"C:\Users\yasemin.bozkurt\Desktop\article\DLPIF-repo-update\src\baseline_results.pkl::all_scenarios[(""mice"", ""block30d"")]"
MICE,block30d,deterministic,2428,17155,2022-10-23,0.0,0.012000000115949662,1,"C:\Users\yasemin.bozkurt\Desktop\article\DLPIF-repo-update\src\baseline_results.pkl::all_scenarios[(""mice"", ""block30d"")]"
MICE,block30d,deterministic,2432,17155,2022-10-24,0.0,0.01600000050093513,1,"C:\Users\yasemin.bozkurt\Desktop\article\DLPIF-repo-update\src\baseline_results.pkl::all_scenarios[(""mice"", ""block30d"")]"
MICE,block30d,deterministic,2436,17155,2022-10-25,0.0,0.5040000298060477,1,"C:\Users\yasemin.bozkurt\Desktop\article\DLPIF-repo-update\src\baseline_results.pkl::all_scenarios[(""mice"", ""block30d"")]"
MICE,block30d,deterministic,2440,17155,2022-10-26,0.0,0.19599999496713283,1,"C:\Users\yasemin.bozkurt\Desktop\article\DLPIF-repo-update\src\baseline_results.pkl::all_scenarios[(""mice"", ""block30d"")]"
MICE,block30d,deterministic,2444,17155,2022-10-27,0.0,0.6439999882131815,1,"C:\Users\yasemin.bozkurt\Desktop\article\DLPIF-repo-update\src\baseline_results.pkl::all_scenarios[(""mice"", ""block30d"")]"
MICE,block30d,deterministic,2448,17155,2022-10-28,0.0,1.5400000412017107,1,"C:\Users\yasemin.bozkurt\Desktop\article\DLPIF-repo-update\src\baseline_results.pkl::all_scenarios[(""mice"", ""block30d"")]"
MICE,block30d,deterministic,2452,17155,2022-10-29,0.0,0.5560000067576767,1,"C:\Users\yasemin.bozkurt\Desktop\article\DLPIF-repo-update\src\baseline_results.pkl::all_scenarios[(""mice"", ""block30d"")]"
MICE,block30d,deterministic,2456,17155,2022-10-30,0.0,0.29600002225488425,1,"C:\Users\yasemin.bozkurt\Desktop\article\DLPIF-repo-update\src\baseline_results.pkl::all_scenarios[(""mice"", ""block30d"")]"
MICE,block30d,deterministic,2460,17155,2022-10-31,0.0,0.004000000125233783,1,"C:\Users\yasemin.bozkurt\Desktop\article\DLPIF-repo-update\src\baseline_results.pkl::all_scenarios[(""mice"", ""block30d"")]"
MICE,block30d,deterministic,2464,17155,2022-11-01,0.0,0.10400000377558173,1,"C:\Users\yasemin.bozkurt\Desktop\article\DLPIF-repo-update\src\baseline_results.pkl::all_scenarios[(""mice"", ""block30d"")]"
MICE,block30d,deterministic,2468,17155,2022-11-02,0.0,0.11600000804755838,1,"C:\Users\yasemin.bozkurt\Desktop\article\DLPIF-repo-update\src\baseline_results.pkl::all_scenarios[(""mice"", ""block30d"")]"
MICE,block30d,deterministic,2472,17155,2022-11-03,0.0,0.048000000463798646,1,"C:\Users\yasemin.bozkurt\Desktop\article\DLPIF-repo-update\src\baseline_results.pkl::all_scenarios[(""mice"", ""block30d"")]"
MICE,block30d,deterministic,2476,17155,2022-11-04,0.0,0.08400000496767462,1,"C:\Users\yasemin.bozkurt\Desktop\article\DLPIF-repo-update\src\baseline_results.pkl::all_scenarios[(""mice"", ""block30d"")]"
MICE,block30d,deterministic,2480,17155,2022-11-05,0.0,0.3200000141747296,1,"C:\Users\yasemin.bozkurt\Desktop\article\DLPIF-repo-update\src\baseline_results.pkl::all_scenarios[(""mice"", ""block30d"")]"
MICE,block30d,deterministic,2484,17155,2022-11-06,0.0,0.012000000115949662,1,"C:\Users\yasemin.bozkurt\Desktop\article\DLPIF-repo-update\src\baseline_results.pkl::all_scenarios[(""mice"", ""block30d"")]"
MICE,block30d,deterministic,2488,17155,2022-11-07,0.0,0.12000000115949662,1,"C:\Users\yasemin.bozkurt\Desktop\article\DLPIF-repo-update\src\baseline_results.pkl::all_scenarios[(""mice"", ""block30d"")]"
MICE,block30d,deterministic,2492,17155,2022-11-08,0.0,1.1200000662356615,1,"C:\Users\yasemin.bozkurt\Desktop\article\DLPIF-repo-update\src\baseline_results.pkl::all_scenarios[(""mice"", ""block30d"")]"
MICE,block30d,deterministic,2537,17704,2022-11-19,7.400000090897084,1.9120000988245012,1,"C:\Users\yasemin.bozkurt\Desktop\article\DLPIF-repo-update\src\baseline_results.pkl::all_scenarios[(""mice"", ""block30d"")]"
MICE,block30d,deterministic,2541,17704,2022-11-20,0.0,1.728000083193183,1,"C:\Users\yasemin.bozkurt\Desktop\article\DLPIF-repo-update\src\baseline_results.pkl::all_scenarios[(""mice"", ""block30d"")]"
MICE,block30d,deterministic,2545,17704,2022-11-21,0.0,0.3679999980144203,1,"C:\Users\yasemin.bozkurt\Desktop\article\DLPIF-repo-update\src\baseline_results.pkl::all_scenarios[(""mice"", ""block30d"")]"
MICE,block30d,deterministic,2549,17704,2022-11-22,5.2000002220273025,2.6077876411378385,1,"C:\Users\yasemin.bozkurt\Desktop\article\DLPIF-repo-update\src\baseline_results.pkl::all_scenarios[(""mice"", ""block30d"")]"
MICE,block30d,deterministic,2553,17704,2022-11-23,0.0,0.7959999924525619,1,"C:\Users\yasemin.bozkurt\Desktop\article\DLPIF-repo-update\src\baseline_results.pkl::all_scenarios[(""mice"", ""block30d"")]"
MICE,block30d,deterministic,2557,17704,2022-11-24,2.0000000137835743,3.468000112473965,1,"C:\Users\yasemin.bozkurt\Desktop\article\DLPIF-repo-update\src\baseline_results.pkl::all_scenarios[(""mice"", ""block30d"")]"
MICE,block30d,deterministic,2561,17704,2022-11-25,1.4000000495463611,2.7439999960362913,1,"C:\Users\yasemin.bozkurt\Desktop\article\DLPIF-repo-update\src\baseline_results.pkl::all_scenarios[(""mice"", ""block30d"")]"
MICE,block30d,deterministic,2565,17704,2022-11-26,0.600000030733645,3.631999996304512,1,"C:\Users\yasemin.bozkurt\Desktop\article\DLPIF-repo-update\src\baseline_results.pkl::all_scenarios[(""mice"", ""block30d"")]"
MICE,block30d,deterministic,2569,17704,2022-11-27,0.20000000470317902,0.5520000136457384,1,"C:\Users\yasemin.bozkurt\Desktop\article\DLPIF-repo-update\src\baseline_results.pkl::all_scenarios[(""mice"", ""block30d"")]"
MICE,block30d,deterministic,2573,17704,2022-11-28,0.0,0.7240000499412418,1,"C:\Users\yasemin.bozkurt\Desktop\article\DLPIF-repo-update\src\baseline_results.pkl::all_scenarios[(""mice"", ""block30d"")]"
MICE,block30d,deterministic,2577,17704,2022-11-29,0.40000000940635805,4.791999927163125,1,"C:\Users\yasemin.bozkurt\Desktop\article\DLPIF-repo-update\src\baseline_results.pkl::all_scenarios[(""mice"", ""block30d"")]"
MICE,block30d,deterministic,2581,17704,2022-11-30,0.8000000188127161,9.41600007712841,1,"C:\Users\yasemin.bozkurt\Desktop\article\DLPIF-repo-update\src\baseline_results.pkl::all_scenarios[(""mice"", ""block30d"")]"
MICE,block30d,deterministic,2585,17704,2022-12-01,0.0,7.3879998788237575,1,"C:\Users\yasemin.bozkurt\Desktop\article\DLPIF-repo-update\src\baseline_results.pkl::all_scenarios[(""mice"", ""block30d"")]"
MICE,block30d,deterministic,2589,17704,2022-12-02,1.8000000257045032,8.420000030100347,1,"C:\Users\yasemin.bozkurt\Desktop\article\DLPIF-repo-update\src\baseline_results.pkl::all_scenarios[(""mice"", ""block30d"")]"
MICE,block30d,deterministic,2593,17704,2022-12-03,0.40000000940635805,4.8560003489255905,1,"C:\Users\yasemin.bozkurt\Desktop\article\DLPIF-repo-update\src\baseline_results.pkl::all_scenarios[(""mice"", ""block30d"")]"
MICE,block30d,deterministic,2597,17704,2022-12-04,0.0,1.580000038817525,1,"C:\Users\yasemin.bozkurt\Desktop\article\DLPIF-repo-update\src\baseline_results.pkl::all_scenarios[(""mice"", ""block30d"")]"
MICE,block30d,deterministic,2601,17704,2022-12-05,0.0,7.303999990224839,1,"C:\Users\yasemin.bozkurt\Desktop\article\DLPIF-repo-update\src\baseline_results.pkl::all_scenarios[(""mice"", ""block30d"")]"
MICE,block30d,deterministic,2605,17704,2022-12-06,0.0,2.8680001482367516,1,"C:\Users\yasemin.bozkurt\Desktop\article\DLPIF-repo-update\src\baseline_results.pkl::all_scenarios[(""mice"", ""block30d"")]"
MICE,block30d,deterministic,2609,17704,2022-12-07,0.0,2.092000088095665,1,"C:\Users\yasemin.bozkurt\Desktop\article\DLPIF-repo-update\src\baseline_results.pkl::all_scenarios[(""mice"", ""block30d"")]"
MICE,block30d,deterministic,2613,17704,2022-12-08,0.20000000470317902,5.100000227987767,1,"C:\Users\yasemin.bozkurt\Desktop\article\DLPIF-repo-update\src\baseline_results.pkl::all_scenarios[(""mice"", ""block30d"")]"
MICE,block30d,deterministic,2617,17704,2022-12-09,0.600000030733645,8.03200026601553,1,"C:\Users\yasemin.bozkurt\Desktop\article\DLPIF-repo-update\src\baseline_results.pkl::all_scenarios[(""mice"", ""block30d"")]"
MICE,block30d,deterministic,2621,17704,2022-12-10,0.0,12.992000502347947,1,"C:\Users\yasemin.bozkurt\Desktop\article\DLPIF-repo-update\src\baseline_results.pkl::all_scenarios[(""mice"", ""block30d"")]"
MICE,block30d,deterministic,2625,17704,2022-12-11,2.8000000990927223,3.8119999855756763,1,"C:\Users\yasemin.bozkurt\Desktop\article\DLPIF-repo-update\src\baseline_results.pkl::all_scenarios[(""mice"", ""block30d"")]"
MICE,block30d,deterministic,2629,17704,2022-12-12,4.400000003725291,10.600000432133676,1,"C:\Users\yasemin.bozkurt\Desktop\article\DLPIF-repo-update\src\baseline_results.pkl::all_scenarios[(""mice"", ""block30d"")]"
MICE,block30d,deterministic,2633,17704,2022-12-13,1.6000000376254322,3.236000179499388,1,"C:\Users\yasemin.bozkurt\Desktop\article\DLPIF-repo-update\src\baseline_results.pkl::all_scenarios[(""mice"", ""block30d"")]"
MICE,block30d,deterministic,2637,17704,2022-12-14,0.0,6.944000011682511,1,"C:\Users\yasemin.bozkurt\Desktop\article\DLPIF-repo-update\src\baseline_results.pkl::all_scenarios[(""mice"", ""block30d"")]"
MICE,block30d,deterministic,2641,17704,2022-12-15,0.0,4.624000149965287,1,"C:\Users\yasemin.bozkurt\Desktop\article\DLPIF-repo-update\src\baseline_results.pkl::all_scenarios[(""mice"", ""block30d"")]"
MICE,block30d,deterministic,2642,17748,2022-12-15,0.0,9.568000280857087,1,"C:\Users\yasemin.bozkurt\Desktop\article\DLPIF-repo-update\src\baseline_results.pkl::all_scenarios[(""mice"", ""block30d"")]"
MICE,block30d,deterministic,2645,17704,2022-12-16,0.0,2.0240000389516357,1,"C:\Users\yasemin.bozkurt\Desktop\article\DLPIF-repo-update\src\baseline_results.pkl::all_scenarios[(""mice"", ""block30d"")]"
MICE,block30d,deterministic,2646,17748,2022-12-16,0.0,5.036000338196755,1,"C:\Users\yasemin.bozkurt\Desktop\article\DLPIF-repo-update\src\baseline_results.pkl::all_scenarios[(""mice"", ""block30d"")]"
MICE,block30d,deterministic,2649,17704,2022-12-17,0.0,2.2680001839995385,1,"C:\Users\yasemin.bozkurt\Desktop\article\DLPIF-repo-update\src\baseline_results.pkl::all_scenarios[(""mice"", ""block30d"")]"
MICE,block30d,deterministic,2650,17748,2022-12-17,0.0,3.096000187844038,1,"C:\Users\yasemin.bozkurt\Desktop\article\DLPIF-repo-update\src\baseline_results.pkl::all_scenarios[(""mice"", ""block30d"")]"
MICE,block30d,deterministic,2653,17704,2022-12-18,0.0,0.7680000074207783,1,"C:\Users\yasemin.bozkurt\Desktop\article\DLPIF-repo-update\src\baseline_results.pkl::all_scenarios[(""mice"", ""block30d"")]"
MICE,block30d,deterministic,2654,17748,2022-12-18,0.0,2.786000206321478,1,"C:\Users\yasemin.bozkurt\Desktop\article\DLPIF-repo-update\src\baseline_results.pkl::all_scenarios[(""mice"", ""block30d"")]"
MICE,block30d,deterministic,2658,17748,2022-12-19,0.0,4.744000142812729,1,"C:\Users\yasemin.bozkurt\Desktop\article\DLPIF-repo-update\src\baseline_results.pkl::all_scenarios[(""mice"", ""block30d"")]"
MICE,block30d,deterministic,2662,17748,2022-12-20,0.0,0.2519999982789159,1,"C:\Users\yasemin.bozkurt\Desktop\article\DLPIF-repo-update\src\baseline_results.pkl::all_scenarios[(""mice"", ""block30d"")]"
MICE,block30d,deterministic,2666,17748,2022-12-21,0.0,0.12400000258348884,1,"C:\Users\yasemin.bozkurt\Desktop\article\DLPIF-repo-update\src\baseline_results.pkl::all_scenarios[(""mice"", ""block30d"")]"
MICE,block30d,deterministic,2670,17748,2022-12-22,0.0,0.5360000079497695,1,"C:\Users\yasemin.bozkurt\Desktop\article\DLPIF-repo-update\src\baseline_results.pkl::all_scenarios[(""mice"", ""block30d"")]"
MICE,block30d,deterministic,2674,17748,2022-12-23,0.0,0.4560000127181411,1,"C:\Users\yasemin.bozkurt\Desktop\article\DLPIF-repo-update\src\baseline_results.pkl::all_scenarios[(""mice"", ""block30d"")]"
MICE,block30d,deterministic,2678,17748,2022-12-24,0.0,3.0080001398921015,1,"C:\Users\yasemin.bozkurt\Desktop\article\DLPIF-repo-update\src\baseline_results.pkl::all_scenarios[(""mice"", ""block30d"")]"
MICE,block30d,deterministic,2682,17748,2022-12-25,0.0,7.912000273168088,1,"C:\Users\yasemin.bozkurt\Desktop\article\DLPIF-repo-update\src\baseline_results.pkl::all_scenarios[(""mice"", ""block30d"")]"
MICE,block30d,deterministic,2686,17748,2022-12-26,0.20000000470317902,1.544000067561865,1,"C:\Users\yasemin.bozkurt\Desktop\article\DLPIF-repo-update\src\baseline_results.pkl::all_scenarios[(""mice"", ""block30d"")]"
MICE,block30d,deterministic,2690,17748,2022-12-27,0.0,0.07200000069569797,1,"C:\Users\yasemin.bozkurt\Desktop\article\DLPIF-repo-update\src\baseline_results.pkl::all_scenarios[(""mice"", ""block30d"")]"
MICE,block30d,deterministic,2694,17748,2022-12-28,0.0,0.07600000211969019,1,"C:\Users\yasemin.bozkurt\Desktop\article\DLPIF-repo-update\src\baseline_results.pkl::all_scenarios[(""mice"", ""block30d"")]"
MICE,block30d,deterministic,2698,17748,2022-12-29,0.0,1.4640000723302367,1,"C:\Users\yasemin.bozkurt\Desktop\article\DLPIF-repo-update\src\baseline_results.pkl::all_scenarios[(""mice"", ""block30d"")]"
MICE,block30d,deterministic,2702,17748,2022-12-30,0.0,0.5280000217258931,1,"C:\Users\yasemin.bozkurt\Desktop\article\DLPIF-repo-update\src\baseline_results.pkl::all_scenarios[(""mice"", ""block30d"")]"
MICE,block30d,deterministic,2706,17748,2022-12-31,0.0,1.1600000638514758,1,"C:\Users\yasemin.bozkurt\Desktop\article\DLPIF-repo-update\src\baseline_results.pkl::all_scenarios[(""mice"", ""block30d"")]"
MICE,block30d,deterministic,2710,17748,2023-01-01,0.0,0.02800000165589154,1,"C:\Users\yasemin.bozkurt\Desktop\article\DLPIF-repo-update\src\baseline_results.pkl::all_scenarios[(""mice"", ""block30d"")]"
MICE,block30d,deterministic,2714,17748,2023-01-02,0.0,0.008000000250467565,1,"C:\Users\yasemin.bozkurt\Desktop\article\DLPIF-repo-update\src\baseline_results.pkl::all_scenarios[(""mice"", ""block30d"")]"
MICE,block30d,deterministic,2718,17748,2023-01-03,0.0,0.004000000125233783,1,"C:\Users\yasemin.bozkurt\Desktop\article\DLPIF-repo-update\src\baseline_results.pkl::all_scenarios[(""mice"", ""block30d"")]"
MICE,block30d,deterministic,2722,17748,2023-01-04,0.0,0.12000000115949662,1,"C:\Users\yasemin.bozkurt\Desktop\article\DLPIF-repo-update\src\baseline_results.pkl::all_scenarios[(""mice"", ""block30d"")]"
MICE,block30d,deterministic,2726,17748,2023-01-05,0.0,5.008000020682812,1,"C:\Users\yasemin.bozkurt\Desktop\article\DLPIF-repo-update\src\baseline_results.pkl::all_scenarios[(""mice"", ""block30d"")]"
MICE,block30d,deterministic,2730,17748,2023-01-06,0.0,1.0800000021234155,1,"C:\Users\yasemin.bozkurt\Desktop\article\DLPIF-repo-update\src\baseline_results.pkl::all_scenarios[(""mice"", ""block30d"")]"
MICE,block30d,deterministic,2734,17748,2023-01-07,0.0,0.19599999496713283,1,"C:\Users\yasemin.bozkurt\Desktop\article\DLPIF-repo-update\src\baseline_results.pkl::all_scenarios[(""mice"", ""block30d"")]"
MICE,block30d,deterministic,2738,17748,2023-01-08,0.0,0.01600000050093513,1,"C:\Users\yasemin.bozkurt\Desktop\article\DLPIF-repo-update\src\baseline_results.pkl::all_scenarios[(""mice"", ""block30d"")]"
MICE,block30d,deterministic,2742,17748,2023-01-09,0.0,0.07600000211969019,1,"C:\Users\yasemin.bozkurt\Desktop\article\DLPIF-repo-update\src\baseline_results.pkl::all_scenarios[(""mice"", ""block30d"")]"
MICE,block30d,deterministic,2746,17748,2023-01-10,0.0,0.16800000993534925,1,"C:\Users\yasemin.bozkurt\Desktop\article\DLPIF-repo-update\src\baseline_results.pkl::all_scenarios[(""mice"", ""block30d"")]"
MICE,block30d,deterministic,2750,17748,2023-01-11,19.00000099539757,9.180000516772271,1,"C:\Users\yasemin.bozkurt\Desktop\article\DLPIF-repo-update\src\baseline_results.pkl::all_scenarios[(""mice"", ""block30d"")]"
MICE,block30d,deterministic,2754,17748,2023-01-12,19.00000099539757,4.616000363230706,1,"C:\Users\yasemin.bozkurt\Desktop\article\DLPIF-repo-update\src\baseline_results.pkl::all_scenarios[(""mice"", ""block30d"")]"
MICE,block30d,deterministic,2758,17748,2023-01-13,3.8000000394880775,5.048000018298627,1,"C:\Users\yasemin.bozkurt\Desktop\article\DLPIF-repo-update\src\baseline_results.pkl::all_scenarios[(""mice"", ""block30d"")]"
MICE,block30d,deterministic,2811,17750,2023-01-26,0.0,0.3359999866224826,1,"C:\Users\yasemin.bozkurt\Desktop\article\DLPIF-repo-update\src\baseline_results.pkl::all_scenarios[(""mice"", ""block30d"")]"
MICE,block30d,deterministic,2815,17750,2023-01-27,0.0,1.1720000099390746,1,"C:\Users\yasemin.bozkurt\Desktop\article\DLPIF-repo-update\src\baseline_results.pkl::all_scenarios[(""mice"", ""block30d"")]"
MICE,block30d,deterministic,2819,17750,2023-01-28,20.60000090003014,5.231999900937081,1,"C:\Users\yasemin.bozkurt\Desktop\article\DLPIF-repo-update\src\baseline_results.pkl::all_scenarios[(""mice"", ""block30d"")]"
MICE,block30d,deterministic,2823,17750,2023-01-29,3.2000000752508644,1.44799996688962,1,"C:\Users\yasemin.bozkurt\Desktop\article\DLPIF-repo-update\src\baseline_results.pkl::all_scenarios[(""mice"", ""block30d"")]"
MICE,block30d,deterministic,2827,17750,2023-01-30,0.40000000940635805,11.22400082051754,1,"C:\Users\yasemin.bozkurt\Desktop\article\DLPIF-repo-update\src\baseline_results.pkl::all_scenarios[(""mice"", ""block30d"")]"
MICE,block30d,deterministic,2831,17750,2023-01-31,0.0,3.168000130355358,1,"C:\Users\yasemin.bozkurt\Desktop\article\DLPIF-repo-update\src\baseline_results.pkl::all_scenarios[(""mice"", ""block30d"")]"
MICE,block30d,deterministic,2835,17750,2023-02-01,0.600000030733645,0.3280000003986061,1,"C:\Users\yasemin.bozkurt\Desktop\article\DLPIF-repo-update\src\baseline_results.pkl::all_scenarios[(""mice"", ""block30d"")]"
MICE,block30d,deterministic,2839,17750,2023-02-02,0.0,0.08799999807961285,1,"C:\Users\yasemin.bozkurt\Desktop\article\DLPIF-repo-update\src\baseline_results.pkl::all_scenarios[(""mice"", ""block30d"")]"
MICE,block30d,deterministic,2843,17750,2023-02-03,0.0,1.8759999945759775,1,"C:\Users\yasemin.bozkurt\Desktop\article\DLPIF-repo-update\src\baseline_results.pkl::all_scenarios[(""mice"", ""block30d"")]"
MICE,block30d,deterministic,2847,17750,2023-02-04,0.8000000188127161,0.20400001443922522,1,"C:\Users\yasemin.bozkurt\Desktop\article\DLPIF-repo-update\src\baseline_results.pkl::all_scenarios[(""mice"", ""block30d"")]"
MICE,block30d,deterministic,2851,17750,2023-02-05,3.0000000871717933,3.3120000153779987,1,"C:\Users\yasemin.bozkurt\Desktop\article\DLPIF-repo-update\src\baseline_results.pkl::all_scenarios[(""mice"", ""block30d"")]"
MICE,block30d,deterministic,2855,17750,2023-02-06,0.600000030733645,3.1280001327395444,1,"C:\Users\yasemin.bozkurt\Desktop\article\DLPIF-repo-update\src\baseline_results.pkl::all_scenarios[(""mice"", ""block30d"")]"
MICE,block30d,deterministic,2859,17750,2023-02-07,0.0,0.3280000003986061,1,"C:\Users\yasemin.bozkurt\Desktop\article\DLPIF-repo-update\src\baseline_results.pkl::all_scenarios[(""mice"", ""block30d"")]"
MICE,block30d,deterministic,2863,17750,2023-02-08,0.0,0.024000000231899323,1,"C:\Users\yasemin.bozkurt\Desktop\article\DLPIF-repo-update\src\baseline_results.pkl::all_scenarios[(""mice"", ""block30d"")]"
MICE,block30d,deterministic,2867,17750,2023-02-09,0.0,0.04399999903980643,1,"C:\Users\yasemin.bozkurt\Desktop\article\DLPIF-repo-update\src\baseline_results.pkl::all_scenarios[(""mice"", ""block30d"")]"
MICE,block30d,deterministic,2871,17750,2023-02-10,0.0,0.08200000009965153,1,"C:\Users\yasemin.bozkurt\Desktop\article\DLPIF-repo-update\src\baseline_results.pkl::all_scenarios[(""mice"", ""block30d"")]"
MICE,block30d,deterministic,2875,17750,2023-02-11,0.0,0.10800000519957394,1,"C:\Users\yasemin.bozkurt\Desktop\article\DLPIF-repo-update\src\baseline_results.pkl::all_scenarios[(""mice"", ""block30d"")]"
MICE,block30d,deterministic,2879,17750,2023-02-12,0.0,0.1679999933112413,1,"C:\Users\yasemin.bozkurt\Desktop\article\DLPIF-repo-update\src\baseline_results.pkl::all_scenarios[(""mice"", ""block30d"")]"
MICE,block30d,deterministic,2883,17750,2023-02-13,0.0,0.06800000342773274,1,"C:\Users\yasemin.bozkurt\Desktop\article\DLPIF-repo-update\src\baseline_results.pkl::all_scenarios[(""mice"", ""block30d"")]"
MICE,block30d,deterministic,2887,17750,2023-02-14,0.0,0.052000001887790866,1,"C:\Users\yasemin.bozkurt\Desktop\article\DLPIF-repo-update\src\baseline_results.pkl::all_scenarios[(""mice"", ""block30d"")]"
MICE,block30d,deterministic,2891,17750,2023-02-15,0.0,0.03200000100187026,1,"C:\Users\yasemin.bozkurt\Desktop\article\DLPIF-repo-update\src\baseline_results.pkl::all_scenarios[(""mice"", ""block30d"")]"
MICE,block30d,deterministic,2895,17750,2023-02-16,0.0,0.15200000423938037,1,"C:\Users\yasemin.bozkurt\Desktop\article\DLPIF-repo-update\src\baseline_results.pkl::all_scenarios[(""mice"", ""block30d"")]"
MICE,block30d,deterministic,2899,17750,2023-02-17,0.0,0.01600000050093513,1,"C:\Users\yasemin.bozkurt\Desktop\article\DLPIF-repo-update\src\baseline_results.pkl::all_scenarios[(""mice"", ""block30d"")]"
MICE,block30d,deterministic,2903,17750,2023-02-18,0.0,0.004000000125233783,1,"C:\Users\yasemin.bozkurt\Desktop\article\DLPIF-repo-update\src\baseline_results.pkl::all_scenarios[(""mice"", ""block30d"")]"
MICE,block30d,deterministic,2907,17750,2023-02-19,0.0,0.10800000519957394,1,"C:\Users\yasemin.bozkurt\Desktop\article\DLPIF-repo-update\src\baseline_results.pkl::all_scenarios[(""mice"", ""block30d"")]"
MICE,block30d,deterministic,2911,17750,2023-02-20,0.0,0.3319999935105443,1,"C:\Users\yasemin.bozkurt\Desktop\article\DLPIF-repo-update\src\baseline_results.pkl::all_scenarios[(""mice"", ""block30d"")]"
MICE,block30d,deterministic,2915,17750,2023-02-21,0.0,0.0200000008859206,1,"C:\Users\yasemin.bozkurt\Desktop\article\DLPIF-repo-update\src\baseline_results.pkl::all_scenarios[(""mice"", ""block30d"")]"
MICE,block30d,deterministic,2919,17750,2023-02-22,0.20000000470317902,0.008000000250467565,1,"C:\Users\yasemin.bozkurt\Desktop\article\DLPIF-repo-update\src\baseline_results.pkl::all_scenarios[(""mice"", ""block30d"")]"
MICE,block30d,deterministic,2923,17750,2023-02-23,0.0,0.004000000125233783,1,"C:\Users\yasemin.bozkurt\Desktop\article\DLPIF-repo-update\src\baseline_results.pkl::all_scenarios[(""mice"", ""block30d"")]"
MICE,block30d,deterministic,2927,17750,2023-02-24,0.0,0.03600000034784898,1,"C:\Users\yasemin.bozkurt\Desktop\article\DLPIF-repo-update\src\baseline_results.pkl::all_scenarios[(""mice"", ""block30d"")]"
MICE,block30d,deterministic,2997,17704,2023-03-14,0.0,2.398000176250935,1,"C:\Users\yasemin.bozkurt\Desktop\article\DLPIF-repo-update\src\baseline_results.pkl::all_scenarios[(""mice"", ""block30d"")]"
MICE,block30d,deterministic,3001,17704,2023-03-15,0.0,0.06400000200374052,1,"C:\Users\yasemin.bozkurt\Desktop\article\DLPIF-repo-update\src\baseline_results.pkl::all_scenarios[(""mice"", ""block30d"")]"
MICE,block30d,deterministic,3005,17704,2023-03-16,0.8000000188127161,3.16000007763505,1,"C:\Users\yasemin.bozkurt\Desktop\article\DLPIF-repo-update\src\baseline_results.pkl::all_scenarios[(""mice"", ""block30d"")]"
MICE,block30d,deterministic,3009,17704,2023-03-17,2.6000001110136512,5.080000229179859,1,"C:\Users\yasemin.bozkurt\Desktop\article\DLPIF-repo-update\src\baseline_results.pkl::all_scenarios[(""mice"", ""block30d"")]"
MICE,block30d,deterministic,3013,17704,2023-03-18,0.600000030733645,4.004000186920166,1,"C:\Users\yasemin.bozkurt\Desktop\article\DLPIF-repo-update\src\baseline_results.pkl::all_scenarios[(""mice"", ""block30d"")]"
MICE,block30d,deterministic,3017,17704,2023-03-19,0.0,4.428000055253506,1,"C:\Users\yasemin.bozkurt\Desktop\article\DLPIF-repo-update\src\baseline_results.pkl::all_scenarios[(""mice"", ""block30d"")]"
MICE,block30d,deterministic,3021,17704,2023-03-20,0.20000000470317902,1.3600000519305468,1,"C:\Users\yasemin.bozkurt\Desktop\article\DLPIF-repo-update\src\baseline_results.pkl::all_scenarios[(""mice"", ""block30d"")]"
MICE,block30d,deterministic,3025,17704,2023-03-21,0.0,0.052000001887790866,1,"C:\Users\yasemin.bozkurt\Desktop\article\DLPIF-repo-update\src\baseline_results.pkl::all_scenarios[(""mice"", ""block30d"")]"
MICE,block30d,deterministic,3029,17704,2023-03-22,0.0,2.528000168502331,1,"C:\Users\yasemin.bozkurt\Desktop\article\DLPIF-repo-update\src\baseline_results.pkl::all_scenarios[(""mice"", ""block30d"")]"
MICE,block30d,deterministic,3033,17704,2023-03-23,17.20000003874302,5.864000076055527,1,"C:\Users\yasemin.bozkurt\Desktop\article\DLPIF-repo-update\src\baseline_results.pkl::all_scenarios[(""mice"", ""block30d"")]"
MICE,block30d,deterministic,3037,17704,2023-03-24,0.40000000940635805,0.9040000392124058,1,"C:\Users\yasemin.bozkurt\Desktop\article\DLPIF-repo-update\src\baseline_results.pkl::all_scenarios[(""mice"", ""block30d"")]"
MICE,block30d,deterministic,3041,17704,2023-03-25,0.0,0.3520000255666674,1,"C:\Users\yasemin.bozkurt\Desktop\article\DLPIF-repo-update\src\baseline_results.pkl::all_scenarios[(""mice"", ""block30d"")]"
MICE,block30d,deterministic,3045,17704,2023-03-26,0.0,0.15200000423938037,1,"C:\Users\yasemin.bozkurt\Desktop\article\DLPIF-repo-update\src\baseline_results.pkl::all_scenarios[(""mice"", ""block30d"")]"
MICE,block30d,deterministic,3049,17704,2023-03-27,0.0,0.10400000377558173,1,"C:\Users\yasemin.bozkurt\Desktop\article\DLPIF-repo-update\src\baseline_results.pkl::all_scenarios[(""mice"", ""block30d"")]"
MICE,block30d,deterministic,3053,17704,2023-03-28,1.4000000495463611,0.543999994173646,1,"C:\Users\yasemin.bozkurt\Desktop\article\DLPIF-repo-update\src\baseline_results.pkl::all_scenarios[(""mice"", ""block30d"")]"
MICE,block30d,deterministic,3057,17704,2023-03-29,16.400000086426736,3.448000113666058,1,"C:\Users\yasemin.bozkurt\Desktop\article\DLPIF-repo-update\src\baseline_results.pkl::all_scenarios[(""mice"", ""block30d"")]"
MICE,block30d,deterministic,3061,17704,2023-03-30,3.4000000633299354,0.1759999961592257,1,"C:\Users\yasemin.bozkurt\Desktop\article\DLPIF-repo-update\src\baseline_results.pkl::all_scenarios[(""mice"", ""block30d"")]"
MICE,block30d,deterministic,3065,17704,2023-03-31,1.0000000068917871,0.052000001887790866,1,"C:\Users\yasemin.bozkurt\Desktop\article\DLPIF-repo-update\src\baseline_results.pkl::all_scenarios[(""mice"", ""block30d"")]"
MICE,block30d,deterministic,3069,17704,2023-04-01,0.0,0.048000000463798646,1,"C:\Users\yasemin.bozkurt\Desktop\article\DLPIF-repo-update\src\baseline_results.pkl::all_scenarios[(""mice"", ""block30d"")]"
MICE,block30d,deterministic,3073,17704,2023-04-02,0.0,1.3120000015944244,1,"C:\Users\yasemin.bozkurt\Desktop\article\DLPIF-repo-update\src\baseline_results.pkl::all_scenarios[(""mice"", ""block30d"")]"
MICE,block30d,deterministic,3077,17704,2023-04-03,1.4000000495463611,1.7680000808089973,1,"C:\Users\yasemin.bozkurt\Desktop\article\DLPIF-repo-update\src\baseline_results.pkl::all_scenarios[(""mice"", ""block30d"")]"
MICE,block30d,deterministic,3081,17704,2023-04-04,1.20000006146729,1.431999994441867,1,"C:\Users\yasemin.bozkurt\Desktop\article\DLPIF-repo-update\src\baseline_results.pkl::all_scenarios[(""mice"", ""block30d"")]"
MICE,block30d,deterministic,3085,17704,2023-04-05,5.600000198185445,7.944000484049321,1,"C:\Users\yasemin.bozkurt\Desktop\article\DLPIF-repo-update\src\baseline_results.pkl::all_scenarios[(""mice"", ""block30d"")]"
MICE,block30d,deterministic,3089,17704,2023-04-06,13.40000026524067,2.575999952852726,1,"C:\Users\yasemin.bozkurt\Desktop\article\DLPIF-repo-update\src\baseline_results.pkl::all_scenarios[(""mice"", ""block30d"")]"
MICE,block30d,deterministic,3093,17704,2023-04-07,7.800000067055226,8.748000329732896,1,"C:\Users\yasemin.bozkurt\Desktop\article\DLPIF-repo-update\src\baseline_results.pkl::all_scenarios[(""mice"", ""block30d"")]"
MICE,block30d,deterministic,3097,17704,2023-04-08,1.8000000257045032,0.8080000050365925,1,"C:\Users\yasemin.bozkurt\Desktop\article\DLPIF-repo-update\src\baseline_results.pkl::all_scenarios[(""mice"", ""block30d"")]"
MICE,block30d,deterministic,3101,17704,2023-04-09,0.0,0.39200002318248156,1,"C:\Users\yasemin.bozkurt\Desktop\article\DLPIF-repo-update\src\baseline_results.pkl::all_scenarios[(""mice"", ""block30d"")]"
MICE,block30d,deterministic,3105,17704,2023-04-10,0.40000000940635805,7.240000100433827,1,"C:\Users\yasemin.bozkurt\Desktop\article\DLPIF-repo-update\src\baseline_results.pkl::all_scenarios[(""mice"", ""block30d"")]"
MICE,block30d,deterministic,3109,17704,2023-04-11,1.20000006146729,5.904000073671342,1,"C:\Users\yasemin.bozkurt\Desktop\article\DLPIF-repo-update\src\baseline_results.pkl::all_scenarios[(""mice"", ""block30d"")]"
MICE,block30d,deterministic,3113,17704,2023-04-12,1.0000000068917871,4.32800006121397,1,"C:\Users\yasemin.bozkurt\Desktop\article\DLPIF-repo-update\src\baseline_results.pkl::all_scenarios[(""mice"", ""block30d"")]"
MICE,block30d,deterministic,3161,17704,2023-04-24,0.600000030733645,2.0040000401437283,1,"C:\Users\yasemin.bozkurt\Desktop\article\DLPIF-repo-update\src\baseline_results.pkl::all_scenarios[(""mice"", ""block30d"")]"
MICE,block30d,deterministic,3165,17704,2023-04-25,0.0,0.344000006094575,1,"C:\Users\yasemin.bozkurt\Desktop\article\DLPIF-repo-update\src\baseline_results.pkl::all_scenarios[(""mice"", ""block30d"")]"
MICE,block30d,deterministic,3169,17704,2023-04-26,0.0,0.907999999076128,1,"C:\Users\yasemin.bozkurt\Desktop\article\DLPIF-repo-update\src\baseline_results.pkl::all_scenarios[(""mice"", ""block30d"")]"
MICE,block30d,deterministic,3173,17704,2023-04-27,11.000000408291818,5.140000225603581,1,"C:\Users\yasemin.bozkurt\Desktop\article\DLPIF-repo-update\src\baseline_results.pkl::all_scenarios[(""mice"", ""block30d"")]"
MICE,block30d,deterministic,3177,17704,2023-04-28,11.800000360608102,6.03600027859211,1,"C:\Users\yasemin.bozkurt\Desktop\article\DLPIF-repo-update\src\baseline_results.pkl::all_scenarios[(""mice"", ""block30d"")]"
MICE,block30d,deterministic,3181,17704,2023-04-29,3.2000000752508644,3.968000082671643,1,"C:\Users\yasemin.bozkurt\Desktop\article\DLPIF-repo-update\src\baseline_results.pkl::all_scenarios[(""mice"", ""block30d"")]"
MICE,block30d,deterministic,3185,17704,2023-04-30,0.0,0.9720000218600036,1,"C:\Users\yasemin.bozkurt\Desktop\article\DLPIF-repo-update\src\baseline_results.pkl::all_scenarios[(""mice"", ""block30d"")]"
MICE,block30d,deterministic,3189,17704,2023-05-01,0.0,0.39200002318248156,1,"C:\Users\yasemin.bozkurt\Desktop\article\DLPIF-repo-update\src\baseline_results.pkl::all_scenarios[(""mice"", ""block30d"")]"
MICE,block30d,deterministic,3193,17704,2023-05-02,0.0,0.7280000098049642,1,"C:\Users\yasemin.bozkurt\Desktop\article\DLPIF-repo-update\src\baseline_results.pkl::all_scenarios[(""mice"", ""block30d"")]"
MICE,block30d,deterministic,3197,17704,2023-05-03,0.0,0.07200000069569797,1,"C:\Users\yasemin.bozkurt\Desktop\article\DLPIF-repo-update\src\baseline_results.pkl::all_scenarios[(""mice"", ""block30d"")]"
MICE,block30d,deterministic,3201,17704,2023-05-04,2.6000001110136512,0.7920000325888396,1,"C:\Users\yasemin.bozkurt\Desktop\article\DLPIF-repo-update\src\baseline_results.pkl::all_scenarios[(""mice"", ""block30d"")]"
MICE,block30d,deterministic,3205,17704,2023-05-05,1.20000006146729,1.1560000374913217,1,"C:\Users\yasemin.bozkurt\Desktop\article\DLPIF-repo-update\src\baseline_results.pkl::all_scenarios[(""mice"", ""block30d"")]"
MICE,block30d,deterministic,3209,17704,2023-05-06,9.200000515580179,1.544000067561865,1,"C:\Users\yasemin.bozkurt\Desktop\article\DLPIF-repo-update\src\baseline_results.pkl::all_scenarios[(""mice"", ""block30d"")]"
MICE,block30d,deterministic,3213,17704,2023-05-07,0.0,3.103999974578619,1,"C:\Users\yasemin.bozkurt\Desktop\article\DLPIF-repo-update\src\baseline_results.pkl::all_scenarios[(""mice"", ""block30d"")]"
MICE,block30d,deterministic,3216,17155,2023-05-08,0.0,0.6280000157654286,1,"C:\Users\yasemin.bozkurt\Desktop\article\DLPIF-repo-update\src\baseline_results.pkl::all_scenarios[(""mice"", ""block30d"")]"
MICE,block30d,deterministic,3217,17704,2023-05-08,0.0,0.8160000577569009,1,"C:\Users\yasemin.bozkurt\Desktop\article\DLPIF-repo-update\src\baseline_results.pkl::all_scenarios[(""mice"", ""block30d"")]"
MICE,block30d,deterministic,3220,17155,2023-05-09,0.0,1.4079999692738057,1,"C:\Users\yasemin.bozkurt\Desktop\article\DLPIF-repo-update\src\baseline_results.pkl::all_scenarios[(""mice"", ""block30d"")]"
MICE,block30d,deterministic,3221,17704,2023-05-09,0.0,2.160000004246831,1,"C:\Users\yasemin.bozkurt\Desktop\article\DLPIF-repo-update\src\baseline_results.pkl::all_scenarios[(""mice"", ""block30d"")]"
MICE,block30d,deterministic,3224,17155,2023-05-10,0.40000000940635805,1.3760000243783,1,"C:\Users\yasemin.bozkurt\Desktop\article\DLPIF-repo-update\src\baseline_results.pkl::all_scenarios[(""mice"", ""block30d"")]"
MICE,block30d,deterministic,3225,17704,2023-05-10,0.0,4.504000157117844,1,"C:\Users\yasemin.bozkurt\Desktop\article\DLPIF-repo-update\src\baseline_results.pkl::all_scenarios[(""mice"", ""block30d"")]"
MICE,block30d,deterministic,3228,17155,2023-05-11,1.1000000009313227,2.020000012591481,1,"C:\Users\yasemin.bozkurt\Desktop\article\DLPIF-repo-update\src\baseline_results.pkl::all_scenarios[(""mice"", ""block30d"")]"
MICE,block30d,deterministic,3229,17704,2023-05-11,1.4000000495463611,3.223999967426062,1,"C:\Users\yasemin.bozkurt\Desktop\article\DLPIF-repo-update\src\baseline_results.pkl::all_scenarios[(""mice"", ""block30d"")]"
MICE,block30d,deterministic,3232,17155,2023-05-12,6.700000132620335,14.73600082397461,1,"C:\Users\yasemin.bozkurt\Desktop\article\DLPIF-repo-update\src\baseline_results.pkl::all_scenarios[(""mice"", ""block30d"")]"
MICE,block30d,deterministic,3233,17704,2023-05-12,7.600000078976155,5.56000020056963,1,"C:\Users\yasemin.bozkurt\Desktop\article\DLPIF-repo-update\src\baseline_results.pkl::all_scenarios[(""mice"", ""block30d"")]"
MICE,block30d,deterministic,3236,17155,2023-05-13,1.6000000376254322,2.748000155389309,1,"C:\Users\yasemin.bozkurt\Desktop\article\DLPIF-repo-update\src\baseline_results.pkl::all_scenarios[(""mice"", ""block30d"")]"
MICE,block30d,deterministic,3237,17704,2023-05-13,0.20000000470317902,3.0680001363158227,1,"C:\Users\yasemin.bozkurt\Desktop\article\DLPIF-repo-update\src\baseline_results.pkl::all_scenarios[(""mice"", ""block30d"")]"
MICE,block30d,deterministic,3240,17155,2023-05-14,0.0,0.44000000702217223,1,"C:\Users\yasemin.bozkurt\Desktop\article\DLPIF-repo-update\src\baseline_results.pkl::all_scenarios[(""mice"", ""block30d"")]"
MICE,block30d,deterministic,3241,17704,2023-05-14,0.0,2.9700000889599325,1,"C:\Users\yasemin.bozkurt\Desktop\article\DLPIF-repo-update\src\baseline_results.pkl::all_scenarios[(""mice"", ""block30d"")]"
MICE,block30d,deterministic,3244,17155,2023-05-15,0.0,0.26800000397488477,1,"C:\Users\yasemin.bozkurt\Desktop\article\DLPIF-repo-update\src\baseline_results.pkl::all_scenarios[(""mice"", ""block30d"")]"
MICE,block30d,deterministic,3245,17704,2023-05-15,0.0,0.31199999470263723,1,"C:\Users\yasemin.bozkurt\Desktop\article\DLPIF-repo-update\src\baseline_results.pkl::all_scenarios[(""mice"", ""block30d"")]"
MICE,block30d,deterministic,3248,17155,2023-05-16,0.0,1.776000000536442,1,"C:\Users\yasemin.bozkurt\Desktop\article\DLPIF-repo-update\src\baseline_results.pkl::all_scenarios[(""mice"", ""block30d"")]"
MICE,block30d,deterministic,3249,17704,2023-05-16,0.0,0.7840000463649631,1,"C:\Users\yasemin.bozkurt\Desktop\article\DLPIF-repo-update\src\baseline_results.pkl::all_scenarios[(""mice"", ""block30d"")]"
MICE,block30d,deterministic,3250,17748,2023-05-16,0.0,0.3679999980144203,1,"C:\Users\yasemin.bozkurt\Desktop\article\DLPIF-repo-update\src\baseline_results.pkl::all_scenarios[(""mice"", ""block30d"")]"
MICE,block30d,deterministic,3252,17155,2023-05-17,2.3000001288950447,2.0240000389516357,1,"C:\Users\yasemin.bozkurt\Desktop\article\DLPIF-repo-update\src\baseline_results.pkl::all_scenarios[(""mice"", ""block30d"")]"
MICE,block30d,deterministic,3253,17704,2023-05-17,6.6000001385808,1.811999971792102,1,"C:\Users\yasemin.bozkurt\Desktop\article\DLPIF-repo-update\src\baseline_results.pkl::all_scenarios[(""mice"", ""block30d"")]"
MICE,block30d,deterministic,3254,17748,2023-05-17,9.800000479817392,3.4000000633299354,1,"C:\Users\yasemin.bozkurt\Desktop\article\DLPIF-repo-update\src\baseline_results.pkl::all_scenarios[(""mice"", ""block30d"")]"
MICE,block30d,deterministic,3256,17155,2023-05-18,22.300000798702243,9.488000285625459,1,"C:\Users\yasemin.bozkurt\Desktop\article\DLPIF-repo-update\src\baseline_results.pkl::all_scenarios[(""mice"", ""block30d"")]"
MICE,block30d,deterministic,3257,17704,2023-05-18,31.400000256299975,5.614000090956688,1,"C:\Users\yasemin.bozkurt\Desktop\article\DLPIF-repo-update\src\baseline_results.pkl::all_scenarios[(""mice"", ""block30d"")]"
MICE,block30d,deterministic,3258,17748,2023-05-18,13.600000253319742,4.66000025421381,1,"C:\Users\yasemin.bozkurt\Desktop\article\DLPIF-repo-update\src\baseline_results.pkl::all_scenarios[(""mice"", ""block30d"")]"
MICE,block30d,deterministic,3260,17155,2023-05-19,2.40000012293458,10.276000025868417,1,"C:\Users\yasemin.bozkurt\Desktop\article\DLPIF-repo-update\src\baseline_results.pkl::all_scenarios[(""mice"", ""block30d"")]"
MICE,block30d,deterministic,3261,17704,2023-05-19,6.800000126659871,8.97199967801571,1,"C:\Users\yasemin.bozkurt\Desktop\article\DLPIF-repo-update\src\baseline_results.pkl::all_scenarios[(""mice"", ""block30d"")]"
MICE,block30d,deterministic,3262,17748,2023-05-19,3.2000000752508644,6.776000234484673,1,"C:\Users\yasemin.bozkurt\Desktop\article\DLPIF-repo-update\src\baseline_results.pkl::all_scenarios[(""mice"", ""block30d"")]"
MICE,block30d,deterministic,3264,17155,2023-05-20,0.9000000128522516,2.4600001193583014,1,"C:\Users\yasemin.bozkurt\Desktop\article\DLPIF-repo-update\src\baseline_results.pkl::all_scenarios[(""mice"", ""block30d"")]"
MICE,block30d,deterministic,3265,17704,2023-05-20,2.6000001110136512,4.556000366806984,1,"C:\Users\yasemin.bozkurt\Desktop\article\DLPIF-repo-update\src\baseline_results.pkl::all_scenarios[(""mice"", ""block30d"")]"
MICE,block30d,deterministic,3266,17748,2023-05-20,0.40000000940635805,1.9354666896164419,1,"C:\Users\yasemin.bozkurt\Desktop\article\DLPIF-repo-update\src\baseline_results.pkl::all_scenarios[(""mice"", ""block30d"")]"
MICE,block30d,deterministic,3268,17155,2023-05-21,0.0,6.3200001552701,1,"C:\Users\yasemin.bozkurt\Desktop\article\DLPIF-repo-update\src\baseline_results.pkl::all_scenarios[(""mice"", ""block30d"")]"
MICE,block30d,deterministic,3269,17704,2023-05-21,0.600000030733645,2.2800001300871373,1,"C:\Users\yasemin.bozkurt\Desktop\article\DLPIF-repo-update\src\baseline_results.pkl::all_scenarios[(""mice"", ""block30d"")]"
MICE,block30d,deterministic,3270,17748,2023-05-21,1.6000000376254322,1.2800000566989185,1,"C:\Users\yasemin.bozkurt\Desktop\article\DLPIF-repo-update\src\baseline_results.pkl::all_scenarios[(""mice"", ""block30d"")]"
MICE,block30d,deterministic,3272,17155,2023-05-22,2.2000000018626453,6.94000011831522,1,"C:\Users\yasemin.bozkurt\Desktop\article\DLPIF-repo-update\src\baseline_results.pkl::all_scenarios[(""mice"", ""block30d"")]"
MICE,block30d,deterministic,3273,17704,2023-05-22,18.000001055002215,6.727999918162824,1,"C:\Users\yasemin.bozkurt\Desktop\article\DLPIF-repo-update\src\baseline_results.pkl::all_scenarios[(""mice"", ""block30d"")]"
MICE,block30d,deterministic,3274,17748,2023-05-22,0.20000000470317902,1.3560000255703928,1,"C:\Users\yasemin.bozkurt\Desktop\article\DLPIF-repo-update\src\baseline_results.pkl::all_scenarios[(""mice"", ""block30d"")]"
MICE,block30d,deterministic,3276,17155,2023-05-23,2.0000000137835743,7.406000196933747,1,"C:\Users\yasemin.bozkurt\Desktop\article\DLPIF-repo-update\src\baseline_results.pkl::all_scenarios[(""mice"", ""block30d"")]"
MICE,block30d,deterministic,3277,17704,2023-05-23,0.20000000470317902,8.212000255286695,1,"C:\Users\yasemin.bozkurt\Desktop\article\DLPIF-repo-update\src\baseline_results.pkl::all_scenarios[(""mice"", ""block30d"")]"
MICE,block30d,deterministic,3278,17748,2023-05-23,23.800000709295276,10.740000423789025,1,"C:\Users\yasemin.bozkurt\Desktop\article\DLPIF-repo-update\src\baseline_results.pkl::all_scenarios[(""mice"", ""block30d"")]"
MICE,block30d,deterministic,3280,17155,2023-05-24,9.000000527501108,13.030000287294389,1,"C:\Users\yasemin.bozkurt\Desktop\article\DLPIF-repo-update\src\baseline_results.pkl::all_scenarios[(""mice"", ""block30d"")]"
MICE,block30d,deterministic,3282,17748,2023-05-24,0.40000000940635805,2.432000067830086,1,"C:\Users\yasemin.bozkurt\Desktop\article\DLPIF-repo-update\src\baseline_results.pkl::all_scenarios[(""mice"", ""block30d"")]"
MICE,block30d,deterministic,3284,17155,2023-05-25,1.8000000257045032,4.968000023066998,1,"C:\Users\yasemin.bozkurt\Desktop\article\DLPIF-repo-update\src\baseline_results.pkl::all_scenarios[(""mice"", ""block30d"")]"
MICE,block30d,deterministic,3286,17748,2023-05-25,0.0,1.9960001204162838,1,"C:\Users\yasemin.bozkurt\Desktop\article\DLPIF-repo-update\src\baseline_results.pkl::all_scenarios[(""mice"", ""block30d"")]"
MICE,block30d,deterministic,3287,17750,2023-05-25,15.600000134110452,5.780000187456609,1,"C:\Users\yasemin.bozkurt\Desktop\article\DLPIF-repo-update\src\baseline_results.pkl::all_scenarios[(""mice"", ""block30d"")]"
MICE,block30d,deterministic,3288,17155,2023-05-26,0.0,4.178000070154667,1,"C:\Users\yasemin.bozkurt\Desktop\article\DLPIF-repo-update\src\baseline_results.pkl::all_scenarios[(""mice"", ""block30d"")]"
MICE,block30d,deterministic,3290,17748,2023-05-26,0.20000000470317902,0.9720000218600036,1,"C:\Users\yasemin.bozkurt\Desktop\article\DLPIF-repo-update\src\baseline_results.pkl::all_scenarios[(""mice"", ""block30d"")]"
MICE,block30d,deterministic,3291,17750,2023-05-26,0.20000000470317902,4.51600036919117,1,"C:\Users\yasemin.bozkurt\Desktop\article\DLPIF-repo-update\src\baseline_results.pkl::all_scenarios[(""mice"", ""block30d"")]"
MICE,block30d,deterministic,3292,17155,2023-05-27,0.0,4.426000108569861,1,"C:\Users\yasemin.bozkurt\Desktop\article\DLPIF-repo-update\src\baseline_results.pkl::all_scenarios[(""mice"", ""block30d"")]"
MICE,block30d,deterministic,3294,17748,2023-05-27,0.20000000470317902,1.5560000136494638,1,"C:\Users\yasemin.bozkurt\Desktop\article\DLPIF-repo-update\src\baseline_results.pkl::all_scenarios[(""mice"", ""block30d"")]"
MICE,block30d,deterministic,3295,17750,2023-05-27,1.0000000068917871,0.780000020004809,1,"C:\Users\yasemin.bozkurt\Desktop\article\DLPIF-repo-update\src\baseline_results.pkl::all_scenarios[(""mice"", ""block30d"")]"
MICE,block30d,deterministic,3296,17155,2023-05-28,10.100000461935998,6.307999943196774,1,"C:\Users\yasemin.bozkurt\Desktop\article\DLPIF-repo-update\src\baseline_results.pkl::all_scenarios[(""mice"", ""block30d"")]"
MICE,block30d,deterministic,3298,17748,2023-05-28,2.2000000018626453,0.8800000140443445,1,"C:\Users\yasemin.bozkurt\Desktop\article\DLPIF-repo-update\src\baseline_results.pkl::all_scenarios[(""mice"", ""block30d"")]"
MICE,block30d,deterministic,3299,17750,2023-05-28,11.600000372529031,2.548000167310238,1,"C:\Users\yasemin.bozkurt\Desktop\article\DLPIF-repo-update\src\baseline_results.pkl::all_scenarios[(""mice"", ""block30d"")]"
MICE,block30d,deterministic,3300,17155,2023-05-29,0.0,6.5360002487897875,1,"C:\Users\yasemin.bozkurt\Desktop\article\DLPIF-repo-update\src\baseline_results.pkl::all_scenarios[(""mice"", ""block30d"")]"
MICE,block30d,deterministic,3302,17748,2023-05-29,28.000000458955768,0.44000000702217223,1,"C:\Users\yasemin.bozkurt\Desktop\article\DLPIF-repo-update\src\baseline_results.pkl::all_scenarios[(""mice"", ""block30d"")]"
MICE,block30d,deterministic,3303,17750,2023-05-29,0.8000000188127161,2.012000092864037,1,"C:\Users\yasemin.bozkurt\Desktop\article\DLPIF-repo-update\src\baseline_results.pkl::all_scenarios[(""mice"", ""block30d"")]"
MICE,block30d,deterministic,3304,17155,2023-05-30,2.6000001110136512,6.49000014513731,1,"C:\Users\yasemin.bozkurt\Desktop\article\DLPIF-repo-update\src\baseline_results.pkl::all_scenarios[(""mice"", ""block30d"")]"
MICE,block30d,deterministic,3306,17748,2023-05-30,1.6000000376254322,0.9320000242441894,1,"C:\Users\yasemin.bozkurt\Desktop\article\DLPIF-repo-update\src\baseline_results.pkl::all_scenarios[(""mice"", ""block30d"")]"
MICE,block30d,deterministic,3307,17750,2023-05-30,18.000001055002215,8.160000045597554,1,"C:\Users\yasemin.bozkurt\Desktop\article\DLPIF-repo-update\src\baseline_results.pkl::all_scenarios[(""mice"", ""block30d"")]"
MICE,block30d,deterministic,3308,17155,2023-05-31,10.600000432133676,11.934000778198243,1,"C:\Users\yasemin.bozkurt\Desktop\article\DLPIF-repo-update\src\baseline_results.pkl::all_scenarios[(""mice"", ""block30d"")]"
MICE,block30d,deterministic,3310,17748,2023-05-31,2.0000000137835743,6.424000042676926,1,"C:\Users\yasemin.bozkurt\Desktop\article\DLPIF-repo-update\src\baseline_results.pkl::all_scenarios[(""mice"", ""block30d"")]"
MICE,block30d,deterministic,3311,17750,2023-05-31,1.4000000495463611,8.92800031900406,1,"C:\Users\yasemin.bozkurt\Desktop\article\DLPIF-repo-update\src\baseline_results.pkl::all_scenarios[(""mice"", ""block30d"")]"
MICE,block30d,deterministic,3312,17155,2023-06-01,30.700000298023227,13.35600090622902,1,"C:\Users\yasemin.bozkurt\Desktop\article\DLPIF-repo-update\src\baseline_results.pkl::all_scenarios[(""mice"", ""block30d"")]"
MICE,block30d,deterministic,3314,17748,2023-06-01,5.0000002339482315,4.011999973654747,1,"C:\Users\yasemin.bozkurt\Desktop\article\DLPIF-repo-update\src\baseline_results.pkl::all_scenarios[(""mice"", ""block30d"")]"
MICE,block30d,deterministic,3315,17750,2023-06-01,0.8000000188127161,4.144000178575516,1,"C:\Users\yasemin.bozkurt\Desktop\article\DLPIF-repo-update\src\baseline_results.pkl::all_scenarios[(""mice"", ""block30d"")]"
MICE,block30d,deterministic,3316,17155,2023-06-02,2.3000001288950447,11.37800017297268,1,"C:\Users\yasemin.bozkurt\Desktop\article\DLPIF-repo-update\src\baseline_results.pkl::all_scenarios[(""mice"", ""block30d"")]"
MICE,block30d,deterministic,3318,17748,2023-06-02,1.6000000376254322,0.7520000349730254,1,"C:\Users\yasemin.bozkurt\Desktop\article\DLPIF-repo-update\src\baseline_results.pkl::all_scenarios[(""mice"", ""block30d"")]"
MICE,block30d,deterministic,3319,17750,2023-06-02,0.0,5.260000218451023,1,"C:\Users\yasemin.bozkurt\Desktop\article\DLPIF-repo-update\src\baseline_results.pkl::all_scenarios[(""mice"", ""block30d"")]"
MICE,block30d,deterministic,3320,17155,2023-06-03,27.200000506639483,15.124000588059427,1,"C:\Users\yasemin.bozkurt\Desktop\article\DLPIF-repo-update\src\baseline_results.pkl::all_scenarios[(""mice"", ""block30d"")]"
MICE,block30d,deterministic,3322,17748,2023-06-03,17.600000014901163,7.660000075399877,1,"C:\Users\yasemin.bozkurt\Desktop\article\DLPIF-repo-update\src\baseline_results.pkl::all_scenarios[(""mice"", ""block30d"")]"
MICE,block30d,deterministic,3323,17750,2023-06-03,30.000000339746478,10.418000230193138,1,"C:\Users\yasemin.bozkurt\Desktop\article\DLPIF-repo-update\src\baseline_results.pkl::all_scenarios[(""mice"", ""block30d"")]"
MICE,block30d,deterministic,3324,17155,2023-06-04,19.00000099539757,9.480000498890877,1,"C:\Users\yasemin.bozkurt\Desktop\article\DLPIF-repo-update\src\baseline_results.pkl::all_scenarios[(""mice"", ""block30d"")]"
MICE,block30d,deterministic,3326,17748,2023-06-04,8.200000043213368,9.593999853730203,1,"C:\Users\yasemin.bozkurt\Desktop\article\DLPIF-repo-update\src\baseline_results.pkl::all_scenarios[(""mice"", ""block30d"")]"
MICE,block30d,deterministic,3327,17750,2023-06-04,1.8000000257045032,5.2880000039935116,1,"C:\Users\yasemin.bozkurt\Desktop\article\DLPIF-repo-update\src\baseline_results.pkl::all_scenarios[(""mice"", ""block30d"")]"
MICE,block30d,deterministic,3328,17155,2023-06-05,0.0,3.30399996265769,1,"C:\Users\yasemin.bozkurt\Desktop\article\DLPIF-repo-update\src\baseline_results.pkl::all_scenarios[(""mice"", ""block30d"")]"
MICE,block30d,deterministic,3330,17748,2023-06-05,0.600000030733645,6.5360002487897875,1,"C:\Users\yasemin.bozkurt\Desktop\article\DLPIF-repo-update\src\baseline_results.pkl::all_scenarios[(""mice"", ""block30d"")]"
MICE,block30d,deterministic,3331,17750,2023-06-05,1.20000006146729,2.7320000499486925,1,"C:\Users\yasemin.bozkurt\Desktop\article\DLPIF-repo-update\src\baseline_results.pkl::all_scenarios[(""mice"", ""block30d"")]"
MICE,block30d,deterministic,3332,17155,2023-06-06,0.0,2.692000052332878,1,"C:\Users\yasemin.bozkurt\Desktop\article\DLPIF-repo-update\src\baseline_results.pkl::all_scenarios[(""mice"", ""block30d"")]"
MICE,block30d,deterministic,3334,17748,2023-06-06,0.20000000470317902,1.885999993979931,1,"C:\Users\yasemin.bozkurt\Desktop\article\DLPIF-repo-update\src\baseline_results.pkl::all_scenarios[(""mice"", ""block30d"")]"
MICE,block30d,deterministic,3335,17750,2023-06-06,0.20000000470317902,1.7840000532567502,1,"C:\Users\yasemin.bozkurt\Desktop\article\DLPIF-repo-update\src\baseline_results.pkl::all_scenarios[(""mice"", ""block30d"")]"
MICE,block30d,deterministic,3338,17748,2023-06-07,0.20000000470317902,4.204000174999237,1,"C:\Users\yasemin.bozkurt\Desktop\article\DLPIF-repo-update\src\baseline_results.pkl::all_scenarios[(""mice"", ""block30d"")]"
MICE,block30d,deterministic,3339,17750,2023-06-07,0.0,2.9560001961886884,1,"C:\Users\yasemin.bozkurt\Desktop\article\DLPIF-repo-update\src\baseline_results.pkl::all_scenarios[(""mice"", ""block30d"")]"
MICE,block30d,deterministic,3342,17748,2023-06-08,0.0,6.742000342905522,1,"C:\Users\yasemin.bozkurt\Desktop\article\DLPIF-repo-update\src\baseline_results.pkl::all_scenarios[(""mice"", ""block30d"")]"
MICE,block30d,deterministic,3343,17750,2023-06-08,0.0,3.828000091016293,1,"C:\Users\yasemin.bozkurt\Desktop\article\DLPIF-repo-update\src\baseline_results.pkl::all_scenarios[(""mice"", ""block30d"")]"
MICE,block30d,deterministic,3346,17748,2023-06-09,4.000000027567149,9.882000687718392,1,"C:\Users\yasemin.bozkurt\Desktop\article\DLPIF-repo-update\src\baseline_results.pkl::all_scenarios[(""mice"", ""block30d"")]"
MICE,block30d,deterministic,3347,17750,2023-06-09,8.800000007450581,8.468000346422196,1,"C:\Users\yasemin.bozkurt\Desktop\article\DLPIF-repo-update\src\baseline_results.pkl::all_scenarios[(""mice"", ""block30d"")]"
MICE,block30d,deterministic,3350,17748,2023-06-10,3.6000000514090065,9.493999859690668,1,"C:\Users\yasemin.bozkurt\Desktop\article\DLPIF-repo-update\src\baseline_results.pkl::all_scenarios[(""mice"", ""block30d"")]"
MICE,block30d,deterministic,3351,17750,2023-06-10,0.600000030733645,0.8280000038444997,1,"C:\Users\yasemin.bozkurt\Desktop\article\DLPIF-repo-update\src\baseline_results.pkl::all_scenarios[(""mice"", ""block30d"")]"
MICE,block30d,deterministic,3354,17748,2023-06-11,0.20000000470317902,0.40799999563023454,1,"C:\Users\yasemin.bozkurt\Desktop\article\DLPIF-repo-update\src\baseline_results.pkl::all_scenarios[(""mice"", ""block30d"")]"
MICE,block30d,deterministic,3355,17750,2023-06-11,0.0,0.7000000247731806,1,"C:\Users\yasemin.bozkurt\Desktop\article\DLPIF-repo-update\src\baseline_results.pkl::all_scenarios[(""mice"", ""block30d"")]"
MICE,block30d,deterministic,3358,17748,2023-06-12,0.0,7.176000210642815,1,"C:\Users\yasemin.bozkurt\Desktop\article\DLPIF-repo-update\src\baseline_results.pkl::all_scenarios[(""mice"", ""block30d"")]"
MICE,block30d,deterministic,3359,17750,2023-06-12,0.0,1.7480000820010901,1,"C:\Users\yasemin.bozkurt\Desktop\article\DLPIF-repo-update\src\baseline_results.pkl::all_scenarios[(""mice"", ""block30d"")]"
MICE,block30d,deterministic,3362,17748,2023-06-13,0.8000000188127161,8.488000345230104,1,"C:\Users\yasemin.bozkurt\Desktop\article\DLPIF-repo-update\src\baseline_results.pkl::all_scenarios[(""mice"", ""block30d"")]"
MICE,block30d,deterministic,3363,17750,2023-06-13,9.000000527501108,6.640000136196614,1,"C:\Users\yasemin.bozkurt\Desktop\article\DLPIF-repo-update\src\baseline_results.pkl::all_scenarios[(""mice"", ""block30d"")]"
MICE,block30d,deterministic,3366,17748,2023-06-14,0.20000000470317902,6.037999959290028,1,"C:\Users\yasemin.bozkurt\Desktop\article\DLPIF-repo-update\src\baseline_results.pkl::all_scenarios[(""mice"", ""block30d"")]"
MICE,block30d,deterministic,3367,17750,2023-06-14,0.0,3.668000100553036,1,"C:\Users\yasemin.bozkurt\Desktop\article\DLPIF-repo-update\src\baseline_results.pkl::all_scenarios[(""mice"", ""block30d"")]"
MICE,block30d,deterministic,3371,17750,2023-06-15,0.0,0.2240000132471323,1,"C:\Users\yasemin.bozkurt\Desktop\article\DLPIF-repo-update\src\baseline_results.pkl::all_scenarios[(""mice"", ""block30d"")]"
MICE,block30d,deterministic,3375,17750,2023-06-16,0.0,2.355999965965748,1,"C:\Users\yasemin.bozkurt\Desktop\article\DLPIF-repo-update\src\baseline_results.pkl::all_scenarios[(""mice"", ""block30d"")]"
MICE,block30d,deterministic,3379,17750,2023-06-17,2.6000001110136512,4.484000158309937,1,"C:\Users\yasemin.bozkurt\Desktop\article\DLPIF-repo-update\src\baseline_results.pkl::all_scenarios[(""mice"", ""block30d"")]"
MICE,block30d,deterministic,3383,17750,2023-06-18,6.800000126659871,3.7400000430643563,1,"C:\Users\yasemin.bozkurt\Desktop\article\DLPIF-repo-update\src\baseline_results.pkl::all_scenarios[(""mice"", ""block30d"")]"
MICE,block30d,deterministic,3387,17750,2023-06-19,42.800001704692846,6.302000369131566,1,"C:\Users\yasemin.bozkurt\Desktop\article\DLPIF-repo-update\src\baseline_results.pkl::all_scenarios[(""mice"", ""block30d"")]"
MICE,block30d,deterministic,3391,17750,2023-06-20,0.20000000470317902,1.6360000088810922,1,"C:\Users\yasemin.bozkurt\Desktop\article\DLPIF-repo-update\src\baseline_results.pkl::all_scenarios[(""mice"", ""block30d"")]"
MICE,block30d,deterministic,3395,17750,2023-06-21,0.0,0.9760000482201577,1,"C:\Users\yasemin.bozkurt\Desktop\article\DLPIF-repo-update\src\baseline_results.pkl::all_scenarios[(""mice"", ""block30d"")]"
MICE,block30d,deterministic,3399,17750,2023-06-22,0.0,0.048000000463798646,1,"C:\Users\yasemin.bozkurt\Desktop\article\DLPIF-repo-update\src\baseline_results.pkl::all_scenarios[(""mice"", ""block30d"")]"
MICE,block30d,deterministic,3402,17748,2023-06-23,0.0,0.6639999870210886,1,"C:\Users\yasemin.bozkurt\Desktop\article\DLPIF-repo-update\src\baseline_results.pkl::all_scenarios[(""mice"", ""block30d"")]"
MICE,block30d,deterministic,3403,17750,2023-06-23,0.0,0.0200000008859206,1,"C:\Users\yasemin.bozkurt\Desktop\article\DLPIF-repo-update\src\baseline_results.pkl::all_scenarios[(""mice"", ""block30d"")]"
MICE,block30d,deterministic,3406,17748,2023-06-24,0.0,0.024000000231899323,1,"C:\Users\yasemin.bozkurt\Desktop\article\DLPIF-repo-update\src\baseline_results.pkl::all_scenarios[(""mice"", ""block30d"")]"
MICE,block30d,deterministic,3410,17748,2023-06-25,0.0,0.8080000050365925,1,"C:\Users\yasemin.bozkurt\Desktop\article\DLPIF-repo-update\src\baseline_results.pkl::all_scenarios[(""mice"", ""block30d"")]"
MICE,block30d,deterministic,3414,17748,2023-06-26,0.0,0.5720000457018615,1,"C:\Users\yasemin.bozkurt\Desktop\article\DLPIF-repo-update\src\baseline_results.pkl::all_scenarios[(""mice"", ""block30d"")]"
MICE,block30d,deterministic,3418,17748,2023-06-27,0.0,2.7520000487566,1,"C:\Users\yasemin.bozkurt\Desktop\article\DLPIF-repo-update\src\baseline_results.pkl::all_scenarios[(""mice"", ""block30d"")]"
MICE,block30d,deterministic,3422,17748,2023-06-28,0.0,2.7120000511407856,1,"C:\Users\yasemin.bozkurt\Desktop\article\DLPIF-repo-update\src\baseline_results.pkl::all_scenarios[(""mice"", ""block30d"")]"
MICE,block30d,deterministic,3426,17748,2023-06-29,0.0,0.05599999915575609,1,"C:\Users\yasemin.bozkurt\Desktop\article\DLPIF-repo-update\src\baseline_results.pkl::all_scenarios[(""mice"", ""block30d"")]"
MICE,block30d,deterministic,3430,17748,2023-06-30,0.0,0.05599999915575609,1,"C:\Users\yasemin.bozkurt\Desktop\article\DLPIF-repo-update\src\baseline_results.pkl::all_scenarios[(""mice"", ""block30d"")]"
MICE,block30d,deterministic,3434,17748,2023-07-01,0.0,0.052000001887790866,1,"C:\Users\yasemin.bozkurt\Desktop\article\DLPIF-repo-update\src\baseline_results.pkl::all_scenarios[(""mice"", ""block30d"")]"
MICE,block30d,deterministic,3438,17748,2023-07-02,0.0,0.04399999903980643,1,"C:\Users\yasemin.bozkurt\Desktop\article\DLPIF-repo-update\src\baseline_results.pkl::all_scenarios[(""mice"", ""block30d"")]"
MICE,block30d,deterministic,3442,17748,2023-07-03,0.0,0.008000000250467565,1,"C:\Users\yasemin.bozkurt\Desktop\article\DLPIF-repo-update\src\baseline_results.pkl::all_scenarios[(""mice"", ""block30d"")]"
MICE,block30d,deterministic,3446,17748,2023-07-04,0.0,2.3400001265108585,1,"C:\Users\yasemin.bozkurt\Desktop\article\DLPIF-repo-update\src\baseline_results.pkl::all_scenarios[(""mice"", ""block30d"")]"
MICE,block30d,deterministic,3450,17748,2023-07-05,0.0,1.4760000184178355,1,"C:\Users\yasemin.bozkurt\Desktop\article\DLPIF-repo-update\src\baseline_results.pkl::all_scenarios[(""mice"", ""block30d"")]"
MICE,block30d,deterministic,3454,17748,2023-07-06,1.8000000257045032,10.54399979710579,1,"C:\Users\yasemin.bozkurt\Desktop\article\DLPIF-repo-update\src\baseline_results.pkl::all_scenarios[(""mice"", ""block30d"")]"
MICE,block30d,deterministic,3458,17748,2023-07-07,7.400000090897084,0.7920000325888396,1,"C:\Users\yasemin.bozkurt\Desktop\article\DLPIF-repo-update\src\baseline_results.pkl::all_scenarios[(""mice"", ""block30d"")]"
MICE,block30d,deterministic,3462,17748,2023-07-08,0.40000000940635805,1.8519999694079163,1,"C:\Users\yasemin.bozkurt\Desktop\article\DLPIF-repo-update\src\baseline_results.pkl::all_scenarios[(""mice"", ""block30d"")]"
MICE,block30d,deterministic,3466,17748,2023-07-09,0.0,3.971999976038933,1,"C:\Users\yasemin.bozkurt\Desktop\article\DLPIF-repo-update\src\baseline_results.pkl::all_scenarios[(""mice"", ""block30d"")]"
MICE,block30d,deterministic,3470,17748,2023-07-10,0.0,0.004000000125233783,1,"C:\Users\yasemin.bozkurt\Desktop\article\DLPIF-repo-update\src\baseline_results.pkl::all_scenarios[(""mice"", ""block30d"")]"
MICE,block30d,deterministic,3474,17748,2023-07-11,0.0,0.03200000100187026,1,"C:\Users\yasemin.bozkurt\Desktop\article\DLPIF-repo-update\src\baseline_results.pkl::all_scenarios[(""mice"", ""block30d"")]"
MICE,block30d,deterministic,3478,17748,2023-07-12,0.0,0.12000000115949662,1,"C:\Users\yasemin.bozkurt\Desktop\article\DLPIF-repo-update\src\baseline_results.pkl::all_scenarios[(""mice"", ""block30d"")]"
MICE,block30d,deterministic,3482,17748,2023-07-13,0.0,0.13200000543147328,1,"C:\Users\yasemin.bozkurt\Desktop\article\DLPIF-repo-update\src\baseline_results.pkl::all_scenarios[(""mice"", ""block30d"")]"
MICE,block30d,deterministic,3486,17748,2023-07-14,0.0,0.048000000463798646,1,"C:\Users\yasemin.bozkurt\Desktop\article\DLPIF-repo-update\src\baseline_results.pkl::all_scenarios[(""mice"", ""block30d"")]"
MICE,block30d,deterministic,3490,17748,2023-07-15,0.0,0.8239999774843455,1,"C:\Users\yasemin.bozkurt\Desktop\article\DLPIF-repo-update\src\baseline_results.pkl::all_scenarios[(""mice"", ""block30d"")]"
MICE,block30d,deterministic,3494,17748,2023-07-16,0.0,0.012000000115949662,1,"C:\Users\yasemin.bozkurt\Desktop\article\DLPIF-repo-update\src\baseline_results.pkl::all_scenarios[(""mice"", ""block30d"")]"
MICE,block30d,deterministic,3498,17748,2023-07-17,0.0,0.21200000066310168,1,"C:\Users\yasemin.bozkurt\Desktop\article\DLPIF-repo-update\src\baseline_results.pkl::all_scenarios[(""mice"", ""block30d"")]"
MICE,block30d,deterministic,3502,17748,2023-07-18,0.0,0.47200001841411,1,"C:\Users\yasemin.bozkurt\Desktop\article\DLPIF-repo-update\src\baseline_results.pkl::all_scenarios[(""mice"", ""block30d"")]"
MICE,block30d,deterministic,3506,17748,2023-07-19,0.0,0.027999999577878045,1,"C:\Users\yasemin.bozkurt\Desktop\article\DLPIF-repo-update\src\baseline_results.pkl::all_scenarios[(""mice"", ""block30d"")]"
MICE,block30d,deterministic,3510,17748,2023-07-20,0.0,0.04400000319583342,1,"C:\Users\yasemin.bozkurt\Desktop\article\DLPIF-repo-update\src\baseline_results.pkl::all_scenarios[(""mice"", ""block30d"")]"
MICE,block30d,deterministic,3514,17748,2023-07-21,0.0,0.03200000100187026,1,"C:\Users\yasemin.bozkurt\Desktop\article\DLPIF-repo-update\src\baseline_results.pkl::all_scenarios[(""mice"", ""block30d"")]"
MICE,block30d,deterministic,3518,17748,2023-07-22,0.0,0.06000000057974831,1,"C:\Users\yasemin.bozkurt\Desktop\article\DLPIF-repo-update\src\baseline_results.pkl::all_scenarios[(""mice"", ""block30d"")]"
MICE,block30d,deterministic,3552,17155,2023-07-31,0.0,0.0800000035436824,1,"C:\Users\yasemin.bozkurt\Desktop\article\DLPIF-repo-update\src\baseline_results.pkl::all_scenarios[(""mice"", ""block30d"")]"
MICE,block30d,deterministic,3556,17155,2023-08-01,0.0,0.5520000136457384,1,"C:\Users\yasemin.bozkurt\Desktop\article\DLPIF-repo-update\src\baseline_results.pkl::all_scenarios[(""mice"", ""block30d"")]"
MICE,block30d,deterministic,3560,17155,2023-08-02,0.0,0.0,1,"C:\Users\yasemin.bozkurt\Desktop\article\DLPIF-repo-update\src\baseline_results.pkl::all_scenarios[(""mice"", ""block30d"")]"
MICE,block30d,deterministic,3563,17750,2023-08-02,0.0,0.12800000400748104,1,"C:\Users\yasemin.bozkurt\Desktop\article\DLPIF-repo-update\src\baseline_results.pkl::all_scenarios[(""mice"", ""block30d"")]"
MICE,block30d,deterministic,3564,17155,2023-08-03,0.0,0.0,1,"C:\Users\yasemin.bozkurt\Desktop\article\DLPIF-repo-update\src\baseline_results.pkl::all_scenarios[(""mice"", ""block30d"")]"
MICE,block30d,deterministic,3567,17750,2023-08-03,0.0,0.3400000129826367,1,"C:\Users\yasemin.bozkurt\Desktop\article\DLPIF-repo-update\src\baseline_results.pkl::all_scenarios[(""mice"", ""block30d"")]"
MICE,block30d,deterministic,3568,17155,2023-08-04,0.0,0.0,1,"C:\Users\yasemin.bozkurt\Desktop\article\DLPIF-repo-update\src\baseline_results.pkl::all_scenarios[(""mice"", ""block30d"")]"
MICE,block30d,deterministic,3571,17750,2023-08-04,0.0,0.30800000159069896,1,"C:\Users\yasemin.bozkurt\Desktop\article\DLPIF-repo-update\src\baseline_results.pkl::all_scenarios[(""mice"", ""block30d"")]"
MICE,block30d,deterministic,3572,17155,2023-08-05,0.0,0.0,1,"C:\Users\yasemin.bozkurt\Desktop\article\DLPIF-repo-update\src\baseline_results.pkl::all_scenarios[(""mice"", ""block30d"")]"
MICE,block30d,deterministic,3575,17750,2023-08-05,0.0,0.21200000066310168,1,"C:\Users\yasemin.bozkurt\Desktop\article\DLPIF-repo-update\src\baseline_results.pkl::all_scenarios[(""mice"", ""block30d"")]"
MICE,block30d,deterministic,3576,17155,2023-08-06,0.0,0.0400000017718412,1,"C:\Users\yasemin.bozkurt\Desktop\article\DLPIF-repo-update\src\baseline_results.pkl::all_scenarios[(""mice"", ""block30d"")]"
MICE,block30d,deterministic,3579,17750,2023-08-06,0.0,0.21600001039914787,1,"C:\Users\yasemin.bozkurt\Desktop\article\DLPIF-repo-update\src\baseline_results.pkl::all_scenarios[(""mice"", ""block30d"")]"
MICE,block30d,deterministic,3580,17155,2023-08-07,0.0,0.01600000050093513,1,"C:\Users\yasemin.bozkurt\Desktop\article\DLPIF-repo-update\src\baseline_results.pkl::all_scenarios[(""mice"", ""block30d"")]"
MICE,block30d,deterministic,3583,17750,2023-08-07,0.0,0.12800000400748104,1,"C:\Users\yasemin.bozkurt\Desktop\article\DLPIF-repo-update\src\baseline_results.pkl::all_scenarios[(""mice"", ""block30d"")]"
MICE,block30d,deterministic,3584,17155,2023-08-08,0.0,1.0280000584200026,1,"C:\Users\yasemin.bozkurt\Desktop\article\DLPIF-repo-update\src\baseline_results.pkl::all_scenarios[(""mice"", ""block30d"")]"
MICE,block30d,deterministic,3587,17750,2023-08-08,0.0,0.43200002079829575,1,"C:\Users\yasemin.bozkurt\Desktop\article\DLPIF-repo-update\src\baseline_results.pkl::all_scenarios[(""mice"", ""block30d"")]"
MICE,block30d,deterministic,3588,17155,2023-08-09,0.0,2.1800000030547384,1,"C:\Users\yasemin.bozkurt\Desktop\article\DLPIF-repo-update\src\baseline_results.pkl::all_scenarios[(""mice"", ""block30d"")]"
MICE,block30d,deterministic,3591,17750,2023-08-09,0.0,2.7639999948441987,1,"C:\Users\yasemin.bozkurt\Desktop\article\DLPIF-repo-update\src\baseline_results.pkl::all_scenarios[(""mice"", ""block30d"")]"
MICE,block30d,deterministic,3592,17155,2023-08-10,0.20000000470317902,4.616000363230706,1,"C:\Users\yasemin.bozkurt\Desktop\article\DLPIF-repo-update\src\baseline_results.pkl::all_scenarios[(""mice"", ""block30d"")]"
MICE,block30d,deterministic,3595,17750,2023-08-10,0.0,2.068000062927604,1,"C:\Users\yasemin.bozkurt\Desktop\article\DLPIF-repo-update\src\baseline_results.pkl::all_scenarios[(""mice"", ""block30d"")]"
MICE,block30d,deterministic,3596,17155,2023-08-11,0.5000000034458936,1.1839999560266734,1,"C:\Users\yasemin.bozkurt\Desktop\article\DLPIF-repo-update\src\baseline_results.pkl::all_scenarios[(""mice"", ""block30d"")]"
MICE,block30d,deterministic,3599,17750,2023-08-11,0.0,2.2559999719262125,1,"C:\Users\yasemin.bozkurt\Desktop\article\DLPIF-repo-update\src\baseline_results.pkl::all_scenarios[(""mice"", ""block30d"")]"
MICE,block30d,deterministic,3600,17155,2023-08-12,0.0,0.5760000055655837,1,"C:\Users\yasemin.bozkurt\Desktop\article\DLPIF-repo-update\src\baseline_results.pkl::all_scenarios[(""mice"", ""block30d"")]"
MICE,block30d,deterministic,3603,17750,2023-08-12,0.0,0.4920000172220171,1,"C:\Users\yasemin.bozkurt\Desktop\article\DLPIF-repo-update\src\baseline_results.pkl::all_scenarios[(""mice"", ""block30d"")]"
MICE,block30d,deterministic,3604,17155,2023-08-13,0.0,0.5639999929815531,1,"C:\Users\yasemin.bozkurt\Desktop\article\DLPIF-repo-update\src\baseline_results.pkl::all_scenarios[(""mice"", ""block30d"")]"
MICE,block30d,deterministic,3607,17750,2023-08-13,0.0,0.436000013910234,1,"C:\Users\yasemin.bozkurt\Desktop\article\DLPIF-repo-update\src\baseline_results.pkl::all_scenarios[(""mice"", ""block30d"")]"
MICE,block30d,deterministic,3608,17155,2023-08-14,0.0,2.054526422917843,1,"C:\Users\yasemin.bozkurt\Desktop\article\DLPIF-repo-update\src\baseline_results.pkl::all_scenarios[(""mice"", ""block30d"")]"
MICE,block30d,deterministic,3611,17750,2023-08-14,0.0,0.048000000463798646,1,"C:\Users\yasemin.bozkurt\Desktop\article\DLPIF-repo-update\src\baseline_results.pkl::all_scenarios[(""mice"", ""block30d"")]"
MICE,block30d,deterministic,3612,17155,2023-08-15,0.0,0.0,1,"C:\Users\yasemin.bozkurt\Desktop\article\DLPIF-repo-update\src\baseline_results.pkl::all_scenarios[(""mice"", ""block30d"")]"
MICE,block30d,deterministic,3615,17750,2023-08-15,0.0,1.7319999765604737,1,"C:\Users\yasemin.bozkurt\Desktop\article\DLPIF-repo-update\src\baseline_results.pkl::all_scenarios[(""mice"", ""block30d"")]"
MICE,block30d,deterministic,3616,17155,2023-08-16,0.0,0.008000000250467565,1,"C:\Users\yasemin.bozkurt\Desktop\article\DLPIF-repo-update\src\baseline_results.pkl::all_scenarios[(""mice"", ""block30d"")]"
MICE,block30d,deterministic,3619,17750,2023-08-16,0.0,3.023999979346991,1,"C:\Users\yasemin.bozkurt\Desktop\article\DLPIF-repo-update\src\baseline_results.pkl::all_scenarios[(""mice"", ""block30d"")]"
MICE,block30d,deterministic,3620,17155,2023-08-17,0.0,0.13200000543147328,1,"C:\Users\yasemin.bozkurt\Desktop\article\DLPIF-repo-update\src\baseline_results.pkl::all_scenarios[(""mice"", ""block30d"")]"
MICE,block30d,deterministic,3623,17750,2023-08-17,0.0,1.4200000483542683,1,"C:\Users\yasemin.bozkurt\Desktop\article\DLPIF-repo-update\src\baseline_results.pkl::all_scenarios[(""mice"", ""block30d"")]"
MICE,block30d,deterministic,3624,17155,2023-08-18,0.0,0.0,1,"C:\Users\yasemin.bozkurt\Desktop\article\DLPIF-repo-update\src\baseline_results.pkl::all_scenarios[(""mice"", ""block30d"")]"
MICE,block30d,deterministic,3627,17750,2023-08-18,0.20000000470317902,0.004000000125233783,1,"C:\Users\yasemin.bozkurt\Desktop\article\DLPIF-repo-update\src\baseline_results.pkl::all_scenarios[(""mice"", ""block30d"")]"
MICE,block30d,deterministic,3628,17155,2023-08-19,0.0,0.0,1,"C:\Users\yasemin.bozkurt\Desktop\article\DLPIF-repo-update\src\baseline_results.pkl::all_scenarios[(""mice"", ""block30d"")]"
MICE,block30d,deterministic,3631,17750,2023-08-19,0.40000000940635805,0.0,1,"C:\Users\yasemin.bozkurt\Desktop\article\DLPIF-repo-update\src\baseline_results.pkl::all_scenarios[(""mice"", ""block30d"")]"
MICE,block30d,deterministic,3632,17155,2023-08-20,0.0,0.0,1,"C:\Users\yasemin.bozkurt\Desktop\article\DLPIF-repo-update\src\baseline_results.pkl::all_scenarios[(""mice"", ""block30d"")]"
MICE,block30d,deterministic,3635,17750,2023-08-20,0.0,0.024000000231899323,1,"C:\Users\yasemin.bozkurt\Desktop\article\DLPIF-repo-update\src\baseline_results.pkl::all_scenarios[(""mice"", ""block30d"")]"
MICE,block30d,deterministic,3636,17155,2023-08-21,0.0,0.0,1,"C:\Users\yasemin.bozkurt\Desktop\article\DLPIF-repo-update\src\baseline_results.pkl::all_scenarios[(""mice"", ""block30d"")]"
MICE,block30d,deterministic,3639,17750,2023-08-21,0.0,0.012000000115949662,1,"C:\Users\yasemin.bozkurt\Desktop\article\DLPIF-repo-update\src\baseline_results.pkl::all_scenarios[(""mice"", ""block30d"")]"
MICE,block30d,deterministic,3640,17155,2023-08-22,0.0,0.0,1,"C:\Users\yasemin.bozkurt\Desktop\article\DLPIF-repo-update\src\baseline_results.pkl::all_scenarios[(""mice"", ""block30d"")]"
MICE,block30d,deterministic,3643,17750,2023-08-22,0.0,0.024000000231899323,1,"C:\Users\yasemin.bozkurt\Desktop\article\DLPIF-repo-update\src\baseline_results.pkl::all_scenarios[(""mice"", ""block30d"")]"
MICE,block30d,deterministic,3644,17155,2023-08-23,0.0,0.0,1,"C:\Users\yasemin.bozkurt\Desktop\article\DLPIF-repo-update\src\baseline_results.pkl::all_scenarios[(""mice"", ""block30d"")]"
MICE,block30d,deterministic,3647,17750,2023-08-23,0.0,0.0,1,"C:\Users\yasemin.bozkurt\Desktop\article\DLPIF-repo-update\src\baseline_results.pkl::all_scenarios[(""mice"", ""block30d"")]"
MICE,block30d,deterministic,3648,17155,2023-08-24,0.0,0.004000000125233783,1,"C:\Users\yasemin.bozkurt\Desktop\article\DLPIF-repo-update\src\baseline_results.pkl::all_scenarios[(""mice"", ""block30d"")]"
MICE,block30d,deterministic,3651,17750,2023-08-24,0.0,0.08400000496767462,1,"C:\Users\yasemin.bozkurt\Desktop\article\DLPIF-repo-update\src\baseline_results.pkl::all_scenarios[(""mice"", ""block30d"")]"
MICE,block30d,deterministic,3652,17155,2023-08-25,0.0,0.0,1,"C:\Users\yasemin.bozkurt\Desktop\article\DLPIF-repo-update\src\baseline_results.pkl::all_scenarios[(""mice"", ""block30d"")]"
MICE,block30d,deterministic,3655,17750,2023-08-25,0.0,0.012000000115949662,1,"C:\Users\yasemin.bozkurt\Desktop\article\DLPIF-repo-update\src\baseline_results.pkl::all_scenarios[(""mice"", ""block30d"")]"
MICE,block30d,deterministic,3656,17155,2023-08-26,0.0,0.1840000156313181,1,"C:\Users\yasemin.bozkurt\Desktop\article\DLPIF-repo-update\src\baseline_results.pkl::all_scenarios[(""mice"", ""block30d"")]"
MICE,block30d,deterministic,3659,17750,2023-08-26,0.0,0.08400000496767462,1,"C:\Users\yasemin.bozkurt\Desktop\article\DLPIF-repo-update\src\baseline_results.pkl::all_scenarios[(""mice"", ""block30d"")]"
MICE,block30d,deterministic,3660,17155,2023-08-27,0.0,0.0,1,"C:\Users\yasemin.bozkurt\Desktop\article\DLPIF-repo-update\src\baseline_results.pkl::all_scenarios[(""mice"", ""block30d"")]"
MICE,block30d,deterministic,3663,17750,2023-08-27,0.0,0.004000000125233783,1,"C:\Users\yasemin.bozkurt\Desktop\article\DLPIF-repo-update\src\baseline_results.pkl::all_scenarios[(""mice"", ""block30d"")]"
MICE,block30d,deterministic,3664,17155,2023-08-28,0.5000000034458936,0.26400001086294655,1,"C:\Users\yasemin.bozkurt\Desktop\article\DLPIF-repo-update\src\baseline_results.pkl::all_scenarios[(""mice"", ""block30d"")]"
MICE,block30d,deterministic,3667,17750,2023-08-28,0.0,0.5280000217258931,1,"C:\Users\yasemin.bozkurt\Desktop\article\DLPIF-repo-update\src\baseline_results.pkl::all_scenarios[(""mice"", ""block30d"")]"
MICE,block30d,deterministic,3668,17155,2023-08-29,0.7000000247731806,0.06000000057974831,1,"C:\Users\yasemin.bozkurt\Desktop\article\DLPIF-repo-update\src\baseline_results.pkl::all_scenarios[(""mice"", ""block30d"")]"
MICE,block30d,deterministic,3671,17750,2023-08-29,0.0,0.012000000115949662,1,"C:\Users\yasemin.bozkurt\Desktop\article\DLPIF-repo-update\src\baseline_results.pkl::all_scenarios[(""mice"", ""block30d"")]"
MICE,block30d,deterministic,3675,17750,2023-08-30,0.0,0.0,1,"C:\Users\yasemin.bozkurt\Desktop\article\DLPIF-repo-update\src\baseline_results.pkl::all_scenarios[(""mice"", ""block30d"")]"
MICE,block30d,deterministic,3679,17750,2023-08-31,0.0,0.012000000115949662,1,"C:\Users\yasemin.bozkurt\Desktop\article\DLPIF-repo-update\src\baseline_results.pkl::all_scenarios[(""mice"", ""block30d"")]"
MICE,block30d,deterministic,3729,17704,2023-09-13,0.0,0.01600000050093513,1,"C:\Users\yasemin.bozkurt\Desktop\article\DLPIF-repo-update\src\baseline_results.pkl::all_scenarios[(""mice"", ""block30d"")]"
MICE,block30d,deterministic,3733,17704,2023-09-14,0.0,0.5639999929815531,1,"C:\Users\yasemin.bozkurt\Desktop\article\DLPIF-repo-update\src\baseline_results.pkl::all_scenarios[(""mice"", ""block30d"")]"
MICE,block30d,deterministic,3737,17704,2023-09-15,0.0,0.5480000205338001,1,"C:\Users\yasemin.bozkurt\Desktop\article\DLPIF-repo-update\src\baseline_results.pkl::all_scenarios[(""mice"", ""block30d"")]"
MICE,block30d,deterministic,3741,17704,2023-09-16,0.0,0.18800000874325634,1,"C:\Users\yasemin.bozkurt\Desktop\article\DLPIF-repo-update\src\baseline_results.pkl::all_scenarios[(""mice"", ""block30d"")]"
MICE,block30d,deterministic,3745,17704,2023-09-17,0.0,0.6360000019893051,1,"C:\Users\yasemin.bozkurt\Desktop\article\DLPIF-repo-update\src\baseline_results.pkl::all_scenarios[(""mice"", ""block30d"")]"
MICE,block30d,deterministic,3749,17704,2023-09-18,0.0,1.380000050738454,1,"C:\Users\yasemin.bozkurt\Desktop\article\DLPIF-repo-update\src\baseline_results.pkl::all_scenarios[(""mice"", ""block30d"")]"
MICE,block30d,deterministic,3753,17704,2023-09-19,0.0,0.8280000038444997,1,"C:\Users\yasemin.bozkurt\Desktop\article\DLPIF-repo-update\src\baseline_results.pkl::all_scenarios[(""mice"", ""block30d"")]"
MICE,block30d,deterministic,3757,17704,2023-09-20,0.0,1.3240000806748868,1,"C:\Users\yasemin.bozkurt\Desktop\article\DLPIF-repo-update\src\baseline_results.pkl::all_scenarios[(""mice"", ""block30d"")]"
MICE,block30d,deterministic,3761,17704,2023-09-21,0.0,0.24800000516697768,1,"C:\Users\yasemin.bozkurt\Desktop\article\DLPIF-repo-update\src\baseline_results.pkl::all_scenarios[(""mice"", ""block30d"")]"
MICE,block30d,deterministic,3765,17704,2023-09-22,0.0,0.98000000808388,1,"C:\Users\yasemin.bozkurt\Desktop\article\DLPIF-repo-update\src\baseline_results.pkl::all_scenarios[(""mice"", ""block30d"")]"
MICE,block30d,deterministic,3769,17704,2023-09-23,0.0,0.1760000127833337,1,"C:\Users\yasemin.bozkurt\Desktop\article\DLPIF-repo-update\src\baseline_results.pkl::all_scenarios[(""mice"", ""block30d"")]"
MICE,block30d,deterministic,3773,17704,2023-09-24,0.0,0.28400000967085365,1,"C:\Users\yasemin.bozkurt\Desktop\article\DLPIF-repo-update\src\baseline_results.pkl::all_scenarios[(""mice"", ""block30d"")]"
MICE,block30d,deterministic,3777,17704,2023-09-25,0.0,0.9000000128522516,1,"C:\Users\yasemin.bozkurt\Desktop\article\DLPIF-repo-update\src\baseline_results.pkl::all_scenarios[(""mice"", ""block30d"")]"
MICE,block30d,deterministic,3781,17704,2023-09-26,0.0,0.7320000361651183,1,"C:\Users\yasemin.bozkurt\Desktop\article\DLPIF-repo-update\src\baseline_results.pkl::all_scenarios[(""mice"", ""block30d"")]"
MICE,block30d,deterministic,3785,17704,2023-09-27,0.0,1.2220000069588424,1,"C:\Users\yasemin.bozkurt\Desktop\article\DLPIF-repo-update\src\baseline_results.pkl::all_scenarios[(""mice"", ""block30d"")]"
MICE,block30d,deterministic,3789,17704,2023-09-28,0.0,3.342000013589859,1,"C:\Users\yasemin.bozkurt\Desktop\article\DLPIF-repo-update\src\baseline_results.pkl::all_scenarios[(""mice"", ""block30d"")]"
MICE,block30d,deterministic,3793,17704,2023-09-29,0.20000000470317902,2.0040000401437283,1,"C:\Users\yasemin.bozkurt\Desktop\article\DLPIF-repo-update\src\baseline_results.pkl::all_scenarios[(""mice"", ""block30d"")]"
MICE,block30d,deterministic,3797,17704,2023-09-30,0.40000000940635805,2.490000117570162,1,"C:\Users\yasemin.bozkurt\Desktop\article\DLPIF-repo-update\src\baseline_results.pkl::all_scenarios[(""mice"", ""block30d"")]"
MICE,block30d,deterministic,3801,17704,2023-10-01,9.60000049173832,5.286000323295593,1,"C:\Users\yasemin.bozkurt\Desktop\article\DLPIF-repo-update\src\baseline_results.pkl::all_scenarios[(""mice"", ""block30d"")]"
MICE,block30d,deterministic,3805,17704,2023-10-02,17.40000002682209,6.590000139176846,1,"C:\Users\yasemin.bozkurt\Desktop\article\DLPIF-repo-update\src\baseline_results.pkl::all_scenarios[(""mice"", ""block30d"")]"
MICE,block30d,deterministic,3809,17704,2023-10-03,2.0000000137835743,1.0400000045076014,1,"C:\Users\yasemin.bozkurt\Desktop\article\DLPIF-repo-update\src\baseline_results.pkl::all_scenarios[(""mice"", ""block30d"")]"
MICE,block30d,deterministic,3813,17704,2023-10-04,0.20000000470317902,0.10000000235158951,1,"C:\Users\yasemin.bozkurt\Desktop\article\DLPIF-repo-update\src\baseline_results.pkl::all_scenarios[(""mice"", ""block30d"")]"
MICE,block30d,deterministic,3817,17704,2023-10-05,0.0,0.30800000159069896,1,"C:\Users\yasemin.bozkurt\Desktop\article\DLPIF-repo-update\src\baseline_results.pkl::all_scenarios[(""mice"", ""block30d"")]"
MICE,block30d,deterministic,3821,17704,2023-10-06,0.0,0.20000000470317902,1,"C:\Users\yasemin.bozkurt\Desktop\article\DLPIF-repo-update\src\baseline_results.pkl::all_scenarios[(""mice"", ""block30d"")]"
MICE,block30d,deterministic,3825,17704,2023-10-07,0.0,2.703999998420477,1,"C:\Users\yasemin.bozkurt\Desktop\article\DLPIF-repo-update\src\baseline_results.pkl::all_scenarios[(""mice"", ""block30d"")]"
MICE,block30d,deterministic,3829,17704,2023-10-08,0.0,0.8800000140443445,1,"C:\Users\yasemin.bozkurt\Desktop\article\DLPIF-repo-update\src\baseline_results.pkl::all_scenarios[(""mice"", ""block30d"")]"
MICE,block30d,deterministic,3833,17704,2023-10-09,0.0,2.232000079751015,1,"C:\Users\yasemin.bozkurt\Desktop\article\DLPIF-repo-update\src\baseline_results.pkl::all_scenarios[(""mice"", ""block30d"")]"
MICE,block30d,deterministic,3837,17704,2023-10-10,0.0,0.5680000193417073,1,"C:\Users\yasemin.bozkurt\Desktop\article\DLPIF-repo-update\src\baseline_results.pkl::all_scenarios[(""mice"", ""block30d"")]"
MICE,block30d,deterministic,3841,17704,2023-10-11,0.0,0.6480000145733357,1,"C:\Users\yasemin.bozkurt\Desktop\article\DLPIF-repo-update\src\baseline_results.pkl::all_scenarios[(""mice"", ""block30d"")]"
MICE,block30d,deterministic,3845,17704,2023-10-12,0.0,0.0400000017718412,1,"C:\Users\yasemin.bozkurt\Desktop\article\DLPIF-repo-update\src\baseline_results.pkl::all_scenarios[(""mice"", ""block30d"")]"
MICE,block7d,deterministic,33,17704,2021-03-03,0.20000000470317902,0.16400000019930305,1,"C:\Users\yasemin.bozkurt\Desktop\article\DLPIF-repo-update\src\baseline_results.pkl::all_scenarios[(""mice"", ""block7d"")]"
MICE,block7d,deterministic,34,17748,2021-03-03,0.0,3.751999989151955,1,"C:\Users\yasemin.bozkurt\Desktop\article\DLPIF-repo-update\src\baseline_results.pkl::all_scenarios[(""mice"", ""block7d"")]"
MICE,block7d,deterministic,37,17704,2021-03-04,0.0,0.012000000115949662,1,"C:\Users\yasemin.bozkurt\Desktop\article\DLPIF-repo-update\src\baseline_results.pkl::all_scenarios[(""mice"", ""block7d"")]"
MICE,block7d,deterministic,38,17748,2021-03-04,0.0,0.16400000019930305,1,"C:\Users\yasemin.bozkurt\Desktop\article\DLPIF-repo-update\src\baseline_results.pkl::all_scenarios[(""mice"", ""block7d"")]"
MICE,block7d,deterministic,41,17704,2021-03-05,0.0,0.0800000035436824,1,"C:\Users\yasemin.bozkurt\Desktop\article\DLPIF-repo-update\src\baseline_results.pkl::all_scenarios[(""mice"", ""block7d"")]"
MICE,block7d,deterministic,42,17748,2021-03-05,0.0,0.06000000057974831,1,"C:\Users\yasemin.bozkurt\Desktop\article\DLPIF-repo-update\src\baseline_results.pkl::all_scenarios[(""mice"", ""block7d"")]"
MICE,block7d,deterministic,45,17704,2021-03-06,0.0,0.16800000993534925,1,"C:\Users\yasemin.bozkurt\Desktop\article\DLPIF-repo-update\src\baseline_results.pkl::all_scenarios[(""mice"", ""block7d"")]"
MICE,block7d,deterministic,46,17748,2021-03-06,0.0,1.9359999909996988,1,"C:\Users\yasemin.bozkurt\Desktop\article\DLPIF-repo-update\src\baseline_results.pkl::all_scenarios[(""mice"", ""block7d"")]"
MICE,block7d,deterministic,49,17704,2021-03-07,6.200000162422658,3.4920000046491624,1,"C:\Users\yasemin.bozkurt\Desktop\article\DLPIF-repo-update\src\baseline_results.pkl::all_scenarios[(""mice"", ""block7d"")]"
MICE,block7d,deterministic,50,17748,2021-03-07,2.0000000137835743,5.70000019222498,1,"C:\Users\yasemin.bozkurt\Desktop\article\DLPIF-repo-update\src\baseline_results.pkl::all_scenarios[(""mice"", ""block7d"")]"
MICE,block7d,deterministic,53,17704,2021-03-08,0.20000000470317902,0.0200000008859206,1,"C:\Users\yasemin.bozkurt\Desktop\article\DLPIF-repo-update\src\baseline_results.pkl::all_scenarios[(""mice"", ""block7d"")]"
MICE,block7d,deterministic,54,17748,2021-03-08,0.0,0.30400000847876074,1,"C:\Users\yasemin.bozkurt\Desktop\article\DLPIF-repo-update\src\baseline_results.pkl::all_scenarios[(""mice"", ""block7d"")]"
MICE,block7d,deterministic,57,17704,2021-03-09,0.0,0.012000000115949662,1,"C:\Users\yasemin.bozkurt\Desktop\article\DLPIF-repo-update\src\baseline_results.pkl::all_scenarios[(""mice"", ""block7d"")]"
MICE,block7d,deterministic,58,17748,2021-03-09,0.0,0.048000000463798646,1,"C:\Users\yasemin.bozkurt\Desktop\article\DLPIF-repo-update\src\baseline_results.pkl::all_scenarios[(""mice"", ""block7d"")]"
MICE,block7d,deterministic,66,17748,2021-03-11,0.20000000470317902,9.263999873399735,1,"C:\Users\yasemin.bozkurt\Desktop\article\DLPIF-repo-update\src\baseline_results.pkl::all_scenarios[(""mice"", ""block7d"")]"
MICE,block7d,deterministic,70,17748,2021-03-12,9.800000479817392,0.13600000685546548,1,"C:\Users\yasemin.bozkurt\Desktop\article\DLPIF-repo-update\src\baseline_results.pkl::all_scenarios[(""mice"", ""block7d"")]"
MICE,block7d,deterministic,74,17748,2021-03-13,0.20000000470317902,0.024000000231899323,1,"C:\Users\yasemin.bozkurt\Desktop\article\DLPIF-repo-update\src\baseline_results.pkl::all_scenarios[(""mice"", ""block7d"")]"
MICE,block7d,deterministic,78,17748,2021-03-14,0.0,0.8000000188127161,1,"C:\Users\yasemin.bozkurt\Desktop\article\DLPIF-repo-update\src\baseline_results.pkl::all_scenarios[(""mice"", ""block7d"")]"
MICE,block7d,deterministic,82,17748,2021-03-15,0.0,1.0640000296756627,1,"C:\Users\yasemin.bozkurt\Desktop\article\DLPIF-repo-update\src\baseline_results.pkl::all_scenarios[(""mice"", ""block7d"")]"
MICE,block7d,deterministic,86,17748,2021-03-16,14.400000205636026,8.092000262439251,1,"C:\Users\yasemin.bozkurt\Desktop\article\DLPIF-repo-update\src\baseline_results.pkl::all_scenarios[(""mice"", ""block7d"")]"
MICE,block7d,deterministic,90,17748,2021-03-17,12.600000312924386,10.163999819755555,1,"C:\Users\yasemin.bozkurt\Desktop\article\DLPIF-repo-update\src\baseline_results.pkl::all_scenarios[(""mice"", ""block7d"")]"
MICE,block7d,deterministic,95,17750,2021-03-18,2.0000000137835743,3.9480000838637355,1,"C:\Users\yasemin.bozkurt\Desktop\article\DLPIF-repo-update\src\baseline_results.pkl::all_scenarios[(""mice"", ""block7d"")]"
MICE,block7d,deterministic,96,17155,2021-03-19,3.4000000633299354,6.612000350654125,1,"C:\Users\yasemin.bozkurt\Desktop\article\DLPIF-repo-update\src\baseline_results.pkl::all_scenarios[(""mice"", ""block7d"")]"
MICE,block7d,deterministic,99,17750,2021-03-19,1.6000000376254322,5.671999874711037,1,"C:\Users\yasemin.bozkurt\Desktop\article\DLPIF-repo-update\src\baseline_results.pkl::all_scenarios[(""mice"", ""block7d"")]"
MICE,block7d,deterministic,100,17155,2021-03-20,9.40000050365925,6.1520003780722625,1,"C:\Users\yasemin.bozkurt\Desktop\article\DLPIF-repo-update\src\baseline_results.pkl::all_scenarios[(""mice"", ""block7d"")]"
MICE,block7d,deterministic,103,17750,2021-03-20,19.600000959634784,18.05600062608719,1,"C:\Users\yasemin.bozkurt\Desktop\article\DLPIF-repo-update\src\baseline_results.pkl::all_scenarios[(""mice"", ""block7d"")]"
MICE,block7d,deterministic,104,17155,2021-03-21,14.000000229477884,3.63600015565753,1,"C:\Users\yasemin.bozkurt\Desktop\article\DLPIF-repo-update\src\baseline_results.pkl::all_scenarios[(""mice"", ""block7d"")]"
MICE,block7d,deterministic,107,17750,2021-03-21,6.200000162422658,7.716000178456307,1,"C:\Users\yasemin.bozkurt\Desktop\article\DLPIF-repo-update\src\baseline_results.pkl::all_scenarios[(""mice"", ""block7d"")]"
MICE,block7d,deterministic,108,17155,2021-03-22,0.0,3.962000242620707,1,"C:\Users\yasemin.bozkurt\Desktop\article\DLPIF-repo-update\src\baseline_results.pkl::all_scenarios[(""mice"", ""block7d"")]"
MICE,block7d,deterministic,111,17750,2021-03-22,0.20000000470317902,3.152000024914742,1,"C:\Users\yasemin.bozkurt\Desktop\article\DLPIF-repo-update\src\baseline_results.pkl::all_scenarios[(""mice"", ""block7d"")]"
MICE,block7d,deterministic,112,17155,2021-03-23,6.6000001385808,3.63600015565753,1,"C:\Users\yasemin.bozkurt\Desktop\article\DLPIF-repo-update\src\baseline_results.pkl::all_scenarios[(""mice"", ""block7d"")]"
MICE,block7d,deterministic,115,17750,2021-03-23,4.600000257790089,3.77600014731288,1,"C:\Users\yasemin.bozkurt\Desktop\article\DLPIF-repo-update\src\baseline_results.pkl::all_scenarios[(""mice"", ""block7d"")]"
MICE,block7d,deterministic,116,17155,2021-03-24,13.800000241398813,14.72000018656254,1,"C:\Users\yasemin.bozkurt\Desktop\article\DLPIF-repo-update\src\baseline_results.pkl::all_scenarios[(""mice"", ""block7d"")]"
MICE,block7d,deterministic,119,17750,2021-03-24,8.800000007450581,2.843999990075827,1,"C:\Users\yasemin.bozkurt\Desktop\article\DLPIF-repo-update\src\baseline_results.pkl::all_scenarios[(""mice"", ""block7d"")]"
MICE,block7d,deterministic,120,17155,2021-03-25,1.0000000068917871,3.2960001759231092,1,"C:\Users\yasemin.bozkurt\Desktop\article\DLPIF-repo-update\src\baseline_results.pkl::all_scenarios[(""mice"", ""block7d"")]"
MICE,block7d,deterministic,142,17748,2021-03-30,0.600000030733645,0.7439999822527171,1,"C:\Users\yasemin.bozkurt\Desktop\article\DLPIF-repo-update\src\baseline_results.pkl::all_scenarios[(""mice"", ""block7d"")]"
MICE,block7d,deterministic,146,17748,2021-03-31,0.600000030733645,3.631999996304512,1,"C:\Users\yasemin.bozkurt\Desktop\article\DLPIF-repo-update\src\baseline_results.pkl::all_scenarios[(""mice"", ""block7d"")]"
MICE,block7d,deterministic,150,17748,2021-04-01,0.600000030733645,4.996000340580941,1,"C:\Users\yasemin.bozkurt\Desktop\article\DLPIF-repo-update\src\baseline_results.pkl::all_scenarios[(""mice"", ""block7d"")]"
MICE,block7d,deterministic,154,17748,2021-04-02,0.0,3.5239999495446686,1,"C:\Users\yasemin.bozkurt\Desktop\article\DLPIF-repo-update\src\baseline_results.pkl::all_scenarios[(""mice"", ""block7d"")]"
MICE,block7d,deterministic,158,17748,2021-04-03,0.0,2.3320000737905504,1,"C:\Users\yasemin.bozkurt\Desktop\article\DLPIF-repo-update\src\baseline_results.pkl::all_scenarios[(""mice"", ""block7d"")]"
MICE,block7d,deterministic,162,17748,2021-04-04,0.0,4.408000056445599,1,"C:\Users\yasemin.bozkurt\Desktop\article\DLPIF-repo-update\src\baseline_results.pkl::all_scenarios[(""mice"", ""block7d"")]"
MICE,block7d,deterministic,166,17748,2021-04-05,7.400000090897084,6.0400001719594005,1,"C:\Users\yasemin.bozkurt\Desktop\article\DLPIF-repo-update\src\baseline_results.pkl::all_scenarios[(""mice"", ""block7d"")]"
MICE,block7d,deterministic,174,17748,2021-04-07,0.0,0.42000000821426514,1,"C:\Users\yasemin.bozkurt\Desktop\article\DLPIF-repo-update\src\baseline_results.pkl::all_scenarios[(""mice"", ""block7d"")]"
MICE,block7d,deterministic,178,17748,2021-04-08,0.0,7.343999987840653,1,"C:\Users\yasemin.bozkurt\Desktop\article\DLPIF-repo-update\src\baseline_results.pkl::all_scenarios[(""mice"", ""block7d"")]"
MICE,block7d,deterministic,182,17748,2021-04-09,1.6000000376254322,5.188000009953976,1,"C:\Users\yasemin.bozkurt\Desktop\article\DLPIF-repo-update\src\baseline_results.pkl::all_scenarios[(""mice"", ""block7d"")]"
MICE,block7d,deterministic,186,17748,2021-04-10,0.20000000470317902,4.991999915242196,1,"C:\Users\yasemin.bozkurt\Desktop\article\DLPIF-repo-update\src\baseline_results.pkl::all_scenarios[(""mice"", ""block7d"")]"
MICE,block7d,deterministic,190,17748,2021-04-11,0.20000000470317902,0.10000000235158951,1,"C:\Users\yasemin.bozkurt\Desktop\article\DLPIF-repo-update\src\baseline_results.pkl::all_scenarios[(""mice"", ""block7d"")]"
MICE,block7d,deterministic,194,17748,2021-04-12,0.0,0.22800000635907056,1,"C:\Users\yasemin.bozkurt\Desktop\article\DLPIF-repo-update\src\baseline_results.pkl::all_scenarios[(""mice"", ""block7d"")]"
MICE,block7d,deterministic,198,17748,2021-04-13,0.0,0.07200000069569797,1,"C:\Users\yasemin.bozkurt\Desktop\article\DLPIF-repo-update\src\baseline_results.pkl::all_scenarios[(""mice"", ""block7d"")]"
MICE,block7d,deterministic,269,17704,2021-05-01,0.0,0.0,1,"C:\Users\yasemin.bozkurt\Desktop\article\DLPIF-repo-update\src\baseline_results.pkl::all_scenarios[(""mice"", ""block7d"")]"
MICE,block7d,deterministic,273,17704,2021-05-02,0.0,0.0,1,"C:\Users\yasemin.bozkurt\Desktop\article\DLPIF-repo-update\src\baseline_results.pkl::all_scenarios[(""mice"", ""block7d"")]"
MICE,block7d,deterministic,277,17704,2021-05-03,0.0,0.0,1,"C:\Users\yasemin.bozkurt\Desktop\article\DLPIF-repo-update\src\baseline_results.pkl::all_scenarios[(""mice"", ""block7d"")]"
MICE,block7d,deterministic,281,17704,2021-05-04,0.0,1.0320000182837248,1,"C:\Users\yasemin.bozkurt\Desktop\article\DLPIF-repo-update\src\baseline_results.pkl::all_scenarios[(""mice"", ""block7d"")]"
MICE,block7d,deterministic,285,17704,2021-05-05,0.0,0.0400000017718412,1,"C:\Users\yasemin.bozkurt\Desktop\article\DLPIF-repo-update\src\baseline_results.pkl::all_scenarios[(""mice"", ""block7d"")]"
MICE,block7d,deterministic,289,17704,2021-05-06,0.20000000470317902,1.1360000386834146,1,"C:\Users\yasemin.bozkurt\Desktop\article\DLPIF-repo-update\src\baseline_results.pkl::all_scenarios[(""mice"", ""block7d"")]"
MICE,block7d,deterministic,290,17748,2021-05-06,0.0,1.431999994441867,1,"C:\Users\yasemin.bozkurt\Desktop\article\DLPIF-repo-update\src\baseline_results.pkl::all_scenarios[(""mice"", ""block7d"")]"
MICE,block7d,deterministic,293,17704,2021-05-07,2.0000000137835743,0.012000000115949662,1,"C:\Users\yasemin.bozkurt\Desktop\article\DLPIF-repo-update\src\baseline_results.pkl::all_scenarios[(""mice"", ""block7d"")]"
MICE,block7d,deterministic,294,17748,2021-05-07,0.0,0.780000020004809,1,"C:\Users\yasemin.bozkurt\Desktop\article\DLPIF-repo-update\src\baseline_results.pkl::all_scenarios[(""mice"", ""block7d"")]"
MICE,block7d,deterministic,295,17750,2021-05-07,0.40000000940635805,0.21200000066310168,1,"C:\Users\yasemin.bozkurt\Desktop\article\DLPIF-repo-update\src\baseline_results.pkl::all_scenarios[(""mice"", ""block7d"")]"
MICE,block7d,deterministic,298,17748,2021-05-08,0.0,0.7120000373572112,1,"C:\Users\yasemin.bozkurt\Desktop\article\DLPIF-repo-update\src\baseline_results.pkl::all_scenarios[(""mice"", ""block7d"")]"
MICE,block7d,deterministic,299,17750,2021-05-08,0.0,0.2240000132471323,1,"C:\Users\yasemin.bozkurt\Desktop\article\DLPIF-repo-update\src\baseline_results.pkl::all_scenarios[(""mice"", ""block7d"")]"
MICE,block7d,deterministic,302,17748,2021-05-09,0.40000000940635805,3.08800013512373,1,"C:\Users\yasemin.bozkurt\Desktop\article\DLPIF-repo-update\src\baseline_results.pkl::all_scenarios[(""mice"", ""block7d"")]"
MICE,block7d,deterministic,303,17750,2021-05-09,0.0,0.271999997086823,1,"C:\Users\yasemin.bozkurt\Desktop\article\DLPIF-repo-update\src\baseline_results.pkl::all_scenarios[(""mice"", ""block7d"")]"
MICE,block7d,deterministic,306,17748,2021-05-10,0.0,0.012000000115949662,1,"C:\Users\yasemin.bozkurt\Desktop\article\DLPIF-repo-update\src\baseline_results.pkl::all_scenarios[(""mice"", ""block7d"")]"
MICE,block7d,deterministic,307,17750,2021-05-10,0.0,0.01600000050093513,1,"C:\Users\yasemin.bozkurt\Desktop\article\DLPIF-repo-update\src\baseline_results.pkl::all_scenarios[(""mice"", ""block7d"")]"
MICE,block7d,deterministic,310,17748,2021-05-11,0.0,0.052000001887790866,1,"C:\Users\yasemin.bozkurt\Desktop\article\DLPIF-repo-update\src\baseline_results.pkl::all_scenarios[(""mice"", ""block7d"")]"
MICE,block7d,deterministic,311,17750,2021-05-11,0.0,0.004000000125233783,1,"C:\Users\yasemin.bozkurt\Desktop\article\DLPIF-repo-update\src\baseline_results.pkl::all_scenarios[(""mice"", ""block7d"")]"
MICE,block7d,deterministic,314,17748,2021-05-12,0.0,0.13200000543147328,1,"C:\Users\yasemin.bozkurt\Desktop\article\DLPIF-repo-update\src\baseline_results.pkl::all_scenarios[(""mice"", ""block7d"")]"
MICE,block7d,deterministic,315,17750,2021-05-12,0.0,0.024000000231899323,1,"C:\Users\yasemin.bozkurt\Desktop\article\DLPIF-repo-update\src\baseline_results.pkl::all_scenarios[(""mice"", ""block7d"")]"
MICE,block7d,deterministic,317,17704,2021-05-13,0.0,0.07200000069569797,1,"C:\Users\yasemin.bozkurt\Desktop\article\DLPIF-repo-update\src\baseline_results.pkl::all_scenarios[(""mice"", ""block7d"")]"
MICE,block7d,deterministic,319,17750,2021-05-13,0.0,0.024000000231899323,1,"C:\Users\yasemin.bozkurt\Desktop\article\DLPIF-repo-update\src\baseline_results.pkl::all_scenarios[(""mice"", ""block7d"")]"
MICE,block7d,deterministic,321,17704,2021-05-14,0.0,0.0,1,"C:\Users\yasemin.bozkurt\Desktop\article\DLPIF-repo-update\src\baseline_results.pkl::all_scenarios[(""mice"", ""block7d"")]"
MICE,block7d,deterministic,325,17704,2021-05-15,0.0,0.024000000231899323,1,"C:\Users\yasemin.bozkurt\Desktop\article\DLPIF-repo-update\src\baseline_results.pkl::all_scenarios[(""mice"", ""block7d"")]"
MICE,block7d,deterministic,329,17704,2021-05-16,0.0,1.1200000662356615,1,"C:\Users\yasemin.bozkurt\Desktop\article\DLPIF-repo-update\src\baseline_results.pkl::all_scenarios[(""mice"", ""block7d"")]"
MICE,block7d,deterministic,333,17704,2021-05-17,1.20000006146729,0.16400000019930305,1,"C:\Users\yasemin.bozkurt\Desktop\article\DLPIF-repo-update\src\baseline_results.pkl::all_scenarios[(""mice"", ""block7d"")]"
MICE,block7d,deterministic,337,17704,2021-05-18,0.0,0.03200000100187026,1,"C:\Users\yasemin.bozkurt\Desktop\article\DLPIF-repo-update\src\baseline_results.pkl::all_scenarios[(""mice"", ""block7d"")]"
MICE,block7d,deterministic,341,17704,2021-05-19,0.0,0.07600000211969019,1,"C:\Users\yasemin.bozkurt\Desktop\article\DLPIF-repo-update\src\baseline_results.pkl::all_scenarios[(""mice"", ""block7d"")]"
MICE,block7d,deterministic,359,17750,2021-05-23,0.0,0.7240000499412418,1,"C:\Users\yasemin.bozkurt\Desktop\article\DLPIF-repo-update\src\baseline_results.pkl::all_scenarios[(""mice"", ""block7d"")]"
MICE,block7d,deterministic,363,17750,2021-05-24,0.0,0.6280000157654286,1,"C:\Users\yasemin.bozkurt\Desktop\article\DLPIF-repo-update\src\baseline_results.pkl::all_scenarios[(""mice"", ""block7d"")]"
MICE,block7d,deterministic,367,17750,2021-05-25,0.0,0.0,1,"C:\Users\yasemin.bozkurt\Desktop\article\DLPIF-repo-update\src\baseline_results.pkl::all_scenarios[(""mice"", ""block7d"")]"
MICE,block7d,deterministic,369,17704,2021-05-26,0.0,0.0,1,"C:\Users\yasemin.bozkurt\Desktop\article\DLPIF-repo-update\src\baseline_results.pkl::all_scenarios[(""mice"", ""block7d"")]"
MICE,block7d,deterministic,371,17750,2021-05-26,0.0,0.0,1,"C:\Users\yasemin.bozkurt\Desktop\article\DLPIF-repo-update\src\baseline_results.pkl::all_scenarios[(""mice"", ""block7d"")]"
MICE,block7d,deterministic,373,17704,2021-05-27,0.0,0.06000000057974831,1,"C:\Users\yasemin.bozkurt\Desktop\article\DLPIF-repo-update\src\baseline_results.pkl::all_scenarios[(""mice"", ""block7d"")]"
MICE,block7d,deterministic,375,17750,2021-05-27,0.0,0.008000000250467565,1,"C:\Users\yasemin.bozkurt\Desktop\article\DLPIF-repo-update\src\baseline_results.pkl::all_scenarios[(""mice"", ""block7d"")]"
MICE,block7d,deterministic,377,17704,2021-05-28,0.8000000188127161,1.1680001165717842,1,"C:\Users\yasemin.bozkurt\Desktop\article\DLPIF-repo-update\src\baseline_results.pkl::all_scenarios[(""mice"", ""block7d"")]"
MICE,block7d,deterministic,379,17750,2021-05-28,0.0,0.08399999665562065,1,"C:\Users\yasemin.bozkurt\Desktop\article\DLPIF-repo-update\src\baseline_results.pkl::all_scenarios[(""mice"", ""block7d"")]"
MICE,block7d,deterministic,381,17704,2021-05-29,0.0,2.5000001169741157,1,"C:\Users\yasemin.bozkurt\Desktop\article\DLPIF-repo-update\src\baseline_results.pkl::all_scenarios[(""mice"", ""block7d"")]"
MICE,block7d,deterministic,383,17750,2021-05-29,0.0,0.6680000133812428,1,"C:\Users\yasemin.bozkurt\Desktop\article\DLPIF-repo-update\src\baseline_results.pkl::all_scenarios[(""mice"", ""block7d"")]"
MICE,block7d,deterministic,385,17704,2021-05-30,0.0,0.0800000035436824,1,"C:\Users\yasemin.bozkurt\Desktop\article\DLPIF-repo-update\src\baseline_results.pkl::all_scenarios[(""mice"", ""block7d"")]"
MICE,block7d,deterministic,389,17704,2021-05-31,5.2000002220273025,2.740000102669001,1,"C:\Users\yasemin.bozkurt\Desktop\article\DLPIF-repo-update\src\baseline_results.pkl::all_scenarios[(""mice"", ""block7d"")]"
MICE,block7d,deterministic,393,17704,2021-06-01,9.200000515580179,6.6040000319480905,1,"C:\Users\yasemin.bozkurt\Desktop\article\DLPIF-repo-update\src\baseline_results.pkl::all_scenarios[(""mice"", ""block7d"")]"
MICE,block7d,deterministic,394,17748,2021-06-01,1.0000000068917871,4.380000004917384,1,"C:\Users\yasemin.bozkurt\Desktop\article\DLPIF-repo-update\src\baseline_results.pkl::all_scenarios[(""mice"", ""block7d"")]"
MICE,block7d,deterministic,398,17748,2021-06-02,5.600000198185445,1.7480000820010901,1,"C:\Users\yasemin.bozkurt\Desktop\article\DLPIF-repo-update\src\baseline_results.pkl::all_scenarios[(""mice"", ""block7d"")]"
MICE,block7d,deterministic,402,17748,2021-06-03,1.0000000068917871,0.7639999810606242,1,"C:\Users\yasemin.bozkurt\Desktop\article\DLPIF-repo-update\src\baseline_results.pkl::all_scenarios[(""mice"", ""block7d"")]"
MICE,block7d,deterministic,406,17748,2021-06-04,0.0,0.8200000176206231,1,"C:\Users\yasemin.bozkurt\Desktop\article\DLPIF-repo-update\src\baseline_results.pkl::all_scenarios[(""mice"", ""block7d"")]"
MICE,block7d,deterministic,410,17748,2021-06-05,0.0,0.6400000283494592,1,"C:\Users\yasemin.bozkurt\Desktop\article\DLPIF-repo-update\src\baseline_results.pkl::all_scenarios[(""mice"", ""block7d"")]"
MICE,block7d,deterministic,414,17748,2021-06-06,0.0,0.8280000038444997,1,"C:\Users\yasemin.bozkurt\Desktop\article\DLPIF-repo-update\src\baseline_results.pkl::all_scenarios[(""mice"", ""block7d"")]"
MICE,block7d,deterministic,418,17748,2021-06-07,0.0,0.31600002106279135,1,"C:\Users\yasemin.bozkurt\Desktop\article\DLPIF-repo-update\src\baseline_results.pkl::all_scenarios[(""mice"", ""block7d"")]"
MICE,block7d,deterministic,424,17155,2021-06-09,6.800000126659871,1.3560000255703928,1,"C:\Users\yasemin.bozkurt\Desktop\article\DLPIF-repo-update\src\baseline_results.pkl::all_scenarios[(""mice"", ""block7d"")]"
MICE,block7d,deterministic,428,17155,2021-06-10,0.40000000940635805,10.173999819159508,1,"C:\Users\yasemin.bozkurt\Desktop\article\DLPIF-repo-update\src\baseline_results.pkl::all_scenarios[(""mice"", ""block7d"")]"
MICE,block7d,deterministic,432,17155,2021-06-11,7.800000067055226,3.1160001866519456,1,"C:\Users\yasemin.bozkurt\Desktop\article\DLPIF-repo-update\src\baseline_results.pkl::all_scenarios[(""mice"", ""block7d"")]"
MICE,block7d,deterministic,436,17155,2021-06-12,3.0000000871717933,4.018000079691411,1,"C:\Users\yasemin.bozkurt\Desktop\article\DLPIF-repo-update\src\baseline_results.pkl::all_scenarios[(""mice"", ""block7d"")]"
MICE,block7d,deterministic,440,17155,2021-06-13,0.20000000470317902,1.1720000099390746,1,"C:\Users\yasemin.bozkurt\Desktop\article\DLPIF-repo-update\src\baseline_results.pkl::all_scenarios[(""mice"", ""block7d"")]"
MICE,block7d,deterministic,444,17155,2021-06-14,1.6000000376254322,2.368000178039074,1,"C:\Users\yasemin.bozkurt\Desktop\article\DLPIF-repo-update\src\baseline_results.pkl::all_scenarios[(""mice"", ""block7d"")]"
MICE,block7d,deterministic,448,17155,2021-06-15,10.400000444054605,8.332000248134136,1,"C:\Users\yasemin.bozkurt\Desktop\article\DLPIF-repo-update\src\baseline_results.pkl::all_scenarios[(""mice"", ""block7d"")]"
MICE,block7d,deterministic,472,17155,2021-06-21,8.800000007450581,10.918000200390816,1,"C:\Users\yasemin.bozkurt\Desktop\article\DLPIF-repo-update\src\baseline_results.pkl::all_scenarios[(""mice"", ""block7d"")]"
MICE,block7d,deterministic,476,17155,2021-06-22,2.8000000990927223,6.564000034332276,1,"C:\Users\yasemin.bozkurt\Desktop\article\DLPIF-repo-update\src\baseline_results.pkl::all_scenarios[(""mice"", ""block7d"")]"
MICE,block7d,deterministic,480,17155,2021-06-23,12.600000312924386,6.216000267863274,1,"C:\Users\yasemin.bozkurt\Desktop\article\DLPIF-repo-update\src\baseline_results.pkl::all_scenarios[(""mice"", ""block7d"")]"
MICE,block7d,deterministic,484,17155,2021-06-24,1.6000000376254322,4.1320002324879175,1,"C:\Users\yasemin.bozkurt\Desktop\article\DLPIF-repo-update\src\baseline_results.pkl::all_scenarios[(""mice"", ""block7d"")]"
MICE,block7d,deterministic,488,17155,2021-06-25,0.0,0.5760000055655837,1,"C:\Users\yasemin.bozkurt\Desktop\article\DLPIF-repo-update\src\baseline_results.pkl::all_scenarios[(""mice"", ""block7d"")]"
MICE,block7d,deterministic,492,17155,2021-06-26,0.0,0.004000000125233783,1,"C:\Users\yasemin.bozkurt\Desktop\article\DLPIF-repo-update\src\baseline_results.pkl::all_scenarios[(""mice"", ""block7d"")]"
MICE,block7d,deterministic,496,17155,2021-06-27,0.0,1.144000091403723,1,"C:\Users\yasemin.bozkurt\Desktop\article\DLPIF-repo-update\src\baseline_results.pkl::all_scenarios[(""mice"", ""block7d"")]"
MICE,block7d,deterministic,523,17750,2021-07-03,0.0,1.1920000087469818,1,"C:\Users\yasemin.bozkurt\Desktop\article\DLPIF-repo-update\src\baseline_results.pkl::all_scenarios[(""mice"", ""block7d"")]"
MICE,block7d,deterministic,527,17750,2021-07-04,0.600000030733645,0.09199999950360507,1,"C:\Users\yasemin.bozkurt\Desktop\article\DLPIF-repo-update\src\baseline_results.pkl::all_scenarios[(""mice"", ""block7d"")]"
MICE,block7d,deterministic,531,17750,2021-07-05,0.0,0.004000000125233783,1,"C:\Users\yasemin.bozkurt\Desktop\article\DLPIF-repo-update\src\baseline_results.pkl::all_scenarios[(""mice"", ""block7d"")]"
MICE,block7d,deterministic,535,17750,2021-07-06,0.0,0.10800000519957394,1,"C:\Users\yasemin.bozkurt\Desktop\article\DLPIF-repo-update\src\baseline_results.pkl::all_scenarios[(""mice"", ""block7d"")]"
MICE,block7d,deterministic,539,17750,2021-07-07,0.0,0.008000000250467565,1,"C:\Users\yasemin.bozkurt\Desktop\article\DLPIF-repo-update\src\baseline_results.pkl::all_scenarios[(""mice"", ""block7d"")]"
MICE,block7d,deterministic,543,17750,2021-07-08,0.0,3.1439999721944334,1,"C:\Users\yasemin.bozkurt\Desktop\article\DLPIF-repo-update\src\baseline_results.pkl::all_scenarios[(""mice"", ""block7d"")]"
MICE,block7d,deterministic,547,17750,2021-07-09,0.0,0.3280000003986061,1,"C:\Users\yasemin.bozkurt\Desktop\article\DLPIF-repo-update\src\baseline_results.pkl::all_scenarios[(""mice"", ""block7d"")]"
MICE,block7d,deterministic,595,17750,2021-07-21,0.0,0.0,1,"C:\Users\yasemin.bozkurt\Desktop\article\DLPIF-repo-update\src\baseline_results.pkl::all_scenarios[(""mice"", ""block7d"")]"
MICE,block7d,deterministic,599,17750,2021-07-22,0.0,0.012000000115949662,1,"C:\Users\yasemin.bozkurt\Desktop\article\DLPIF-repo-update\src\baseline_results.pkl::all_scenarios[(""mice"", ""block7d"")]"
MICE,block7d,deterministic,603,17750,2021-07-23,0.0,0.49600001033395535,1,"C:\Users\yasemin.bozkurt\Desktop\article\DLPIF-repo-update\src\baseline_results.pkl::all_scenarios[(""mice"", ""block7d"")]"
MICE,block7d,deterministic,607,17750,2021-07-24,0.0,0.07200000069569797,1,"C:\Users\yasemin.bozkurt\Desktop\article\DLPIF-repo-update\src\baseline_results.pkl::all_scenarios[(""mice"", ""block7d"")]"
MICE,block7d,deterministic,611,17750,2021-07-25,0.20000000470317902,1.9720000952482226,1,"C:\Users\yasemin.bozkurt\Desktop\article\DLPIF-repo-update\src\baseline_results.pkl::all_scenarios[(""mice"", ""block7d"")]"
MICE,block7d,deterministic,615,17750,2021-07-26,0.20000000470317902,0.4760000115260482,1,"C:\Users\yasemin.bozkurt\Desktop\article\DLPIF-repo-update\src\baseline_results.pkl::all_scenarios[(""mice"", ""block7d"")]"
MICE,block7d,deterministic,619,17750,2021-07-27,0.0,0.24400001205503943,1,"C:\Users\yasemin.bozkurt\Desktop\article\DLPIF-repo-update\src\baseline_results.pkl::all_scenarios[(""mice"", ""block7d"")]"
MICE,block7d,deterministic,629,17704,2021-07-30,0.0,0.0,1,"C:\Users\yasemin.bozkurt\Desktop\article\DLPIF-repo-update\src\baseline_results.pkl::all_scenarios[(""mice"", ""block7d"")]"
MICE,block7d,deterministic,633,17704,2021-07-31,0.0,0.0,1,"C:\Users\yasemin.bozkurt\Desktop\article\DLPIF-repo-update\src\baseline_results.pkl::all_scenarios[(""mice"", ""block7d"")]"
MICE,block7d,deterministic,637,17704,2021-08-01,0.0,0.0,1,"C:\Users\yasemin.bozkurt\Desktop\article\DLPIF-repo-update\src\baseline_results.pkl::all_scenarios[(""mice"", ""block7d"")]"
MICE,block7d,deterministic,641,17704,2021-08-02,0.0,0.0,1,"C:\Users\yasemin.bozkurt\Desktop\article\DLPIF-repo-update\src\baseline_results.pkl::all_scenarios[(""mice"", ""block7d"")]"
MICE,block7d,deterministic,642,17748,2021-08-02,0.0,0.03600000034784898,1,"C:\Users\yasemin.bozkurt\Desktop\article\DLPIF-repo-update\src\baseline_results.pkl::all_scenarios[(""mice"", ""block7d"")]"
MICE,block7d,deterministic,645,17704,2021-08-03,0.0,0.0,1,"C:\Users\yasemin.bozkurt\Desktop\article\DLPIF-repo-update\src\baseline_results.pkl::all_scenarios[(""mice"", ""block7d"")]"
MICE,block7d,deterministic,646,17748,2021-08-03,0.0,0.03200000100187026,1,"C:\Users\yasemin.bozkurt\Desktop\article\DLPIF-repo-update\src\baseline_results.pkl::all_scenarios[(""mice"", ""block7d"")]"
MICE,block7d,deterministic,649,17704,2021-08-04,0.0,0.0,1,"C:\Users\yasemin.bozkurt\Desktop\article\DLPIF-repo-update\src\baseline_results.pkl::all_scenarios[(""mice"", ""block7d"")]"
MICE,block7d,deterministic,650,17748,2021-08-04,0.0,0.008000000250467565,1,"C:\Users\yasemin.bozkurt\Desktop\article\DLPIF-repo-update\src\baseline_results.pkl::all_scenarios[(""mice"", ""block7d"")]"
MICE,block7d,deterministic,653,17704,2021-08-05,0.0,0.0,1,"C:\Users\yasemin.bozkurt\Desktop\article\DLPIF-repo-update\src\baseline_results.pkl::all_scenarios[(""mice"", ""block7d"")]"
MICE,block7d,deterministic,654,17748,2021-08-05,0.0,0.06000000057974831,1,"C:\Users\yasemin.bozkurt\Desktop\article\DLPIF-repo-update\src\baseline_results.pkl::all_scenarios[(""mice"", ""block7d"")]"
MICE,block7d,deterministic,658,17748,2021-08-06,0.0,0.0,1,"C:\Users\yasemin.bozkurt\Desktop\article\DLPIF-repo-update\src\baseline_results.pkl::all_scenarios[(""mice"", ""block7d"")]"
MICE,block7d,deterministic,662,17748,2021-08-07,0.0,1.107999987155199,1,"C:\Users\yasemin.bozkurt\Desktop\article\DLPIF-repo-update\src\baseline_results.pkl::all_scenarios[(""mice"", ""block7d"")]"
MICE,block7d,deterministic,666,17748,2021-08-08,0.0,0.6560000007972122,1,"C:\Users\yasemin.bozkurt\Desktop\article\DLPIF-repo-update\src\baseline_results.pkl::all_scenarios[(""mice"", ""block7d"")]"
MICE,block7d,deterministic,672,17155,2021-08-10,0.0,0.0,1,"C:\Users\yasemin.bozkurt\Desktop\article\DLPIF-repo-update\src\baseline_results.pkl::all_scenarios[(""mice"", ""block7d"")]"
MICE,block7d,deterministic,675,17750,2021-08-10,0.0,0.0,1,"C:\Users\yasemin.bozkurt\Desktop\article\DLPIF-repo-update\src\baseline_results.pkl::all_scenarios[(""mice"", ""block7d"")]"
MICE,block7d,deterministic,676,17155,2021-08-11,0.0,0.5440000274218619,1,"C:\Users\yasemin.bozkurt\Desktop\article\DLPIF-repo-update\src\baseline_results.pkl::all_scenarios[(""mice"", ""block7d"")]"
MICE,block7d,deterministic,679,17750,2021-08-11,0.0,0.052000001887790866,1,"C:\Users\yasemin.bozkurt\Desktop\article\DLPIF-repo-update\src\baseline_results.pkl::all_scenarios[(""mice"", ""block7d"")]"
MICE,block7d,deterministic,680,17155,2021-08-12,0.0,0.1600000070873648,1,"C:\Users\yasemin.bozkurt\Desktop\article\DLPIF-repo-update\src\baseline_results.pkl::all_scenarios[(""mice"", ""block7d"")]"
MICE,block7d,deterministic,683,17750,2021-08-12,0.0,0.04399999903980643,1,"C:\Users\yasemin.bozkurt\Desktop\article\DLPIF-repo-update\src\baseline_results.pkl::all_scenarios[(""mice"", ""block7d"")]"
MICE,block7d,deterministic,684,17155,2021-08-13,0.0,1.2480001118034125,1,"C:\Users\yasemin.bozkurt\Desktop\article\DLPIF-repo-update\src\baseline_results.pkl::all_scenarios[(""mice"", ""block7d"")]"
MICE,block7d,deterministic,687,17750,2021-08-13,0.0,0.19600001159124078,1,"C:\Users\yasemin.bozkurt\Desktop\article\DLPIF-repo-update\src\baseline_results.pkl::all_scenarios[(""mice"", ""block7d"")]"
MICE,block7d,deterministic,688,17155,2021-08-14,0.0,0.4560000127181411,1,"C:\Users\yasemin.bozkurt\Desktop\article\DLPIF-repo-update\src\baseline_results.pkl::all_scenarios[(""mice"", ""block7d"")]"
MICE,block7d,deterministic,691,17750,2021-08-14,0.0,0.03600000034784898,1,"C:\Users\yasemin.bozkurt\Desktop\article\DLPIF-repo-update\src\baseline_results.pkl::all_scenarios[(""mice"", ""block7d"")]"
MICE,block7d,deterministic,692,17155,2021-08-15,0.0,0.06000000057974831,1,"C:\Users\yasemin.bozkurt\Desktop\article\DLPIF-repo-update\src\baseline_results.pkl::all_scenarios[(""mice"", ""block7d"")]"
MICE,block7d,deterministic,695,17750,2021-08-15,0.0,0.0200000008859206,1,"C:\Users\yasemin.bozkurt\Desktop\article\DLPIF-repo-update\src\baseline_results.pkl::all_scenarios[(""mice"", ""block7d"")]"
MICE,block7d,deterministic,696,17155,2021-08-16,0.0,0.01600000050093513,1,"C:\Users\yasemin.bozkurt\Desktop\article\DLPIF-repo-update\src\baseline_results.pkl::all_scenarios[(""mice"", ""block7d"")]"
MICE,block7d,deterministic,699,17750,2021-08-16,0.0,0.008000000250467565,1,"C:\Users\yasemin.bozkurt\Desktop\article\DLPIF-repo-update\src\baseline_results.pkl::all_scenarios[(""mice"", ""block7d"")]"
MICE,block7d,deterministic,761,17704,2021-09-01,0.0,0.24400001205503943,1,"C:\Users\yasemin.bozkurt\Desktop\article\DLPIF-repo-update\src\baseline_results.pkl::all_scenarios[(""mice"", ""block7d"")]"
MICE,block7d,deterministic,765,17704,2021-09-02,0.0,0.01600000050093513,1,"C:\Users\yasemin.bozkurt\Desktop\article\DLPIF-repo-update\src\baseline_results.pkl::all_scenarios[(""mice"", ""block7d"")]"
MICE,block7d,deterministic,769,17704,2021-09-03,0.0,0.03600000034784898,1,"C:\Users\yasemin.bozkurt\Desktop\article\DLPIF-repo-update\src\baseline_results.pkl::all_scenarios[(""mice"", ""block7d"")]"
MICE,block7d,deterministic,770,17748,2021-09-03,0.0,0.08400000496767462,1,"C:\Users\yasemin.bozkurt\Desktop\article\DLPIF-repo-update\src\baseline_results.pkl::all_scenarios[(""mice"", ""block7d"")]"
MICE,block7d,deterministic,773,17704,2021-09-04,0.0,0.004000000125233783,1,"C:\Users\yasemin.bozkurt\Desktop\article\DLPIF-repo-update\src\baseline_results.pkl::all_scenarios[(""mice"", ""block7d"")]"
MICE,block7d,deterministic,774,17748,2021-09-04,0.0,0.9279999978840352,1,"C:\Users\yasemin.bozkurt\Desktop\article\DLPIF-repo-update\src\baseline_results.pkl::all_scenarios[(""mice"", ""block7d"")]"
MICE,block7d,deterministic,777,17704,2021-09-05,0.0,1.1679999835789205,1,"C:\Users\yasemin.bozkurt\Desktop\article\DLPIF-repo-update\src\baseline_results.pkl::all_scenarios[(""mice"", ""block7d"")]"
MICE,block7d,deterministic,778,17748,2021-09-05,0.0,2.2635999821126465,1,"C:\Users\yasemin.bozkurt\Desktop\article\DLPIF-repo-update\src\baseline_results.pkl::all_scenarios[(""mice"", ""block7d"")]"
MICE,block7d,deterministic,781,17704,2021-09-06,0.0,1.7680000808089973,1,"C:\Users\yasemin.bozkurt\Desktop\article\DLPIF-repo-update\src\baseline_results.pkl::all_scenarios[(""mice"", ""block7d"")]"
MICE,block7d,deterministic,782,17748,2021-09-06,0.0,0.16400000019930305,1,"C:\Users\yasemin.bozkurt\Desktop\article\DLPIF-repo-update\src\baseline_results.pkl::all_scenarios[(""mice"", ""block7d"")]"
MICE,block7d,deterministic,785,17704,2021-09-07,0.0,1.6280000891536475,1,"C:\Users\yasemin.bozkurt\Desktop\article\DLPIF-repo-update\src\baseline_results.pkl::all_scenarios[(""mice"", ""block7d"")]"
MICE,block7d,deterministic,786,17748,2021-09-07,0.0,0.10799999688751996,1,"C:\Users\yasemin.bozkurt\Desktop\article\DLPIF-repo-update\src\baseline_results.pkl::all_scenarios[(""mice"", ""block7d"")]"
MICE,block7d,deterministic,790,17748,2021-09-08,0.0,0.19200001847930254,1,"C:\Users\yasemin.bozkurt\Desktop\article\DLPIF-repo-update\src\baseline_results.pkl::all_scenarios[(""mice"", ""block7d"")]"
MICE,block7d,deterministic,794,17748,2021-09-09,0.0,0.24000000231899324,1,"C:\Users\yasemin.bozkurt\Desktop\article\DLPIF-repo-update\src\baseline_results.pkl::all_scenarios[(""mice"", ""block7d"")]"
MICE,block7d,deterministic,806,17748,2021-09-12,0.0,0.888000000268221,1,"C:\Users\yasemin.bozkurt\Desktop\article\DLPIF-repo-update\src\baseline_results.pkl::all_scenarios[(""mice"", ""block7d"")]"
MICE,block7d,deterministic,810,17748,2021-09-13,0.0,0.5000000034458936,1,"C:\Users\yasemin.bozkurt\Desktop\article\DLPIF-repo-update\src\baseline_results.pkl::all_scenarios[(""mice"", ""block7d"")]"
MICE,block7d,deterministic,814,17748,2021-09-14,0.0,0.6866666922345758,1,"C:\Users\yasemin.bozkurt\Desktop\article\DLPIF-repo-update\src\baseline_results.pkl::all_scenarios[(""mice"", ""block7d"")]"
MICE,block7d,deterministic,818,17748,2021-09-15,0.0,7.950000058114529,1,"C:\Users\yasemin.bozkurt\Desktop\article\DLPIF-repo-update\src\baseline_results.pkl::all_scenarios[(""mice"", ""block7d"")]"
MICE,block7d,deterministic,820,17155,2021-09-16,14.400000205636026,2.092000088095665,1,"C:\Users\yasemin.bozkurt\Desktop\article\DLPIF-repo-update\src\baseline_results.pkl::all_scenarios[(""mice"", ""block7d"")]"
MICE,block7d,deterministic,822,17748,2021-09-16,0.0,1.4280001010745764,1,"C:\Users\yasemin.bozkurt\Desktop\article\DLPIF-repo-update\src\baseline_results.pkl::all_scenarios[(""mice"", ""block7d"")]"
MICE,block7d,deterministic,824,17155,2021-09-17,0.0,0.3960000162944198,1,"C:\Users\yasemin.bozkurt\Desktop\article\DLPIF-repo-update\src\baseline_results.pkl::all_scenarios[(""mice"", ""block7d"")]"
MICE,block7d,deterministic,826,17748,2021-09-17,0.0,1.0279999919235707,1,"C:\Users\yasemin.bozkurt\Desktop\article\DLPIF-repo-update\src\baseline_results.pkl::all_scenarios[(""mice"", ""block7d"")]"
MICE,block7d,deterministic,828,17155,2021-09-18,0.0,0.236000009207055,1,"C:\Users\yasemin.bozkurt\Desktop\article\DLPIF-repo-update\src\baseline_results.pkl::all_scenarios[(""mice"", ""block7d"")]"
MICE,block7d,deterministic,830,17748,2021-09-18,0.0,1.9840000413358214,1,"C:\Users\yasemin.bozkurt\Desktop\article\DLPIF-repo-update\src\baseline_results.pkl::all_scenarios[(""mice"", ""block7d"")]"
MICE,block7d,deterministic,832,17155,2021-09-19,0.0,0.06000000057974831,1,"C:\Users\yasemin.bozkurt\Desktop\article\DLPIF-repo-update\src\baseline_results.pkl::all_scenarios[(""mice"", ""block7d"")]"
MICE,block7d,deterministic,836,17155,2021-09-20,0.0,0.9960000470280648,1,"C:\Users\yasemin.bozkurt\Desktop\article\DLPIF-repo-update\src\baseline_results.pkl::all_scenarios[(""mice"", ""block7d"")]"
MICE,block7d,deterministic,840,17155,2021-09-21,0.0,0.06000000057974831,1,"C:\Users\yasemin.bozkurt\Desktop\article\DLPIF-repo-update\src\baseline_results.pkl::all_scenarios[(""mice"", ""block7d"")]"
MICE,block7d,deterministic,844,17155,2021-09-22,0.0,1.1839999560266734,1,"C:\Users\yasemin.bozkurt\Desktop\article\DLPIF-repo-update\src\baseline_results.pkl::all_scenarios[(""mice"", ""block7d"")]"
MICE,block7d,deterministic,849,17704,2021-09-23,0.20000000470317902,2.0359999850392345,1,"C:\Users\yasemin.bozkurt\Desktop\article\DLPIF-repo-update\src\baseline_results.pkl::all_scenarios[(""mice"", ""block7d"")]"
MICE,block7d,deterministic,853,17704,2021-09-24,0.0,0.12400000258348884,1,"C:\Users\yasemin.bozkurt\Desktop\article\DLPIF-repo-update\src\baseline_results.pkl::all_scenarios[(""mice"", ""block7d"")]"
MICE,block7d,deterministic,857,17704,2021-09-25,0.0,0.03200000100187026,1,"C:\Users\yasemin.bozkurt\Desktop\article\DLPIF-repo-update\src\baseline_results.pkl::all_scenarios[(""mice"", ""block7d"")]"
MICE,block7d,deterministic,861,17704,2021-09-26,0.20000000470317902,0.0400000017718412,1,"C:\Users\yasemin.bozkurt\Desktop\article\DLPIF-repo-update\src\baseline_results.pkl::all_scenarios[(""mice"", ""block7d"")]"
MICE,block7d,deterministic,865,17704,2021-09-27,0.0,0.024000000231899323,1,"C:\Users\yasemin.bozkurt\Desktop\article\DLPIF-repo-update\src\baseline_results.pkl::all_scenarios[(""mice"", ""block7d"")]"
MICE,block7d,deterministic,869,17704,2021-09-28,0.0,0.5880000181496143,1,"C:\Users\yasemin.bozkurt\Desktop\article\DLPIF-repo-update\src\baseline_results.pkl::all_scenarios[(""mice"", ""block7d"")]"
MICE,block7d,deterministic,873,17704,2021-09-29,0.0,0.7759999936446548,1,"C:\Users\yasemin.bozkurt\Desktop\article\DLPIF-repo-update\src\baseline_results.pkl::all_scenarios[(""mice"", ""block7d"")]"
MICE,block7d,deterministic,879,17750,2021-09-30,0.0,1.220000060275197,1,"C:\Users\yasemin.bozkurt\Desktop\article\DLPIF-repo-update\src\baseline_results.pkl::all_scenarios[(""mice"", ""block7d"")]"
MICE,block7d,deterministic,883,17750,2021-10-01,0.0,1.8359999969601632,1,"C:\Users\yasemin.bozkurt\Desktop\article\DLPIF-repo-update\src\baseline_results.pkl::all_scenarios[(""mice"", ""block7d"")]"
MICE,block7d,deterministic,884,17155,2021-10-02,0.0,1.220000060275197,1,"C:\Users\yasemin.bozkurt\Desktop\article\DLPIF-repo-update\src\baseline_results.pkl::all_scenarios[(""mice"", ""block7d"")]"
MICE,block7d,deterministic,887,17750,2021-10-02,0.0,6.1319998472929,1,"C:\Users\yasemin.bozkurt\Desktop\article\DLPIF-repo-update\src\baseline_results.pkl::all_scenarios[(""mice"", ""block7d"")]"
MICE,block7d,deterministic,888,17155,2021-10-03,0.0,1.8800000209361316,1,"C:\Users\yasemin.bozkurt\Desktop\article\DLPIF-repo-update\src\baseline_results.pkl::all_scenarios[(""mice"", ""block7d"")]"
MICE,block7d,deterministic,891,17750,2021-10-03,0.0,0.02800000165589154,1,"C:\Users\yasemin.bozkurt\Desktop\article\DLPIF-repo-update\src\baseline_results.pkl::all_scenarios[(""mice"", ""block7d"")]"
MICE,block7d,deterministic,892,17155,2021-10-04,0.0,0.38400000371038917,1,"C:\Users\yasemin.bozkurt\Desktop\article\DLPIF-repo-update\src\baseline_results.pkl::all_scenarios[(""mice"", ""block7d"")]"
MICE,block7d,deterministic,895,17750,2021-10-04,0.0,0.0,1,"C:\Users\yasemin.bozkurt\Desktop\article\DLPIF-repo-update\src\baseline_results.pkl::all_scenarios[(""mice"", ""block7d"")]"
MICE,block7d,deterministic,896,17155,2021-10-05,0.0,0.692000038549304,1,"C:\Users\yasemin.bozkurt\Desktop\article\DLPIF-repo-update\src\baseline_results.pkl::all_scenarios[(""mice"", ""block7d"")]"
MICE,block7d,deterministic,899,17750,2021-10-05,0.0,0.05599999915575609,1,"C:\Users\yasemin.bozkurt\Desktop\article\DLPIF-repo-update\src\baseline_results.pkl::all_scenarios[(""mice"", ""block7d"")]"
MICE,block7d,deterministic,900,17155,2021-10-06,0.0,1.5240000687539579,1,"C:\Users\yasemin.bozkurt\Desktop\article\DLPIF-repo-update\src\baseline_results.pkl::all_scenarios[(""mice"", ""block7d"")]"
MICE,block7d,deterministic,903,17750,2021-10-06,0.0,0.004000000125233783,1,"C:\Users\yasemin.bozkurt\Desktop\article\DLPIF-repo-update\src\baseline_results.pkl::all_scenarios[(""mice"", ""block7d"")]"
MICE,block7d,deterministic,904,17155,2021-10-07,0.0,2.420000121742487,1,"C:\Users\yasemin.bozkurt\Desktop\article\DLPIF-repo-update\src\baseline_results.pkl::all_scenarios[(""mice"", ""block7d"")]"
MICE,block7d,deterministic,908,17155,2021-10-08,0.0,0.39200002318248156,1,"C:\Users\yasemin.bozkurt\Desktop\article\DLPIF-repo-update\src\baseline_results.pkl::all_scenarios[(""mice"", ""block7d"")]"
MICE,block7d,deterministic,950,17748,2021-10-18,0.600000030733645,7.668000394105912,1,"C:\Users\yasemin.bozkurt\Desktop\article\DLPIF-repo-update\src\baseline_results.pkl::all_scenarios[(""mice"", ""block7d"")]"
MICE,block7d,deterministic,954,17748,2021-10-19,0.20000000470317902,6.364000046253205,1,"C:\Users\yasemin.bozkurt\Desktop\article\DLPIF-repo-update\src\baseline_results.pkl::all_scenarios[(""mice"", ""block7d"")]"
MICE,block7d,deterministic,958,17748,2021-10-20,0.0,1.1560000374913217,1,"C:\Users\yasemin.bozkurt\Desktop\article\DLPIF-repo-update\src\baseline_results.pkl::all_scenarios[(""mice"", ""block7d"")]"
MICE,block7d,deterministic,962,17748,2021-10-21,0.0,0.4747800347395242,1,"C:\Users\yasemin.bozkurt\Desktop\article\DLPIF-repo-update\src\baseline_results.pkl::all_scenarios[(""mice"", ""block7d"")]"
MICE,block7d,deterministic,966,17748,2021-10-22,0.0,2.1280000593513253,1,"C:\Users\yasemin.bozkurt\Desktop\article\DLPIF-repo-update\src\baseline_results.pkl::all_scenarios[(""mice"", ""block7d"")]"
MICE,block7d,deterministic,968,17155,2021-10-23,0.0,0.3000000153668225,1,"C:\Users\yasemin.bozkurt\Desktop\article\DLPIF-repo-update\src\baseline_results.pkl::all_scenarios[(""mice"", ""block7d"")]"
MICE,block7d,deterministic,970,17748,2021-10-23,0.0,0.42799999443814163,1,"C:\Users\yasemin.bozkurt\Desktop\article\DLPIF-repo-update\src\baseline_results.pkl::all_scenarios[(""mice"", ""block7d"")]"
MICE,block7d,deterministic,972,17155,2021-10-24,0.0,3.508000110089779,1,"C:\Users\yasemin.bozkurt\Desktop\article\DLPIF-repo-update\src\baseline_results.pkl::all_scenarios[(""mice"", ""block7d"")]"
MICE,block7d,deterministic,974,17748,2021-10-24,0.0,1.3694546476006508,1,"C:\Users\yasemin.bozkurt\Desktop\article\DLPIF-repo-update\src\baseline_results.pkl::all_scenarios[(""mice"", ""block7d"")]"
MICE,block7d,deterministic,976,17155,2021-10-25,0.0,2.2240000270307068,1,"C:\Users\yasemin.bozkurt\Desktop\article\DLPIF-repo-update\src\baseline_results.pkl::all_scenarios[(""mice"", ""block7d"")]"
MICE,block7d,deterministic,980,17155,2021-10-26,0.0,0.03600000034784898,1,"C:\Users\yasemin.bozkurt\Desktop\article\DLPIF-repo-update\src\baseline_results.pkl::all_scenarios[(""mice"", ""block7d"")]"
MICE,block7d,deterministic,984,17155,2021-10-27,0.0,0.052000001887790866,1,"C:\Users\yasemin.bozkurt\Desktop\article\DLPIF-repo-update\src\baseline_results.pkl::all_scenarios[(""mice"", ""block7d"")]"
MICE,block7d,deterministic,988,17155,2021-10-28,0.0,0.37200002437457447,1,"C:\Users\yasemin.bozkurt\Desktop\article\DLPIF-repo-update\src\baseline_results.pkl::all_scenarios[(""mice"", ""block7d"")]"
MICE,block7d,deterministic,992,17155,2021-10-29,0.0,1.3160000279545785,1,"C:\Users\yasemin.bozkurt\Desktop\article\DLPIF-repo-update\src\baseline_results.pkl::all_scenarios[(""mice"", ""block7d"")]"
MICE,block7d,deterministic,1011,17750,2021-11-02,0.40000000940635805,5.637999983131886,1,"C:\Users\yasemin.bozkurt\Desktop\article\DLPIF-repo-update\src\baseline_results.pkl::all_scenarios[(""mice"", ""block7d"")]"
MICE,block7d,deterministic,1015,17750,2021-11-03,10.000000467896463,2.9200000919401647,1,"C:\Users\yasemin.bozkurt\Desktop\article\DLPIF-repo-update\src\baseline_results.pkl::all_scenarios[(""mice"", ""block7d"")]"
MICE,block7d,deterministic,1019,17750,2021-11-04,0.0,0.5480000205338001,1,"C:\Users\yasemin.bozkurt\Desktop\article\DLPIF-repo-update\src\baseline_results.pkl::all_scenarios[(""mice"", ""block7d"")]"
MICE,block7d,deterministic,1023,17750,2021-11-05,0.0,1.6480000879615546,1,"C:\Users\yasemin.bozkurt\Desktop\article\DLPIF-repo-update\src\baseline_results.pkl::all_scenarios[(""mice"", ""block7d"")]"
MICE,block7d,deterministic,1027,17750,2021-11-06,0.20000000470317902,0.5800000319257379,1,"C:\Users\yasemin.bozkurt\Desktop\article\DLPIF-repo-update\src\baseline_results.pkl::all_scenarios[(""mice"", ""block7d"")]"
MICE,block7d,deterministic,1031,17750,2021-11-07,0.0,3.8580000892281534,1,"C:\Users\yasemin.bozkurt\Desktop\article\DLPIF-repo-update\src\baseline_results.pkl::all_scenarios[(""mice"", ""block7d"")]"
MICE,block7d,deterministic,1035,17750,2021-11-08,0.0,0.06000000057974831,1,"C:\Users\yasemin.bozkurt\Desktop\article\DLPIF-repo-update\src\baseline_results.pkl::all_scenarios[(""mice"", ""block7d"")]"
MICE,block7d,deterministic,1072,17155,2021-11-18,0.0,0.5520000136457384,1,"C:\Users\yasemin.bozkurt\Desktop\article\DLPIF-repo-update\src\baseline_results.pkl::all_scenarios[(""mice"", ""block7d"")]"
MICE,block7d,deterministic,1076,17155,2021-11-19,0.0,1.9240000449121,1,"C:\Users\yasemin.bozkurt\Desktop\article\DLPIF-repo-update\src\baseline_results.pkl::all_scenarios[(""mice"", ""block7d"")]"
MICE,block7d,deterministic,1080,17155,2021-11-20,0.20000000470317902,4.3520002193748955,1,"C:\Users\yasemin.bozkurt\Desktop\article\DLPIF-repo-update\src\baseline_results.pkl::all_scenarios[(""mice"", ""block7d"")]"
MICE,block7d,deterministic,1084,17155,2021-11-21,0.0,0.6039999905973673,1,"C:\Users\yasemin.bozkurt\Desktop\article\DLPIF-repo-update\src\baseline_results.pkl::all_scenarios[(""mice"", ""block7d"")]"
MICE,block7d,deterministic,1088,17155,2021-11-22,0.0,0.3600000117905438,1,"C:\Users\yasemin.bozkurt\Desktop\article\DLPIF-repo-update\src\baseline_results.pkl::all_scenarios[(""mice"", ""block7d"")]"
MICE,block7d,deterministic,1092,17155,2021-11-23,0.0,0.9680000619962812,1,"C:\Users\yasemin.bozkurt\Desktop\article\DLPIF-repo-update\src\baseline_results.pkl::all_scenarios[(""mice"", ""block7d"")]"
MICE,block7d,deterministic,1096,17155,2021-11-24,10.200000455975534,4.564000153541565,1,"C:\Users\yasemin.bozkurt\Desktop\article\DLPIF-repo-update\src\baseline_results.pkl::all_scenarios[(""mice"", ""block7d"")]"
MICE,block7d,deterministic,1103,17750,2021-11-25,5.0000002339482315,3.700000045448542,1,"C:\Users\yasemin.bozkurt\Desktop\article\DLPIF-repo-update\src\baseline_results.pkl::all_scenarios[(""mice"", ""block7d"")]"
MICE,block7d,deterministic,1107,17750,2021-11-26,0.0,2.9639999829232697,1,"C:\Users\yasemin.bozkurt\Desktop\article\DLPIF-repo-update\src\baseline_results.pkl::all_scenarios[(""mice"", ""block7d"")]"
MICE,block7d,deterministic,1111,17750,2021-11-27,3.0000000871717933,7.127999894320966,1,"C:\Users\yasemin.bozkurt\Desktop\article\DLPIF-repo-update\src\baseline_results.pkl::all_scenarios[(""mice"", ""block7d"")]"
MICE,block7d,deterministic,1115,17750,2021-11-28,8.800000007450581,5.964000070095063,1,"C:\Users\yasemin.bozkurt\Desktop\article\DLPIF-repo-update\src\baseline_results.pkl::all_scenarios[(""mice"", ""block7d"")]"
MICE,block7d,deterministic,1116,17155,2021-11-29,0.20000000470317902,0.4300000076182187,1,"C:\Users\yasemin.bozkurt\Desktop\article\DLPIF-repo-update\src\baseline_results.pkl::all_scenarios[(""mice"", ""block7d"")]"
MICE,block7d,deterministic,1119,17750,2021-11-29,0.0,1.8319999706000092,1,"C:\Users\yasemin.bozkurt\Desktop\article\DLPIF-repo-update\src\baseline_results.pkl::all_scenarios[(""mice"", ""block7d"")]"
MICE,block7d,deterministic,1120,17155,2021-11-30,19.600000959634784,11.543999737501146,1,"C:\Users\yasemin.bozkurt\Desktop\article\DLPIF-repo-update\src\baseline_results.pkl::all_scenarios[(""mice"", ""block7d"")]"
MICE,block7d,deterministic,1123,17750,2021-11-30,16.600000074505807,6.300000156462193,1,"C:\Users\yasemin.bozkurt\Desktop\article\DLPIF-repo-update\src\baseline_results.pkl::all_scenarios[(""mice"", ""block7d"")]"
MICE,block7d,deterministic,1124,17155,2021-12-01,13.800000241398813,0.9720000218600036,1,"C:\Users\yasemin.bozkurt\Desktop\article\DLPIF-repo-update\src\baseline_results.pkl::all_scenarios[(""mice"", ""block7d"")]"
MICE,block7d,deterministic,1127,17750,2021-12-01,17.20000003874302,3.0920000284910203,1,"C:\Users\yasemin.bozkurt\Desktop\article\DLPIF-repo-update\src\baseline_results.pkl::all_scenarios[(""mice"", ""block7d"")]"
MICE,block7d,deterministic,1128,17155,2021-12-02,0.0,0.0800000035436824,1,"C:\Users\yasemin.bozkurt\Desktop\article\DLPIF-repo-update\src\baseline_results.pkl::all_scenarios[(""mice"", ""block7d"")]"
MICE,block7d,deterministic,1132,17155,2021-12-03,0.20000000470317902,1.0400000045076014,1,"C:\Users\yasemin.bozkurt\Desktop\article\DLPIF-repo-update\src\baseline_results.pkl::all_scenarios[(""mice"", ""block7d"")]"
MICE,block7d,deterministic,1136,17155,2021-12-04,0.20000000470317902,3.2840002298355104,1,"C:\Users\yasemin.bozkurt\Desktop\article\DLPIF-repo-update\src\baseline_results.pkl::all_scenarios[(""mice"", ""block7d"")]"
MICE,block7d,deterministic,1140,17155,2021-12-05,0.8000000188127161,4.4400000013411045,1,"C:\Users\yasemin.bozkurt\Desktop\article\DLPIF-repo-update\src\baseline_results.pkl::all_scenarios[(""mice"", ""block7d"")]"
MICE,block7d,deterministic,1199,17750,2021-12-19,0.600000030733645,2.3720000714063647,1,"C:\Users\yasemin.bozkurt\Desktop\article\DLPIF-repo-update\src\baseline_results.pkl::all_scenarios[(""mice"", ""block7d"")]"
MICE,block7d,deterministic,1203,17750,2021-12-20,0.600000030733645,0.8640000415965915,1,"C:\Users\yasemin.bozkurt\Desktop\article\DLPIF-repo-update\src\baseline_results.pkl::all_scenarios[(""mice"", ""block7d"")]"
MICE,block7d,deterministic,1207,17750,2021-12-21,0.40000000940635805,1.0200000056996943,1,"C:\Users\yasemin.bozkurt\Desktop\article\DLPIF-repo-update\src\baseline_results.pkl::all_scenarios[(""mice"", ""block7d"")]"
MICE,block7d,deterministic,1211,17750,2021-12-22,3.4000000633299354,0.1400000082794577,1,"C:\Users\yasemin.bozkurt\Desktop\article\DLPIF-repo-update\src\baseline_results.pkl::all_scenarios[(""mice"", ""block7d"")]"
MICE,block7d,deterministic,1215,17750,2021-12-23,0.0,0.5400000010617078,1,"C:\Users\yasemin.bozkurt\Desktop\article\DLPIF-repo-update\src\baseline_results.pkl::all_scenarios[(""mice"", ""block7d"")]"
MICE,block7d,deterministic,1219,17750,2021-12-24,0.0,0.10800000519957394,1,"C:\Users\yasemin.bozkurt\Desktop\article\DLPIF-repo-update\src\baseline_results.pkl::all_scenarios[(""mice"", ""block7d"")]"
MICE,block7d,deterministic,1223,17750,2021-12-25,0.0,0.2240000132471323,1,"C:\Users\yasemin.bozkurt\Desktop\article\DLPIF-repo-update\src\baseline_results.pkl::all_scenarios[(""mice"", ""block7d"")]"
MICE,block7d,deterministic,1270,17748,2022-01-06,0.0,5.580000199377538,1,"C:\Users\yasemin.bozkurt\Desktop\article\DLPIF-repo-update\src\baseline_results.pkl::all_scenarios[(""mice"", ""block7d"")]"
MICE,block7d,deterministic,1274,17748,2022-01-07,0.0,1.1920000087469818,1,"C:\Users\yasemin.bozkurt\Desktop\article\DLPIF-repo-update\src\baseline_results.pkl::all_scenarios[(""mice"", ""block7d"")]"
MICE,block7d,deterministic,1278,17748,2022-01-08,0.0,2.495999957621098,1,"C:\Users\yasemin.bozkurt\Desktop\article\DLPIF-repo-update\src\baseline_results.pkl::all_scenarios[(""mice"", ""block7d"")]"
MICE,block7d,deterministic,1282,17748,2022-01-09,2.6000001110136512,8.308000355958939,1,"C:\Users\yasemin.bozkurt\Desktop\article\DLPIF-repo-update\src\baseline_results.pkl::all_scenarios[(""mice"", ""block7d"")]"
MICE,block7d,deterministic,1286,17748,2022-01-10,0.600000030733645,4.960000236332417,1,"C:\Users\yasemin.bozkurt\Desktop\article\DLPIF-repo-update\src\baseline_results.pkl::all_scenarios[(""mice"", ""block7d"")]"
MICE,block7d,deterministic,1290,17748,2022-01-11,3.0000000871717933,4.504000157117844,1,"C:\Users\yasemin.bozkurt\Desktop\article\DLPIF-repo-update\src\baseline_results.pkl::all_scenarios[(""mice"", ""block7d"")]"
MICE,block7d,deterministic,1294,17748,2022-01-12,1.20000006146729,7.02799990028143,1,"C:\Users\yasemin.bozkurt\Desktop\article\DLPIF-repo-update\src\baseline_results.pkl::all_scenarios[(""mice"", ""block7d"")]"
MICE,block7d,deterministic,1332,17155,2022-01-22,12.200000336766244,3.768000094592572,1,"C:\Users\yasemin.bozkurt\Desktop\article\DLPIF-repo-update\src\baseline_results.pkl::all_scenarios[(""mice"", ""block7d"")]"
MICE,block7d,deterministic,1336,17155,2022-01-23,13.600000253319742,6.184000056982041,1,"C:\Users\yasemin.bozkurt\Desktop\article\DLPIF-repo-update\src\baseline_results.pkl::all_scenarios[(""mice"", ""block7d"")]"
MICE,block7d,deterministic,1339,17750,2022-01-23,1.4000000495463611,2.1320000857114794,1,"C:\Users\yasemin.bozkurt\Desktop\article\DLPIF-repo-update\src\baseline_results.pkl::all_scenarios[(""mice"", ""block7d"")]"
MICE,block7d,deterministic,1340,17155,2022-01-24,0.0,0.31199999470263723,1,"C:\Users\yasemin.bozkurt\Desktop\article\DLPIF-repo-update\src\baseline_results.pkl::all_scenarios[(""mice"", ""block7d"")]"
MICE,block7d,deterministic,1343,17750,2022-01-24,0.8000000188127161,0.38000001059845095,1,"C:\Users\yasemin.bozkurt\Desktop\article\DLPIF-repo-update\src\baseline_results.pkl::all_scenarios[(""mice"", ""block7d"")]"
MICE,block7d,deterministic,1344,17155,2022-01-25,0.0,3.6600000478327277,1,"C:\Users\yasemin.bozkurt\Desktop\article\DLPIF-repo-update\src\baseline_results.pkl::all_scenarios[(""mice"", ""block7d"")]"
MICE,block7d,deterministic,1347,17750,2022-01-25,0.0,0.09600000092759729,1,"C:\Users\yasemin.bozkurt\Desktop\article\DLPIF-repo-update\src\baseline_results.pkl::all_scenarios[(""mice"", ""block7d"")]"
MICE,block7d,deterministic,1348,17155,2022-01-26,0.20000000470317902,2.7320000499486925,1,"C:\Users\yasemin.bozkurt\Desktop\article\DLPIF-repo-update\src\baseline_results.pkl::all_scenarios[(""mice"", ""block7d"")]"
MICE,block7d,deterministic,1351,17750,2022-01-26,0.20000000470317902,0.29400000907480717,1,"C:\Users\yasemin.bozkurt\Desktop\article\DLPIF-repo-update\src\baseline_results.pkl::all_scenarios[(""mice"", ""block7d"")]"
MICE,block7d,deterministic,1352,17155,2022-01-27,0.0,0.8680000014603139,1,"C:\Users\yasemin.bozkurt\Desktop\article\DLPIF-repo-update\src\baseline_results.pkl::all_scenarios[(""mice"", ""block7d"")]"
MICE,block7d,deterministic,1355,17750,2022-01-27,0.0,0.15599999735131861,1,"C:\Users\yasemin.bozkurt\Desktop\article\DLPIF-repo-update\src\baseline_results.pkl::all_scenarios[(""mice"", ""block7d"")]"
MICE,block7d,deterministic,1356,17155,2022-01-28,0.0,3.668000100553036,1,"C:\Users\yasemin.bozkurt\Desktop\article\DLPIF-repo-update\src\baseline_results.pkl::all_scenarios[(""mice"", ""block7d"")]"
MICE,block7d,deterministic,1359,17750,2022-01-28,0.0,0.5560000067576767,1,"C:\Users\yasemin.bozkurt\Desktop\article\DLPIF-repo-update\src\baseline_results.pkl::all_scenarios[(""mice"", ""block7d"")]"
MICE,block7d,deterministic,1363,17750,2022-01-29,0.0,0.4760000115260482,1,"C:\Users\yasemin.bozkurt\Desktop\article\DLPIF-repo-update\src\baseline_results.pkl::all_scenarios[(""mice"", ""block7d"")]"
MICE,block7d,deterministic,1420,17155,2022-02-13,0.0,1.9800000149756671,1,"C:\Users\yasemin.bozkurt\Desktop\article\DLPIF-repo-update\src\baseline_results.pkl::all_scenarios[(""mice"", ""block7d"")]"
MICE,block7d,deterministic,1424,17155,2022-02-14,0.0,11.464000806212427,1,"C:\Users\yasemin.bozkurt\Desktop\article\DLPIF-repo-update\src\baseline_results.pkl::all_scenarios[(""mice"", ""block7d"")]"
MICE,block7d,deterministic,1428,17155,2022-02-15,0.0,0.3519999923184514,1,"C:\Users\yasemin.bozkurt\Desktop\article\DLPIF-repo-update\src\baseline_results.pkl::all_scenarios[(""mice"", ""block7d"")]"
MICE,block7d,deterministic,1432,17155,2022-02-16,0.0,0.1159999997355044,1,"C:\Users\yasemin.bozkurt\Desktop\article\DLPIF-repo-update\src\baseline_results.pkl::all_scenarios[(""mice"", ""block7d"")]"
MICE,block7d,deterministic,1436,17155,2022-02-17,0.0,0.01600000050093513,1,"C:\Users\yasemin.bozkurt\Desktop\article\DLPIF-repo-update\src\baseline_results.pkl::all_scenarios[(""mice"", ""block7d"")]"
MICE,block7d,deterministic,1440,17155,2022-02-18,0.0,5.348000000417233,1,"C:\Users\yasemin.bozkurt\Desktop\article\DLPIF-repo-update\src\baseline_results.pkl::all_scenarios[(""mice"", ""block7d"")]"
MICE,block7d,deterministic,1444,17155,2022-02-19,8.000000055134297,0.3879999968223274,1,"C:\Users\yasemin.bozkurt\Desktop\article\DLPIF-repo-update\src\baseline_results.pkl::all_scenarios[(""mice"", ""block7d"")]"
MICE,block7d,deterministic,1450,17748,2022-02-20,0.20000000470317902,0.06400000200374052,1,"C:\Users\yasemin.bozkurt\Desktop\article\DLPIF-repo-update\src\baseline_results.pkl::all_scenarios[(""mice"", ""block7d"")]"
MICE,block7d,deterministic,1454,17748,2022-02-21,0.0,0.02800000165589154,1,"C:\Users\yasemin.bozkurt\Desktop\article\DLPIF-repo-update\src\baseline_results.pkl::all_scenarios[(""mice"", ""block7d"")]"
MICE,block7d,deterministic,1458,17748,2022-02-22,0.0,8.688000333309175,1,"C:\Users\yasemin.bozkurt\Desktop\article\DLPIF-repo-update\src\baseline_results.pkl::all_scenarios[(""mice"", ""block7d"")]"
MICE,block7d,deterministic,1462,17748,2022-02-23,1.20000006146729,6.236000266671181,1,"C:\Users\yasemin.bozkurt\Desktop\article\DLPIF-repo-update\src\baseline_results.pkl::all_scenarios[(""mice"", ""block7d"")]"
MICE,block7d,deterministic,1466,17748,2022-02-24,2.40000012293458,11.004000833630563,1,"C:\Users\yasemin.bozkurt\Desktop\article\DLPIF-repo-update\src\baseline_results.pkl::all_scenarios[(""mice"", ""block7d"")]"
MICE,block7d,deterministic,1470,17748,2022-02-25,6.200000162422658,11.672000581026078,1,"C:\Users\yasemin.bozkurt\Desktop\article\DLPIF-repo-update\src\baseline_results.pkl::all_scenarios[(""mice"", ""block7d"")]"
MICE,block7d,deterministic,1474,17748,2022-02-26,0.600000030733645,3.6000000514090065,1,"C:\Users\yasemin.bozkurt\Desktop\article\DLPIF-repo-update\src\baseline_results.pkl::all_scenarios[(""mice"", ""block7d"")]"
MICE,block7d,deterministic,1497,17704,2022-03-04,0.0,2.3920000702142716,1,"C:\Users\yasemin.bozkurt\Desktop\article\DLPIF-repo-update\src\baseline_results.pkl::all_scenarios[(""mice"", ""block7d"")]"
MICE,block7d,deterministic,1501,17704,2022-03-05,0.0,5.740000189840794,1,"C:\Users\yasemin.bozkurt\Desktop\article\DLPIF-repo-update\src\baseline_results.pkl::all_scenarios[(""mice"", ""block7d"")]"
MICE,block7d,deterministic,1505,17704,2022-03-06,5.600000198185445,7.476000192761422,1,"C:\Users\yasemin.bozkurt\Desktop\article\DLPIF-repo-update\src\baseline_results.pkl::all_scenarios[(""mice"", ""block7d"")]"
MICE,block7d,deterministic,1509,17704,2022-03-07,1.4000000495463611,5.680000193417073,1,"C:\Users\yasemin.bozkurt\Desktop\article\DLPIF-repo-update\src\baseline_results.pkl::all_scenarios[(""mice"", ""block7d"")]"
MICE,block7d,deterministic,1513,17704,2022-03-08,5.0000002339482315,5.6519998759031305,1,"C:\Users\yasemin.bozkurt\Desktop\article\DLPIF-repo-update\src\baseline_results.pkl::all_scenarios[(""mice"", ""block7d"")]"
MICE,block7d,deterministic,1517,17704,2022-03-09,0.40000000940635805,0.7320000361651183,1,"C:\Users\yasemin.bozkurt\Desktop\article\DLPIF-repo-update\src\baseline_results.pkl::all_scenarios[(""mice"", ""block7d"")]"
MICE,block7d,deterministic,1521,17704,2022-03-10,0.0,4.776000353693963,1,"C:\Users\yasemin.bozkurt\Desktop\article\DLPIF-repo-update\src\baseline_results.pkl::all_scenarios[(""mice"", ""block7d"")]"
MICE,block7d,deterministic,1526,17748,2022-03-11,0.0,3.416000168770552,1,"C:\Users\yasemin.bozkurt\Desktop\article\DLPIF-repo-update\src\baseline_results.pkl::all_scenarios[(""mice"", ""block7d"")]"
MICE,block7d,deterministic,1530,17748,2022-03-12,0.0,0.4160000151023269,1,"C:\Users\yasemin.bozkurt\Desktop\article\DLPIF-repo-update\src\baseline_results.pkl::all_scenarios[(""mice"", ""block7d"")]"
MICE,block7d,deterministic,1534,17748,2022-03-13,0.20000000470317902,1.1660000368952752,1,"C:\Users\yasemin.bozkurt\Desktop\article\DLPIF-repo-update\src\baseline_results.pkl::all_scenarios[(""mice"", ""block7d"")]"
MICE,block7d,deterministic,1538,17748,2022-03-14,0.40000000940635805,0.1720000030472875,1,"C:\Users\yasemin.bozkurt\Desktop\article\DLPIF-repo-update\src\baseline_results.pkl::all_scenarios[(""mice"", ""block7d"")]"
MICE,block7d,deterministic,1542,17748,2022-03-15,0.0,0.09199999950360507,1,"C:\Users\yasemin.bozkurt\Desktop\article\DLPIF-repo-update\src\baseline_results.pkl::all_scenarios[(""mice"", ""block7d"")]"
MICE,block7d,deterministic,1546,17748,2022-03-16,0.0,0.01600000050093513,1,"C:\Users\yasemin.bozkurt\Desktop\article\DLPIF-repo-update\src\baseline_results.pkl::all_scenarios[(""mice"", ""block7d"")]"
MICE,block7d,deterministic,1550,17748,2022-03-17,0.0,0.29599998900666835,1,"C:\Users\yasemin.bozkurt\Desktop\article\DLPIF-repo-update\src\baseline_results.pkl::all_scenarios[(""mice"", ""block7d"")]"
MICE,block7d,deterministic,1570,17748,2022-03-22,0.0,0.40200002258643514,1,"C:\Users\yasemin.bozkurt\Desktop\article\DLPIF-repo-update\src\baseline_results.pkl::all_scenarios[(""mice"", ""block7d"")]"
MICE,block7d,deterministic,1574,17748,2022-03-23,0.0,0.5160000091418624,1,"C:\Users\yasemin.bozkurt\Desktop\article\DLPIF-repo-update\src\baseline_results.pkl::all_scenarios[(""mice"", ""block7d"")]"
MICE,block7d,deterministic,1577,17704,2022-03-24,0.0,1.7100000310689212,1,"C:\Users\yasemin.bozkurt\Desktop\article\DLPIF-repo-update\src\baseline_results.pkl::all_scenarios[(""mice"", ""block7d"")]"
MICE,block7d,deterministic,1578,17748,2022-03-24,0.0,0.8520000290125609,1,"C:\Users\yasemin.bozkurt\Desktop\article\DLPIF-repo-update\src\baseline_results.pkl::all_scenarios[(""mice"", ""block7d"")]"
MICE,block7d,deterministic,1581,17704,2022-03-25,0.0,0.6560000007972122,1,"C:\Users\yasemin.bozkurt\Desktop\article\DLPIF-repo-update\src\baseline_results.pkl::all_scenarios[(""mice"", ""block7d"")]"
MICE,block7d,deterministic,1582,17748,2022-03-25,0.0,0.0400000017718412,1,"C:\Users\yasemin.bozkurt\Desktop\article\DLPIF-repo-update\src\baseline_results.pkl::all_scenarios[(""mice"", ""block7d"")]"
MICE,block7d,deterministic,1585,17704,2022-03-26,0.0,0.1760000127833337,1,"C:\Users\yasemin.bozkurt\Desktop\article\DLPIF-repo-update\src\baseline_results.pkl::all_scenarios[(""mice"", ""block7d"")]"
MICE,block7d,deterministic,1586,17748,2022-03-26,0.0,0.5360000079497695,1,"C:\Users\yasemin.bozkurt\Desktop\article\DLPIF-repo-update\src\baseline_results.pkl::all_scenarios[(""mice"", ""block7d"")]"
MICE,block7d,deterministic,1589,17704,2022-03-27,0.0,0.012000000115949662,1,"C:\Users\yasemin.bozkurt\Desktop\article\DLPIF-repo-update\src\baseline_results.pkl::all_scenarios[(""mice"", ""block7d"")]"
MICE,block7d,deterministic,1590,17748,2022-03-27,0.0,0.008000000250467565,1,"C:\Users\yasemin.bozkurt\Desktop\article\DLPIF-repo-update\src\baseline_results.pkl::all_scenarios[(""mice"", ""block7d"")]"
MICE,block7d,deterministic,1593,17704,2022-03-28,0.0,0.03200000100187026,1,"C:\Users\yasemin.bozkurt\Desktop\article\DLPIF-repo-update\src\baseline_results.pkl::all_scenarios[(""mice"", ""block7d"")]"
MICE,block7d,deterministic,1594,17748,2022-03-28,0.0,0.012000000115949662,1,"C:\Users\yasemin.bozkurt\Desktop\article\DLPIF-repo-update\src\baseline_results.pkl::all_scenarios[(""mice"", ""block7d"")]"
MICE,block7d,deterministic,1597,17704,2022-03-29,0.0,1.616000010073185,1,"C:\Users\yasemin.bozkurt\Desktop\article\DLPIF-repo-update\src\baseline_results.pkl::all_scenarios[(""mice"", ""block7d"")]"
MICE,block7d,deterministic,1601,17704,2022-03-30,0.600000030733645,1.0560000434517862,1,"C:\Users\yasemin.bozkurt\Desktop\article\DLPIF-repo-update\src\baseline_results.pkl::all_scenarios[(""mice"", ""block7d"")]"
MICE,block7d,deterministic,1625,17704,2022-04-05,0.0,0.012000000115949662,1,"C:\Users\yasemin.bozkurt\Desktop\article\DLPIF-repo-update\src\baseline_results.pkl::all_scenarios[(""mice"", ""block7d"")]"
MICE,block7d,deterministic,1629,17704,2022-04-06,0.0,0.008000000250467565,1,"C:\Users\yasemin.bozkurt\Desktop\article\DLPIF-repo-update\src\baseline_results.pkl::all_scenarios[(""mice"", ""block7d"")]"
MICE,block7d,deterministic,1633,17704,2022-04-07,0.0,0.3560000186786056,1,"C:\Users\yasemin.bozkurt\Desktop\article\DLPIF-repo-update\src\baseline_results.pkl::all_scenarios[(""mice"", ""block7d"")]"
MICE,block7d,deterministic,1637,17704,2022-04-08,1.4000000495463611,3.680000046640635,1,"C:\Users\yasemin.bozkurt\Desktop\article\DLPIF-repo-update\src\baseline_results.pkl::all_scenarios[(""mice"", ""block7d"")]"
MICE,block7d,deterministic,1641,17704,2022-04-09,0.0,0.01600000050093513,1,"C:\Users\yasemin.bozkurt\Desktop\article\DLPIF-repo-update\src\baseline_results.pkl::all_scenarios[(""mice"", ""block7d"")]"
MICE,block7d,deterministic,1645,17704,2022-04-10,0.0,0.0,1,"C:\Users\yasemin.bozkurt\Desktop\article\DLPIF-repo-update\src\baseline_results.pkl::all_scenarios[(""mice"", ""block7d"")]"
MICE,block7d,deterministic,1649,17704,2022-04-11,2.0000000137835743,1.744000055640936,1,"C:\Users\yasemin.bozkurt\Desktop\article\DLPIF-repo-update\src\baseline_results.pkl::all_scenarios[(""mice"", ""block7d"")]"
MICE,block7d,deterministic,1680,17155,2022-04-19,0.0,3.5400000549852852,1,"C:\Users\yasemin.bozkurt\Desktop\article\DLPIF-repo-update\src\baseline_results.pkl::all_scenarios[(""mice"", ""block7d"")]"
MICE,block7d,deterministic,1684,17155,2022-04-20,1.8000000257045032,0.03200000100187026,1,"C:\Users\yasemin.bozkurt\Desktop\article\DLPIF-repo-update\src\baseline_results.pkl::all_scenarios[(""mice"", ""block7d"")]"
MICE,block7d,deterministic,1688,17155,2022-04-21,0.0,0.41200002199038865,1,"C:\Users\yasemin.bozkurt\Desktop\article\DLPIF-repo-update\src\baseline_results.pkl::all_scenarios[(""mice"", ""block7d"")]"
MICE,block7d,deterministic,1692,17155,2022-04-22,0.0,0.0200000008859206,1,"C:\Users\yasemin.bozkurt\Desktop\article\DLPIF-repo-update\src\baseline_results.pkl::all_scenarios[(""mice"", ""block7d"")]"
MICE,block7d,deterministic,1696,17155,2022-04-23,0.0,0.0,1,"C:\Users\yasemin.bozkurt\Desktop\article\DLPIF-repo-update\src\baseline_results.pkl::all_scenarios[(""mice"", ""block7d"")]"
MICE,block7d,deterministic,1700,17155,2022-04-24,0.0,0.004000000125233783,1,"C:\Users\yasemin.bozkurt\Desktop\article\DLPIF-repo-update\src\baseline_results.pkl::all_scenarios[(""mice"", ""block7d"")]"
MICE,block7d,deterministic,1704,17155,2022-04-25,0.0,0.01600000050093513,1,"C:\Users\yasemin.bozkurt\Desktop\article\DLPIF-repo-update\src\baseline_results.pkl::all_scenarios[(""mice"", ""block7d"")]"
MICE,block7d,deterministic,1707,17750,2022-04-25,0.0,0.008000000250467565,1,"C:\Users\yasemin.bozkurt\Desktop\article\DLPIF-repo-update\src\baseline_results.pkl::all_scenarios[(""mice"", ""block7d"")]"
MICE,block7d,deterministic,1711,17750,2022-04-26,0.0,0.004000000125233783,1,"C:\Users\yasemin.bozkurt\Desktop\article\DLPIF-repo-update\src\baseline_results.pkl::all_scenarios[(""mice"", ""block7d"")]"
MICE,block7d,deterministic,1715,17750,2022-04-27,0.0,0.11600000804755838,1,"C:\Users\yasemin.bozkurt\Desktop\article\DLPIF-repo-update\src\baseline_results.pkl::all_scenarios[(""mice"", ""block7d"")]"
MICE,block7d,deterministic,1719,17750,2022-04-28,0.0,0.0,1,"C:\Users\yasemin.bozkurt\Desktop\article\DLPIF-repo-update\src\baseline_results.pkl::all_scenarios[(""mice"", ""block7d"")]"
MICE,block7d,deterministic,1723,17750,2022-04-29,0.0,0.01600000050093513,1,"C:\Users\yasemin.bozkurt\Desktop\article\DLPIF-repo-update\src\baseline_results.pkl::all_scenarios[(""mice"", ""block7d"")]"
MICE,block7d,deterministic,1727,17750,2022-04-30,0.20000000470317902,2.0040000401437283,1,"C:\Users\yasemin.bozkurt\Desktop\article\DLPIF-repo-update\src\baseline_results.pkl::all_scenarios[(""mice"", ""block7d"")]"
MICE,block7d,deterministic,1731,17750,2022-05-01,0.20000000470317902,0.06800000342773274,1,"C:\Users\yasemin.bozkurt\Desktop\article\DLPIF-repo-update\src\baseline_results.pkl::all_scenarios[(""mice"", ""block7d"")]"
MICE,block7d,deterministic,1744,17155,2022-05-05,1.0000000068917871,4.280000010877848,1,"C:\Users\yasemin.bozkurt\Desktop\article\DLPIF-repo-update\src\baseline_results.pkl::all_scenarios[(""mice"", ""block7d"")]"
MICE,block7d,deterministic,1748,17155,2022-05-06,0.0,0.7840000463649631,1,"C:\Users\yasemin.bozkurt\Desktop\article\DLPIF-repo-update\src\baseline_results.pkl::all_scenarios[(""mice"", ""block7d"")]"
MICE,block7d,deterministic,1752,17155,2022-05-07,0.0,0.9360000506043435,1,"C:\Users\yasemin.bozkurt\Desktop\article\DLPIF-repo-update\src\baseline_results.pkl::all_scenarios[(""mice"", ""block7d"")]"
MICE,block7d,deterministic,1756,17155,2022-05-08,0.0,0.1600000070873648,1,"C:\Users\yasemin.bozkurt\Desktop\article\DLPIF-repo-update\src\baseline_results.pkl::all_scenarios[(""mice"", ""block7d"")]"
MICE,block7d,deterministic,1760,17155,2022-05-09,0.0,0.05600000331178308,1,"C:\Users\yasemin.bozkurt\Desktop\article\DLPIF-repo-update\src\baseline_results.pkl::all_scenarios[(""mice"", ""block7d"")]"
MICE,block7d,deterministic,1762,17748,2022-05-09,0.0,2.348000179231167,1,"C:\Users\yasemin.bozkurt\Desktop\article\DLPIF-repo-update\src\baseline_results.pkl::all_scenarios[(""mice"", ""block7d"")]"
MICE,block7d,deterministic,1764,17155,2022-05-10,0.0,0.0400000017718412,1,"C:\Users\yasemin.bozkurt\Desktop\article\DLPIF-repo-update\src\baseline_results.pkl::all_scenarios[(""mice"", ""block7d"")]"
MICE,block7d,deterministic,1765,17704,2022-05-10,0.0,0.6800000259652734,1,"C:\Users\yasemin.bozkurt\Desktop\article\DLPIF-repo-update\src\baseline_results.pkl::all_scenarios[(""mice"", ""block7d"")]"
MICE,block7d,deterministic,1766,17748,2022-05-10,0.0,1.0840000284835698,1,"C:\Users\yasemin.bozkurt\Desktop\article\DLPIF-repo-update\src\baseline_results.pkl::all_scenarios[(""mice"", ""block7d"")]"
MICE,block7d,deterministic,1768,17155,2022-05-11,0.0,1.0600000033155084,1,"C:\Users\yasemin.bozkurt\Desktop\article\DLPIF-repo-update\src\baseline_results.pkl::all_scenarios[(""mice"", ""block7d"")]"
MICE,block7d,deterministic,1769,17704,2022-05-11,5.4000002101063735,1.6280000891536475,1,"C:\Users\yasemin.bozkurt\Desktop\article\DLPIF-repo-update\src\baseline_results.pkl::all_scenarios[(""mice"", ""block7d"")]"
MICE,block7d,deterministic,1770,17748,2022-05-11,3.0000000871717933,3.668000100553036,1,"C:\Users\yasemin.bozkurt\Desktop\article\DLPIF-repo-update\src\baseline_results.pkl::all_scenarios[(""mice"", ""block7d"")]"
MICE,block7d,deterministic,1771,17750,2022-05-11,0.8000000188127161,3.428000114858151,1,"C:\Users\yasemin.bozkurt\Desktop\article\DLPIF-repo-update\src\baseline_results.pkl::all_scenarios[(""mice"", ""block7d"")]"
MICE,block7d,deterministic,1773,17704,2022-05-12,0.0,0.5680000193417073,1,"C:\Users\yasemin.bozkurt\Desktop\article\DLPIF-repo-update\src\baseline_results.pkl::all_scenarios[(""mice"", ""block7d"")]"
MICE,block7d,deterministic,1774,17748,2022-05-12,4.400000003725291,1.0480000572279096,1,"C:\Users\yasemin.bozkurt\Desktop\article\DLPIF-repo-update\src\baseline_results.pkl::all_scenarios[(""mice"", ""block7d"")]"
MICE,block7d,deterministic,1775,17750,2022-05-12,9.800000479817392,0.42000000821426514,1,"C:\Users\yasemin.bozkurt\Desktop\article\DLPIF-repo-update\src\baseline_results.pkl::all_scenarios[(""mice"", ""block7d"")]"
MICE,block7d,deterministic,1777,17704,2022-05-13,0.0,0.3400000129826367,1,"C:\Users\yasemin.bozkurt\Desktop\article\DLPIF-repo-update\src\baseline_results.pkl::all_scenarios[(""mice"", ""block7d"")]"
MICE,block7d,deterministic,1778,17748,2022-05-13,0.20000000470317902,0.004000000125233783,1,"C:\Users\yasemin.bozkurt\Desktop\article\DLPIF-repo-update\src\baseline_results.pkl::all_scenarios[(""mice"", ""block7d"")]"
MICE,block7d,deterministic,1779,17750,2022-05-13,0.20000000470317902,0.0,1,"C:\Users\yasemin.bozkurt\Desktop\article\DLPIF-repo-update\src\baseline_results.pkl::all_scenarios[(""mice"", ""block7d"")]"
MICE,block7d,deterministic,1781,17704,2022-05-14,0.40000000940635805,0.10000000235158951,1,"C:\Users\yasemin.bozkurt\Desktop\article\DLPIF-repo-update\src\baseline_results.pkl::all_scenarios[(""mice"", ""block7d"")]"
MICE,block7d,deterministic,1782,17748,2022-05-14,6.000000174343587,1.548000093922019,1,"C:\Users\yasemin.bozkurt\Desktop\article\DLPIF-repo-update\src\baseline_results.pkl::all_scenarios[(""mice"", ""block7d"")]"
MICE,block7d,deterministic,1783,17750,2022-05-14,0.8000000188127161,0.004000000125233783,1,"C:\Users\yasemin.bozkurt\Desktop\article\DLPIF-repo-update\src\baseline_results.pkl::all_scenarios[(""mice"", ""block7d"")]"
MICE,block7d,deterministic,1785,17704,2022-05-15,6.200000162422658,0.7760000601410867,1,"C:\Users\yasemin.bozkurt\Desktop\article\DLPIF-repo-update\src\baseline_results.pkl::all_scenarios[(""mice"", ""block7d"")]"
MICE,block7d,deterministic,1786,17748,2022-05-15,0.20000000470317902,1.2800000566989185,1,"C:\Users\yasemin.bozkurt\Desktop\article\DLPIF-repo-update\src\baseline_results.pkl::all_scenarios[(""mice"", ""block7d"")]"
MICE,block7d,deterministic,1787,17750,2022-05-15,4.80000024586916,0.7120000373572112,1,"C:\Users\yasemin.bozkurt\Desktop\article\DLPIF-repo-update\src\baseline_results.pkl::all_scenarios[(""mice"", ""block7d"")]"
MICE,block7d,deterministic,1789,17704,2022-05-16,0.0,0.6560000007972122,1,"C:\Users\yasemin.bozkurt\Desktop\article\DLPIF-repo-update\src\baseline_results.pkl::all_scenarios[(""mice"", ""block7d"")]"
MICE,block7d,deterministic,1791,17750,2022-05-16,0.0,0.2240000132471323,1,"C:\Users\yasemin.bozkurt\Desktop\article\DLPIF-repo-update\src\baseline_results.pkl::all_scenarios[(""mice"", ""block7d"")]"
MICE,block7d,deterministic,1795,17750,2022-05-17,1.0000000068917871,0.15200000423938037,1,"C:\Users\yasemin.bozkurt\Desktop\article\DLPIF-repo-update\src\baseline_results.pkl::all_scenarios[(""mice"", ""block7d"")]"
MICE,block7d,deterministic,1798,17748,2022-05-18,0.20000000470317902,0.16400000019930305,1,"C:\Users\yasemin.bozkurt\Desktop\article\DLPIF-repo-update\src\baseline_results.pkl::all_scenarios[(""mice"", ""block7d"")]"
MICE,block7d,deterministic,1802,17748,2022-05-19,0.0,3.964000189304352,1,"C:\Users\yasemin.bozkurt\Desktop\article\DLPIF-repo-update\src\baseline_results.pkl::all_scenarios[(""mice"", ""block7d"")]"
MICE,block7d,deterministic,1806,17748,2022-05-20,0.20000000470317902,0.5639999929815531,1,"C:\Users\yasemin.bozkurt\Desktop\article\DLPIF-repo-update\src\baseline_results.pkl::all_scenarios[(""mice"", ""block7d"")]"
MICE,block7d,deterministic,1810,17748,2022-05-21,0.0,0.008000000250467565,1,"C:\Users\yasemin.bozkurt\Desktop\article\DLPIF-repo-update\src\baseline_results.pkl::all_scenarios[(""mice"", ""block7d"")]"
MICE,block7d,deterministic,1814,17748,2022-05-22,0.0,0.06000000057974831,1,"C:\Users\yasemin.bozkurt\Desktop\article\DLPIF-repo-update\src\baseline_results.pkl::all_scenarios[(""mice"", ""block7d"")]"
MICE,block7d,deterministic,1818,17748,2022-05-23,0.0,1.3760000243783,1,"C:\Users\yasemin.bozkurt\Desktop\article\DLPIF-repo-update\src\baseline_results.pkl::all_scenarios[(""mice"", ""block7d"")]"
MICE,block7d,deterministic,1820,17155,2022-05-24,0.0,0.024000000231899323,1,"C:\Users\yasemin.bozkurt\Desktop\article\DLPIF-repo-update\src\baseline_results.pkl::all_scenarios[(""mice"", ""block7d"")]"
MICE,block7d,deterministic,1822,17748,2022-05-24,0.0,0.008000000250467565,1,"C:\Users\yasemin.bozkurt\Desktop\article\DLPIF-repo-update\src\baseline_results.pkl::all_scenarios[(""mice"", ""block7d"")]"
MICE,block7d,deterministic,1824,17155,2022-05-25,0.0,0.06400000200374052,1,"C:\Users\yasemin.bozkurt\Desktop\article\DLPIF-repo-update\src\baseline_results.pkl::all_scenarios[(""mice"", ""block7d"")]"
MICE,block7d,deterministic,1828,17155,2022-05-26,0.0,0.3560000186786056,1,"C:\Users\yasemin.bozkurt\Desktop\article\DLPIF-repo-update\src\baseline_results.pkl::all_scenarios[(""mice"", ""block7d"")]"
MICE,block7d,deterministic,1832,17155,2022-05-27,0.40000000940635805,1.4280001010745764,1,"C:\Users\yasemin.bozkurt\Desktop\article\DLPIF-repo-update\src\baseline_results.pkl::all_scenarios[(""mice"", ""block7d"")]"
MICE,block7d,deterministic,1836,17155,2022-05-28,1.0000000068917871,0.1759999961592257,1,"C:\Users\yasemin.bozkurt\Desktop\article\DLPIF-repo-update\src\baseline_results.pkl::all_scenarios[(""mice"", ""block7d"")]"
MICE,block7d,deterministic,1840,17155,2022-05-29,0.0,0.16800000993534925,1,"C:\Users\yasemin.bozkurt\Desktop\article\DLPIF-repo-update\src\baseline_results.pkl::all_scenarios[(""mice"", ""block7d"")]"
MICE,block7d,deterministic,1844,17155,2022-05-30,1.0000000068917871,0.10800000519957394,1,"C:\Users\yasemin.bozkurt\Desktop\article\DLPIF-repo-update\src\baseline_results.pkl::all_scenarios[(""mice"", ""block7d"")]"
MICE,block7d,deterministic,1868,17155,2022-06-05,0.0,0.6120000433176757,1,"C:\Users\yasemin.bozkurt\Desktop\article\DLPIF-repo-update\src\baseline_results.pkl::all_scenarios[(""mice"", ""block7d"")]"
MICE,block7d,deterministic,1872,17155,2022-06-06,0.0,0.024000000231899323,1,"C:\Users\yasemin.bozkurt\Desktop\article\DLPIF-repo-update\src\baseline_results.pkl::all_scenarios[(""mice"", ""block7d"")]"
MICE,block7d,deterministic,1876,17155,2022-06-07,0.0,2.6800001062452794,1,"C:\Users\yasemin.bozkurt\Desktop\article\DLPIF-repo-update\src\baseline_results.pkl::all_scenarios[(""mice"", ""block7d"")]"
MICE,block7d,deterministic,1880,17155,2022-06-08,0.0,2.6300001092255116,1,"C:\Users\yasemin.bozkurt\Desktop\article\DLPIF-repo-update\src\baseline_results.pkl::all_scenarios[(""mice"", ""block7d"")]"
MICE,block7d,deterministic,1884,17155,2022-06-09,0.0,0.7120000373572112,1,"C:\Users\yasemin.bozkurt\Desktop\article\DLPIF-repo-update\src\baseline_results.pkl::all_scenarios[(""mice"", ""block7d"")]"
MICE,block7d,deterministic,1888,17155,2022-06-10,0.8000000188127161,0.13600000685546548,1,"C:\Users\yasemin.bozkurt\Desktop\article\DLPIF-repo-update\src\baseline_results.pkl::all_scenarios[(""mice"", ""block7d"")]"
MICE,block7d,deterministic,1892,17155,2022-06-11,1.0000000068917871,4.418000055849553,1,"C:\Users\yasemin.bozkurt\Desktop\article\DLPIF-repo-update\src\baseline_results.pkl::all_scenarios[(""mice"", ""block7d"")]"
MICE,block7d,deterministic,1915,17750,2022-06-16,2.8000000990927223,1.6980000849813224,1,"C:\Users\yasemin.bozkurt\Desktop\article\DLPIF-repo-update\src\baseline_results.pkl::all_scenarios[(""mice"", ""block7d"")]"
MICE,block7d,deterministic,1919,17750,2022-06-17,5.2000002220273025,4.384000164270401,1,"C:\Users\yasemin.bozkurt\Desktop\article\DLPIF-repo-update\src\baseline_results.pkl::all_scenarios[(""mice"", ""block7d"")]"
MICE,block7d,deterministic,1923,17750,2022-06-18,0.0,1.2720000039786101,1,"C:\Users\yasemin.bozkurt\Desktop\article\DLPIF-repo-update\src\baseline_results.pkl::all_scenarios[(""mice"", ""block7d"")]"
MICE,block7d,deterministic,1927,17750,2022-06-19,9.60000049173832,2.2900001294910908,1,"C:\Users\yasemin.bozkurt\Desktop\article\DLPIF-repo-update\src\baseline_results.pkl::all_scenarios[(""mice"", ""block7d"")]"
MICE,block7d,deterministic,1931,17750,2022-06-20,0.20000000470317902,0.22399999662302436,1,"C:\Users\yasemin.bozkurt\Desktop\article\DLPIF-repo-update\src\baseline_results.pkl::all_scenarios[(""mice"", ""block7d"")]"
MICE,block7d,deterministic,1935,17750,2022-06-21,0.0,0.6520000409334898,1,"C:\Users\yasemin.bozkurt\Desktop\article\DLPIF-repo-update\src\baseline_results.pkl::all_scenarios[(""mice"", ""block7d"")]"
MICE,block7d,deterministic,1939,17750,2022-06-22,0.0,0.1359999985434115,1,"C:\Users\yasemin.bozkurt\Desktop\article\DLPIF-repo-update\src\baseline_results.pkl::all_scenarios[(""mice"", ""block7d"")]"
MICE,block7d,deterministic,1944,17155,2022-06-24,0.0,1.3240000806748868,1,"C:\Users\yasemin.bozkurt\Desktop\article\DLPIF-repo-update\src\baseline_results.pkl::all_scenarios[(""mice"", ""block7d"")]"
MICE,block7d,deterministic,1948,17155,2022-06-25,0.0,1.4719999920576812,1,"C:\Users\yasemin.bozkurt\Desktop\article\DLPIF-repo-update\src\baseline_results.pkl::all_scenarios[(""mice"", ""block7d"")]"
MICE,block7d,deterministic,1952,17155,2022-06-26,0.0,0.8120000313967467,1,"C:\Users\yasemin.bozkurt\Desktop\article\DLPIF-repo-update\src\baseline_results.pkl::all_scenarios[(""mice"", ""block7d"")]"
MICE,block7d,deterministic,1956,17155,2022-06-27,0.0,2.828000150620938,1,"C:\Users\yasemin.bozkurt\Desktop\article\DLPIF-repo-update\src\baseline_results.pkl::all_scenarios[(""mice"", ""block7d"")]"
MICE,block7d,deterministic,1960,17155,2022-06-28,3.0000000871717933,4.308000062406063,1,"C:\Users\yasemin.bozkurt\Desktop\article\DLPIF-repo-update\src\baseline_results.pkl::all_scenarios[(""mice"", ""block7d"")]"
MICE,block7d,deterministic,1962,17748,2022-06-28,0.20000000470317902,4.938000024855137,1,"C:\Users\yasemin.bozkurt\Desktop\article\DLPIF-repo-update\src\baseline_results.pkl::all_scenarios[(""mice"", ""block7d"")]"
MICE,block7d,deterministic,1964,17155,2022-06-29,0.20000000470317902,1.4280001010745764,1,"C:\Users\yasemin.bozkurt\Desktop\article\DLPIF-repo-update\src\baseline_results.pkl::all_scenarios[(""mice"", ""block7d"")]"
MICE,block7d,deterministic,1966,17748,2022-06-29,2.0000000137835743,3.340000066906214,1,"C:\Users\yasemin.bozkurt\Desktop\article\DLPIF-repo-update\src\baseline_results.pkl::all_scenarios[(""mice"", ""block7d"")]"
MICE,block7d,deterministic,1968,17155,2022-06-30,0.0,3.5180001094937325,1,"C:\Users\yasemin.bozkurt\Desktop\article\DLPIF-repo-update\src\baseline_results.pkl::all_scenarios[(""mice"", ""block7d"")]"
MICE,block7d,deterministic,1970,17748,2022-06-30,0.0,1.9220000982284549,1,"C:\Users\yasemin.bozkurt\Desktop\article\DLPIF-repo-update\src\baseline_results.pkl::all_scenarios[(""mice"", ""block7d"")]"
MICE,block7d,deterministic,1974,17748,2022-07-01,0.0,0.4560000127181411,1,"C:\Users\yasemin.bozkurt\Desktop\article\DLPIF-repo-update\src\baseline_results.pkl::all_scenarios[(""mice"", ""block7d"")]"
MICE,block7d,deterministic,1978,17748,2022-07-02,0.0,0.11200000662356616,1,"C:\Users\yasemin.bozkurt\Desktop\article\DLPIF-repo-update\src\baseline_results.pkl::all_scenarios[(""mice"", ""block7d"")]"
MICE,block7d,deterministic,1982,17748,2022-07-03,0.0,0.08400000496767462,1,"C:\Users\yasemin.bozkurt\Desktop\article\DLPIF-repo-update\src\baseline_results.pkl::all_scenarios[(""mice"", ""block7d"")]"
MICE,block7d,deterministic,1986,17748,2022-07-04,0.0,0.0,1,"C:\Users\yasemin.bozkurt\Desktop\article\DLPIF-repo-update\src\baseline_results.pkl::all_scenarios[(""mice"", ""block7d"")]"
MICE,block7d,deterministic,1991,17750,2022-07-05,0.0,0.0,1,"C:\Users\yasemin.bozkurt\Desktop\article\DLPIF-repo-update\src\baseline_results.pkl::all_scenarios[(""mice"", ""block7d"")]"
MICE,block7d,deterministic,1995,17750,2022-07-06,0.0,0.0,1,"C:\Users\yasemin.bozkurt\Desktop\article\DLPIF-repo-update\src\baseline_results.pkl::all_scenarios[(""mice"", ""block7d"")]"
MICE,block7d,deterministic,1999,17750,2022-07-07,0.0,0.0,1,"C:\Users\yasemin.bozkurt\Desktop\article\DLPIF-repo-update\src\baseline_results.pkl::all_scenarios[(""mice"", ""block7d"")]"
MICE,block7d,deterministic,2003,17750,2022-07-08,0.0,0.0,1,"C:\Users\yasemin.bozkurt\Desktop\article\DLPIF-repo-update\src\baseline_results.pkl::all_scenarios[(""mice"", ""block7d"")]"
MICE,block7d,deterministic,2007,17750,2022-07-09,0.0,0.012000000115949662,1,"C:\Users\yasemin.bozkurt\Desktop\article\DLPIF-repo-update\src\baseline_results.pkl::all_scenarios[(""mice"", ""block7d"")]"
MICE,block7d,deterministic,2011,17750,2022-07-10,2.2000000018626453,0.8100000182166697,1,"C:\Users\yasemin.bozkurt\Desktop\article\DLPIF-repo-update\src\baseline_results.pkl::all_scenarios[(""mice"", ""block7d"")]"
MICE,block7d,deterministic,2015,17750,2022-07-11,0.20000000470317902,0.0,1,"C:\Users\yasemin.bozkurt\Desktop\article\DLPIF-repo-update\src\baseline_results.pkl::all_scenarios[(""mice"", ""block7d"")]"
MICE,block7d,deterministic,2048,17155,2022-07-20,0.0,0.5760000055655837,1,"C:\Users\yasemin.bozkurt\Desktop\article\DLPIF-repo-update\src\baseline_results.pkl::all_scenarios[(""mice"", ""block7d"")]"
MICE,block7d,deterministic,2052,17155,2022-07-21,0.0,0.06000000057974831,1,"C:\Users\yasemin.bozkurt\Desktop\article\DLPIF-repo-update\src\baseline_results.pkl::all_scenarios[(""mice"", ""block7d"")]"
MICE,block7d,deterministic,2056,17155,2022-07-22,0.0,0.027999999577878045,1,"C:\Users\yasemin.bozkurt\Desktop\article\DLPIF-repo-update\src\baseline_results.pkl::all_scenarios[(""mice"", ""block7d"")]"
MICE,block7d,deterministic,2060,17155,2022-07-23,0.0,0.008000000250467565,1,"C:\Users\yasemin.bozkurt\Desktop\article\DLPIF-repo-update\src\baseline_results.pkl::all_scenarios[(""mice"", ""block7d"")]"
MICE,block7d,deterministic,2064,17155,2022-07-24,0.0,0.004000000125233783,1,"C:\Users\yasemin.bozkurt\Desktop\article\DLPIF-repo-update\src\baseline_results.pkl::all_scenarios[(""mice"", ""block7d"")]"
MICE,block7d,deterministic,2068,17155,2022-07-25,0.0,0.0,1,"C:\Users\yasemin.bozkurt\Desktop\article\DLPIF-repo-update\src\baseline_results.pkl::all_scenarios[(""mice"", ""block7d"")]"
MICE,block7d,deterministic,2072,17155,2022-07-26,0.0,0.012000000115949662,1,"C:\Users\yasemin.bozkurt\Desktop\article\DLPIF-repo-update\src\baseline_results.pkl::all_scenarios[(""mice"", ""block7d"")]"
MICE,block7d,deterministic,2087,17750,2022-07-29,0.0,0.0,1,"C:\Users\yasemin.bozkurt\Desktop\article\DLPIF-repo-update\src\baseline_results.pkl::all_scenarios[(""mice"", ""block7d"")]"
MICE,block7d,deterministic,2091,17750,2022-07-30,0.0,0.004000000125233783,1,"C:\Users\yasemin.bozkurt\Desktop\article\DLPIF-repo-update\src\baseline_results.pkl::all_scenarios[(""mice"", ""block7d"")]"
MICE,block7d,deterministic,2095,17750,2022-07-31,0.0,0.01600000050093513,1,"C:\Users\yasemin.bozkurt\Desktop\article\DLPIF-repo-update\src\baseline_results.pkl::all_scenarios[(""mice"", ""block7d"")]"
MICE,block7d,deterministic,2099,17750,2022-08-01,0.0,0.03200000100187026,1,"C:\Users\yasemin.bozkurt\Desktop\article\DLPIF-repo-update\src\baseline_results.pkl::all_scenarios[(""mice"", ""block7d"")]"
MICE,block7d,deterministic,2100,17155,2022-08-02,0.0,0.19600001159124078,1,"C:\Users\yasemin.bozkurt\Desktop\article\DLPIF-repo-update\src\baseline_results.pkl::all_scenarios[(""mice"", ""block7d"")]"
MICE,block7d,deterministic,2103,17750,2022-08-02,0.0,0.0,1,"C:\Users\yasemin.bozkurt\Desktop\article\DLPIF-repo-update\src\baseline_results.pkl::all_scenarios[(""mice"", ""block7d"")]"
MICE,block7d,deterministic,2104,17155,2022-08-03,0.0,0.38400000371038917,1,"C:\Users\yasemin.bozkurt\Desktop\article\DLPIF-repo-update\src\baseline_results.pkl::all_scenarios[(""mice"", ""block7d"")]"
MICE,block7d,deterministic,2105,17704,2022-08-03,0.0,0.02800000165589154,1,"C:\Users\yasemin.bozkurt\Desktop\article\DLPIF-repo-update\src\baseline_results.pkl::all_scenarios[(""mice"", ""block7d"")]"
MICE,block7d,deterministic,2107,17750,2022-08-03,0.0,0.01600000050093513,1,"C:\Users\yasemin.bozkurt\Desktop\article\DLPIF-repo-update\src\baseline_results.pkl::all_scenarios[(""mice"", ""block7d"")]"
MICE,block7d,deterministic,2108,17155,2022-08-04,0.0,0.08400000496767462,1,"C:\Users\yasemin.bozkurt\Desktop\article\DLPIF-repo-update\src\baseline_results.pkl::all_scenarios[(""mice"", ""block7d"")]"
MICE,block7d,deterministic,2109,17704,2022-08-04,0.0,0.2560000080149621,1,"C:\Users\yasemin.bozkurt\Desktop\article\DLPIF-repo-update\src\baseline_results.pkl::all_scenarios[(""mice"", ""block7d"")]"
MICE,block7d,deterministic,2111,17750,2022-08-04,0.0,0.008000000250467565,1,"C:\Users\yasemin.bozkurt\Desktop\article\DLPIF-repo-update\src\baseline_results.pkl::all_scenarios[(""mice"", ""block7d"")]"
MICE,block7d,deterministic,2112,17155,2022-08-05,0.0,5.831999865174294,1,"C:\Users\yasemin.bozkurt\Desktop\article\DLPIF-repo-update\src\baseline_results.pkl::all_scenarios[(""mice"", ""block7d"")]"
MICE,block7d,deterministic,2113,17704,2022-08-05,0.20000000470317902,0.9240000380203128,1,"C:\Users\yasemin.bozkurt\Desktop\article\DLPIF-repo-update\src\baseline_results.pkl::all_scenarios[(""mice"", ""block7d"")]"
MICE,block7d,deterministic,2116,17155,2022-08-06,0.0,7.516000190377236,1,"C:\Users\yasemin.bozkurt\Desktop\article\DLPIF-repo-update\src\baseline_results.pkl::all_scenarios[(""mice"", ""block7d"")]"
MICE,block7d,deterministic,2117,17704,2022-08-06,0.0,0.13600000685546548,1,"C:\Users\yasemin.bozkurt\Desktop\article\DLPIF-repo-update\src\baseline_results.pkl::all_scenarios[(""mice"", ""block7d"")]"
MICE,block7d,deterministic,2120,17155,2022-08-07,14.400000205636026,6.927999906241895,1,"C:\Users\yasemin.bozkurt\Desktop\article\DLPIF-repo-update\src\baseline_results.pkl::all_scenarios[(""mice"", ""block7d"")]"
MICE,block7d,deterministic,2121,17704,2022-08-07,0.0,0.6640000535175204,1,"C:\Users\yasemin.bozkurt\Desktop\article\DLPIF-repo-update\src\baseline_results.pkl::all_scenarios[(""mice"", ""block7d"")]"
MICE,block7d,deterministic,2124,17155,2022-08-08,0.0,6.646000242233277,1,"C:\Users\yasemin.bozkurt\Desktop\article\DLPIF-repo-update\src\baseline_results.pkl::all_scenarios[(""mice"", ""block7d"")]"
MICE,block7d,deterministic,2125,17704,2022-08-08,0.0,0.0200000008859206,1,"C:\Users\yasemin.bozkurt\Desktop\article\DLPIF-repo-update\src\baseline_results.pkl::all_scenarios[(""mice"", ""block7d"")]"
MICE,block7d,deterministic,2129,17704,2022-08-09,13.40000026524067,7.116000214219094,1,"C:\Users\yasemin.bozkurt\Desktop\article\DLPIF-repo-update\src\baseline_results.pkl::all_scenarios[(""mice"", ""block7d"")]"
MICE,block7d,deterministic,2197,17704,2022-08-26,0.0,10.386000019311906,1,"C:\Users\yasemin.bozkurt\Desktop\article\DLPIF-repo-update\src\baseline_results.pkl::all_scenarios[(""mice"", ""block7d"")]"
MICE,block7d,deterministic,2201,17704,2022-08-27,6.800000126659871,6.690000133216381,1,"C:\Users\yasemin.bozkurt\Desktop\article\DLPIF-repo-update\src\baseline_results.pkl::all_scenarios[(""mice"", ""block7d"")]"
MICE,block7d,deterministic,2205,17704,2022-08-28,0.0,2.240000132471323,1,"C:\Users\yasemin.bozkurt\Desktop\article\DLPIF-repo-update\src\baseline_results.pkl::all_scenarios[(""mice"", ""block7d"")]"
MICE,block7d,deterministic,2209,17704,2022-08-29,0.0,3.6840002059936525,1,"C:\Users\yasemin.bozkurt\Desktop\article\DLPIF-repo-update\src\baseline_results.pkl::all_scenarios[(""mice"", ""block7d"")]"
MICE,block7d,deterministic,2213,17704,2022-08-30,0.0,0.5000000034458936,1,"C:\Users\yasemin.bozkurt\Desktop\article\DLPIF-repo-update\src\baseline_results.pkl::all_scenarios[(""mice"", ""block7d"")]"
MICE,block7d,deterministic,2217,17704,2022-08-31,0.0,4.068000076711178,1,"C:\Users\yasemin.bozkurt\Desktop\article\DLPIF-repo-update\src\baseline_results.pkl::all_scenarios[(""mice"", ""block7d"")]"
MICE,block7d,deterministic,2221,17704,2022-09-01,2.6000001110136512,13.358000054955484,1,"C:\Users\yasemin.bozkurt\Desktop\article\DLPIF-repo-update\src\baseline_results.pkl::all_scenarios[(""mice"", ""block7d"")]"
MICE,block7d,deterministic,2235,17750,2022-09-04,0.0,0.43200002079829575,1,"C:\Users\yasemin.bozkurt\Desktop\article\DLPIF-repo-update\src\baseline_results.pkl::all_scenarios[(""mice"", ""block7d"")]"
MICE,block7d,deterministic,2239,17750,2022-09-05,0.0,1.1400000650435687,1,"C:\Users\yasemin.bozkurt\Desktop\article\DLPIF-repo-update\src\baseline_results.pkl::all_scenarios[(""mice"", ""block7d"")]"
MICE,block7d,deterministic,2243,17750,2022-09-06,0.0,0.06400000200374052,1,"C:\Users\yasemin.bozkurt\Desktop\article\DLPIF-repo-update\src\baseline_results.pkl::all_scenarios[(""mice"", ""block7d"")]"
MICE,block7d,deterministic,2247,17750,2022-09-07,0.0,0.0800000035436824,1,"C:\Users\yasemin.bozkurt\Desktop\article\DLPIF-repo-update\src\baseline_results.pkl::all_scenarios[(""mice"", ""block7d"")]"
MICE,block7d,deterministic,2251,17750,2022-09-08,0.0,0.0,1,"C:\Users\yasemin.bozkurt\Desktop\article\DLPIF-repo-update\src\baseline_results.pkl::all_scenarios[(""mice"", ""block7d"")]"
MICE,block7d,deterministic,2255,17750,2022-09-09,0.0,0.0,1,"C:\Users\yasemin.bozkurt\Desktop\article\DLPIF-repo-update\src\baseline_results.pkl::all_scenarios[(""mice"", ""block7d"")]"
MICE,block7d,deterministic,2259,17750,2022-09-10,0.0,0.004000000125233783,1,"C:\Users\yasemin.bozkurt\Desktop\article\DLPIF-repo-update\src\baseline_results.pkl::all_scenarios[(""mice"", ""block7d"")]"
MICE,block7d,deterministic,2282,17748,2022-09-16,0.0,0.004000000125233783,1,"C:\Users\yasemin.bozkurt\Desktop\article\DLPIF-repo-update\src\baseline_results.pkl::all_scenarios[(""mice"", ""block7d"")]"
MICE,block7d,deterministic,2286,17748,2022-09-17,0.0,0.0,1,"C:\Users\yasemin.bozkurt\Desktop\article\DLPIF-repo-update\src\baseline_results.pkl::all_scenarios[(""mice"", ""block7d"")]"
MICE,block7d,deterministic,2290,17748,2022-09-18,0.0,0.0,1,"C:\Users\yasemin.bozkurt\Desktop\article\DLPIF-repo-update\src\baseline_results.pkl::all_scenarios[(""mice"", ""block7d"")]"
MICE,block7d,deterministic,2294,17748,2022-09-19,0.0,0.3319999935105443,1,"C:\Users\yasemin.bozkurt\Desktop\article\DLPIF-repo-update\src\baseline_results.pkl::all_scenarios[(""mice"", ""block7d"")]"
MICE,block7d,deterministic,2298,17748,2022-09-20,0.0,0.8760000541806222,1,"C:\Users\yasemin.bozkurt\Desktop\article\DLPIF-repo-update\src\baseline_results.pkl::all_scenarios[(""mice"", ""block7d"")]"
MICE,block7d,deterministic,2302,17748,2022-09-21,0.0,1.477454561367631,1,"C:\Users\yasemin.bozkurt\Desktop\article\DLPIF-repo-update\src\baseline_results.pkl::all_scenarios[(""mice"", ""block7d"")]"
MICE,block7d,deterministic,2306,17748,2022-09-22,0.0,1.8400000233203175,1,"C:\Users\yasemin.bozkurt\Desktop\article\DLPIF-repo-update\src\baseline_results.pkl::all_scenarios[(""mice"", ""block7d"")]"
MICE,block7d,deterministic,2312,17155,2022-09-24,0.0,0.01600000050093513,1,"C:\Users\yasemin.bozkurt\Desktop\article\DLPIF-repo-update\src\baseline_results.pkl::all_scenarios[(""mice"", ""block7d"")]"
MICE,block7d,deterministic,2316,17155,2022-09-25,0.0,0.02800000165589154,1,"C:\Users\yasemin.bozkurt\Desktop\article\DLPIF-repo-update\src\baseline_results.pkl::all_scenarios[(""mice"", ""block7d"")]"
MICE,block7d,deterministic,2320,17155,2022-09-26,0.0,0.008000000250467565,1,"C:\Users\yasemin.bozkurt\Desktop\article\DLPIF-repo-update\src\baseline_results.pkl::all_scenarios[(""mice"", ""block7d"")]"
MICE,block7d,deterministic,2324,17155,2022-09-27,0.0,0.024000000231899323,1,"C:\Users\yasemin.bozkurt\Desktop\article\DLPIF-repo-update\src\baseline_results.pkl::all_scenarios[(""mice"", ""block7d"")]"
MICE,block7d,deterministic,2328,17155,2022-09-28,0.0,0.4680000253021718,1,"C:\Users\yasemin.bozkurt\Desktop\article\DLPIF-repo-update\src\baseline_results.pkl::all_scenarios[(""mice"", ""block7d"")]"
MICE,block7d,deterministic,2332,17155,2022-09-29,9.200000515580179,0.9960000470280648,1,"C:\Users\yasemin.bozkurt\Desktop\article\DLPIF-repo-update\src\baseline_results.pkl::all_scenarios[(""mice"", ""block7d"")]"
MICE,block7d,deterministic,2336,17155,2022-09-30,0.0,0.4479999932460487,1,"C:\Users\yasemin.bozkurt\Desktop\article\DLPIF-repo-update\src\baseline_results.pkl::all_scenarios[(""mice"", ""block7d"")]"
MICE,block7d,deterministic,2355,17750,2022-10-04,0.0,0.08400000496767462,1,"C:\Users\yasemin.bozkurt\Desktop\article\DLPIF-repo-update\src\baseline_results.pkl::all_scenarios[(""mice"", ""block7d"")]"
MICE,block7d,deterministic,2359,17750,2022-10-05,0.0,0.30400000847876074,1,"C:\Users\yasemin.bozkurt\Desktop\article\DLPIF-repo-update\src\baseline_results.pkl::all_scenarios[(""mice"", ""block7d"")]"
MICE,block7d,deterministic,2363,17750,2022-10-06,0.0,0.052000001887790866,1,"C:\Users\yasemin.bozkurt\Desktop\article\DLPIF-repo-update\src\baseline_results.pkl::all_scenarios[(""mice"", ""block7d"")]"
MICE,block7d,deterministic,2367,17750,2022-10-07,0.0,1.2640000842511654,1,"C:\Users\yasemin.bozkurt\Desktop\article\DLPIF-repo-update\src\baseline_results.pkl::all_scenarios[(""mice"", ""block7d"")]"
MICE,block7d,deterministic,2371,17750,2022-10-08,0.0,2.420000121742487,1,"C:\Users\yasemin.bozkurt\Desktop\article\DLPIF-repo-update\src\baseline_results.pkl::all_scenarios[(""mice"", ""block7d"")]"
MICE,block7d,deterministic,2375,17750,2022-10-09,0.0,0.024000000231899323,1,"C:\Users\yasemin.bozkurt\Desktop\article\DLPIF-repo-update\src\baseline_results.pkl::all_scenarios[(""mice"", ""block7d"")]"
MICE,block7d,deterministic,2379,17750,2022-10-10,0.0,0.10800000519957394,1,"C:\Users\yasemin.bozkurt\Desktop\article\DLPIF-repo-update\src\baseline_results.pkl::all_scenarios[(""mice"", ""block7d"")]"
MICE,block7d,deterministic,2393,17704,2022-10-14,0.0,0.14800001112744213,1,"C:\Users\yasemin.bozkurt\Desktop\article\DLPIF-repo-update\src\baseline_results.pkl::all_scenarios[(""mice"", ""block7d"")]"
MICE,block7d,deterministic,2397,17704,2022-10-15,8.800000007450581,4.360000006109477,1,"C:\Users\yasemin.bozkurt\Desktop\article\DLPIF-repo-update\src\baseline_results.pkl::all_scenarios[(""mice"", ""block7d"")]"
MICE,block7d,deterministic,2398,17748,2022-10-15,2.6000001110136512,12.774000728130341,1,"C:\Users\yasemin.bozkurt\Desktop\article\DLPIF-repo-update\src\baseline_results.pkl::all_scenarios[(""mice"", ""block7d"")]"
MICE,block7d,deterministic,2401,17704,2022-10-16,4.400000003725291,6.912000332772732,1,"C:\Users\yasemin.bozkurt\Desktop\article\DLPIF-repo-update\src\baseline_results.pkl::all_scenarios[(""mice"", ""block7d"")]"
MICE,block7d,deterministic,2402,17748,2022-10-16,1.8000000257045032,7.874000488221646,1,"C:\Users\yasemin.bozkurt\Desktop\article\DLPIF-repo-update\src\baseline_results.pkl::all_scenarios[(""mice"", ""block7d"")]"
MICE,block7d,deterministic,2405,17704,2022-10-17,0.8000000188127161,4.452000213414431,1,"C:\Users\yasemin.bozkurt\Desktop\article\DLPIF-repo-update\src\baseline_results.pkl::all_scenarios[(""mice"", ""block7d"")]"
MICE,block7d,deterministic,2406,17748,2022-10-17,0.0,8.996000102162363,1,"C:\Users\yasemin.bozkurt\Desktop\article\DLPIF-repo-update\src\baseline_results.pkl::all_scenarios[(""mice"", ""block7d"")]"
MICE,block7d,deterministic,2409,17704,2022-10-18,0.0,2.9239999853074554,1,"C:\Users\yasemin.bozkurt\Desktop\article\DLPIF-repo-update\src\baseline_results.pkl::all_scenarios[(""mice"", ""block7d"")]"
MICE,block7d,deterministic,2410,17748,2022-10-18,0.0,1.5260000154376032,1,"C:\Users\yasemin.bozkurt\Desktop\article\DLPIF-repo-update\src\baseline_results.pkl::all_scenarios[(""mice"", ""block7d"")]"
MICE,block7d,deterministic,2413,17704,2022-10-19,0.0,0.7559999948367477,1,"C:\Users\yasemin.bozkurt\Desktop\article\DLPIF-repo-update\src\baseline_results.pkl::all_scenarios[(""mice"", ""block7d"")]"
MICE,block7d,deterministic,2414,17748,2022-10-19,0.0,4.916000345349312,1,"C:\Users\yasemin.bozkurt\Desktop\article\DLPIF-repo-update\src\baseline_results.pkl::all_scenarios[(""mice"", ""block7d"")]"
MICE,block7d,deterministic,2417,17704,2022-10-20,0.0,1.7319999765604737,1,"C:\Users\yasemin.bozkurt\Desktop\article\DLPIF-repo-update\src\baseline_results.pkl::all_scenarios[(""mice"", ""block7d"")]"
MICE,block7d,deterministic,2418,17748,2022-10-20,0.0,1.6200000364333393,1,"C:\Users\yasemin.bozkurt\Desktop\article\DLPIF-repo-update\src\baseline_results.pkl::all_scenarios[(""mice"", ""block7d"")]"
MICE,block7d,deterministic,2422,17748,2022-10-21,0.0,0.16800000993534925,1,"C:\Users\yasemin.bozkurt\Desktop\article\DLPIF-repo-update\src\baseline_results.pkl::all_scenarios[(""mice"", ""block7d"")]"
MICE,block7d,deterministic,2457,17704,2022-10-30,0.0,0.13600000685546548,1,"C:\Users\yasemin.bozkurt\Desktop\article\DLPIF-repo-update\src\baseline_results.pkl::all_scenarios[(""mice"", ""block7d"")]"
MICE,block7d,deterministic,2460,17155,2022-10-31,0.0,0.2760000068228692,1,"C:\Users\yasemin.bozkurt\Desktop\article\DLPIF-repo-update\src\baseline_results.pkl::all_scenarios[(""mice"", ""block7d"")]"
MICE,block7d,deterministic,2461,17704,2022-10-31,0.0,0.0400000017718412,1,"C:\Users\yasemin.bozkurt\Desktop\article\DLPIF-repo-update\src\baseline_results.pkl::all_scenarios[(""mice"", ""block7d"")]"
MICE,block7d,deterministic,2464,17155,2022-11-01,0.0,0.10400000377558173,1,"C:\Users\yasemin.bozkurt\Desktop\article\DLPIF-repo-update\src\baseline_results.pkl::all_scenarios[(""mice"", ""block7d"")]"
MICE,block7d,deterministic,2465,17704,2022-11-01,0.0,0.0,1,"C:\Users\yasemin.bozkurt\Desktop\article\DLPIF-repo-update\src\baseline_results.pkl::all_scenarios[(""mice"", ""block7d"")]"
MICE,block7d,deterministic,2468,17155,2022-11-02,0.0,0.11600000804755838,1,"C:\Users\yasemin.bozkurt\Desktop\article\DLPIF-repo-update\src\baseline_results.pkl::all_scenarios[(""mice"", ""block7d"")]"
MICE,block7d,deterministic,2469,17704,2022-11-02,0.0,0.052000001887790866,1,"C:\Users\yasemin.bozkurt\Desktop\article\DLPIF-repo-update\src\baseline_results.pkl::all_scenarios[(""mice"", ""block7d"")]"
MICE,block7d,deterministic,2472,17155,2022-11-03,0.0,0.07200000069569797,1,"C:\Users\yasemin.bozkurt\Desktop\article\DLPIF-repo-update\src\baseline_results.pkl::all_scenarios[(""mice"", ""block7d"")]"
MICE,block7d,deterministic,2473,17704,2022-11-03,0.0,0.052000001887790866,1,"C:\Users\yasemin.bozkurt\Desktop\article\DLPIF-repo-update\src\baseline_results.pkl::all_scenarios[(""mice"", ""block7d"")]"
MICE,block7d,deterministic,2476,17155,2022-11-04,0.0,0.052000001887790866,1,"C:\Users\yasemin.bozkurt\Desktop\article\DLPIF-repo-update\src\baseline_results.pkl::all_scenarios[(""mice"", ""block7d"")]"
MICE,block7d,deterministic,2477,17704,2022-11-04,0.0,0.06800000342773274,1,"C:\Users\yasemin.bozkurt\Desktop\article\DLPIF-repo-update\src\baseline_results.pkl::all_scenarios[(""mice"", ""block7d"")]"
MICE,block7d,deterministic,2480,17155,2022-11-05,0.0,0.03200000100187026,1,"C:\Users\yasemin.bozkurt\Desktop\article\DLPIF-repo-update\src\baseline_results.pkl::all_scenarios[(""mice"", ""block7d"")]"
MICE,block7d,deterministic,2481,17704,2022-11-05,0.0,0.03600000034784898,1,"C:\Users\yasemin.bozkurt\Desktop\article\DLPIF-repo-update\src\baseline_results.pkl::all_scenarios[(""mice"", ""block7d"")]"
MICE,block7d,deterministic,2484,17155,2022-11-06,0.0,0.09199999950360507,1,"C:\Users\yasemin.bozkurt\Desktop\article\DLPIF-repo-update\src\baseline_results.pkl::all_scenarios[(""mice"", ""block7d"")]"
MICE,block7d,deterministic,2491,17750,2022-11-07,0.0,0.012000000115949662,1,"C:\Users\yasemin.bozkurt\Desktop\article\DLPIF-repo-update\src\baseline_results.pkl::all_scenarios[(""mice"", ""block7d"")]"
MICE,block7d,deterministic,2495,17750,2022-11-08,0.0,1.20000006146729,1,"C:\Users\yasemin.bozkurt\Desktop\article\DLPIF-repo-update\src\baseline_results.pkl::all_scenarios[(""mice"", ""block7d"")]"
MICE,block7d,deterministic,2499,17750,2022-11-09,0.0,0.9040000392124058,1,"C:\Users\yasemin.bozkurt\Desktop\article\DLPIF-repo-update\src\baseline_results.pkl::all_scenarios[(""mice"", ""block7d"")]"
MICE,block7d,deterministic,2503,17750,2022-11-10,0.0,0.20000000470317902,1,"C:\Users\yasemin.bozkurt\Desktop\article\DLPIF-repo-update\src\baseline_results.pkl::all_scenarios[(""mice"", ""block7d"")]"
MICE,block7d,deterministic,2507,17750,2022-11-11,0.0,0.26800000397488477,1,"C:\Users\yasemin.bozkurt\Desktop\article\DLPIF-repo-update\src\baseline_results.pkl::all_scenarios[(""mice"", ""block7d"")]"
MICE,block7d,deterministic,2511,17750,2022-11-12,0.0,0.39200002318248156,1,"C:\Users\yasemin.bozkurt\Desktop\article\DLPIF-repo-update\src\baseline_results.pkl::all_scenarios[(""mice"", ""block7d"")]"
MICE,block7d,deterministic,2515,17750,2022-11-13,0.0,0.06800000342773274,1,"C:\Users\yasemin.bozkurt\Desktop\article\DLPIF-repo-update\src\baseline_results.pkl::all_scenarios[(""mice"", ""block7d"")]"
MICE,block7d,deterministic,2522,17748,2022-11-15,0.0,1.0000000068917871,1,"C:\Users\yasemin.bozkurt\Desktop\article\DLPIF-repo-update\src\baseline_results.pkl::all_scenarios[(""mice"", ""block7d"")]"
MICE,block7d,deterministic,2526,17748,2022-11-16,0.0,0.0400000017718412,1,"C:\Users\yasemin.bozkurt\Desktop\article\DLPIF-repo-update\src\baseline_results.pkl::all_scenarios[(""mice"", ""block7d"")]"
MICE,block7d,deterministic,2530,17748,2022-11-17,0.0,1.6840000592172146,1,"C:\Users\yasemin.bozkurt\Desktop\article\DLPIF-repo-update\src\baseline_results.pkl::all_scenarios[(""mice"", ""block7d"")]"
MICE,block7d,deterministic,2534,17748,2022-11-18,0.0,4.508000050485134,1,"C:\Users\yasemin.bozkurt\Desktop\article\DLPIF-repo-update\src\baseline_results.pkl::all_scenarios[(""mice"", ""block7d"")]"
MICE,block7d,deterministic,2538,17748,2022-11-19,3.2000000752508644,2.1340000323951247,1,"C:\Users\yasemin.bozkurt\Desktop\article\DLPIF-repo-update\src\baseline_results.pkl::all_scenarios[(""mice"", ""block7d"")]"
MICE,block7d,deterministic,2542,17748,2022-11-20,0.0,2.9239999853074554,1,"C:\Users\yasemin.bozkurt\Desktop\article\DLPIF-repo-update\src\baseline_results.pkl::all_scenarios[(""mice"", ""block7d"")]"
MICE,block7d,deterministic,2546,17748,2022-11-21,0.0,3.870000035315752,1,"C:\Users\yasemin.bozkurt\Desktop\article\DLPIF-repo-update\src\baseline_results.pkl::all_scenarios[(""mice"", ""block7d"")]"
MICE,block7d,deterministic,2557,17704,2022-11-24,2.0000000137835743,3.468000112473965,1,"C:\Users\yasemin.bozkurt\Desktop\article\DLPIF-repo-update\src\baseline_results.pkl::all_scenarios[(""mice"", ""block7d"")]"
MICE,block7d,deterministic,2561,17704,2022-11-25,1.4000000495463611,3.816000144928694,1,"C:\Users\yasemin.bozkurt\Desktop\article\DLPIF-repo-update\src\baseline_results.pkl::all_scenarios[(""mice"", ""block7d"")]"
MICE,block7d,deterministic,2565,17704,2022-11-26,0.600000030733645,3.37200001180172,1,"C:\Users\yasemin.bozkurt\Desktop\article\DLPIF-repo-update\src\baseline_results.pkl::all_scenarios[(""mice"", ""block7d"")]"
MICE,block7d,deterministic,2566,17748,2022-11-26,0.600000030733645,2.020000012591481,1,"C:\Users\yasemin.bozkurt\Desktop\article\DLPIF-repo-update\src\baseline_results.pkl::all_scenarios[(""mice"", ""block7d"")]"
MICE,block7d,deterministic,2569,17704,2022-11-27,0.20000000470317902,0.07000000413972884,1,"C:\Users\yasemin.bozkurt\Desktop\article\DLPIF-repo-update\src\baseline_results.pkl::all_scenarios[(""mice"", ""block7d"")]"
MICE,block7d,deterministic,2570,17748,2022-11-27,0.0,0.5520000136457384,1,"C:\Users\yasemin.bozkurt\Desktop\article\DLPIF-repo-update\src\baseline_results.pkl::all_scenarios[(""mice"", ""block7d"")]"
MICE,block7d,deterministic,2573,17704,2022-11-28,0.0,1.490000044181943,1,"C:\Users\yasemin.bozkurt\Desktop\article\DLPIF-repo-update\src\baseline_results.pkl::all_scenarios[(""mice"", ""block7d"")]"
MICE,block7d,deterministic,2574,17748,2022-11-28,0.0,2.355999965965748,1,"C:\Users\yasemin.bozkurt\Desktop\article\DLPIF-repo-update\src\baseline_results.pkl::all_scenarios[(""mice"", ""block7d"")]"
MICE,block7d,deterministic,2577,17704,2022-11-29,0.40000000940635805,2.7180001571774484,1,"C:\Users\yasemin.bozkurt\Desktop\article\DLPIF-repo-update\src\baseline_results.pkl::all_scenarios[(""mice"", ""block7d"")]"
MICE,block7d,deterministic,2578,17748,2022-11-29,0.0,4.708000038564205,1,"C:\Users\yasemin.bozkurt\Desktop\article\DLPIF-repo-update\src\baseline_results.pkl::all_scenarios[(""mice"", ""block7d"")]"
MICE,block7d,deterministic,2581,17704,2022-11-30,0.8000000188127161,1.5700000394135716,1,"C:\Users\yasemin.bozkurt\Desktop\article\DLPIF-repo-update\src\baseline_results.pkl::all_scenarios[(""mice"", ""block7d"")]"
MICE,block7d,deterministic,2582,17748,2022-11-30,3.6000000514090065,4.148000071942807,1,"C:\Users\yasemin.bozkurt\Desktop\article\DLPIF-repo-update\src\baseline_results.pkl::all_scenarios[(""mice"", ""block7d"")]"
MICE,block7d,deterministic,2586,17748,2022-12-01,5.4000002101063735,6.6280004560947425,1,"C:\Users\yasemin.bozkurt\Desktop\article\DLPIF-repo-update\src\baseline_results.pkl::all_scenarios[(""mice"", ""block7d"")]"
MICE,block7d,deterministic,2590,17748,2022-12-02,2.0000000137835743,4.716000357270241,1,"C:\Users\yasemin.bozkurt\Desktop\article\DLPIF-repo-update\src\baseline_results.pkl::all_scenarios[(""mice"", ""block7d"")]"
MICE,block7d,deterministic,2598,17748,2022-12-04,0.0,10.143999820947649,1,"C:\Users\yasemin.bozkurt\Desktop\article\DLPIF-repo-update\src\baseline_results.pkl::all_scenarios[(""mice"", ""block7d"")]"
MICE,block7d,deterministic,2602,17748,2022-12-05,0.0,2.364000018686056,1,"C:\Users\yasemin.bozkurt\Desktop\article\DLPIF-repo-update\src\baseline_results.pkl::all_scenarios[(""mice"", ""block7d"")]"
MICE,block7d,deterministic,2606,17748,2022-12-06,0.0,8.17200025767088,1,"C:\Users\yasemin.bozkurt\Desktop\article\DLPIF-repo-update\src\baseline_results.pkl::all_scenarios[(""mice"", ""block7d"")]"
MICE,block7d,deterministic,2610,17748,2022-12-07,0.0,5.480000205338002,1,"C:\Users\yasemin.bozkurt\Desktop\article\DLPIF-repo-update\src\baseline_results.pkl::all_scenarios[(""mice"", ""block7d"")]"
MICE,block7d,deterministic,2614,17748,2022-12-08,0.0,1.9720000952482226,1,"C:\Users\yasemin.bozkurt\Desktop\article\DLPIF-repo-update\src\baseline_results.pkl::all_scenarios[(""mice"", ""block7d"")]"
MICE,block7d,deterministic,2618,17748,2022-12-09,0.20000000470317902,1.0560000434517862,1,"C:\Users\yasemin.bozkurt\Desktop\article\DLPIF-repo-update\src\baseline_results.pkl::all_scenarios[(""mice"", ""block7d"")]"
MICE,block7d,deterministic,2622,17748,2022-12-10,0.0,2.380000124126673,1,"C:\Users\yasemin.bozkurt\Desktop\article\DLPIF-repo-update\src\baseline_results.pkl::all_scenarios[(""mice"", ""block7d"")]"
MICE,block7d,deterministic,2655,17750,2022-12-18,0.20000000470317902,3.760000041872263,1,"C:\Users\yasemin.bozkurt\Desktop\article\DLPIF-repo-update\src\baseline_results.pkl::all_scenarios[(""mice"", ""block7d"")]"
MICE,block7d,deterministic,2659,17750,2022-12-19,0.0,4.968000023066998,1,"C:\Users\yasemin.bozkurt\Desktop\article\DLPIF-repo-update\src\baseline_results.pkl::all_scenarios[(""mice"", ""block7d"")]"
MICE,block7d,deterministic,2663,17750,2022-12-20,0.0,3.796000146120787,1,"C:\Users\yasemin.bozkurt\Desktop\article\DLPIF-repo-update\src\baseline_results.pkl::all_scenarios[(""mice"", ""block7d"")]"
MICE,block7d,deterministic,2667,17750,2022-12-21,0.0,1.8559999957680704,1,"C:\Users\yasemin.bozkurt\Desktop\article\DLPIF-repo-update\src\baseline_results.pkl::all_scenarios[(""mice"", ""block7d"")]"
MICE,block7d,deterministic,2671,17750,2022-12-22,0.0,0.14400000139139593,1,"C:\Users\yasemin.bozkurt\Desktop\article\DLPIF-repo-update\src\baseline_results.pkl::all_scenarios[(""mice"", ""block7d"")]"
MICE,block7d,deterministic,2675,17750,2022-12-23,0.0,0.44000000702217223,1,"C:\Users\yasemin.bozkurt\Desktop\article\DLPIF-repo-update\src\baseline_results.pkl::all_scenarios[(""mice"", ""block7d"")]"
MICE,block7d,deterministic,2679,17750,2022-12-24,0.0,1.780000026896596,1,"C:\Users\yasemin.bozkurt\Desktop\article\DLPIF-repo-update\src\baseline_results.pkl::all_scenarios[(""mice"", ""block7d"")]"
MICE,block7d,deterministic,2699,17750,2022-12-29,0.0,0.5160000091418624,1,"C:\Users\yasemin.bozkurt\Desktop\article\DLPIF-repo-update\src\baseline_results.pkl::all_scenarios[(""mice"", ""block7d"")]"
MICE,block7d,deterministic,2703,17750,2022-12-30,0.0,0.01600000050093513,1,"C:\Users\yasemin.bozkurt\Desktop\article\DLPIF-repo-update\src\baseline_results.pkl::all_scenarios[(""mice"", ""block7d"")]"
MICE,block7d,deterministic,2704,17155,2022-12-31,0.0,2.4559999600052835,1,"C:\Users\yasemin.bozkurt\Desktop\article\DLPIF-repo-update\src\baseline_results.pkl::all_scenarios[(""mice"", ""block7d"")]"
MICE,block7d,deterministic,2707,17750,2022-12-31,0.0,0.508000022917986,1,"C:\Users\yasemin.bozkurt\Desktop\article\DLPIF-repo-update\src\baseline_results.pkl::all_scenarios[(""mice"", ""block7d"")]"
MICE,block7d,deterministic,2708,17155,2023-01-01,0.0,0.7400000223889948,1,"C:\Users\yasemin.bozkurt\Desktop\article\DLPIF-repo-update\src\baseline_results.pkl::all_scenarios[(""mice"", ""block7d"")]"
MICE,block7d,deterministic,2711,17750,2023-01-01,0.0,0.06800000342773274,1,"C:\Users\yasemin.bozkurt\Desktop\article\DLPIF-repo-update\src\baseline_results.pkl::all_scenarios[(""mice"", ""block7d"")]"
MICE,block7d,deterministic,2712,17155,2023-01-02,0.0,0.012000000115949662,1,"C:\Users\yasemin.bozkurt\Desktop\article\DLPIF-repo-update\src\baseline_results.pkl::all_scenarios[(""mice"", ""block7d"")]"
MICE,block7d,deterministic,2715,17750,2023-01-02,0.20000000470317902,0.01600000050093513,1,"C:\Users\yasemin.bozkurt\Desktop\article\DLPIF-repo-update\src\baseline_results.pkl::all_scenarios[(""mice"", ""block7d"")]"
MICE,block7d,deterministic,2716,17155,2023-01-03,0.0,0.0200000008859206,1,"C:\Users\yasemin.bozkurt\Desktop\article\DLPIF-repo-update\src\baseline_results.pkl::all_scenarios[(""mice"", ""block7d"")]"
MICE,block7d,deterministic,2719,17750,2023-01-03,0.0,0.14800001112744213,1,"C:\Users\yasemin.bozkurt\Desktop\article\DLPIF-repo-update\src\baseline_results.pkl::all_scenarios[(""mice"", ""block7d"")]"
MICE,block7d,deterministic,2720,17155,2023-01-04,0.0,0.07200000069569797,1,"C:\Users\yasemin.bozkurt\Desktop\article\DLPIF-repo-update\src\baseline_results.pkl::all_scenarios[(""mice"", ""block7d"")]"
MICE,block7d,deterministic,2723,17750,2023-01-04,0.0,0.21600001039914787,1,"C:\Users\yasemin.bozkurt\Desktop\article\DLPIF-repo-update\src\baseline_results.pkl::all_scenarios[(""mice"", ""block7d"")]"
MICE,block7d,deterministic,2724,17155,2023-01-05,0.0,2.1360001120716334,1,"C:\Users\yasemin.bozkurt\Desktop\article\DLPIF-repo-update\src\baseline_results.pkl::all_scenarios[(""mice"", ""block7d"")]"
MICE,block7d,deterministic,2728,17155,2023-01-06,0.0,0.6280000157654286,1,"C:\Users\yasemin.bozkurt\Desktop\article\DLPIF-repo-update\src\baseline_results.pkl::all_scenarios[(""mice"", ""block7d"")]"
MICE,block7d,deterministic,2741,17704,2023-01-09,0.0,2.1360001120716334,1,"C:\Users\yasemin.bozkurt\Desktop\article\DLPIF-repo-update\src\baseline_results.pkl::all_scenarios[(""mice"", ""block7d"")]"
MICE,block7d,deterministic,2745,17704,2023-01-10,0.0,0.26800000397488477,1,"C:\Users\yasemin.bozkurt\Desktop\article\DLPIF-repo-update\src\baseline_results.pkl::all_scenarios[(""mice"", ""block7d"")]"
MICE,block7d,deterministic,2749,17704,2023-01-11,0.20000000470317902,4.071999970078469,1,"C:\Users\yasemin.bozkurt\Desktop\article\DLPIF-repo-update\src\baseline_results.pkl::all_scenarios[(""mice"", ""block7d"")]"
MICE,block7d,deterministic,2751,17750,2023-01-11,6.6000001385808,1.1720000099390746,1,"C:\Users\yasemin.bozkurt\Desktop\article\DLPIF-repo-update\src\baseline_results.pkl::all_scenarios[(""mice"", ""block7d"")]"
MICE,block7d,deterministic,2753,17704,2023-01-12,0.0,1.88800007365644,1,"C:\Users\yasemin.bozkurt\Desktop\article\DLPIF-repo-update\src\baseline_results.pkl::all_scenarios[(""mice"", ""block7d"")]"
MICE,block7d,deterministic,2755,17750,2023-01-12,26.4000005543232,1.107999987155199,1,"C:\Users\yasemin.bozkurt\Desktop\article\DLPIF-repo-update\src\baseline_results.pkl::all_scenarios[(""mice"", ""block7d"")]"
MICE,block7d,deterministic,2757,17704,2023-01-13,0.0,2.2800001300871373,1,"C:\Users\yasemin.bozkurt\Desktop\article\DLPIF-repo-update\src\baseline_results.pkl::all_scenarios[(""mice"", ""block7d"")]"
MICE,block7d,deterministic,2759,17750,2023-01-13,1.4000000495463611,4.736000356078148,1,"C:\Users\yasemin.bozkurt\Desktop\article\DLPIF-repo-update\src\baseline_results.pkl::all_scenarios[(""mice"", ""block7d"")]"
MICE,block7d,deterministic,2761,17704,2023-01-14,0.0,0.9720000218600036,1,"C:\Users\yasemin.bozkurt\Desktop\article\DLPIF-repo-update\src\baseline_results.pkl::all_scenarios[(""mice"", ""block7d"")]"
MICE,block7d,deterministic,2763,17750,2023-01-14,0.0,0.5400000343099237,1,"C:\Users\yasemin.bozkurt\Desktop\article\DLPIF-repo-update\src\baseline_results.pkl::all_scenarios[(""mice"", ""block7d"")]"
MICE,block7d,deterministic,2765,17704,2023-01-15,0.0,0.6120000433176757,1,"C:\Users\yasemin.bozkurt\Desktop\article\DLPIF-repo-update\src\baseline_results.pkl::all_scenarios[(""mice"", ""block7d"")]"
MICE,block7d,deterministic,2767,17750,2023-01-15,0.0,1.3240000806748868,1,"C:\Users\yasemin.bozkurt\Desktop\article\DLPIF-repo-update\src\baseline_results.pkl::all_scenarios[(""mice"", ""block7d"")]"
MICE,block7d,deterministic,2771,17750,2023-01-16,0.0,0.024000000231899323,1,"C:\Users\yasemin.bozkurt\Desktop\article\DLPIF-repo-update\src\baseline_results.pkl::all_scenarios[(""mice"", ""block7d"")]"
MICE,block7d,deterministic,2775,17750,2023-01-17,0.20000000470317902,0.024000000231899323,1,"C:\Users\yasemin.bozkurt\Desktop\article\DLPIF-repo-update\src\baseline_results.pkl::all_scenarios[(""mice"", ""block7d"")]"
MICE,block7d,deterministic,2798,17748,2023-01-23,0.0,1.6800000328570606,1,"C:\Users\yasemin.bozkurt\Desktop\article\DLPIF-repo-update\src\baseline_results.pkl::all_scenarios[(""mice"", ""block7d"")]"
MICE,block7d,deterministic,2799,17750,2023-01-23,0.0,0.04400000319583342,1,"C:\Users\yasemin.bozkurt\Desktop\article\DLPIF-repo-update\src\baseline_results.pkl::all_scenarios[(""mice"", ""block7d"")]"
MICE,block7d,deterministic,2802,17748,2023-01-24,0.0,11.800000360608102,1,"C:\Users\yasemin.bozkurt\Desktop\article\DLPIF-repo-update\src\baseline_results.pkl::all_scenarios[(""mice"", ""block7d"")]"
MICE,block7d,deterministic,2803,17750,2023-01-24,0.20000000470317902,0.15200000423938037,1,"C:\Users\yasemin.bozkurt\Desktop\article\DLPIF-repo-update\src\baseline_results.pkl::all_scenarios[(""mice"", ""block7d"")]"
MICE,block7d,deterministic,2806,17748,2023-01-25,0.0,3.956000136584044,1,"C:\Users\yasemin.bozkurt\Desktop\article\DLPIF-repo-update\src\baseline_results.pkl::all_scenarios[(""mice"", ""block7d"")]"
MICE,block7d,deterministic,2807,17750,2023-01-25,0.20000000470317902,1.3519999992102385,1,"C:\Users\yasemin.bozkurt\Desktop\article\DLPIF-repo-update\src\baseline_results.pkl::all_scenarios[(""mice"", ""block7d"")]"
MICE,block7d,deterministic,2810,17748,2023-01-26,0.0,0.9279999978840352,1,"C:\Users\yasemin.bozkurt\Desktop\article\DLPIF-repo-update\src\baseline_results.pkl::all_scenarios[(""mice"", ""block7d"")]"
MICE,block7d,deterministic,2811,17750,2023-01-26,0.0,0.0,1,"C:\Users\yasemin.bozkurt\Desktop\article\DLPIF-repo-update\src\baseline_results.pkl::all_scenarios[(""mice"", ""block7d"")]"
MICE,block7d,deterministic,2813,17704,2023-01-27,0.0,0.42799999443814163,1,"C:\Users\yasemin.bozkurt\Desktop\article\DLPIF-repo-update\src\baseline_results.pkl::all_scenarios[(""mice"", ""block7d"")]"
MICE,block7d,deterministic,2814,17748,2023-01-27,0.0,1.2720000039786101,1,"C:\Users\yasemin.bozkurt\Desktop\article\DLPIF-repo-update\src\baseline_results.pkl::all_scenarios[(""mice"", ""block7d"")]"
MICE,block7d,deterministic,2815,17750,2023-01-27,0.0,1.216000033915043,1,"C:\Users\yasemin.bozkurt\Desktop\article\DLPIF-repo-update\src\baseline_results.pkl::all_scenarios[(""mice"", ""block7d"")]"
MICE,block7d,deterministic,2817,17704,2023-01-28,0.20000000470317902,3.256000178307295,1,"C:\Users\yasemin.bozkurt\Desktop\article\DLPIF-repo-update\src\baseline_results.pkl::all_scenarios[(""mice"", ""block7d"")]"
MICE,block7d,deterministic,2818,17748,2023-01-28,10.400000444054605,10.49200065135956,1,"C:\Users\yasemin.bozkurt\Desktop\article\DLPIF-repo-update\src\baseline_results.pkl::all_scenarios[(""mice"", ""block7d"")]"
MICE,block7d,deterministic,2819,17750,2023-01-28,20.60000090003014,11.344000813364984,1,"C:\Users\yasemin.bozkurt\Desktop\article\DLPIF-repo-update\src\baseline_results.pkl::all_scenarios[(""mice"", ""block7d"")]"
MICE,block7d,deterministic,2821,17704,2023-01-29,0.0,8.100000049173833,1,"C:\Users\yasemin.bozkurt\Desktop\article\DLPIF-repo-update\src\baseline_results.pkl::all_scenarios[(""mice"", ""block7d"")]"
MICE,block7d,deterministic,2822,17748,2023-01-29,6.000000174343587,7.896000167727471,1,"C:\Users\yasemin.bozkurt\Desktop\article\DLPIF-repo-update\src\baseline_results.pkl::all_scenarios[(""mice"", ""block7d"")]"
MICE,block7d,deterministic,2823,17750,2023-01-29,3.2000000752508644,0.7559999948367477,1,"C:\Users\yasemin.bozkurt\Desktop\article\DLPIF-repo-update\src\baseline_results.pkl::all_scenarios[(""mice"", ""block7d"")]"
MICE,block7d,deterministic,2825,17704,2023-01-30,0.0,0.6320000421255827,1,"C:\Users\yasemin.bozkurt\Desktop\article\DLPIF-repo-update\src\baseline_results.pkl::all_scenarios[(""mice"", ""block7d"")]"
MICE,block7d,deterministic,2829,17704,2023-01-31,0.0,0.9279999978840352,1,"C:\Users\yasemin.bozkurt\Desktop\article\DLPIF-repo-update\src\baseline_results.pkl::all_scenarios[(""mice"", ""block7d"")]"
MICE,block7d,deterministic,2831,17750,2023-01-31,0.0,0.29199999589473014,1,"C:\Users\yasemin.bozkurt\Desktop\article\DLPIF-repo-update\src\baseline_results.pkl::all_scenarios[(""mice"", ""block7d"")]"
MICE,block7d,deterministic,2833,17704,2023-02-01,0.0,4.731999930739403,1,"C:\Users\yasemin.bozkurt\Desktop\article\DLPIF-repo-update\src\baseline_results.pkl::all_scenarios[(""mice"", ""block7d"")]"
MICE,block7d,deterministic,2835,17750,2023-02-01,0.600000030733645,0.8039999786764384,1,"C:\Users\yasemin.bozkurt\Desktop\article\DLPIF-repo-update\src\baseline_results.pkl::all_scenarios[(""mice"", ""block7d"")]"
MICE,block7d,deterministic,2837,17704,2023-02-02,0.0,0.31199999470263723,1,"C:\Users\yasemin.bozkurt\Desktop\article\DLPIF-repo-update\src\baseline_results.pkl::all_scenarios[(""mice"", ""block7d"")]"
MICE,block7d,deterministic,2839,17750,2023-02-02,0.0,0.0,1,"C:\Users\yasemin.bozkurt\Desktop\article\DLPIF-repo-update\src\baseline_results.pkl::all_scenarios[(""mice"", ""block7d"")]"
MICE,block7d,deterministic,2843,17750,2023-02-03,0.0,1.884000047296286,1,"C:\Users\yasemin.bozkurt\Desktop\article\DLPIF-repo-update\src\baseline_results.pkl::all_scenarios[(""mice"", ""block7d"")]"
MICE,block7d,deterministic,2847,17750,2023-02-04,0.8000000188127161,1.9520000964403155,1,"C:\Users\yasemin.bozkurt\Desktop\article\DLPIF-repo-update\src\baseline_results.pkl::all_scenarios[(""mice"", ""block7d"")]"
MICE,block7d,deterministic,2851,17750,2023-02-05,3.0000000871717933,6.340000154078007,1,"C:\Users\yasemin.bozkurt\Desktop\article\DLPIF-repo-update\src\baseline_results.pkl::all_scenarios[(""mice"", ""block7d"")]"
MICE,block7d,deterministic,2855,17750,2023-02-06,0.600000030733645,1.4200000483542683,1,"C:\Users\yasemin.bozkurt\Desktop\article\DLPIF-repo-update\src\baseline_results.pkl::all_scenarios[(""mice"", ""block7d"")]"
MICE,block7d,deterministic,2889,17704,2023-02-15,0.0,0.1400000082794577,1,"C:\Users\yasemin.bozkurt\Desktop\article\DLPIF-repo-update\src\baseline_results.pkl::all_scenarios[(""mice"", ""block7d"")]"
MICE,block7d,deterministic,2893,17704,2023-02-16,0.0,0.16800000993534925,1,"C:\Users\yasemin.bozkurt\Desktop\article\DLPIF-repo-update\src\baseline_results.pkl::all_scenarios[(""mice"", ""block7d"")]"
MICE,block7d,deterministic,2897,17704,2023-02-17,0.0,0.0200000008859206,1,"C:\Users\yasemin.bozkurt\Desktop\article\DLPIF-repo-update\src\baseline_results.pkl::all_scenarios[(""mice"", ""block7d"")]"
MICE,block7d,deterministic,2901,17704,2023-02-18,0.0,0.004000000125233783,1,"C:\Users\yasemin.bozkurt\Desktop\article\DLPIF-repo-update\src\baseline_results.pkl::all_scenarios[(""mice"", ""block7d"")]"
MICE,block7d,deterministic,2905,17704,2023-02-19,0.0,0.03200000100187026,1,"C:\Users\yasemin.bozkurt\Desktop\article\DLPIF-repo-update\src\baseline_results.pkl::all_scenarios[(""mice"", ""block7d"")]"
MICE,block7d,deterministic,2909,17704,2023-02-20,0.0,1.5880000915378334,1,"C:\Users\yasemin.bozkurt\Desktop\article\DLPIF-repo-update\src\baseline_results.pkl::all_scenarios[(""mice"", ""block7d"")]"
MICE,block7d,deterministic,2911,17750,2023-02-20,0.0,0.1400000082794577,1,"C:\Users\yasemin.bozkurt\Desktop\article\DLPIF-repo-update\src\baseline_results.pkl::all_scenarios[(""mice"", ""block7d"")]"
MICE,block7d,deterministic,2913,17704,2023-02-21,0.20000000470317902,0.0,1,"C:\Users\yasemin.bozkurt\Desktop\article\DLPIF-repo-update\src\baseline_results.pkl::all_scenarios[(""mice"", ""block7d"")]"
MICE,block7d,deterministic,2915,17750,2023-02-21,0.0,0.09199999950360507,1,"C:\Users\yasemin.bozkurt\Desktop\article\DLPIF-repo-update\src\baseline_results.pkl::all_scenarios[(""mice"", ""block7d"")]"
MICE,block7d,deterministic,2919,17750,2023-02-22,0.20000000470317902,0.0,1,"C:\Users\yasemin.bozkurt\Desktop\article\DLPIF-repo-update\src\baseline_results.pkl::all_scenarios[(""mice"", ""block7d"")]"
MICE,block7d,deterministic,2921,17704,2023-02-23,0.0,1.3560000255703928,1,"C:\Users\yasemin.bozkurt\Desktop\article\DLPIF-repo-update\src\baseline_results.pkl::all_scenarios[(""mice"", ""block7d"")]"
MICE,block7d,deterministic,2923,17750,2023-02-23,0.0,0.008000000250467565,1,"C:\Users\yasemin.bozkurt\Desktop\article\DLPIF-repo-update\src\baseline_results.pkl::all_scenarios[(""mice"", ""block7d"")]"
MICE,block7d,deterministic,2925,17704,2023-02-24,0.0,0.6360000019893051,1,"C:\Users\yasemin.bozkurt\Desktop\article\DLPIF-repo-update\src\baseline_results.pkl::all_scenarios[(""mice"", ""block7d"")]"
MICE,block7d,deterministic,2927,17750,2023-02-24,0.0,0.03600000034784898,1,"C:\Users\yasemin.bozkurt\Desktop\article\DLPIF-repo-update\src\baseline_results.pkl::all_scenarios[(""mice"", ""block7d"")]"
MICE,block7d,deterministic,2929,17704,2023-02-25,0.0,1.3200000543147328,1,"C:\Users\yasemin.bozkurt\Desktop\article\DLPIF-repo-update\src\baseline_results.pkl::all_scenarios[(""mice"", ""block7d"")]"
MICE,block7d,deterministic,2931,17750,2023-02-25,0.0,0.07200000069569797,1,"C:\Users\yasemin.bozkurt\Desktop\article\DLPIF-repo-update\src\baseline_results.pkl::all_scenarios[(""mice"", ""block7d"")]"
MICE,block7d,deterministic,2933,17704,2023-02-26,0.0,0.048000000463798646,1,"C:\Users\yasemin.bozkurt\Desktop\article\DLPIF-repo-update\src\baseline_results.pkl::all_scenarios[(""mice"", ""block7d"")]"
MICE,block7d,deterministic,2934,17748,2023-02-26,0.0,4.871999922394753,1,"C:\Users\yasemin.bozkurt\Desktop\article\DLPIF-repo-update\src\baseline_results.pkl::all_scenarios[(""mice"", ""block7d"")]"
MICE,block7d,deterministic,2935,17750,2023-02-26,0.0,0.22800000635907056,1,"C:\Users\yasemin.bozkurt\Desktop\article\DLPIF-repo-update\src\baseline_results.pkl::all_scenarios[(""mice"", ""block7d"")]"
MICE,block7d,deterministic,2937,17704,2023-02-27,0.0,0.06400000200374052,1,"C:\Users\yasemin.bozkurt\Desktop\article\DLPIF-repo-update\src\baseline_results.pkl::all_scenarios[(""mice"", ""block7d"")]"
MICE,block7d,deterministic,2938,17748,2023-02-27,0.0,0.12400000258348884,1,"C:\Users\yasemin.bozkurt\Desktop\article\DLPIF-repo-update\src\baseline_results.pkl::all_scenarios[(""mice"", ""block7d"")]"
MICE,block7d,deterministic,2941,17704,2023-02-28,0.0,0.06000000057974831,1,"C:\Users\yasemin.bozkurt\Desktop\article\DLPIF-repo-update\src\baseline_results.pkl::all_scenarios[(""mice"", ""block7d"")]"
MICE,block7d,deterministic,2942,17748,2023-02-28,0.0,0.024000000231899323,1,"C:\Users\yasemin.bozkurt\Desktop\article\DLPIF-repo-update\src\baseline_results.pkl::all_scenarios[(""mice"", ""block7d"")]"
MICE,block7d,deterministic,2945,17704,2023-03-01,0.0,0.16800000993534925,1,"C:\Users\yasemin.bozkurt\Desktop\article\DLPIF-repo-update\src\baseline_results.pkl::all_scenarios[(""mice"", ""block7d"")]"
MICE,block7d,deterministic,2946,17748,2023-03-01,0.0,0.15599999735131861,1,"C:\Users\yasemin.bozkurt\Desktop\article\DLPIF-repo-update\src\baseline_results.pkl::all_scenarios[(""mice"", ""block7d"")]"
MICE,block7d,deterministic,2950,17748,2023-03-02,0.0,6.492000357806683,1,"C:\Users\yasemin.bozkurt\Desktop\article\DLPIF-repo-update\src\baseline_results.pkl::all_scenarios[(""mice"", ""block7d"")]"
MICE,block7d,deterministic,2954,17748,2023-03-03,0.0,3.3960001699626448,1,"C:\Users\yasemin.bozkurt\Desktop\article\DLPIF-repo-update\src\baseline_results.pkl::all_scenarios[(""mice"", ""block7d"")]"
MICE,block7d,deterministic,2958,17748,2023-03-04,0.0,6.88799990862608,1,"C:\Users\yasemin.bozkurt\Desktop\article\DLPIF-repo-update\src\baseline_results.pkl::all_scenarios[(""mice"", ""block7d"")]"
MICE,block7d,deterministic,3193,17704,2023-05-02,0.0,0.004000000125233783,1,"C:\Users\yasemin.bozkurt\Desktop\article\DLPIF-repo-update\src\baseline_results.pkl::all_scenarios[(""mice"", ""block7d"")]"
MICE,block7d,deterministic,3195,17750,2023-05-02,0.0,0.0,1,"C:\Users\yasemin.bozkurt\Desktop\article\DLPIF-repo-update\src\baseline_results.pkl::all_scenarios[(""mice"", ""block7d"")]"
MICE,block7d,deterministic,3197,17704,2023-05-03,0.0,0.0,1,"C:\Users\yasemin.bozkurt\Desktop\article\DLPIF-repo-update\src\baseline_results.pkl::all_scenarios[(""mice"", ""block7d"")]"
MICE,block7d,deterministic,3199,17750,2023-05-03,0.0,0.0200000008859206,1,"C:\Users\yasemin.bozkurt\Desktop\article\DLPIF-repo-update\src\baseline_results.pkl::all_scenarios[(""mice"", ""block7d"")]"
MICE,block7d,deterministic,3201,17704,2023-05-04,2.6000001110136512,5.920000179111958,1,"C:\Users\yasemin.bozkurt\Desktop\article\DLPIF-repo-update\src\baseline_results.pkl::all_scenarios[(""mice"", ""block7d"")]"
MICE,block7d,deterministic,3203,17750,2023-05-04,2.2000000018626453,5.514000096917153,1,"C:\Users\yasemin.bozkurt\Desktop\article\DLPIF-repo-update\src\baseline_results.pkl::all_scenarios[(""mice"", ""block7d"")]"
MICE,block7d,deterministic,3205,17704,2023-05-05,1.20000006146729,1.287999976426363,1,"C:\Users\yasemin.bozkurt\Desktop\article\DLPIF-repo-update\src\baseline_results.pkl::all_scenarios[(""mice"", ""block7d"")]"
MICE,block7d,deterministic,3207,17750,2023-05-05,2.40000012293458,1.7840000532567502,1,"C:\Users\yasemin.bozkurt\Desktop\article\DLPIF-repo-update\src\baseline_results.pkl::all_scenarios[(""mice"", ""block7d"")]"
MICE,block7d,deterministic,3209,17704,2023-05-06,9.200000515580179,1.9240000449121,1,"C:\Users\yasemin.bozkurt\Desktop\article\DLPIF-repo-update\src\baseline_results.pkl::all_scenarios[(""mice"", ""block7d"")]"
MICE,block7d,deterministic,3211,17750,2023-05-06,9.200000515580179,1.88800007365644,1,"C:\Users\yasemin.bozkurt\Desktop\article\DLPIF-repo-update\src\baseline_results.pkl::all_scenarios[(""mice"", ""block7d"")]"
MICE,block7d,deterministic,3213,17704,2023-05-07,0.0,3.2000000752508644,1,"C:\Users\yasemin.bozkurt\Desktop\article\DLPIF-repo-update\src\baseline_results.pkl::all_scenarios[(""mice"", ""block7d"")]"
MICE,block7d,deterministic,3215,17750,2023-05-07,0.0,0.764000047557056,1,"C:\Users\yasemin.bozkurt\Desktop\article\DLPIF-repo-update\src\baseline_results.pkl::all_scenarios[(""mice"", ""block7d"")]"
MICE,block7d,deterministic,3217,17704,2023-05-08,0.0,2.2940000228583814,1,"C:\Users\yasemin.bozkurt\Desktop\article\DLPIF-repo-update\src\baseline_results.pkl::all_scenarios[(""mice"", ""block7d"")]"
MICE,block7d,deterministic,3219,17750,2023-05-08,0.20000000470317902,0.0,1,"C:\Users\yasemin.bozkurt\Desktop\article\DLPIF-repo-update\src\baseline_results.pkl::all_scenarios[(""mice"", ""block7d"")]"
MICE,block7d,deterministic,3256,17155,2023-05-18,22.300000798702243,1.4800000447779895,1,"C:\Users\yasemin.bozkurt\Desktop\article\DLPIF-repo-update\src\baseline_results.pkl::all_scenarios[(""mice"", ""block7d"")]"
MICE,block7d,deterministic,3260,17155,2023-05-19,2.40000012293458,5.771999868750573,1,"C:\Users\yasemin.bozkurt\Desktop\article\DLPIF-repo-update\src\baseline_results.pkl::all_scenarios[(""mice"", ""block7d"")]"
MICE,block7d,deterministic,3264,17155,2023-05-20,0.9000000128522516,0.5800000319257379,1,"C:\Users\yasemin.bozkurt\Desktop\article\DLPIF-repo-update\src\baseline_results.pkl::all_scenarios[(""mice"", ""block7d"")]"
MICE,block7d,deterministic,3268,17155,2023-05-21,0.0,0.7920000325888396,1,"C:\Users\yasemin.bozkurt\Desktop\article\DLPIF-repo-update\src\baseline_results.pkl::all_scenarios[(""mice"", ""block7d"")]"
MICE,block7d,deterministic,3272,17155,2023-05-22,2.2000000018626453,1.1220000129193068,1,"C:\Users\yasemin.bozkurt\Desktop\article\DLPIF-repo-update\src\baseline_results.pkl::all_scenarios[(""mice"", ""block7d"")]"
MICE,block7d,deterministic,3276,17155,2023-05-23,2.0000000137835743,9.048000311851503,1,"C:\Users\yasemin.bozkurt\Desktop\article\DLPIF-repo-update\src\baseline_results.pkl::all_scenarios[(""mice"", ""block7d"")]"
MICE,block7d,deterministic,3280,17155,2023-05-24,9.000000527501108,12.672000521421433,1,"C:\Users\yasemin.bozkurt\Desktop\article\DLPIF-repo-update\src\baseline_results.pkl::all_scenarios[(""mice"", ""block7d"")]"
MICE,block7d,deterministic,3287,17750,2023-05-25,15.600000134110452,3.0639999769628052,1,"C:\Users\yasemin.bozkurt\Desktop\article\DLPIF-repo-update\src\baseline_results.pkl::all_scenarios[(""mice"", ""block7d"")]"
MICE,block7d,deterministic,3291,17750,2023-05-26,0.20000000470317902,1.2279999800026418,1,"C:\Users\yasemin.bozkurt\Desktop\article\DLPIF-repo-update\src\baseline_results.pkl::all_scenarios[(""mice"", ""block7d"")]"
MICE,block7d,deterministic,3295,17750,2023-05-27,1.0000000068917871,2.772000047564507,1,"C:\Users\yasemin.bozkurt\Desktop\article\DLPIF-repo-update\src\baseline_results.pkl::all_scenarios[(""mice"", ""block7d"")]"
MICE,block7d,deterministic,3299,17750,2023-05-28,11.600000372529031,2.2080000545829535,1,"C:\Users\yasemin.bozkurt\Desktop\article\DLPIF-repo-update\src\baseline_results.pkl::all_scenarios[(""mice"", ""block7d"")]"
MICE,block7d,deterministic,3303,17750,2023-05-29,0.8000000188127161,1.920000018551946,1,"C:\Users\yasemin.bozkurt\Desktop\article\DLPIF-repo-update\src\baseline_results.pkl::all_scenarios[(""mice"", ""block7d"")]"
MICE,block7d,deterministic,3305,17704,2023-05-30,8.40000003129244,7.692000286281109,1,"C:\Users\yasemin.bozkurt\Desktop\article\DLPIF-repo-update\src\baseline_results.pkl::all_scenarios[(""mice"", ""block7d"")]"
MICE,block7d,deterministic,3307,17750,2023-05-30,18.000001055002215,7.852000276744366,1,"C:\Users\yasemin.bozkurt\Desktop\article\DLPIF-repo-update\src\baseline_results.pkl::all_scenarios[(""mice"", ""block7d"")]"
MICE,block7d,deterministic,3309,17704,2023-05-31,0.0,4.504000157117844,1,"C:\Users\yasemin.bozkurt\Desktop\article\DLPIF-repo-update\src\baseline_results.pkl::all_scenarios[(""mice"", ""block7d"")]"
MICE,block7d,deterministic,3311,17750,2023-05-31,1.4000000495463611,9.103999882936478,1,"C:\Users\yasemin.bozkurt\Desktop\article\DLPIF-repo-update\src\baseline_results.pkl::all_scenarios[(""mice"", ""block7d"")]"
MICE,block7d,deterministic,3313,17704,2023-06-01,0.600000030733645,3.4420000076293946,1,"C:\Users\yasemin.bozkurt\Desktop\article\DLPIF-repo-update\src\baseline_results.pkl::all_scenarios[(""mice"", ""block7d"")]"
MICE,block7d,deterministic,3317,17704,2023-06-02,1.6000000376254322,5.312000428140164,1,"C:\Users\yasemin.bozkurt\Desktop\article\DLPIF-repo-update\src\baseline_results.pkl::all_scenarios[(""mice"", ""block7d"")]"
MICE,block7d,deterministic,3319,17750,2023-06-02,0.0,4.896000346541405,1,"C:\Users\yasemin.bozkurt\Desktop\article\DLPIF-repo-update\src\baseline_results.pkl::all_scenarios[(""mice"", ""block7d"")]"
MICE,block7d,deterministic,3321,17704,2023-06-03,6.6000001385808,15.400000146031381,1,"C:\Users\yasemin.bozkurt\Desktop\article\DLPIF-repo-update\src\baseline_results.pkl::all_scenarios[(""mice"", ""block7d"")]"
MICE,block7d,deterministic,3323,17750,2023-06-03,30.000000339746478,10.418000230193138,1,"C:\Users\yasemin.bozkurt\Desktop\article\DLPIF-repo-update\src\baseline_results.pkl::all_scenarios[(""mice"", ""block7d"")]"
MICE,block7d,deterministic,3325,17704,2023-06-04,7.400000090897084,7.9200000599026685,1,"C:\Users\yasemin.bozkurt\Desktop\article\DLPIF-repo-update\src\baseline_results.pkl::all_scenarios[(""mice"", ""block7d"")]"
MICE,block7d,deterministic,3327,17750,2023-06-04,1.8000000257045032,5.2880000039935116,1,"C:\Users\yasemin.bozkurt\Desktop\article\DLPIF-repo-update\src\baseline_results.pkl::all_scenarios[(""mice"", ""block7d"")]"
MICE,block7d,deterministic,3329,17704,2023-06-05,0.20000000470317902,3.4800000585615636,1,"C:\Users\yasemin.bozkurt\Desktop\article\DLPIF-repo-update\src\baseline_results.pkl::all_scenarios[(""mice"", ""block7d"")]"
MICE,block7d,deterministic,3331,17750,2023-06-05,1.20000006146729,2.7320000499486925,1,"C:\Users\yasemin.bozkurt\Desktop\article\DLPIF-repo-update\src\baseline_results.pkl::all_scenarios[(""mice"", ""block7d"")]"
MICE,block7d,deterministic,3335,17750,2023-06-06,0.20000000470317902,0.2760000068228692,1,"C:\Users\yasemin.bozkurt\Desktop\article\DLPIF-repo-update\src\baseline_results.pkl::all_scenarios[(""mice"", ""block7d"")]"
MICE,block7d,deterministic,3339,17750,2023-06-07,0.0,0.14400000139139593,1,"C:\Users\yasemin.bozkurt\Desktop\article\DLPIF-repo-update\src\baseline_results.pkl::all_scenarios[(""mice"", ""block7d"")]"
MICE,block7d,deterministic,3343,17750,2023-06-08,0.0,1.2960000291466713,1,"C:\Users\yasemin.bozkurt\Desktop\article\DLPIF-repo-update\src\baseline_results.pkl::all_scenarios[(""mice"", ""block7d"")]"
MICE,block7d,deterministic,3377,17704,2023-06-17,1.20000006146729,0.68800001218915,1,"C:\Users\yasemin.bozkurt\Desktop\article\DLPIF-repo-update\src\baseline_results.pkl::all_scenarios[(""mice"", ""block7d"")]"
MICE,block7d,deterministic,3381,17704,2023-06-18,7.800000067055226,7.322000308334828,1,"C:\Users\yasemin.bozkurt\Desktop\article\DLPIF-repo-update\src\baseline_results.pkl::all_scenarios[(""mice"", ""block7d"")]"
MICE,block7d,deterministic,3385,17704,2023-06-19,30.20000032782555,7.536000189185144,1,"C:\Users\yasemin.bozkurt\Desktop\article\DLPIF-repo-update\src\baseline_results.pkl::all_scenarios[(""mice"", ""block7d"")]"
MICE,block7d,deterministic,3387,17750,2023-06-19,42.800001704692846,5.854000076651574,1,"C:\Users\yasemin.bozkurt\Desktop\article\DLPIF-repo-update\src\baseline_results.pkl::all_scenarios[(""mice"", ""block7d"")]"
MICE,block7d,deterministic,3389,17704,2023-06-20,15.800000122189523,5.924000072479249,1,"C:\Users\yasemin.bozkurt\Desktop\article\DLPIF-repo-update\src\baseline_results.pkl::all_scenarios[(""mice"", ""block7d"")]"
MICE,block7d,deterministic,3391,17750,2023-06-20,0.20000000470317902,1.5780000921338797,1,"C:\Users\yasemin.bozkurt\Desktop\article\DLPIF-repo-update\src\baseline_results.pkl::all_scenarios[(""mice"", ""block7d"")]"
MICE,block7d,deterministic,3393,17704,2023-06-21,0.0,0.44000000702217223,1,"C:\Users\yasemin.bozkurt\Desktop\article\DLPIF-repo-update\src\baseline_results.pkl::all_scenarios[(""mice"", ""block7d"")]"
MICE,block7d,deterministic,3395,17750,2023-06-21,0.0,0.09600000092759729,1,"C:\Users\yasemin.bozkurt\Desktop\article\DLPIF-repo-update\src\baseline_results.pkl::all_scenarios[(""mice"", ""block7d"")]"
MICE,block7d,deterministic,3397,17704,2023-06-22,0.0,0.09600000092759729,1,"C:\Users\yasemin.bozkurt\Desktop\article\DLPIF-repo-update\src\baseline_results.pkl::all_scenarios[(""mice"", ""block7d"")]"
MICE,block7d,deterministic,3399,17750,2023-06-22,0.0,0.024000000231899323,1,"C:\Users\yasemin.bozkurt\Desktop\article\DLPIF-repo-update\src\baseline_results.pkl::all_scenarios[(""mice"", ""block7d"")]"
MICE,block7d,deterministic,3401,17704,2023-06-23,0.0,0.012000000115949662,1,"C:\Users\yasemin.bozkurt\Desktop\article\DLPIF-repo-update\src\baseline_results.pkl::all_scenarios[(""mice"", ""block7d"")]"
MICE,block7d,deterministic,3403,17750,2023-06-23,0.0,0.0200000008859206,1,"C:\Users\yasemin.bozkurt\Desktop\article\DLPIF-repo-update\src\baseline_results.pkl::all_scenarios[(""mice"", ""block7d"")]"
MICE,block7d,deterministic,3407,17750,2023-06-24,0.0,0.10000000235158951,1,"C:\Users\yasemin.bozkurt\Desktop\article\DLPIF-repo-update\src\baseline_results.pkl::all_scenarios[(""mice"", ""block7d"")]"
MICE,block7d,deterministic,3411,17750,2023-06-25,0.0,0.24800000516697768,1,"C:\Users\yasemin.bozkurt\Desktop\article\DLPIF-repo-update\src\baseline_results.pkl::all_scenarios[(""mice"", ""block7d"")]"
MICE,block7d,deterministic,3442,17748,2023-07-03,0.0,0.008000000250467565,1,"C:\Users\yasemin.bozkurt\Desktop\article\DLPIF-repo-update\src\baseline_results.pkl::all_scenarios[(""mice"", ""block7d"")]"
MICE,block7d,deterministic,3446,17748,2023-07-04,0.0,1.7160001371055842,1,"C:\Users\yasemin.bozkurt\Desktop\article\DLPIF-repo-update\src\baseline_results.pkl::all_scenarios[(""mice"", ""block7d"")]"
MICE,block7d,deterministic,3450,17748,2023-07-05,0.0,0.9679999954998494,1,"C:\Users\yasemin.bozkurt\Desktop\article\DLPIF-repo-update\src\baseline_results.pkl::all_scenarios[(""mice"", ""block7d"")]"
MICE,block7d,deterministic,3454,17748,2023-07-06,1.8000000257045032,5.84400007724762,1,"C:\Users\yasemin.bozkurt\Desktop\article\DLPIF-repo-update\src\baseline_results.pkl::all_scenarios[(""mice"", ""block7d"")]"
MICE,block7d,deterministic,3458,17748,2023-07-07,7.400000090897084,1.2779999770224095,1,"C:\Users\yasemin.bozkurt\Desktop\article\DLPIF-repo-update\src\baseline_results.pkl::all_scenarios[(""mice"", ""block7d"")]"
MICE,block7d,deterministic,3462,17748,2023-07-08,0.40000000940635805,3.763999935239554,1,"C:\Users\yasemin.bozkurt\Desktop\article\DLPIF-repo-update\src\baseline_results.pkl::all_scenarios[(""mice"", ""block7d"")]"
MICE,block7d,deterministic,3466,17748,2023-07-09,0.0,4.408000056445599,1,"C:\Users\yasemin.bozkurt\Desktop\article\DLPIF-repo-update\src\baseline_results.pkl::all_scenarios[(""mice"", ""block7d"")]"
MICE,block7d,deterministic,3484,17155,2023-07-14,0.0,0.0,1,"C:\Users\yasemin.bozkurt\Desktop\article\DLPIF-repo-update\src\baseline_results.pkl::all_scenarios[(""mice"", ""block7d"")]"
MICE,block7d,deterministic,3486,17748,2023-07-14,0.0,0.048000000463798646,1,"C:\Users\yasemin.bozkurt\Desktop\article\DLPIF-repo-update\src\baseline_results.pkl::all_scenarios[(""mice"", ""block7d"")]"
MICE,block7d,deterministic,3488,17155,2023-07-15,0.0,0.01600000050093513,1,"C:\Users\yasemin.bozkurt\Desktop\article\DLPIF-repo-update\src\baseline_results.pkl::all_scenarios[(""mice"", ""block7d"")]"
MICE,block7d,deterministic,3490,17748,2023-07-15,0.0,0.8239999774843455,1,"C:\Users\yasemin.bozkurt\Desktop\article\DLPIF-repo-update\src\baseline_results.pkl::all_scenarios[(""mice"", ""block7d"")]"
MICE,block7d,deterministic,3492,17155,2023-07-16,0.0,0.08400000496767462,1,"C:\Users\yasemin.bozkurt\Desktop\article\DLPIF-repo-update\src\baseline_results.pkl::all_scenarios[(""mice"", ""block7d"")]"
MICE,block7d,deterministic,3494,17748,2023-07-16,0.0,0.012000000115949662,1,"C:\Users\yasemin.bozkurt\Desktop\article\DLPIF-repo-update\src\baseline_results.pkl::all_scenarios[(""mice"", ""block7d"")]"
MICE,block7d,deterministic,3496,17155,2023-07-17,0.0,0.008000000250467565,1,"C:\Users\yasemin.bozkurt\Desktop\article\DLPIF-repo-update\src\baseline_results.pkl::all_scenarios[(""mice"", ""block7d"")]"
MICE,block7d,deterministic,3498,17748,2023-07-17,0.0,0.21200000066310168,1,"C:\Users\yasemin.bozkurt\Desktop\article\DLPIF-repo-update\src\baseline_results.pkl::all_scenarios[(""mice"", ""block7d"")]"
MICE,block7d,deterministic,3500,17155,2023-07-18,0.0,1.5400000412017107,1,"C:\Users\yasemin.bozkurt\Desktop\article\DLPIF-repo-update\src\baseline_results.pkl::all_scenarios[(""mice"", ""block7d"")]"
MICE,block7d,deterministic,3502,17748,2023-07-18,0.0,0.5200000355020166,1,"C:\Users\yasemin.bozkurt\Desktop\article\DLPIF-repo-update\src\baseline_results.pkl::all_scenarios[(""mice"", ""block7d"")]"
MICE,block7d,deterministic,3504,17155,2023-07-19,0.0,0.0,1,"C:\Users\yasemin.bozkurt\Desktop\article\DLPIF-repo-update\src\baseline_results.pkl::all_scenarios[(""mice"", ""block7d"")]"
MICE,block7d,deterministic,3505,17704,2023-07-19,0.0,0.0,1,"C:\Users\yasemin.bozkurt\Desktop\article\DLPIF-repo-update\src\baseline_results.pkl::all_scenarios[(""mice"", ""block7d"")]"
MICE,block7d,deterministic,3506,17748,2023-07-19,0.0,0.012000000115949662,1,"C:\Users\yasemin.bozkurt\Desktop\article\DLPIF-repo-update\src\baseline_results.pkl::all_scenarios[(""mice"", ""block7d"")]"
MICE,block7d,deterministic,3508,17155,2023-07-20,0.0,0.0400000017718412,1,"C:\Users\yasemin.bozkurt\Desktop\article\DLPIF-repo-update\src\baseline_results.pkl::all_scenarios[(""mice"", ""block7d"")]"
MICE,block7d,deterministic,3509,17704,2023-07-20,0.0,0.008000000250467565,1,"C:\Users\yasemin.bozkurt\Desktop\article\DLPIF-repo-update\src\baseline_results.pkl::all_scenarios[(""mice"", ""block7d"")]"
MICE,block7d,deterministic,3510,17748,2023-07-20,0.0,0.07200000069569797,1,"C:\Users\yasemin.bozkurt\Desktop\article\DLPIF-repo-update\src\baseline_results.pkl::all_scenarios[(""mice"", ""block7d"")]"
MICE,block7d,deterministic,3513,17704,2023-07-21,0.0,0.5239999953657389,1,"C:\Users\yasemin.bozkurt\Desktop\article\DLPIF-repo-update\src\baseline_results.pkl::all_scenarios[(""mice"", ""block7d"")]"
MICE,block7d,deterministic,3517,17704,2023-07-22,0.0,0.004000000125233783,1,"C:\Users\yasemin.bozkurt\Desktop\article\DLPIF-repo-update\src\baseline_results.pkl::all_scenarios[(""mice"", ""block7d"")]"
MICE,block7d,deterministic,3520,17155,2023-07-23,0.0,0.0,1,"C:\Users\yasemin.bozkurt\Desktop\article\DLPIF-repo-update\src\baseline_results.pkl::all_scenarios[(""mice"", ""block7d"")]"
MICE,block7d,deterministic,3521,17704,2023-07-23,0.0,0.0,1,"C:\Users\yasemin.bozkurt\Desktop\article\DLPIF-repo-update\src\baseline_results.pkl::all_scenarios[(""mice"", ""block7d"")]"
MICE,block7d,deterministic,3524,17155,2023-07-24,0.0,0.14799999450333418,1,"C:\Users\yasemin.bozkurt\Desktop\article\DLPIF-repo-update\src\baseline_results.pkl::all_scenarios[(""mice"", ""block7d"")]"
MICE,block7d,deterministic,3525,17704,2023-07-24,0.0,0.048000000463798646,1,"C:\Users\yasemin.bozkurt\Desktop\article\DLPIF-repo-update\src\baseline_results.pkl::all_scenarios[(""mice"", ""block7d"")]"
MICE,block7d,deterministic,3526,17748,2023-07-24,0.0,0.872000027820468,1,"C:\Users\yasemin.bozkurt\Desktop\article\DLPIF-repo-update\src\baseline_results.pkl::all_scenarios[(""mice"", ""block7d"")]"
MICE,block7d,deterministic,3528,17155,2023-07-25,0.0,0.0,1,"C:\Users\yasemin.bozkurt\Desktop\article\DLPIF-repo-update\src\baseline_results.pkl::all_scenarios[(""mice"", ""block7d"")]"
MICE,block7d,deterministic,3529,17704,2023-07-25,0.0,0.0,1,"C:\Users\yasemin.bozkurt\Desktop\article\DLPIF-repo-update\src\baseline_results.pkl::all_scenarios[(""mice"", ""block7d"")]"
MICE,block7d,deterministic,3530,17748,2023-07-25,0.0,0.1600000070873648,1,"C:\Users\yasemin.bozkurt\Desktop\article\DLPIF-repo-update\src\baseline_results.pkl::all_scenarios[(""mice"", ""block7d"")]"
MICE,block7d,deterministic,3532,17155,2023-07-26,0.0,0.0,1,"C:\Users\yasemin.bozkurt\Desktop\article\DLPIF-repo-update\src\baseline_results.pkl::all_scenarios[(""mice"", ""block7d"")]"
MICE,block7d,deterministic,3534,17748,2023-07-26,0.0,0.0,1,"C:\Users\yasemin.bozkurt\Desktop\article\DLPIF-repo-update\src\baseline_results.pkl::all_scenarios[(""mice"", ""block7d"")]"
MICE,block7d,deterministic,3536,17155,2023-07-27,0.0,0.0,1,"C:\Users\yasemin.bozkurt\Desktop\article\DLPIF-repo-update\src\baseline_results.pkl::all_scenarios[(""mice"", ""block7d"")]"
MICE,block7d,deterministic,3538,17748,2023-07-27,0.0,0.0,1,"C:\Users\yasemin.bozkurt\Desktop\article\DLPIF-repo-update\src\baseline_results.pkl::all_scenarios[(""mice"", ""block7d"")]"
MICE,block7d,deterministic,3540,17155,2023-07-28,0.0,0.07200000069569797,1,"C:\Users\yasemin.bozkurt\Desktop\article\DLPIF-repo-update\src\baseline_results.pkl::all_scenarios[(""mice"", ""block7d"")]"
MICE,block7d,deterministic,3542,17748,2023-07-28,0.0,0.0,1,"C:\Users\yasemin.bozkurt\Desktop\article\DLPIF-repo-update\src\baseline_results.pkl::all_scenarios[(""mice"", ""block7d"")]"
MICE,block7d,deterministic,3544,17155,2023-07-29,0.0,0.0,1,"C:\Users\yasemin.bozkurt\Desktop\article\DLPIF-repo-update\src\baseline_results.pkl::all_scenarios[(""mice"", ""block7d"")]"
MICE,block7d,deterministic,3546,17748,2023-07-29,0.0,0.0200000008859206,1,"C:\Users\yasemin.bozkurt\Desktop\article\DLPIF-repo-update\src\baseline_results.pkl::all_scenarios[(""mice"", ""block7d"")]"
MICE,block7d,deterministic,3550,17748,2023-07-30,0.0,0.0200000008859206,1,"C:\Users\yasemin.bozkurt\Desktop\article\DLPIF-repo-update\src\baseline_results.pkl::all_scenarios[(""mice"", ""block7d"")]"
MICE,block7d,deterministic,3557,17704,2023-08-01,0.0,0.03200000100187026,1,"C:\Users\yasemin.bozkurt\Desktop\article\DLPIF-repo-update\src\baseline_results.pkl::all_scenarios[(""mice"", ""block7d"")]"
MICE,block7d,deterministic,3561,17704,2023-08-02,0.0,0.0,1,"C:\Users\yasemin.bozkurt\Desktop\article\DLPIF-repo-update\src\baseline_results.pkl::all_scenarios[(""mice"", ""block7d"")]"
MICE,block7d,deterministic,3565,17704,2023-08-03,0.0,0.0,1,"C:\Users\yasemin.bozkurt\Desktop\article\DLPIF-repo-update\src\baseline_results.pkl::all_scenarios[(""mice"", ""block7d"")]"
MICE,block7d,deterministic,3569,17704,2023-08-04,0.0,0.0,1,"C:\Users\yasemin.bozkurt\Desktop\article\DLPIF-repo-update\src\baseline_results.pkl::all_scenarios[(""mice"", ""block7d"")]"
MICE,block7d,deterministic,3572,17155,2023-08-05,0.0,0.01600000050093513,1,"C:\Users\yasemin.bozkurt\Desktop\article\DLPIF-repo-update\src\baseline_results.pkl::all_scenarios[(""mice"", ""block7d"")]"
MICE,block7d,deterministic,3573,17704,2023-08-05,0.0,0.0,1,"C:\Users\yasemin.bozkurt\Desktop\article\DLPIF-repo-update\src\baseline_results.pkl::all_scenarios[(""mice"", ""block7d"")]"
MICE,block7d,deterministic,3576,17155,2023-08-06,0.0,0.04399999903980643,1,"C:\Users\yasemin.bozkurt\Desktop\article\DLPIF-repo-update\src\baseline_results.pkl::all_scenarios[(""mice"", ""block7d"")]"
MICE,block7d,deterministic,3577,17704,2023-08-06,0.0,0.0,1,"C:\Users\yasemin.bozkurt\Desktop\article\DLPIF-repo-update\src\baseline_results.pkl::all_scenarios[(""mice"", ""block7d"")]"
MICE,block7d,deterministic,3580,17155,2023-08-07,0.0,0.008000000250467565,1,"C:\Users\yasemin.bozkurt\Desktop\article\DLPIF-repo-update\src\baseline_results.pkl::all_scenarios[(""mice"", ""block7d"")]"
MICE,block7d,deterministic,3581,17704,2023-08-07,0.0,0.20400001443922522,1,"C:\Users\yasemin.bozkurt\Desktop\article\DLPIF-repo-update\src\baseline_results.pkl::all_scenarios[(""mice"", ""block7d"")]"
MICE,block7d,deterministic,3584,17155,2023-08-08,0.0,2.355999965965748,1,"C:\Users\yasemin.bozkurt\Desktop\article\DLPIF-repo-update\src\baseline_results.pkl::all_scenarios[(""mice"", ""block7d"")]"
MICE,block7d,deterministic,3588,17155,2023-08-09,0.0,2.1800000030547384,1,"C:\Users\yasemin.bozkurt\Desktop\article\DLPIF-repo-update\src\baseline_results.pkl::all_scenarios[(""mice"", ""block7d"")]"
MICE,block7d,deterministic,3592,17155,2023-08-10,0.20000000470317902,5.826000291109086,1,"C:\Users\yasemin.bozkurt\Desktop\article\DLPIF-repo-update\src\baseline_results.pkl::all_scenarios[(""mice"", ""block7d"")]"
MICE,block7d,deterministic,3596,17155,2023-08-11,0.5000000034458936,1.1839999560266734,1,"C:\Users\yasemin.bozkurt\Desktop\article\DLPIF-repo-update\src\baseline_results.pkl::all_scenarios[(""mice"", ""block7d"")]"
MICE,block7d,deterministic,3605,17704,2023-08-13,0.0,0.01600000050093513,1,"C:\Users\yasemin.bozkurt\Desktop\article\DLPIF-repo-update\src\baseline_results.pkl::all_scenarios[(""mice"", ""block7d"")]"
MICE,block7d,deterministic,3609,17704,2023-08-14,0.0,2.232000079751015,1,"C:\Users\yasemin.bozkurt\Desktop\article\DLPIF-repo-update\src\baseline_results.pkl::all_scenarios[(""mice"", ""block7d"")]"
MICE,block7d,deterministic,3613,17704,2023-08-15,0.0,0.01600000050093513,1,"C:\Users\yasemin.bozkurt\Desktop\article\DLPIF-repo-update\src\baseline_results.pkl::all_scenarios[(""mice"", ""block7d"")]"
MICE,block7d,deterministic,3617,17704,2023-08-16,0.0,4.358526445180178,1,"C:\Users\yasemin.bozkurt\Desktop\article\DLPIF-repo-update\src\baseline_results.pkl::all_scenarios[(""mice"", ""block7d"")]"
MICE,block7d,deterministic,3621,17704,2023-08-17,9.40000050365925,0.6825262919068337,1,"C:\Users\yasemin.bozkurt\Desktop\article\DLPIF-repo-update\src\baseline_results.pkl::all_scenarios[(""mice"", ""block7d"")]"
MICE,block7d,deterministic,3625,17704,2023-08-18,9.800000479817392,0.0,1,"C:\Users\yasemin.bozkurt\Desktop\article\DLPIF-repo-update\src\baseline_results.pkl::all_scenarios[(""mice"", ""block7d"")]"
MICE,block7d,deterministic,3629,17704,2023-08-19,1.4000000495463611,0.0,1,"C:\Users\yasemin.bozkurt\Desktop\article\DLPIF-repo-update\src\baseline_results.pkl::all_scenarios[(""mice"", ""block7d"")]"
MICE,block7d,deterministic,3758,17748,2023-09-20,0.0,0.5440000274218619,1,"C:\Users\yasemin.bozkurt\Desktop\article\DLPIF-repo-update\src\baseline_results.pkl::all_scenarios[(""mice"", ""block7d"")]"
MICE,block7d,deterministic,3762,17748,2023-09-21,0.0,0.004000000125233783,1,"C:\Users\yasemin.bozkurt\Desktop\article\DLPIF-repo-update\src\baseline_results.pkl::all_scenarios[(""mice"", ""block7d"")]"
MICE,block7d,deterministic,3766,17748,2023-09-22,0.0,3.2760001771152023,1,"C:\Users\yasemin.bozkurt\Desktop\article\DLPIF-repo-update\src\baseline_results.pkl::all_scenarios[(""mice"", ""block7d"")]"
MICE,block7d,deterministic,3770,17748,2023-09-23,0.0,0.10400000377558173,1,"C:\Users\yasemin.bozkurt\Desktop\article\DLPIF-repo-update\src\baseline_results.pkl::all_scenarios[(""mice"", ""block7d"")]"
MICE,block7d,deterministic,3773,17704,2023-09-24,0.0,0.2240000132471323,1,"C:\Users\yasemin.bozkurt\Desktop\article\DLPIF-repo-update\src\baseline_results.pkl::all_scenarios[(""mice"", ""block7d"")]"
MICE,block7d,deterministic,3774,17748,2023-09-24,0.0,0.16400000019930305,1,"C:\Users\yasemin.bozkurt\Desktop\article\DLPIF-repo-update\src\baseline_results.pkl::all_scenarios[(""mice"", ""block7d"")]"
MICE,block7d,deterministic,3777,17704,2023-09-25,0.0,0.8520000290125609,1,"C:\Users\yasemin.bozkurt\Desktop\article\DLPIF-repo-update\src\baseline_results.pkl::all_scenarios[(""mice"", ""block7d"")]"
MICE,block7d,deterministic,3778,17748,2023-09-25,0.0,0.7400000223889948,1,"C:\Users\yasemin.bozkurt\Desktop\article\DLPIF-repo-update\src\baseline_results.pkl::all_scenarios[(""mice"", ""block7d"")]"
MICE,block7d,deterministic,3781,17704,2023-09-26,0.0,0.7320000361651183,1,"C:\Users\yasemin.bozkurt\Desktop\article\DLPIF-repo-update\src\baseline_results.pkl::all_scenarios[(""mice"", ""block7d"")]"
MICE,block7d,deterministic,3782,17748,2023-09-26,0.0,1.0640000296756627,1,"C:\Users\yasemin.bozkurt\Desktop\article\DLPIF-repo-update\src\baseline_results.pkl::all_scenarios[(""mice"", ""block7d"")]"
MICE,block7d,deterministic,3785,17704,2023-09-27,0.0,1.2220000069588424,1,"C:\Users\yasemin.bozkurt\Desktop\article\DLPIF-repo-update\src\baseline_results.pkl::all_scenarios[(""mice"", ""block7d"")]"
MICE,block7d,deterministic,3789,17704,2023-09-28,0.0,3.342000013589859,1,"C:\Users\yasemin.bozkurt\Desktop\article\DLPIF-repo-update\src\baseline_results.pkl::all_scenarios[(""mice"", ""block7d"")]"
MICE,block7d,deterministic,3793,17704,2023-09-29,0.20000000470317902,2.0040000401437283,1,"C:\Users\yasemin.bozkurt\Desktop\article\DLPIF-repo-update\src\baseline_results.pkl::all_scenarios[(""mice"", ""block7d"")]"
MICE,block7d,deterministic,3797,17704,2023-09-30,0.40000000940635805,2.490000117570162,1,"C:\Users\yasemin.bozkurt\Desktop\article\DLPIF-repo-update\src\baseline_results.pkl::all_scenarios[(""mice"", ""block7d"")]"
MICE,block7d,deterministic,3833,17704,2023-10-09,0.0,3.023999979346991,1,"C:\Users\yasemin.bozkurt\Desktop\article\DLPIF-repo-update\src\baseline_results.pkl::all_scenarios[(""mice"", ""block7d"")]"
MICE,block7d,deterministic,3837,17704,2023-10-10,0.0,2.424000015109778,1,"C:\Users\yasemin.bozkurt\Desktop\article\DLPIF-repo-update\src\baseline_results.pkl::all_scenarios[(""mice"", ""block7d"")]"
MICE,block7d,deterministic,3841,17704,2023-10-11,0.0,0.0,1,"C:\Users\yasemin.bozkurt\Desktop\article\DLPIF-repo-update\src\baseline_results.pkl::all_scenarios[(""mice"", ""block7d"")]"
MICE,block7d,deterministic,3845,17704,2023-10-12,0.0,0.004000000125233783,1,"C:\Users\yasemin.bozkurt\Desktop\article\DLPIF-repo-update\src\baseline_results.pkl::all_scenarios[(""mice"", ""block7d"")]"
MICE,block7d,deterministic,3849,17704,2023-10-13,0.0,0.01600000050093513,1,"C:\Users\yasemin.bozkurt\Desktop\article\DLPIF-repo-update\src\baseline_results.pkl::all_scenarios[(""mice"", ""block7d"")]"
MICE,block7d,deterministic,3853,17704,2023-10-14,0.0,0.0,1,"C:\Users\yasemin.bozkurt\Desktop\article\DLPIF-repo-update\src\baseline_results.pkl::all_scenarios[(""mice"", ""block7d"")]"
MICE,block7d,deterministic,3857,17704,2023-10-15,0.0,0.01600000050093513,1,"C:\Users\yasemin.bozkurt\Desktop\article\DLPIF-repo-update\src\baseline_results.pkl::all_scenarios[(""mice"", ""block7d"")]"
MICE,block7d,deterministic,3868,17155,2023-10-18,0.10000000235158951,5.5640000939369205,1,"C:\Users\yasemin.bozkurt\Desktop\article\DLPIF-repo-update\src\baseline_results.pkl::all_scenarios[(""mice"", ""block7d"")]"
MICE,block7d,deterministic,3872,17155,2023-10-19,0.3000000153668225,0.5200000022538007,1,"C:\Users\yasemin.bozkurt\Desktop\article\DLPIF-repo-update\src\baseline_results.pkl::all_scenarios[(""mice"", ""block7d"")]"
MICE,block7d,deterministic,3876,17155,2023-10-20,0.20000000470317902,2.4420000672340394,1,"C:\Users\yasemin.bozkurt\Desktop\article\DLPIF-repo-update\src\baseline_results.pkl::all_scenarios[(""mice"", ""block7d"")]"
MICE,block7d,deterministic,3880,17155,2023-10-21,0.0,0.07200000069569797,1,"C:\Users\yasemin.bozkurt\Desktop\article\DLPIF-repo-update\src\baseline_results.pkl::all_scenarios[(""mice"", ""block7d"")]"
MICE,block7d,deterministic,3884,17155,2023-10-22,0.0,0.01600000050093513,1,"C:\Users\yasemin.bozkurt\Desktop\article\DLPIF-repo-update\src\baseline_results.pkl::all_scenarios[(""mice"", ""block7d"")]"
MICE,block7d,deterministic,3888,17155,2023-10-23,0.0,0.1400000082794577,1,"C:\Users\yasemin.bozkurt\Desktop\article\DLPIF-repo-update\src\baseline_results.pkl::all_scenarios[(""mice"", ""block7d"")]"
MICE,block7d,deterministic,3892,17155,2023-10-24,0.0,0.024000000231899323,1,"C:\Users\yasemin.bozkurt\Desktop\article\DLPIF-repo-update\src\baseline_results.pkl::all_scenarios[(""mice"", ""block7d"")]"
MICE,block7d,deterministic,3977,17704,2023-11-14,5.800000186264516,2.2359999731183056,1,"C:\Users\yasemin.bozkurt\Desktop\article\DLPIF-repo-update\src\baseline_results.pkl::all_scenarios[(""mice"", ""block7d"")]"
MICE,block7d,deterministic,3981,17704,2023-11-15,5.0000002339482315,0.5440000274218619,1,"C:\Users\yasemin.bozkurt\Desktop\article\DLPIF-repo-update\src\baseline_results.pkl::all_scenarios[(""mice"", ""block7d"")]"
MICE,block7d,deterministic,3984,17155,2023-11-16,0.0,1.9960001204162838,1,"C:\Users\yasemin.bozkurt\Desktop\article\DLPIF-repo-update\src\baseline_results.pkl::all_scenarios[(""mice"", ""block7d"")]"
MICE,block7d,deterministic,3985,17704,2023-11-16,1.6000000376254322,2.528000168502331,1,"C:\Users\yasemin.bozkurt\Desktop\article\DLPIF-repo-update\src\baseline_results.pkl::all_scenarios[(""mice"", ""block7d"")]"
MICE,block7d,deterministic,3988,17155,2023-11-17,5.900000180304051,1.2720000039786101,1,"C:\Users\yasemin.bozkurt\Desktop\article\DLPIF-repo-update\src\baseline_results.pkl::all_scenarios[(""mice"", ""block7d"")]"
MICE,block7d,deterministic,3989,17704,2023-11-17,3.6000000514090065,0.3400000129826367,1,"C:\Users\yasemin.bozkurt\Desktop\article\DLPIF-repo-update\src\baseline_results.pkl::all_scenarios[(""mice"", ""block7d"")]"
MICE,block7d,deterministic,3992,17155,2023-11-18,7.3000000968575485,5.536000308394432,1,"C:\Users\yasemin.bozkurt\Desktop\article\DLPIF-repo-update\src\baseline_results.pkl::all_scenarios[(""mice"", ""block7d"")]"
MICE,block7d,deterministic,3993,17704,2023-11-18,4.80000024586916,4.9440001308918005,1,"C:\Users\yasemin.bozkurt\Desktop\article\DLPIF-repo-update\src\baseline_results.pkl::all_scenarios[(""mice"", ""block7d"")]"
MICE,block7d,deterministic,3996,17155,2023-11-19,10.100000461935998,8.990000528097154,1,"C:\Users\yasemin.bozkurt\Desktop\article\DLPIF-repo-update\src\baseline_results.pkl::all_scenarios[(""mice"", ""block7d"")]"
MICE,block7d,deterministic,3997,17704,2023-11-19,14.400000205636026,8.288000357151033,1,"C:\Users\yasemin.bozkurt\Desktop\article\DLPIF-repo-update\src\baseline_results.pkl::all_scenarios[(""mice"", ""block7d"")]"
MICE,block7d,deterministic,4000,17155,2023-11-20,12.500000318884851,2.272000077366829,1,"C:\Users\yasemin.bozkurt\Desktop\article\DLPIF-repo-update\src\baseline_results.pkl::all_scenarios[(""mice"", ""block7d"")]"
MICE,block7d,deterministic,4001,17704,2023-11-20,12.400000324845315,3.6240002095699313,1,"C:\Users\yasemin.bozkurt\Desktop\article\DLPIF-repo-update\src\baseline_results.pkl::all_scenarios[(""mice"", ""block7d"")]"
MICE,block7d,deterministic,4004,17155,2023-11-21,0.10000000235158951,1.0480000572279096,1,"C:\Users\yasemin.bozkurt\Desktop\article\DLPIF-repo-update\src\baseline_results.pkl::all_scenarios[(""mice"", ""block7d"")]"
MICE,block7d,deterministic,4008,17155,2023-11-22,0.0,1.1600000638514758,1,"C:\Users\yasemin.bozkurt\Desktop\article\DLPIF-repo-update\src\baseline_results.pkl::all_scenarios[(""mice"", ""block7d"")]"
MICE,block7d,deterministic,4030,17748,2023-11-27,26.4000005543232,1.1920000087469818,1,"C:\Users\yasemin.bozkurt\Desktop\article\DLPIF-repo-update\src\baseline_results.pkl::all_scenarios[(""mice"", ""block7d"")]"
MICE,block7d,deterministic,4032,17155,2023-11-28,2.2000000018626453,0.5920000445097685,1,"C:\Users\yasemin.bozkurt\Desktop\article\DLPIF-repo-update\src\baseline_results.pkl::all_scenarios[(""mice"", ""block7d"")]"
MICE,block7d,deterministic,4034,17748,2023-11-28,4.20000001564622,1.052000017091632,1,"C:\Users\yasemin.bozkurt\Desktop\article\DLPIF-repo-update\src\baseline_results.pkl::all_scenarios[(""mice"", ""block7d"")]"
MICE,block7d,deterministic,4036,17155,2023-11-29,0.10000000235158951,4.788000033795834,1,"C:\Users\yasemin.bozkurt\Desktop\article\DLPIF-repo-update\src\baseline_results.pkl::all_scenarios[(""mice"", ""block7d"")]"
MICE,block7d,deterministic,4038,17748,2023-11-29,6.400000150501729,2.364000018686056,1,"C:\Users\yasemin.bozkurt\Desktop\article\DLPIF-repo-update\src\baseline_results.pkl::all_scenarios[(""mice"", ""block7d"")]"
MICE,block7d,deterministic,4040,17155,2023-11-30,4.80000024586916,9.888000261783601,1,"C:\Users\yasemin.bozkurt\Desktop\article\DLPIF-repo-update\src\baseline_results.pkl::all_scenarios[(""mice"", ""block7d"")]"
MICE,block7d,deterministic,4042,17748,2023-11-30,17.00000005066395,2.6359999492764477,1,"C:\Users\yasemin.bozkurt\Desktop\article\DLPIF-repo-update\src\baseline_results.pkl::all_scenarios[(""mice"", ""block7d"")]"
MICE,block7d,deterministic,4044,17155,2023-12-01,4.300000009685755,2.87600020095706,1,"C:\Users\yasemin.bozkurt\Desktop\article\DLPIF-repo-update\src\baseline_results.pkl::all_scenarios[(""mice"", ""block7d"")]"
MICE,block7d,deterministic,4046,17748,2023-12-01,12.800000301003458,5.491999885439873,1,"C:\Users\yasemin.bozkurt\Desktop\article\DLPIF-repo-update\src\baseline_results.pkl::all_scenarios[(""mice"", ""block7d"")]"
MICE,block7d,deterministic,4048,17155,2023-12-02,1.0000000068917871,0.8640000415965915,1,"C:\Users\yasemin.bozkurt\Desktop\article\DLPIF-repo-update\src\baseline_results.pkl::all_scenarios[(""mice"", ""block7d"")]"
MICE,block7d,deterministic,4050,17748,2023-12-02,0.40000000940635805,6.5160002499818805,1,"C:\Users\yasemin.bozkurt\Desktop\article\DLPIF-repo-update\src\baseline_results.pkl::all_scenarios[(""mice"", ""block7d"")]"
MICE,block7d,deterministic,4052,17155,2023-12-03,0.0,0.3879999968223274,1,"C:\Users\yasemin.bozkurt\Desktop\article\DLPIF-repo-update\src\baseline_results.pkl::all_scenarios[(""mice"", ""block7d"")]"
MICE,block7d,deterministic,4054,17748,2023-12-03,0.0,4.528000049293041,1,"C:\Users\yasemin.bozkurt\Desktop\article\DLPIF-repo-update\src\baseline_results.pkl::all_scenarios[(""mice"", ""block7d"")]"
MICE,block7d,deterministic,4056,17155,2023-12-04,0.0,0.8240000439807773,1,"C:\Users\yasemin.bozkurt\Desktop\article\DLPIF-repo-update\src\baseline_results.pkl::all_scenarios[(""mice"", ""block7d"")]"
MICE,block7d,deterministic,4063,17750,2023-12-05,0.0,2.3120000749826435,1,"C:\Users\yasemin.bozkurt\Desktop\article\DLPIF-repo-update\src\baseline_results.pkl::all_scenarios[(""mice"", ""block7d"")]"
MICE,block7d,deterministic,4065,17704,2023-12-06,0.0,5.336000320315361,1,"C:\Users\yasemin.bozkurt\Desktop\article\DLPIF-repo-update\src\baseline_results.pkl::all_scenarios[(""mice"", ""block7d"")]"
MICE,block7d,deterministic,4067,17750,2023-12-06,0.20000000470317902,10.820000419020653,1,"C:\Users\yasemin.bozkurt\Desktop\article\DLPIF-repo-update\src\baseline_results.pkl::all_scenarios[(""mice"", ""block7d"")]"
MICE,block7d,deterministic,4069,17704,2023-12-07,0.8000000188127161,4.136000125855208,1,"C:\Users\yasemin.bozkurt\Desktop\article\DLPIF-repo-update\src\baseline_results.pkl::all_scenarios[(""mice"", ""block7d"")]"
MICE,block7d,deterministic,4071,17750,2023-12-07,1.6000000376254322,9.472000712156296,1,"C:\Users\yasemin.bozkurt\Desktop\article\DLPIF-repo-update\src\baseline_results.pkl::all_scenarios[(""mice"", ""block7d"")]"
MICE,block7d,deterministic,4073,17704,2023-12-08,3.8000000394880775,3.468000112473965,1,"C:\Users\yasemin.bozkurt\Desktop\article\DLPIF-repo-update\src\baseline_results.pkl::all_scenarios[(""mice"", ""block7d"")]"
MICE,block7d,deterministic,4075,17750,2023-12-08,10.000000467896463,12.265999907255173,1,"C:\Users\yasemin.bozkurt\Desktop\article\DLPIF-repo-update\src\baseline_results.pkl::all_scenarios[(""mice"", ""block7d"")]"
MICE,block7d,deterministic,4076,17155,2023-12-09,7.600000078976155,9.39199965298176,1,"C:\Users\yasemin.bozkurt\Desktop\article\DLPIF-repo-update\src\baseline_results.pkl::all_scenarios[(""mice"", ""block7d"")]"
MICE,block7d,deterministic,4077,17704,2023-12-09,6.000000174343587,6.847999911010266,1,"C:\Users\yasemin.bozkurt\Desktop\article\DLPIF-repo-update\src\baseline_results.pkl::all_scenarios[(""mice"", ""block7d"")]"
MICE,block7d,deterministic,4078,17748,2023-12-09,9.200000515580179,12.568000102043152,1,"C:\Users\yasemin.bozkurt\Desktop\article\DLPIF-repo-update\src\baseline_results.pkl::all_scenarios[(""mice"", ""block7d"")]"
MICE,block7d,deterministic,4079,17750,2023-12-09,6.000000174343587,6.724000024795533,1,"C:\Users\yasemin.bozkurt\Desktop\article\DLPIF-repo-update\src\baseline_results.pkl::all_scenarios[(""mice"", ""block7d"")]"
MICE,block7d,deterministic,4080,17155,2023-12-10,16.700000068545343,4.344000166654587,1,"C:\Users\yasemin.bozkurt\Desktop\article\DLPIF-repo-update\src\baseline_results.pkl::all_scenarios[(""mice"", ""block7d"")]"
MICE,block7d,deterministic,4081,17704,2023-12-10,7.800000067055226,4.736000356078148,1,"C:\Users\yasemin.bozkurt\Desktop\article\DLPIF-repo-update\src\baseline_results.pkl::all_scenarios[(""mice"", ""block7d"")]"
MICE,block7d,deterministic,4082,17748,2023-12-10,5.0000002339482315,1.7000000316649677,1,"C:\Users\yasemin.bozkurt\Desktop\article\DLPIF-repo-update\src\baseline_results.pkl::all_scenarios[(""mice"", ""block7d"")]"
MICE,block7d,deterministic,4083,17750,2023-12-10,4.000000027567149,0.7040000511333347,1,"C:\Users\yasemin.bozkurt\Desktop\article\DLPIF-repo-update\src\baseline_results.pkl::all_scenarios[(""mice"", ""block7d"")]"
MICE,block7d,deterministic,4084,17155,2023-12-11,7.900000061094762,12.39599989950657,1,"C:\Users\yasemin.bozkurt\Desktop\article\DLPIF-repo-update\src\baseline_results.pkl::all_scenarios[(""mice"", ""block7d"")]"
MICE,block7d,deterministic,4085,17704,2023-12-11,5.0000002339482315,2.7360002093017104,1,"C:\Users\yasemin.bozkurt\Desktop\article\DLPIF-repo-update\src\baseline_results.pkl::all_scenarios[(""mice"", ""block7d"")]"
MICE,block7d,deterministic,4086,17748,2023-12-11,1.8000000257045032,1.8959999933838847,1,"C:\Users\yasemin.bozkurt\Desktop\article\DLPIF-repo-update\src\baseline_results.pkl::all_scenarios[(""mice"", ""block7d"")]"
MICE,block7d,deterministic,4087,17750,2023-12-11,1.0000000068917871,5.824000078439713,1,"C:\Users\yasemin.bozkurt\Desktop\article\DLPIF-repo-update\src\baseline_results.pkl::all_scenarios[(""mice"", ""block7d"")]"
MICE,block7d,deterministic,4088,17155,2023-12-12,0.0,5.236000326275826,1,"C:\Users\yasemin.bozkurt\Desktop\article\DLPIF-repo-update\src\baseline_results.pkl::all_scenarios[(""mice"", ""block7d"")]"
MICE,block7d,deterministic,4089,17704,2023-12-12,0.0,5.140000225603581,1,"C:\Users\yasemin.bozkurt\Desktop\article\DLPIF-repo-update\src\baseline_results.pkl::all_scenarios[(""mice"", ""block7d"")]"
MICE,block7d,deterministic,4090,17748,2023-12-12,0.0,8.888000321388246,1,"C:\Users\yasemin.bozkurt\Desktop\article\DLPIF-repo-update\src\baseline_results.pkl::all_scenarios[(""mice"", ""block7d"")]"
MICE,block7d,deterministic,4092,17155,2023-12-13,0.0,3.798000092804432,1,"C:\Users\yasemin.bozkurt\Desktop\article\DLPIF-repo-update\src\baseline_results.pkl::all_scenarios[(""mice"", ""block7d"")]"
MICE,block7d,deterministic,4094,17748,2023-12-13,0.0,0.8960000529885292,1,"C:\Users\yasemin.bozkurt\Desktop\article\DLPIF-repo-update\src\baseline_results.pkl::all_scenarios[(""mice"", ""block7d"")]"
MICE,block7d,deterministic,4096,17155,2023-12-14,0.0,0.6360000019893051,1,"C:\Users\yasemin.bozkurt\Desktop\article\DLPIF-repo-update\src\baseline_results.pkl::all_scenarios[(""mice"", ""block7d"")]"
MICE,block7d,deterministic,4098,17748,2023-12-14,0.0,0.2319999994710088,1,"C:\Users\yasemin.bozkurt\Desktop\article\DLPIF-repo-update\src\baseline_results.pkl::all_scenarios[(""mice"", ""block7d"")]"
MICE,block7d,deterministic,4100,17155,2023-12-15,0.0,0.5200000022538007,1,"C:\Users\yasemin.bozkurt\Desktop\article\DLPIF-repo-update\src\baseline_results.pkl::all_scenarios[(""mice"", ""block7d"")]"
MICE,block7d,deterministic,4102,17748,2023-12-15,0.0,2.61200005710125,1,"C:\Users\yasemin.bozkurt\Desktop\article\DLPIF-repo-update\src\baseline_results.pkl::all_scenarios[(""mice"", ""block7d"")]"
MICE,block7d,deterministic,4124,17155,2023-12-21,0.0,4.80000024586916,1,"C:\Users\yasemin.bozkurt\Desktop\article\DLPIF-repo-update\src\baseline_results.pkl::all_scenarios[(""mice"", ""block7d"")]"
MICE,block7d,deterministic,4128,17155,2023-12-22,1.7000000316649677,15.904000541567804,1,"C:\Users\yasemin.bozkurt\Desktop\article\DLPIF-repo-update\src\baseline_results.pkl::all_scenarios[(""mice"", ""block7d"")]"
MICE,block7d,deterministic,4132,17155,2023-12-23,3.900000033527613,13.11200049519539,1,"C:\Users\yasemin.bozkurt\Desktop\article\DLPIF-repo-update\src\baseline_results.pkl::all_scenarios[(""mice"", ""block7d"")]"
MICE,block7d,deterministic,4136,17155,2023-12-24,2.2000000018626453,5.188000009953976,1,"C:\Users\yasemin.bozkurt\Desktop\article\DLPIF-repo-update\src\baseline_results.pkl::all_scenarios[(""mice"", ""block7d"")]"
MICE,block7d,deterministic,4140,17155,2023-12-25,0.0,0.9040000392124058,1,"C:\Users\yasemin.bozkurt\Desktop\article\DLPIF-repo-update\src\baseline_results.pkl::all_scenarios[(""mice"", ""block7d"")]"
MICE,block7d,deterministic,4144,17155,2023-12-26,0.0,0.20000000470317902,1,"C:\Users\yasemin.bozkurt\Desktop\article\DLPIF-repo-update\src\baseline_results.pkl::all_scenarios[(""mice"", ""block7d"")]"
MICE,block7d,deterministic,4148,17155,2023-12-27,0.0,0.22399999662302436,1,"C:\Users\yasemin.bozkurt\Desktop\article\DLPIF-repo-update\src\baseline_results.pkl::all_scenarios[(""mice"", ""block7d"")]"
MICE,netblock30d,deterministic,684,17155,2021-08-13,0.0,0.4560000127181411,1,"C:\Users\yasemin.bozkurt\Desktop\article\DLPIF-repo-update\src\baseline_results.pkl::all_scenarios[(""mice"", ""netblock30d"")]"
MICE,netblock30d,deterministic,685,17704,2021-08-13,0.0,0.4560000127181411,1,"C:\Users\yasemin.bozkurt\Desktop\article\DLPIF-repo-update\src\baseline_results.pkl::all_scenarios[(""mice"", ""netblock30d"")]"
MICE,netblock30d,deterministic,686,17748,2021-08-13,0.0,0.4560000127181411,1,"C:\Users\yasemin.bozkurt\Desktop\article\DLPIF-repo-update\src\baseline_results.pkl::all_scenarios[(""mice"", ""netblock30d"")]"
MICE,netblock30d,deterministic,687,17750,2021-08-13,0.0,0.4560000127181411,1,"C:\Users\yasemin.bozkurt\Desktop\article\DLPIF-repo-update\src\baseline_results.pkl::all_scenarios[(""mice"", ""netblock30d"")]"
MICE,netblock30d,deterministic,688,17155,2021-08-14,0.0,0.4560000127181411,1,"C:\Users\yasemin.bozkurt\Desktop\article\DLPIF-repo-update\src\baseline_results.pkl::all_scenarios[(""mice"", ""netblock30d"")]"
MICE,netblock30d,deterministic,689,17704,2021-08-14,0.0,0.4560000127181411,1,"C:\Users\yasemin.bozkurt\Desktop\article\DLPIF-repo-update\src\baseline_results.pkl::all_scenarios[(""mice"", ""netblock30d"")]"
MICE,netblock30d,deterministic,690,17748,2021-08-14,0.0,0.4560000127181411,1,"C:\Users\yasemin.bozkurt\Desktop\article\DLPIF-repo-update\src\baseline_results.pkl::all_scenarios[(""mice"", ""netblock30d"")]"
MICE,netblock30d,deterministic,691,17750,2021-08-14,0.0,0.4560000127181411,1,"C:\Users\yasemin.bozkurt\Desktop\article\DLPIF-repo-update\src\baseline_results.pkl::all_scenarios[(""mice"", ""netblock30d"")]"
MICE,netblock30d,deterministic,692,17155,2021-08-15,0.0,0.4560000127181411,1,"C:\Users\yasemin.bozkurt\Desktop\article\DLPIF-repo-update\src\baseline_results.pkl::all_scenarios[(""mice"", ""netblock30d"")]"
MICE,netblock30d,deterministic,693,17704,2021-08-15,0.0,0.4560000127181411,1,"C:\Users\yasemin.bozkurt\Desktop\article\DLPIF-repo-update\src\baseline_results.pkl::all_scenarios[(""mice"", ""netblock30d"")]"
MICE,netblock30d,deterministic,694,17748,2021-08-15,0.0,0.4560000127181411,1,"C:\Users\yasemin.bozkurt\Desktop\article\DLPIF-repo-update\src\baseline_results.pkl::all_scenarios[(""mice"", ""netblock30d"")]"
MICE,netblock30d,deterministic,695,17750,2021-08-15,0.0,0.4560000127181411,1,"C:\Users\yasemin.bozkurt\Desktop\article\DLPIF-repo-update\src\baseline_results.pkl::all_scenarios[(""mice"", ""netblock30d"")]"
MICE,netblock30d,deterministic,696,17155,2021-08-16,0.0,0.4560000127181411,1,"C:\Users\yasemin.bozkurt\Desktop\article\DLPIF-repo-update\src\baseline_results.pkl::all_scenarios[(""mice"", ""netblock30d"")]"
MICE,netblock30d,deterministic,697,17704,2021-08-16,0.0,0.4560000127181411,1,"C:\Users\yasemin.bozkurt\Desktop\article\DLPIF-repo-update\src\baseline_results.pkl::all_scenarios[(""mice"", ""netblock30d"")]"
MICE,netblock30d,deterministic,698,17748,2021-08-16,0.0,0.4560000127181411,1,"C:\Users\yasemin.bozkurt\Desktop\article\DLPIF-repo-update\src\baseline_results.pkl::all_scenarios[(""mice"", ""netblock30d"")]"
MICE,netblock30d,deterministic,699,17750,2021-08-16,0.0,0.4560000127181411,1,"C:\Users\yasemin.bozkurt\Desktop\article\DLPIF-repo-update\src\baseline_results.pkl::all_scenarios[(""mice"", ""netblock30d"")]"
MICE,netblock30d,deterministic,700,17155,2021-08-17,0.0,0.4560000127181411,1,"C:\Users\yasemin.bozkurt\Desktop\article\DLPIF-repo-update\src\baseline_results.pkl::all_scenarios[(""mice"", ""netblock30d"")]"
MICE,netblock30d,deterministic,701,17704,2021-08-17,0.0,0.4560000127181411,1,"C:\Users\yasemin.bozkurt\Desktop\article\DLPIF-repo-update\src\baseline_results.pkl::all_scenarios[(""mice"", ""netblock30d"")]"
MICE,netblock30d,deterministic,702,17748,2021-08-17,0.0,0.4560000127181411,1,"C:\Users\yasemin.bozkurt\Desktop\article\DLPIF-repo-update\src\baseline_results.pkl::all_scenarios[(""mice"", ""netblock30d"")]"
MICE,netblock30d,deterministic,703,17750,2021-08-17,0.0,0.4560000127181411,1,"C:\Users\yasemin.bozkurt\Desktop\article\DLPIF-repo-update\src\baseline_results.pkl::all_scenarios[(""mice"", ""netblock30d"")]"
MICE,netblock30d,deterministic,704,17155,2021-08-18,0.0,0.4560000127181411,1,"C:\Users\yasemin.bozkurt\Desktop\article\DLPIF-repo-update\src\baseline_results.pkl::all_scenarios[(""mice"", ""netblock30d"")]"
MICE,netblock30d,deterministic,705,17704,2021-08-18,0.0,0.4560000127181411,1,"C:\Users\yasemin.bozkurt\Desktop\article\DLPIF-repo-update\src\baseline_results.pkl::all_scenarios[(""mice"", ""netblock30d"")]"
MICE,netblock30d,deterministic,706,17748,2021-08-18,0.0,0.4560000127181411,1,"C:\Users\yasemin.bozkurt\Desktop\article\DLPIF-repo-update\src\baseline_results.pkl::all_scenarios[(""mice"", ""netblock30d"")]"
MICE,netblock30d,deterministic,707,17750,2021-08-18,0.0,0.4560000127181411,1,"C:\Users\yasemin.bozkurt\Desktop\article\DLPIF-repo-update\src\baseline_results.pkl::all_scenarios[(""mice"", ""netblock30d"")]"
MICE,netblock30d,deterministic,708,17155,2021-08-19,0.0,0.4560000127181411,1,"C:\Users\yasemin.bozkurt\Desktop\article\DLPIF-repo-update\src\baseline_results.pkl::all_scenarios[(""mice"", ""netblock30d"")]"
MICE,netblock30d,deterministic,709,17704,2021-08-19,0.0,0.4560000127181411,1,"C:\Users\yasemin.bozkurt\Desktop\article\DLPIF-repo-update\src\baseline_results.pkl::all_scenarios[(""mice"", ""netblock30d"")]"
MICE,netblock30d,deterministic,710,17748,2021-08-19,0.0,0.4560000127181411,1,"C:\Users\yasemin.bozkurt\Desktop\article\DLPIF-repo-update\src\baseline_results.pkl::all_scenarios[(""mice"", ""netblock30d"")]"
MICE,netblock30d,deterministic,711,17750,2021-08-19,0.0,0.4560000127181411,1,"C:\Users\yasemin.bozkurt\Desktop\article\DLPIF-repo-update\src\baseline_results.pkl::all_scenarios[(""mice"", ""netblock30d"")]"
MICE,netblock30d,deterministic,712,17155,2021-08-20,0.0,0.4560000127181411,1,"C:\Users\yasemin.bozkurt\Desktop\article\DLPIF-repo-update\src\baseline_results.pkl::all_scenarios[(""mice"", ""netblock30d"")]"
MICE,netblock30d,deterministic,713,17704,2021-08-20,0.0,0.4560000127181411,1,"C:\Users\yasemin.bozkurt\Desktop\article\DLPIF-repo-update\src\baseline_results.pkl::all_scenarios[(""mice"", ""netblock30d"")]"
MICE,netblock30d,deterministic,714,17748,2021-08-20,0.0,0.4560000127181411,1,"C:\Users\yasemin.bozkurt\Desktop\article\DLPIF-repo-update\src\baseline_results.pkl::all_scenarios[(""mice"", ""netblock30d"")]"
MICE,netblock30d,deterministic,715,17750,2021-08-20,0.0,0.4560000127181411,1,"C:\Users\yasemin.bozkurt\Desktop\article\DLPIF-repo-update\src\baseline_results.pkl::all_scenarios[(""mice"", ""netblock30d"")]"
MICE,netblock30d,deterministic,716,17155,2021-08-21,0.0,0.4560000127181411,1,"C:\Users\yasemin.bozkurt\Desktop\article\DLPIF-repo-update\src\baseline_results.pkl::all_scenarios[(""mice"", ""netblock30d"")]"
MICE,netblock30d,deterministic,717,17704,2021-08-21,0.0,0.4560000127181411,1,"C:\Users\yasemin.bozkurt\Desktop\article\DLPIF-repo-update\src\baseline_results.pkl::all_scenarios[(""mice"", ""netblock30d"")]"
MICE,netblock30d,deterministic,718,17748,2021-08-21,0.0,0.4560000127181411,1,"C:\Users\yasemin.bozkurt\Desktop\article\DLPIF-repo-update\src\baseline_results.pkl::all_scenarios[(""mice"", ""netblock30d"")]"
MICE,netblock30d,deterministic,719,17750,2021-08-21,0.0,0.4560000127181411,1,"C:\Users\yasemin.bozkurt\Desktop\article\DLPIF-repo-update\src\baseline_results.pkl::all_scenarios[(""mice"", ""netblock30d"")]"
MICE,netblock30d,deterministic,720,17155,2021-08-22,0.0,0.4560000127181411,1,"C:\Users\yasemin.bozkurt\Desktop\article\DLPIF-repo-update\src\baseline_results.pkl::all_scenarios[(""mice"", ""netblock30d"")]"
MICE,netblock30d,deterministic,721,17704,2021-08-22,0.0,0.4560000127181411,1,"C:\Users\yasemin.bozkurt\Desktop\article\DLPIF-repo-update\src\baseline_results.pkl::all_scenarios[(""mice"", ""netblock30d"")]"
MICE,netblock30d,deterministic,722,17748,2021-08-22,0.0,0.4560000127181411,1,"C:\Users\yasemin.bozkurt\Desktop\article\DLPIF-repo-update\src\baseline_results.pkl::all_scenarios[(""mice"", ""netblock30d"")]"
MICE,netblock30d,deterministic,723,17750,2021-08-22,0.0,0.4560000127181411,1,"C:\Users\yasemin.bozkurt\Desktop\article\DLPIF-repo-update\src\baseline_results.pkl::all_scenarios[(""mice"", ""netblock30d"")]"
MICE,netblock30d,deterministic,724,17155,2021-08-23,0.0,0.4560000127181411,1,"C:\Users\yasemin.bozkurt\Desktop\article\DLPIF-repo-update\src\baseline_results.pkl::all_scenarios[(""mice"", ""netblock30d"")]"
MICE,netblock30d,deterministic,725,17704,2021-08-23,0.0,0.4560000127181411,1,"C:\Users\yasemin.bozkurt\Desktop\article\DLPIF-repo-update\src\baseline_results.pkl::all_scenarios[(""mice"", ""netblock30d"")]"
MICE,netblock30d,deterministic,726,17748,2021-08-23,0.0,0.4560000127181411,1,"C:\Users\yasemin.bozkurt\Desktop\article\DLPIF-repo-update\src\baseline_results.pkl::all_scenarios[(""mice"", ""netblock30d"")]"
MICE,netblock30d,deterministic,727,17750,2021-08-23,0.0,0.4560000127181411,1,"C:\Users\yasemin.bozkurt\Desktop\article\DLPIF-repo-update\src\baseline_results.pkl::all_scenarios[(""mice"", ""netblock30d"")]"
MICE,netblock30d,deterministic,728,17155,2021-08-24,0.0,0.4560000127181411,1,"C:\Users\yasemin.bozkurt\Desktop\article\DLPIF-repo-update\src\baseline_results.pkl::all_scenarios[(""mice"", ""netblock30d"")]"
MICE,netblock30d,deterministic,729,17704,2021-08-24,0.0,0.4560000127181411,1,"C:\Users\yasemin.bozkurt\Desktop\article\DLPIF-repo-update\src\baseline_results.pkl::all_scenarios[(""mice"", ""netblock30d"")]"
MICE,netblock30d,deterministic,730,17748,2021-08-24,0.0,0.4560000127181411,1,"C:\Users\yasemin.bozkurt\Desktop\article\DLPIF-repo-update\src\baseline_results.pkl::all_scenarios[(""mice"", ""netblock30d"")]"
MICE,netblock30d,deterministic,731,17750,2021-08-24,0.0,0.4560000127181411,1,"C:\Users\yasemin.bozkurt\Desktop\article\DLPIF-repo-update\src\baseline_results.pkl::all_scenarios[(""mice"", ""netblock30d"")]"
MICE,netblock30d,deterministic,732,17155,2021-08-25,0.0,0.4560000127181411,1,"C:\Users\yasemin.bozkurt\Desktop\article\DLPIF-repo-update\src\baseline_results.pkl::all_scenarios[(""mice"", ""netblock30d"")]"
MICE,netblock30d,deterministic,733,17704,2021-08-25,0.0,0.4560000127181411,1,"C:\Users\yasemin.bozkurt\Desktop\article\DLPIF-repo-update\src\baseline_results.pkl::all_scenarios[(""mice"", ""netblock30d"")]"
MICE,netblock30d,deterministic,734,17748,2021-08-25,0.0,0.4560000127181411,1,"C:\Users\yasemin.bozkurt\Desktop\article\DLPIF-repo-update\src\baseline_results.pkl::all_scenarios[(""mice"", ""netblock30d"")]"
MICE,netblock30d,deterministic,735,17750,2021-08-25,0.0,0.4560000127181411,1,"C:\Users\yasemin.bozkurt\Desktop\article\DLPIF-repo-update\src\baseline_results.pkl::all_scenarios[(""mice"", ""netblock30d"")]"
MICE,netblock30d,deterministic,736,17155,2021-08-26,0.0,0.4560000127181411,1,"C:\Users\yasemin.bozkurt\Desktop\article\DLPIF-repo-update\src\baseline_results.pkl::all_scenarios[(""mice"", ""netblock30d"")]"
MICE,netblock30d,deterministic,737,17704,2021-08-26,0.0,0.4560000127181411,1,"C:\Users\yasemin.bozkurt\Desktop\article\DLPIF-repo-update\src\baseline_results.pkl::all_scenarios[(""mice"", ""netblock30d"")]"
MICE,netblock30d,deterministic,738,17748,2021-08-26,0.0,0.4560000127181411,1,"C:\Users\yasemin.bozkurt\Desktop\article\DLPIF-repo-update\src\baseline_results.pkl::all_scenarios[(""mice"", ""netblock30d"")]"
MICE,netblock30d,deterministic,739,17750,2021-08-26,0.0,0.4560000127181411,1,"C:\Users\yasemin.bozkurt\Desktop\article\DLPIF-repo-update\src\baseline_results.pkl::all_scenarios[(""mice"", ""netblock30d"")]"
MICE,netblock30d,deterministic,740,17155,2021-08-27,0.0,0.4560000127181411,1,"C:\Users\yasemin.bozkurt\Desktop\article\DLPIF-repo-update\src\baseline_results.pkl::all_scenarios[(""mice"", ""netblock30d"")]"
MICE,netblock30d,deterministic,741,17704,2021-08-27,0.0,0.4560000127181411,1,"C:\Users\yasemin.bozkurt\Desktop\article\DLPIF-repo-update\src\baseline_results.pkl::all_scenarios[(""mice"", ""netblock30d"")]"
MICE,netblock30d,deterministic,742,17748,2021-08-27,0.0,0.4560000127181411,1,"C:\Users\yasemin.bozkurt\Desktop\article\DLPIF-repo-update\src\baseline_results.pkl::all_scenarios[(""mice"", ""netblock30d"")]"
MICE,netblock30d,deterministic,743,17750,2021-08-27,0.0,0.4560000127181411,1,"C:\Users\yasemin.bozkurt\Desktop\article\DLPIF-repo-update\src\baseline_results.pkl::all_scenarios[(""mice"", ""netblock30d"")]"
MICE,netblock30d,deterministic,744,17155,2021-08-28,0.0,0.4560000127181411,1,"C:\Users\yasemin.bozkurt\Desktop\article\DLPIF-repo-update\src\baseline_results.pkl::all_scenarios[(""mice"", ""netblock30d"")]"
MICE,netblock30d,deterministic,745,17704,2021-08-28,0.0,0.4560000127181411,1,"C:\Users\yasemin.bozkurt\Desktop\article\DLPIF-repo-update\src\baseline_results.pkl::all_scenarios[(""mice"", ""netblock30d"")]"
MICE,netblock30d,deterministic,746,17748,2021-08-28,0.0,0.4560000127181411,1,"C:\Users\yasemin.bozkurt\Desktop\article\DLPIF-repo-update\src\baseline_results.pkl::all_scenarios[(""mice"", ""netblock30d"")]"
MICE,netblock30d,deterministic,747,17750,2021-08-28,0.0,0.4560000127181411,1,"C:\Users\yasemin.bozkurt\Desktop\article\DLPIF-repo-update\src\baseline_results.pkl::all_scenarios[(""mice"", ""netblock30d"")]"
MICE,netblock30d,deterministic,748,17155,2021-08-29,0.0,0.4560000127181411,1,"C:\Users\yasemin.bozkurt\Desktop\article\DLPIF-repo-update\src\baseline_results.pkl::all_scenarios[(""mice"", ""netblock30d"")]"
MICE,netblock30d,deterministic,749,17704,2021-08-29,0.0,0.4560000127181411,1,"C:\Users\yasemin.bozkurt\Desktop\article\DLPIF-repo-update\src\baseline_results.pkl::all_scenarios[(""mice"", ""netblock30d"")]"
MICE,netblock30d,deterministic,750,17748,2021-08-29,0.0,0.4560000127181411,1,"C:\Users\yasemin.bozkurt\Desktop\article\DLPIF-repo-update\src\baseline_results.pkl::all_scenarios[(""mice"", ""netblock30d"")]"
MICE,netblock30d,deterministic,751,17750,2021-08-29,0.0,0.4560000127181411,1,"C:\Users\yasemin.bozkurt\Desktop\article\DLPIF-repo-update\src\baseline_results.pkl::all_scenarios[(""mice"", ""netblock30d"")]"
MICE,netblock30d,deterministic,752,17155,2021-08-30,0.0,0.4560000127181411,1,"C:\Users\yasemin.bozkurt\Desktop\article\DLPIF-repo-update\src\baseline_results.pkl::all_scenarios[(""mice"", ""netblock30d"")]"
MICE,netblock30d,deterministic,753,17704,2021-08-30,0.0,0.4560000127181411,1,"C:\Users\yasemin.bozkurt\Desktop\article\DLPIF-repo-update\src\baseline_results.pkl::all_scenarios[(""mice"", ""netblock30d"")]"
MICE,netblock30d,deterministic,754,17748,2021-08-30,0.0,0.4560000127181411,1,"C:\Users\yasemin.bozkurt\Desktop\article\DLPIF-repo-update\src\baseline_results.pkl::all_scenarios[(""mice"", ""netblock30d"")]"
MICE,netblock30d,deterministic,755,17750,2021-08-30,0.0,0.4560000127181411,1,"C:\Users\yasemin.bozkurt\Desktop\article\DLPIF-repo-update\src\baseline_results.pkl::all_scenarios[(""mice"", ""netblock30d"")]"
MICE,netblock30d,deterministic,756,17155,2021-08-31,0.0,0.4560000127181411,1,"C:\Users\yasemin.bozkurt\Desktop\article\DLPIF-repo-update\src\baseline_results.pkl::all_scenarios[(""mice"", ""netblock30d"")]"
MICE,netblock30d,deterministic,757,17704,2021-08-31,0.0,0.4560000127181411,1,"C:\Users\yasemin.bozkurt\Desktop\article\DLPIF-repo-update\src\baseline_results.pkl::all_scenarios[(""mice"", ""netblock30d"")]"
MICE,netblock30d,deterministic,758,17748,2021-08-31,0.0,0.4560000127181411,1,"C:\Users\yasemin.bozkurt\Desktop\article\DLPIF-repo-update\src\baseline_results.pkl::all_scenarios[(""mice"", ""netblock30d"")]"
MICE,netblock30d,deterministic,759,17750,2021-08-31,0.0,0.4560000127181411,1,"C:\Users\yasemin.bozkurt\Desktop\article\DLPIF-repo-update\src\baseline_results.pkl::all_scenarios[(""mice"", ""netblock30d"")]"
MICE,netblock30d,deterministic,760,17155,2021-09-01,0.0,0.4560000127181411,1,"C:\Users\yasemin.bozkurt\Desktop\article\DLPIF-repo-update\src\baseline_results.pkl::all_scenarios[(""mice"", ""netblock30d"")]"
MICE,netblock30d,deterministic,761,17704,2021-09-01,0.0,0.4560000127181411,1,"C:\Users\yasemin.bozkurt\Desktop\article\DLPIF-repo-update\src\baseline_results.pkl::all_scenarios[(""mice"", ""netblock30d"")]"
MICE,netblock30d,deterministic,762,17748,2021-09-01,0.0,0.4560000127181411,1,"C:\Users\yasemin.bozkurt\Desktop\article\DLPIF-repo-update\src\baseline_results.pkl::all_scenarios[(""mice"", ""netblock30d"")]"
MICE,netblock30d,deterministic,763,17750,2021-09-01,0.0,0.4560000127181411,1,"C:\Users\yasemin.bozkurt\Desktop\article\DLPIF-repo-update\src\baseline_results.pkl::all_scenarios[(""mice"", ""netblock30d"")]"
MICE,netblock30d,deterministic,764,17155,2021-09-02,0.0,0.4560000127181411,1,"C:\Users\yasemin.bozkurt\Desktop\article\DLPIF-repo-update\src\baseline_results.pkl::all_scenarios[(""mice"", ""netblock30d"")]"
MICE,netblock30d,deterministic,765,17704,2021-09-02,0.0,0.4560000127181411,1,"C:\Users\yasemin.bozkurt\Desktop\article\DLPIF-repo-update\src\baseline_results.pkl::all_scenarios[(""mice"", ""netblock30d"")]"
MICE,netblock30d,deterministic,766,17748,2021-09-02,0.0,0.4560000127181411,1,"C:\Users\yasemin.bozkurt\Desktop\article\DLPIF-repo-update\src\baseline_results.pkl::all_scenarios[(""mice"", ""netblock30d"")]"
MICE,netblock30d,deterministic,767,17750,2021-09-02,0.0,0.4560000127181411,1,"C:\Users\yasemin.bozkurt\Desktop\article\DLPIF-repo-update\src\baseline_results.pkl::all_scenarios[(""mice"", ""netblock30d"")]"
MICE,netblock30d,deterministic,768,17155,2021-09-03,0.0,0.4560000127181411,1,"C:\Users\yasemin.bozkurt\Desktop\article\DLPIF-repo-update\src\baseline_results.pkl::all_scenarios[(""mice"", ""netblock30d"")]"
MICE,netblock30d,deterministic,769,17704,2021-09-03,0.0,0.4560000127181411,1,"C:\Users\yasemin.bozkurt\Desktop\article\DLPIF-repo-update\src\baseline_results.pkl::all_scenarios[(""mice"", ""netblock30d"")]"
MICE,netblock30d,deterministic,770,17748,2021-09-03,0.0,0.4560000127181411,1,"C:\Users\yasemin.bozkurt\Desktop\article\DLPIF-repo-update\src\baseline_results.pkl::all_scenarios[(""mice"", ""netblock30d"")]"
MICE,netblock30d,deterministic,771,17750,2021-09-03,0.0,0.4560000127181411,1,"C:\Users\yasemin.bozkurt\Desktop\article\DLPIF-repo-update\src\baseline_results.pkl::all_scenarios[(""mice"", ""netblock30d"")]"
MICE,netblock30d,deterministic,772,17155,2021-09-04,0.0,0.4560000127181411,1,"C:\Users\yasemin.bozkurt\Desktop\article\DLPIF-repo-update\src\baseline_results.pkl::all_scenarios[(""mice"", ""netblock30d"")]"
MICE,netblock30d,deterministic,773,17704,2021-09-04,0.0,0.4560000127181411,1,"C:\Users\yasemin.bozkurt\Desktop\article\DLPIF-repo-update\src\baseline_results.pkl::all_scenarios[(""mice"", ""netblock30d"")]"
MICE,netblock30d,deterministic,774,17748,2021-09-04,0.0,0.4560000127181411,1,"C:\Users\yasemin.bozkurt\Desktop\article\DLPIF-repo-update\src\baseline_results.pkl::all_scenarios[(""mice"", ""netblock30d"")]"
MICE,netblock30d,deterministic,775,17750,2021-09-04,0.0,0.4560000127181411,1,"C:\Users\yasemin.bozkurt\Desktop\article\DLPIF-repo-update\src\baseline_results.pkl::all_scenarios[(""mice"", ""netblock30d"")]"
MICE,netblock30d,deterministic,776,17155,2021-09-05,0.0,0.4560000127181411,1,"C:\Users\yasemin.bozkurt\Desktop\article\DLPIF-repo-update\src\baseline_results.pkl::all_scenarios[(""mice"", ""netblock30d"")]"
MICE,netblock30d,deterministic,777,17704,2021-09-05,0.0,0.4560000127181411,1,"C:\Users\yasemin.bozkurt\Desktop\article\DLPIF-repo-update\src\baseline_results.pkl::all_scenarios[(""mice"", ""netblock30d"")]"
MICE,netblock30d,deterministic,778,17748,2021-09-05,0.0,0.4560000127181411,1,"C:\Users\yasemin.bozkurt\Desktop\article\DLPIF-repo-update\src\baseline_results.pkl::all_scenarios[(""mice"", ""netblock30d"")]"
MICE,netblock30d,deterministic,779,17750,2021-09-05,0.0,0.4560000127181411,1,"C:\Users\yasemin.bozkurt\Desktop\article\DLPIF-repo-update\src\baseline_results.pkl::all_scenarios[(""mice"", ""netblock30d"")]"
MICE,netblock30d,deterministic,780,17155,2021-09-06,0.0,0.4560000127181411,1,"C:\Users\yasemin.bozkurt\Desktop\article\DLPIF-repo-update\src\baseline_results.pkl::all_scenarios[(""mice"", ""netblock30d"")]"
MICE,netblock30d,deterministic,781,17704,2021-09-06,0.0,0.4560000127181411,1,"C:\Users\yasemin.bozkurt\Desktop\article\DLPIF-repo-update\src\baseline_results.pkl::all_scenarios[(""mice"", ""netblock30d"")]"
MICE,netblock30d,deterministic,782,17748,2021-09-06,0.0,0.4560000127181411,1,"C:\Users\yasemin.bozkurt\Desktop\article\DLPIF-repo-update\src\baseline_results.pkl::all_scenarios[(""mice"", ""netblock30d"")]"
MICE,netblock30d,deterministic,783,17750,2021-09-06,0.0,0.4560000127181411,1,"C:\Users\yasemin.bozkurt\Desktop\article\DLPIF-repo-update\src\baseline_results.pkl::all_scenarios[(""mice"", ""netblock30d"")]"
MICE,netblock30d,deterministic,784,17155,2021-09-07,0.0,0.4560000127181411,1,"C:\Users\yasemin.bozkurt\Desktop\article\DLPIF-repo-update\src\baseline_results.pkl::all_scenarios[(""mice"", ""netblock30d"")]"
MICE,netblock30d,deterministic,785,17704,2021-09-07,0.0,0.4560000127181411,1,"C:\Users\yasemin.bozkurt\Desktop\article\DLPIF-repo-update\src\baseline_results.pkl::all_scenarios[(""mice"", ""netblock30d"")]"
MICE,netblock30d,deterministic,786,17748,2021-09-07,0.0,0.4560000127181411,1,"C:\Users\yasemin.bozkurt\Desktop\article\DLPIF-repo-update\src\baseline_results.pkl::all_scenarios[(""mice"", ""netblock30d"")]"
MICE,netblock30d,deterministic,787,17750,2021-09-07,0.0,0.4560000127181411,1,"C:\Users\yasemin.bozkurt\Desktop\article\DLPIF-repo-update\src\baseline_results.pkl::all_scenarios[(""mice"", ""netblock30d"")]"
MICE,netblock30d,deterministic,788,17155,2021-09-08,0.0,0.4560000127181411,1,"C:\Users\yasemin.bozkurt\Desktop\article\DLPIF-repo-update\src\baseline_results.pkl::all_scenarios[(""mice"", ""netblock30d"")]"
MICE,netblock30d,deterministic,789,17704,2021-09-08,0.0,0.4560000127181411,1,"C:\Users\yasemin.bozkurt\Desktop\article\DLPIF-repo-update\src\baseline_results.pkl::all_scenarios[(""mice"", ""netblock30d"")]"
MICE,netblock30d,deterministic,790,17748,2021-09-08,0.0,0.4560000127181411,1,"C:\Users\yasemin.bozkurt\Desktop\article\DLPIF-repo-update\src\baseline_results.pkl::all_scenarios[(""mice"", ""netblock30d"")]"
MICE,netblock30d,deterministic,791,17750,2021-09-08,0.0,0.4560000127181411,1,"C:\Users\yasemin.bozkurt\Desktop\article\DLPIF-repo-update\src\baseline_results.pkl::all_scenarios[(""mice"", ""netblock30d"")]"
MICE,netblock30d,deterministic,792,17155,2021-09-09,0.0,0.4560000127181411,1,"C:\Users\yasemin.bozkurt\Desktop\article\DLPIF-repo-update\src\baseline_results.pkl::all_scenarios[(""mice"", ""netblock30d"")]"
MICE,netblock30d,deterministic,793,17704,2021-09-09,0.0,0.4560000127181411,1,"C:\Users\yasemin.bozkurt\Desktop\article\DLPIF-repo-update\src\baseline_results.pkl::all_scenarios[(""mice"", ""netblock30d"")]"
MICE,netblock30d,deterministic,794,17748,2021-09-09,0.0,0.4560000127181411,1,"C:\Users\yasemin.bozkurt\Desktop\article\DLPIF-repo-update\src\baseline_results.pkl::all_scenarios[(""mice"", ""netblock30d"")]"
MICE,netblock30d,deterministic,795,17750,2021-09-09,0.0,0.4560000127181411,1,"C:\Users\yasemin.bozkurt\Desktop\article\DLPIF-repo-update\src\baseline_results.pkl::all_scenarios[(""mice"", ""netblock30d"")]"
MICE,netblock30d,deterministic,796,17155,2021-09-10,4.600000257790089,0.4560000127181411,1,"C:\Users\yasemin.bozkurt\Desktop\article\DLPIF-repo-update\src\baseline_results.pkl::all_scenarios[(""mice"", ""netblock30d"")]"
MICE,netblock30d,deterministic,797,17704,2021-09-10,0.20000000470317902,0.4560000127181411,1,"C:\Users\yasemin.bozkurt\Desktop\article\DLPIF-repo-update\src\baseline_results.pkl::all_scenarios[(""mice"", ""netblock30d"")]"
MICE,netblock30d,deterministic,798,17748,2021-09-10,9.800000479817392,0.4560000127181411,1,"C:\Users\yasemin.bozkurt\Desktop\article\DLPIF-repo-update\src\baseline_results.pkl::all_scenarios[(""mice"", ""netblock30d"")]"
MICE,netblock30d,deterministic,799,17750,2021-09-10,8.800000007450581,0.4560000127181411,1,"C:\Users\yasemin.bozkurt\Desktop\article\DLPIF-repo-update\src\baseline_results.pkl::all_scenarios[(""mice"", ""netblock30d"")]"
MICE,netblock30d,deterministic,800,17155,2021-09-11,0.40000000940635805,0.4560000127181411,1,"C:\Users\yasemin.bozkurt\Desktop\article\DLPIF-repo-update\src\baseline_results.pkl::all_scenarios[(""mice"", ""netblock30d"")]"
MICE,netblock30d,deterministic,801,17704,2021-09-11,0.20000000470317902,0.4560000127181411,1,"C:\Users\yasemin.bozkurt\Desktop\article\DLPIF-repo-update\src\baseline_results.pkl::all_scenarios[(""mice"", ""netblock30d"")]"
MICE,netblock30d,deterministic,802,17748,2021-09-11,1.8000000257045032,0.4560000127181411,1,"C:\Users\yasemin.bozkurt\Desktop\article\DLPIF-repo-update\src\baseline_results.pkl::all_scenarios[(""mice"", ""netblock30d"")]"
MICE,netblock30d,deterministic,803,17750,2021-09-11,3.4000000633299354,0.4560000127181411,1,"C:\Users\yasemin.bozkurt\Desktop\article\DLPIF-repo-update\src\baseline_results.pkl::all_scenarios[(""mice"", ""netblock30d"")]"
MICE,netblock30d,deterministic,2192,17155,2022-08-25,29.000000399351123,0.4560000127181411,1,"C:\Users\yasemin.bozkurt\Desktop\article\DLPIF-repo-update\src\baseline_results.pkl::all_scenarios[(""mice"", ""netblock30d"")]"
MICE,netblock30d,deterministic,2193,17704,2022-08-25,17.00000005066395,0.4560000127181411,1,"C:\Users\yasemin.bozkurt\Desktop\article\DLPIF-repo-update\src\baseline_results.pkl::all_scenarios[(""mice"", ""netblock30d"")]"
MICE,netblock30d,deterministic,2194,17748,2022-08-25,3.8000000394880775,0.4560000127181411,1,"C:\Users\yasemin.bozkurt\Desktop\article\DLPIF-repo-update\src\baseline_results.pkl::all_scenarios[(""mice"", ""netblock30d"")]"
MICE,netblock30d,deterministic,2195,17750,2022-08-25,0.0,0.4560000127181411,1,"C:\Users\yasemin.bozkurt\Desktop\article\DLPIF-repo-update\src\baseline_results.pkl::all_scenarios[(""mice"", ""netblock30d"")]"
MICE,netblock30d,deterministic,2196,17155,2022-08-26,0.3000000153668225,0.4560000127181411,1,"C:\Users\yasemin.bozkurt\Desktop\article\DLPIF-repo-update\src\baseline_results.pkl::all_scenarios[(""mice"", ""netblock30d"")]"
MICE,netblock30d,deterministic,2197,17704,2022-08-26,0.0,0.4560000127181411,1,"C:\Users\yasemin.bozkurt\Desktop\article\DLPIF-repo-update\src\baseline_results.pkl::all_scenarios[(""mice"", ""netblock30d"")]"
MICE,netblock30d,deterministic,2198,17748,2022-08-26,0.600000030733645,0.4560000127181411,1,"C:\Users\yasemin.bozkurt\Desktop\article\DLPIF-repo-update\src\baseline_results.pkl::all_scenarios[(""mice"", ""netblock30d"")]"
MICE,netblock30d,deterministic,2199,17750,2022-08-26,0.8000000188127161,0.4560000127181411,1,"C:\Users\yasemin.bozkurt\Desktop\article\DLPIF-repo-update\src\baseline_results.pkl::all_scenarios[(""mice"", ""netblock30d"")]"
MICE,netblock30d,deterministic,2200,17155,2022-08-27,9.40000050365925,0.4560000127181411,1,"C:\Users\yasemin.bozkurt\Desktop\article\DLPIF-repo-update\src\baseline_results.pkl::all_scenarios[(""mice"", ""netblock30d"")]"
MICE,netblock30d,deterministic,2201,17704,2022-08-27,6.800000126659871,0.4560000127181411,1,"C:\Users\yasemin.bozkurt\Desktop\article\DLPIF-repo-update\src\baseline_results.pkl::all_scenarios[(""mice"", ""netblock30d"")]"
MICE,netblock30d,deterministic,2202,17748,2022-08-27,20.80000088810921,0.4560000127181411,1,"C:\Users\yasemin.bozkurt\Desktop\article\DLPIF-repo-update\src\baseline_results.pkl::all_scenarios[(""mice"", ""netblock30d"")]"
MICE,netblock30d,deterministic,2203,17750,2022-08-27,16.000000110268594,0.4560000127181411,1,"C:\Users\yasemin.bozkurt\Desktop\article\DLPIF-repo-update\src\baseline_results.pkl::all_scenarios[(""mice"", ""netblock30d"")]"
MICE,netblock30d,deterministic,2204,17155,2022-08-28,0.0,0.4560000127181411,1,"C:\Users\yasemin.bozkurt\Desktop\article\DLPIF-repo-update\src\baseline_results.pkl::all_scenarios[(""mice"", ""netblock30d"")]"
MICE,netblock30d,deterministic,2205,17704,2022-08-28,0.0,0.4560000127181411,1,"C:\Users\yasemin.bozkurt\Desktop\article\DLPIF-repo-update\src\baseline_results.pkl::all_scenarios[(""mice"", ""netblock30d"")]"
MICE,netblock30d,deterministic,2206,17748,2022-08-28,0.20000000470317902,0.4560000127181411,1,"C:\Users\yasemin.bozkurt\Desktop\article\DLPIF-repo-update\src\baseline_results.pkl::all_scenarios[(""mice"", ""netblock30d"")]"
MICE,netblock30d,deterministic,2207,17750,2022-08-28,0.0,0.4560000127181411,1,"C:\Users\yasemin.bozkurt\Desktop\article\DLPIF-repo-update\src\baseline_results.pkl::all_scenarios[(""mice"", ""netblock30d"")]"
MICE,netblock30d,deterministic,2208,17155,2022-08-29,0.0,0.4560000127181411,1,"C:\Users\yasemin.bozkurt\Desktop\article\DLPIF-repo-update\src\baseline_results.pkl::all_scenarios[(""mice"", ""netblock30d"")]"
MICE,netblock30d,deterministic,2209,17704,2022-08-29,0.0,0.4560000127181411,1,"C:\Users\yasemin.bozkurt\Desktop\article\DLPIF-repo-update\src\baseline_results.pkl::all_scenarios[(""mice"", ""netblock30d"")]"
MICE,netblock30d,deterministic,2210,17748,2022-08-29,0.0,0.4560000127181411,1,"C:\Users\yasemin.bozkurt\Desktop\article\DLPIF-repo-update\src\baseline_results.pkl::all_scenarios[(""mice"", ""netblock30d"")]"
MICE,netblock30d,deterministic,2211,17750,2022-08-29,0.0,0.4560000127181411,1,"C:\Users\yasemin.bozkurt\Desktop\article\DLPIF-repo-update\src\baseline_results.pkl::all_scenarios[(""mice"", ""netblock30d"")]"
MICE,netblock30d,deterministic,2212,17155,2022-08-30,0.0,0.4560000127181411,1,"C:\Users\yasemin.bozkurt\Desktop\article\DLPIF-repo-update\src\baseline_results.pkl::all_scenarios[(""mice"", ""netblock30d"")]"
MICE,netblock30d,deterministic,2213,17704,2022-08-30,0.0,0.4560000127181411,1,"C:\Users\yasemin.bozkurt\Desktop\article\DLPIF-repo-update\src\baseline_results.pkl::all_scenarios[(""mice"", ""netblock30d"")]"
MICE,netblock30d,deterministic,2214,17748,2022-08-30,0.20000000470317902,0.4560000127181411,1,"C:\Users\yasemin.bozkurt\Desktop\article\DLPIF-repo-update\src\baseline_results.pkl::all_scenarios[(""mice"", ""netblock30d"")]"
MICE,netblock30d,deterministic,2215,17750,2022-08-30,0.0,0.4560000127181411,1,"C:\Users\yasemin.bozkurt\Desktop\article\DLPIF-repo-update\src\baseline_results.pkl::all_scenarios[(""mice"", ""netblock30d"")]"
MICE,netblock30d,deterministic,2216,17155,2022-08-31,0.0,0.4560000127181411,1,"C:\Users\yasemin.bozkurt\Desktop\article\DLPIF-repo-update\src\baseline_results.pkl::all_scenarios[(""mice"", ""netblock30d"")]"
MICE,netblock30d,deterministic,2217,17704,2022-08-31,0.0,0.4560000127181411,1,"C:\Users\yasemin.bozkurt\Desktop\article\DLPIF-repo-update\src\baseline_results.pkl::all_scenarios[(""mice"", ""netblock30d"")]"
MICE,netblock30d,deterministic,2218,17748,2022-08-31,0.8000000188127161,0.4560000127181411,1,"C:\Users\yasemin.bozkurt\Desktop\article\DLPIF-repo-update\src\baseline_results.pkl::all_scenarios[(""mice"", ""netblock30d"")]"
MICE,netblock30d,deterministic,2219,17750,2022-08-31,0.0,0.4560000127181411,1,"C:\Users\yasemin.bozkurt\Desktop\article\DLPIF-repo-update\src\baseline_results.pkl::all_scenarios[(""mice"", ""netblock30d"")]"
MICE,netblock30d,deterministic,2220,17155,2022-09-01,3.3000000692904,0.4560000127181411,1,"C:\Users\yasemin.bozkurt\Desktop\article\DLPIF-repo-update\src\baseline_results.pkl::all_scenarios[(""mice"", ""netblock30d"")]"
MICE,netblock30d,deterministic,2221,17704,2022-09-01,2.6000001110136512,0.4560000127181411,1,"C:\Users\yasemin.bozkurt\Desktop\article\DLPIF-repo-update\src\baseline_results.pkl::all_scenarios[(""mice"", ""netblock30d"")]"
MICE,netblock30d,deterministic,2222,17748,2022-09-01,2.8000000990927223,0.4560000127181411,1,"C:\Users\yasemin.bozkurt\Desktop\article\DLPIF-repo-update\src\baseline_results.pkl::all_scenarios[(""mice"", ""netblock30d"")]"
MICE,netblock30d,deterministic,2223,17750,2022-09-01,0.0,0.4560000127181411,1,"C:\Users\yasemin.bozkurt\Desktop\article\DLPIF-repo-update\src\baseline_results.pkl::all_scenarios[(""mice"", ""netblock30d"")]"
MICE,netblock30d,deterministic,2224,17155,2022-09-02,0.0,0.4560000127181411,1,"C:\Users\yasemin.bozkurt\Desktop\article\DLPIF-repo-update\src\baseline_results.pkl::all_scenarios[(""mice"", ""netblock30d"")]"
MICE,netblock30d,deterministic,2225,17704,2022-09-02,8.800000007450581,0.4560000127181411,1,"C:\Users\yasemin.bozkurt\Desktop\article\DLPIF-repo-update\src\baseline_results.pkl::all_scenarios[(""mice"", ""netblock30d"")]"
MICE,netblock30d,deterministic,2226,17748,2022-09-02,3.0000000871717933,0.4560000127181411,1,"C:\Users\yasemin.bozkurt\Desktop\article\DLPIF-repo-update\src\baseline_results.pkl::all_scenarios[(""mice"", ""netblock30d"")]"
MICE,netblock30d,deterministic,2227,17750,2022-09-02,0.0,0.4560000127181411,1,"C:\Users\yasemin.bozkurt\Desktop\article\DLPIF-repo-update\src\baseline_results.pkl::all_scenarios[(""mice"", ""netblock30d"")]"
MICE,netblock30d,deterministic,2228,17155,2022-09-03,0.0,0.4560000127181411,1,"C:\Users\yasemin.bozkurt\Desktop\article\DLPIF-repo-update\src\baseline_results.pkl::all_scenarios[(""mice"", ""netblock30d"")]"
MICE,netblock30d,deterministic,2229,17704,2022-09-03,0.0,0.4560000127181411,1,"C:\Users\yasemin.bozkurt\Desktop\article\DLPIF-repo-update\src\baseline_results.pkl::all_scenarios[(""mice"", ""netblock30d"")]"
MICE,netblock30d,deterministic,2230,17748,2022-09-03,0.0,0.4560000127181411,1,"C:\Users\yasemin.bozkurt\Desktop\article\DLPIF-repo-update\src\baseline_results.pkl::all_scenarios[(""mice"", ""netblock30d"")]"
MICE,netblock30d,deterministic,2231,17750,2022-09-03,0.0,0.4560000127181411,1,"C:\Users\yasemin.bozkurt\Desktop\article\DLPIF-repo-update\src\baseline_results.pkl::all_scenarios[(""mice"", ""netblock30d"")]"
MICE,netblock30d,deterministic,2232,17155,2022-09-04,0.0,0.4560000127181411,1,"C:\Users\yasemin.bozkurt\Desktop\article\DLPIF-repo-update\src\baseline_results.pkl::all_scenarios[(""mice"", ""netblock30d"")]"
MICE,netblock30d,deterministic,2233,17704,2022-09-04,0.0,0.4560000127181411,1,"C:\Users\yasemin.bozkurt\Desktop\article\DLPIF-repo-update\src\baseline_results.pkl::all_scenarios[(""mice"", ""netblock30d"")]"
MICE,netblock30d,deterministic,2234,17748,2022-09-04,0.0,0.4560000127181411,1,"C:\Users\yasemin.bozkurt\Desktop\article\DLPIF-repo-update\src\baseline_results.pkl::all_scenarios[(""mice"", ""netblock30d"")]"
MICE,netblock30d,deterministic,2235,17750,2022-09-04,0.0,0.4560000127181411,1,"C:\Users\yasemin.bozkurt\Desktop\article\DLPIF-repo-update\src\baseline_results.pkl::all_scenarios[(""mice"", ""netblock30d"")]"
MICE,netblock30d,deterministic,2236,17155,2022-09-05,0.0,0.4560000127181411,1,"C:\Users\yasemin.bozkurt\Desktop\article\DLPIF-repo-update\src\baseline_results.pkl::all_scenarios[(""mice"", ""netblock30d"")]"
MICE,netblock30d,deterministic,2237,17704,2022-09-05,0.0,0.4560000127181411,1,"C:\Users\yasemin.bozkurt\Desktop\article\DLPIF-repo-update\src\baseline_results.pkl::all_scenarios[(""mice"", ""netblock30d"")]"
MICE,netblock30d,deterministic,2238,17748,2022-09-05,0.0,0.4560000127181411,1,"C:\Users\yasemin.bozkurt\Desktop\article\DLPIF-repo-update\src\baseline_results.pkl::all_scenarios[(""mice"", ""netblock30d"")]"
MICE,netblock30d,deterministic,2239,17750,2022-09-05,0.0,0.4560000127181411,1,"C:\Users\yasemin.bozkurt\Desktop\article\DLPIF-repo-update\src\baseline_results.pkl::all_scenarios[(""mice"", ""netblock30d"")]"
MICE,netblock30d,deterministic,2240,17155,2022-09-06,0.0,0.4560000127181411,1,"C:\Users\yasemin.bozkurt\Desktop\article\DLPIF-repo-update\src\baseline_results.pkl::all_scenarios[(""mice"", ""netblock30d"")]"
MICE,netblock30d,deterministic,2241,17704,2022-09-06,0.0,0.4560000127181411,1,"C:\Users\yasemin.bozkurt\Desktop\article\DLPIF-repo-update\src\baseline_results.pkl::all_scenarios[(""mice"", ""netblock30d"")]"
MICE,netblock30d,deterministic,2242,17748,2022-09-06,0.0,0.4560000127181411,1,"C:\Users\yasemin.bozkurt\Desktop\article\DLPIF-repo-update\src\baseline_results.pkl::all_scenarios[(""mice"", ""netblock30d"")]"
MICE,netblock30d,deterministic,2243,17750,2022-09-06,0.0,0.4560000127181411,1,"C:\Users\yasemin.bozkurt\Desktop\article\DLPIF-repo-update\src\baseline_results.pkl::all_scenarios[(""mice"", ""netblock30d"")]"
MICE,netblock30d,deterministic,2244,17155,2022-09-07,0.0,0.4560000127181411,1,"C:\Users\yasemin.bozkurt\Desktop\article\DLPIF-repo-update\src\baseline_results.pkl::all_scenarios[(""mice"", ""netblock30d"")]"
MICE,netblock30d,deterministic,2245,17704,2022-09-07,0.0,0.4560000127181411,1,"C:\Users\yasemin.bozkurt\Desktop\article\DLPIF-repo-update\src\baseline_results.pkl::all_scenarios[(""mice"", ""netblock30d"")]"
MICE,netblock30d,deterministic,2246,17748,2022-09-07,0.0,0.4560000127181411,1,"C:\Users\yasemin.bozkurt\Desktop\article\DLPIF-repo-update\src\baseline_results.pkl::all_scenarios[(""mice"", ""netblock30d"")]"
MICE,netblock30d,deterministic,2247,17750,2022-09-07,0.0,0.4560000127181411,1,"C:\Users\yasemin.bozkurt\Desktop\article\DLPIF-repo-update\src\baseline_results.pkl::all_scenarios[(""mice"", ""netblock30d"")]"
MICE,netblock30d,deterministic,2248,17155,2022-09-08,0.0,0.4560000127181411,1,"C:\Users\yasemin.bozkurt\Desktop\article\DLPIF-repo-update\src\baseline_results.pkl::all_scenarios[(""mice"", ""netblock30d"")]"
MICE,netblock30d,deterministic,2249,17704,2022-09-08,0.0,0.4560000127181411,1,"C:\Users\yasemin.bozkurt\Desktop\article\DLPIF-repo-update\src\baseline_results.pkl::all_scenarios[(""mice"", ""netblock30d"")]"
MICE,netblock30d,deterministic,2250,17748,2022-09-08,0.0,0.4560000127181411,1,"C:\Users\yasemin.bozkurt\Desktop\article\DLPIF-repo-update\src\baseline_results.pkl::all_scenarios[(""mice"", ""netblock30d"")]"
MICE,netblock30d,deterministic,2251,17750,2022-09-08,0.0,0.4560000127181411,1,"C:\Users\yasemin.bozkurt\Desktop\article\DLPIF-repo-update\src\baseline_results.pkl::all_scenarios[(""mice"", ""netblock30d"")]"
MICE,netblock30d,deterministic,2252,17155,2022-09-09,0.0,0.4560000127181411,1,"C:\Users\yasemin.bozkurt\Desktop\article\DLPIF-repo-update\src\baseline_results.pkl::all_scenarios[(""mice"", ""netblock30d"")]"
MICE,netblock30d,deterministic,2253,17704,2022-09-09,0.0,0.4560000127181411,1,"C:\Users\yasemin.bozkurt\Desktop\article\DLPIF-repo-update\src\baseline_results.pkl::all_scenarios[(""mice"", ""netblock30d"")]"
MICE,netblock30d,deterministic,2254,17748,2022-09-09,0.0,0.4560000127181411,1,"C:\Users\yasemin.bozkurt\Desktop\article\DLPIF-repo-update\src\baseline_results.pkl::all_scenarios[(""mice"", ""netblock30d"")]"
MICE,netblock30d,deterministic,2255,17750,2022-09-09,0.0,0.4560000127181411,1,"C:\Users\yasemin.bozkurt\Desktop\article\DLPIF-repo-update\src\baseline_results.pkl::all_scenarios[(""mice"", ""netblock30d"")]"
MICE,netblock30d,deterministic,2256,17155,2022-09-10,0.0,0.4560000127181411,1,"C:\Users\yasemin.bozkurt\Desktop\article\DLPIF-repo-update\src\baseline_results.pkl::all_scenarios[(""mice"", ""netblock30d"")]"
MICE,netblock30d,deterministic,2257,17704,2022-09-10,0.0,0.4560000127181411,1,"C:\Users\yasemin.bozkurt\Desktop\article\DLPIF-repo-update\src\baseline_results.pkl::all_scenarios[(""mice"", ""netblock30d"")]"
MICE,netblock30d,deterministic,2258,17748,2022-09-10,0.0,0.4560000127181411,1,"C:\Users\yasemin.bozkurt\Desktop\article\DLPIF-repo-update\src\baseline_results.pkl::all_scenarios[(""mice"", ""netblock30d"")]"
MICE,netblock30d,deterministic,2259,17750,2022-09-10,0.0,0.4560000127181411,1,"C:\Users\yasemin.bozkurt\Desktop\article\DLPIF-repo-update\src\baseline_results.pkl::all_scenarios[(""mice"", ""netblock30d"")]"
MICE,netblock30d,deterministic,2260,17155,2022-09-11,0.0,0.4560000127181411,1,"C:\Users\yasemin.bozkurt\Desktop\article\DLPIF-repo-update\src\baseline_results.pkl::all_scenarios[(""mice"", ""netblock30d"")]"
MICE,netblock30d,deterministic,2261,17704,2022-09-11,0.0,0.4560000127181411,1,"C:\Users\yasemin.bozkurt\Desktop\article\DLPIF-repo-update\src\baseline_results.pkl::all_scenarios[(""mice"", ""netblock30d"")]"
MICE,netblock30d,deterministic,2262,17748,2022-09-11,0.0,0.4560000127181411,1,"C:\Users\yasemin.bozkurt\Desktop\article\DLPIF-repo-update\src\baseline_results.pkl::all_scenarios[(""mice"", ""netblock30d"")]"
MICE,netblock30d,deterministic,2263,17750,2022-09-11,0.0,0.4560000127181411,1,"C:\Users\yasemin.bozkurt\Desktop\article\DLPIF-repo-update\src\baseline_results.pkl::all_scenarios[(""mice"", ""netblock30d"")]"
MICE,netblock30d,deterministic,2264,17155,2022-09-12,0.0,0.4560000127181411,1,"C:\Users\yasemin.bozkurt\Desktop\article\DLPIF-repo-update\src\baseline_results.pkl::all_scenarios[(""mice"", ""netblock30d"")]"
MICE,netblock30d,deterministic,2265,17704,2022-09-12,0.0,0.4560000127181411,1,"C:\Users\yasemin.bozkurt\Desktop\article\DLPIF-repo-update\src\baseline_results.pkl::all_scenarios[(""mice"", ""netblock30d"")]"
MICE,netblock30d,deterministic,2266,17748,2022-09-12,0.0,0.4560000127181411,1,"C:\Users\yasemin.bozkurt\Desktop\article\DLPIF-repo-update\src\baseline_results.pkl::all_scenarios[(""mice"", ""netblock30d"")]"
MICE,netblock30d,deterministic,2267,17750,2022-09-12,0.0,0.4560000127181411,1,"C:\Users\yasemin.bozkurt\Desktop\article\DLPIF-repo-update\src\baseline_results.pkl::all_scenarios[(""mice"", ""netblock30d"")]"
MICE,netblock30d,deterministic,2268,17155,2022-09-13,0.0,0.4560000127181411,1,"C:\Users\yasemin.bozkurt\Desktop\article\DLPIF-repo-update\src\baseline_results.pkl::all_scenarios[(""mice"", ""netblock30d"")]"
MICE,netblock30d,deterministic,2269,17704,2022-09-13,0.0,0.4560000127181411,1,"C:\Users\yasemin.bozkurt\Desktop\article\DLPIF-repo-update\src\baseline_results.pkl::all_scenarios[(""mice"", ""netblock30d"")]"
MICE,netblock30d,deterministic,2270,17748,2022-09-13,0.0,0.4560000127181411,1,"C:\Users\yasemin.bozkurt\Desktop\article\DLPIF-repo-update\src\baseline_results.pkl::all_scenarios[(""mice"", ""netblock30d"")]"
MICE,netblock30d,deterministic,2271,17750,2022-09-13,0.0,0.4560000127181411,1,"C:\Users\yasemin.bozkurt\Desktop\article\DLPIF-repo-update\src\baseline_results.pkl::all_scenarios[(""mice"", ""netblock30d"")]"
MICE,netblock30d,deterministic,2272,17155,2022-09-14,0.0,0.4560000127181411,1,"C:\Users\yasemin.bozkurt\Desktop\article\DLPIF-repo-update\src\baseline_results.pkl::all_scenarios[(""mice"", ""netblock30d"")]"
MICE,netblock30d,deterministic,2273,17704,2022-09-14,0.0,0.4560000127181411,1,"C:\Users\yasemin.bozkurt\Desktop\article\DLPIF-repo-update\src\baseline_results.pkl::all_scenarios[(""mice"", ""netblock30d"")]"
MICE,netblock30d,deterministic,2274,17748,2022-09-14,0.0,0.4560000127181411,1,"C:\Users\yasemin.bozkurt\Desktop\article\DLPIF-repo-update\src\baseline_results.pkl::all_scenarios[(""mice"", ""netblock30d"")]"
MICE,netblock30d,deterministic,2275,17750,2022-09-14,0.0,0.4560000127181411,1,"C:\Users\yasemin.bozkurt\Desktop\article\DLPIF-repo-update\src\baseline_results.pkl::all_scenarios[(""mice"", ""netblock30d"")]"
MICE,netblock30d,deterministic,2276,17155,2022-09-15,0.0,0.4560000127181411,1,"C:\Users\yasemin.bozkurt\Desktop\article\DLPIF-repo-update\src\baseline_results.pkl::all_scenarios[(""mice"", ""netblock30d"")]"
MICE,netblock30d,deterministic,2277,17704,2022-09-15,0.0,0.4560000127181411,1,"C:\Users\yasemin.bozkurt\Desktop\article\DLPIF-repo-update\src\baseline_results.pkl::all_scenarios[(""mice"", ""netblock30d"")]"
MICE,netblock30d,deterministic,2278,17748,2022-09-15,0.0,0.4560000127181411,1,"C:\Users\yasemin.bozkurt\Desktop\article\DLPIF-repo-update\src\baseline_results.pkl::all_scenarios[(""mice"", ""netblock30d"")]"
MICE,netblock30d,deterministic,2279,17750,2022-09-15,0.0,0.4560000127181411,1,"C:\Users\yasemin.bozkurt\Desktop\article\DLPIF-repo-update\src\baseline_results.pkl::all_scenarios[(""mice"", ""netblock30d"")]"
MICE,netblock30d,deterministic,2280,17155,2022-09-16,0.0,0.4560000127181411,1,"C:\Users\yasemin.bozkurt\Desktop\article\DLPIF-repo-update\src\baseline_results.pkl::all_scenarios[(""mice"", ""netblock30d"")]"
MICE,netblock30d,deterministic,2281,17704,2022-09-16,0.0,0.4560000127181411,1,"C:\Users\yasemin.bozkurt\Desktop\article\DLPIF-repo-update\src\baseline_results.pkl::all_scenarios[(""mice"", ""netblock30d"")]"
MICE,netblock30d,deterministic,2282,17748,2022-09-16,0.0,0.4560000127181411,1,"C:\Users\yasemin.bozkurt\Desktop\article\DLPIF-repo-update\src\baseline_results.pkl::all_scenarios[(""mice"", ""netblock30d"")]"
MICE,netblock30d,deterministic,2283,17750,2022-09-16,0.0,0.4560000127181411,1,"C:\Users\yasemin.bozkurt\Desktop\article\DLPIF-repo-update\src\baseline_results.pkl::all_scenarios[(""mice"", ""netblock30d"")]"
MICE,netblock30d,deterministic,2284,17155,2022-09-17,0.0,0.4560000127181411,1,"C:\Users\yasemin.bozkurt\Desktop\article\DLPIF-repo-update\src\baseline_results.pkl::all_scenarios[(""mice"", ""netblock30d"")]"
MICE,netblock30d,deterministic,2285,17704,2022-09-17,0.0,0.4560000127181411,1,"C:\Users\yasemin.bozkurt\Desktop\article\DLPIF-repo-update\src\baseline_results.pkl::all_scenarios[(""mice"", ""netblock30d"")]"
MICE,netblock30d,deterministic,2286,17748,2022-09-17,0.0,0.4560000127181411,1,"C:\Users\yasemin.bozkurt\Desktop\article\DLPIF-repo-update\src\baseline_results.pkl::all_scenarios[(""mice"", ""netblock30d"")]"
MICE,netblock30d,deterministic,2287,17750,2022-09-17,0.0,0.4560000127181411,1,"C:\Users\yasemin.bozkurt\Desktop\article\DLPIF-repo-update\src\baseline_results.pkl::all_scenarios[(""mice"", ""netblock30d"")]"
MICE,netblock30d,deterministic,2288,17155,2022-09-18,0.0,0.4560000127181411,1,"C:\Users\yasemin.bozkurt\Desktop\article\DLPIF-repo-update\src\baseline_results.pkl::all_scenarios[(""mice"", ""netblock30d"")]"
MICE,netblock30d,deterministic,2289,17704,2022-09-18,0.0,0.4560000127181411,1,"C:\Users\yasemin.bozkurt\Desktop\article\DLPIF-repo-update\src\baseline_results.pkl::all_scenarios[(""mice"", ""netblock30d"")]"
MICE,netblock30d,deterministic,2290,17748,2022-09-18,0.0,0.4560000127181411,1,"C:\Users\yasemin.bozkurt\Desktop\article\DLPIF-repo-update\src\baseline_results.pkl::all_scenarios[(""mice"", ""netblock30d"")]"
MICE,netblock30d,deterministic,2291,17750,2022-09-18,0.0,0.4560000127181411,1,"C:\Users\yasemin.bozkurt\Desktop\article\DLPIF-repo-update\src\baseline_results.pkl::all_scenarios[(""mice"", ""netblock30d"")]"
MICE,netblock30d,deterministic,2292,17155,2022-09-19,0.0,0.4560000127181411,1,"C:\Users\yasemin.bozkurt\Desktop\article\DLPIF-repo-update\src\baseline_results.pkl::all_scenarios[(""mice"", ""netblock30d"")]"
MICE,netblock30d,deterministic,2293,17704,2022-09-19,0.0,0.4560000127181411,1,"C:\Users\yasemin.bozkurt\Desktop\article\DLPIF-repo-update\src\baseline_results.pkl::all_scenarios[(""mice"", ""netblock30d"")]"
MICE,netblock30d,deterministic,2294,17748,2022-09-19,0.0,0.4560000127181411,1,"C:\Users\yasemin.bozkurt\Desktop\article\DLPIF-repo-update\src\baseline_results.pkl::all_scenarios[(""mice"", ""netblock30d"")]"
MICE,netblock30d,deterministic,2295,17750,2022-09-19,0.0,0.4560000127181411,1,"C:\Users\yasemin.bozkurt\Desktop\article\DLPIF-repo-update\src\baseline_results.pkl::all_scenarios[(""mice"", ""netblock30d"")]"
MICE,netblock30d,deterministic,2296,17155,2022-09-20,0.0,0.4560000127181411,1,"C:\Users\yasemin.bozkurt\Desktop\article\DLPIF-repo-update\src\baseline_results.pkl::all_scenarios[(""mice"", ""netblock30d"")]"
MICE,netblock30d,deterministic,2297,17704,2022-09-20,0.0,0.4560000127181411,1,"C:\Users\yasemin.bozkurt\Desktop\article\DLPIF-repo-update\src\baseline_results.pkl::all_scenarios[(""mice"", ""netblock30d"")]"
MICE,netblock30d,deterministic,2298,17748,2022-09-20,0.0,0.4560000127181411,1,"C:\Users\yasemin.bozkurt\Desktop\article\DLPIF-repo-update\src\baseline_results.pkl::all_scenarios[(""mice"", ""netblock30d"")]"
MICE,netblock30d,deterministic,2299,17750,2022-09-20,0.0,0.4560000127181411,1,"C:\Users\yasemin.bozkurt\Desktop\article\DLPIF-repo-update\src\baseline_results.pkl::all_scenarios[(""mice"", ""netblock30d"")]"
MICE,netblock30d,deterministic,2300,17155,2022-09-21,0.0,0.4560000127181411,1,"C:\Users\yasemin.bozkurt\Desktop\article\DLPIF-repo-update\src\baseline_results.pkl::all_scenarios[(""mice"", ""netblock30d"")]"
MICE,netblock30d,deterministic,2301,17704,2022-09-21,0.0,0.4560000127181411,1,"C:\Users\yasemin.bozkurt\Desktop\article\DLPIF-repo-update\src\baseline_results.pkl::all_scenarios[(""mice"", ""netblock30d"")]"
MICE,netblock30d,deterministic,2302,17748,2022-09-21,0.0,0.4560000127181411,1,"C:\Users\yasemin.bozkurt\Desktop\article\DLPIF-repo-update\src\baseline_results.pkl::all_scenarios[(""mice"", ""netblock30d"")]"
MICE,netblock30d,deterministic,2303,17750,2022-09-21,0.0,0.4560000127181411,1,"C:\Users\yasemin.bozkurt\Desktop\article\DLPIF-repo-update\src\baseline_results.pkl::all_scenarios[(""mice"", ""netblock30d"")]"
MICE,netblock30d,deterministic,2304,17155,2022-09-22,0.0,0.4560000127181411,1,"C:\Users\yasemin.bozkurt\Desktop\article\DLPIF-repo-update\src\baseline_results.pkl::all_scenarios[(""mice"", ""netblock30d"")]"
MICE,netblock30d,deterministic,2305,17704,2022-09-22,0.0,0.4560000127181411,1,"C:\Users\yasemin.bozkurt\Desktop\article\DLPIF-repo-update\src\baseline_results.pkl::all_scenarios[(""mice"", ""netblock30d"")]"
MICE,netblock30d,deterministic,2306,17748,2022-09-22,0.0,0.4560000127181411,1,"C:\Users\yasemin.bozkurt\Desktop\article\DLPIF-repo-update\src\baseline_results.pkl::all_scenarios[(""mice"", ""netblock30d"")]"
MICE,netblock30d,deterministic,2307,17750,2022-09-22,0.0,0.4560000127181411,1,"C:\Users\yasemin.bozkurt\Desktop\article\DLPIF-repo-update\src\baseline_results.pkl::all_scenarios[(""mice"", ""netblock30d"")]"
MICE,netblock30d,deterministic,2308,17155,2022-09-23,0.0,0.4560000127181411,1,"C:\Users\yasemin.bozkurt\Desktop\article\DLPIF-repo-update\src\baseline_results.pkl::all_scenarios[(""mice"", ""netblock30d"")]"
MICE,netblock30d,deterministic,2309,17704,2022-09-23,0.0,0.4560000127181411,1,"C:\Users\yasemin.bozkurt\Desktop\article\DLPIF-repo-update\src\baseline_results.pkl::all_scenarios[(""mice"", ""netblock30d"")]"
MICE,netblock30d,deterministic,2310,17748,2022-09-23,0.0,0.4560000127181411,1,"C:\Users\yasemin.bozkurt\Desktop\article\DLPIF-repo-update\src\baseline_results.pkl::all_scenarios[(""mice"", ""netblock30d"")]"
MICE,netblock30d,deterministic,2311,17750,2022-09-23,0.0,0.4560000127181411,1,"C:\Users\yasemin.bozkurt\Desktop\article\DLPIF-repo-update\src\baseline_results.pkl::all_scenarios[(""mice"", ""netblock30d"")]"
MICE,netblock30d,deterministic,2364,17155,2022-10-07,0.0,0.4560000127181411,1,"C:\Users\yasemin.bozkurt\Desktop\article\DLPIF-repo-update\src\baseline_results.pkl::all_scenarios[(""mice"", ""netblock30d"")]"
MICE,netblock30d,deterministic,2365,17704,2022-10-07,0.0,0.4560000127181411,1,"C:\Users\yasemin.bozkurt\Desktop\article\DLPIF-repo-update\src\baseline_results.pkl::all_scenarios[(""mice"", ""netblock30d"")]"
MICE,netblock30d,deterministic,2366,17748,2022-10-07,0.0,0.4560000127181411,1,"C:\Users\yasemin.bozkurt\Desktop\article\DLPIF-repo-update\src\baseline_results.pkl::all_scenarios[(""mice"", ""netblock30d"")]"
MICE,netblock30d,deterministic,2367,17750,2022-10-07,0.0,0.4560000127181411,1,"C:\Users\yasemin.bozkurt\Desktop\article\DLPIF-repo-update\src\baseline_results.pkl::all_scenarios[(""mice"", ""netblock30d"")]"
MICE,netblock30d,deterministic,2368,17155,2022-10-08,2.2000000018626453,0.4560000127181411,1,"C:\Users\yasemin.bozkurt\Desktop\article\DLPIF-repo-update\src\baseline_results.pkl::all_scenarios[(""mice"", ""netblock30d"")]"
MICE,netblock30d,deterministic,2369,17704,2022-10-08,0.20000000470317902,0.4560000127181411,1,"C:\Users\yasemin.bozkurt\Desktop\article\DLPIF-repo-update\src\baseline_results.pkl::all_scenarios[(""mice"", ""netblock30d"")]"
MICE,netblock30d,deterministic,2370,17748,2022-10-08,0.40000000940635805,0.4560000127181411,1,"C:\Users\yasemin.bozkurt\Desktop\article\DLPIF-repo-update\src\baseline_results.pkl::all_scenarios[(""mice"", ""netblock30d"")]"
MICE,netblock30d,deterministic,2371,17750,2022-10-08,0.0,0.4560000127181411,1,"C:\Users\yasemin.bozkurt\Desktop\article\DLPIF-repo-update\src\baseline_results.pkl::all_scenarios[(""mice"", ""netblock30d"")]"
MICE,netblock30d,deterministic,2372,17155,2022-10-09,11.600000372529031,0.4560000127181411,1,"C:\Users\yasemin.bozkurt\Desktop\article\DLPIF-repo-update\src\baseline_results.pkl::all_scenarios[(""mice"", ""netblock30d"")]"
MICE,netblock30d,deterministic,2373,17704,2022-10-09,1.20000006146729,0.4560000127181411,1,"C:\Users\yasemin.bozkurt\Desktop\article\DLPIF-repo-update\src\baseline_results.pkl::all_scenarios[(""mice"", ""netblock30d"")]"
MICE,netblock30d,deterministic,2374,17748,2022-10-09,0.20000000470317902,0.4560000127181411,1,"C:\Users\yasemin.bozkurt\Desktop\article\DLPIF-repo-update\src\baseline_results.pkl::all_scenarios[(""mice"", ""netblock30d"")]"
MICE,netblock30d,deterministic,2375,17750,2022-10-09,0.0,0.4560000127181411,1,"C:\Users\yasemin.bozkurt\Desktop\article\DLPIF-repo-update\src\baseline_results.pkl::all_scenarios[(""mice"", ""netblock30d"")]"
MICE,netblock30d,deterministic,2376,17155,2022-10-10,0.0,0.4560000127181411,1,"C:\Users\yasemin.bozkurt\Desktop\article\DLPIF-repo-update\src\baseline_results.pkl::all_scenarios[(""mice"", ""netblock30d"")]"
MICE,netblock30d,deterministic,2377,17704,2022-10-10,0.0,0.4560000127181411,1,"C:\Users\yasemin.bozkurt\Desktop\article\DLPIF-repo-update\src\baseline_results.pkl::all_scenarios[(""mice"", ""netblock30d"")]"
MICE,netblock30d,deterministic,2378,17748,2022-10-10,0.0,0.4560000127181411,1,"C:\Users\yasemin.bozkurt\Desktop\article\DLPIF-repo-update\src\baseline_results.pkl::all_scenarios[(""mice"", ""netblock30d"")]"
MICE,netblock30d,deterministic,2379,17750,2022-10-10,0.0,0.4560000127181411,1,"C:\Users\yasemin.bozkurt\Desktop\article\DLPIF-repo-update\src\baseline_results.pkl::all_scenarios[(""mice"", ""netblock30d"")]"
MICE,netblock30d,deterministic,2380,17155,2022-10-11,0.0,0.4560000127181411,1,"C:\Users\yasemin.bozkurt\Desktop\article\DLPIF-repo-update\src\baseline_results.pkl::all_scenarios[(""mice"", ""netblock30d"")]"
MICE,netblock30d,deterministic,2381,17704,2022-10-11,0.0,0.4560000127181411,1,"C:\Users\yasemin.bozkurt\Desktop\article\DLPIF-repo-update\src\baseline_results.pkl::all_scenarios[(""mice"", ""netblock30d"")]"
MICE,netblock30d,deterministic,2382,17748,2022-10-11,0.0,0.4560000127181411,1,"C:\Users\yasemin.bozkurt\Desktop\article\DLPIF-repo-update\src\baseline_results.pkl::all_scenarios[(""mice"", ""netblock30d"")]"
MICE,netblock30d,deterministic,2383,17750,2022-10-11,0.0,0.4560000127181411,1,"C:\Users\yasemin.bozkurt\Desktop\article\DLPIF-repo-update\src\baseline_results.pkl::all_scenarios[(""mice"", ""netblock30d"")]"
MICE,netblock30d,deterministic,2384,17155,2022-10-12,0.0,0.4560000127181411,1,"C:\Users\yasemin.bozkurt\Desktop\article\DLPIF-repo-update\src\baseline_results.pkl::all_scenarios[(""mice"", ""netblock30d"")]"
MICE,netblock30d,deterministic,2385,17704,2022-10-12,0.0,0.4560000127181411,1,"C:\Users\yasemin.bozkurt\Desktop\article\DLPIF-repo-update\src\baseline_results.pkl::all_scenarios[(""mice"", ""netblock30d"")]"
MICE,netblock30d,deterministic,2386,17748,2022-10-12,0.0,0.4560000127181411,1,"C:\Users\yasemin.bozkurt\Desktop\article\DLPIF-repo-update\src\baseline_results.pkl::all_scenarios[(""mice"", ""netblock30d"")]"
MICE,netblock30d,deterministic,2387,17750,2022-10-12,0.0,0.4560000127181411,1,"C:\Users\yasemin.bozkurt\Desktop\article\DLPIF-repo-update\src\baseline_results.pkl::all_scenarios[(""mice"", ""netblock30d"")]"
MICE,netblock30d,deterministic,2388,17155,2022-10-13,0.0,0.4560000127181411,1,"C:\Users\yasemin.bozkurt\Desktop\article\DLPIF-repo-update\src\baseline_results.pkl::all_scenarios[(""mice"", ""netblock30d"")]"
MICE,netblock30d,deterministic,2389,17704,2022-10-13,0.0,0.4560000127181411,1,"C:\Users\yasemin.bozkurt\Desktop\article\DLPIF-repo-update\src\baseline_results.pkl::all_scenarios[(""mice"", ""netblock30d"")]"
MICE,netblock30d,deterministic,2390,17748,2022-10-13,0.0,0.4560000127181411,1,"C:\Users\yasemin.bozkurt\Desktop\article\DLPIF-repo-update\src\baseline_results.pkl::all_scenarios[(""mice"", ""netblock30d"")]"
MICE,netblock30d,deterministic,2391,17750,2022-10-13,0.0,0.4560000127181411,1,"C:\Users\yasemin.bozkurt\Desktop\article\DLPIF-repo-update\src\baseline_results.pkl::all_scenarios[(""mice"", ""netblock30d"")]"
MICE,netblock30d,deterministic,2392,17155,2022-10-14,0.0,0.4560000127181411,1,"C:\Users\yasemin.bozkurt\Desktop\article\DLPIF-repo-update\src\baseline_results.pkl::all_scenarios[(""mice"", ""netblock30d"")]"
MICE,netblock30d,deterministic,2393,17704,2022-10-14,0.0,0.4560000127181411,1,"C:\Users\yasemin.bozkurt\Desktop\article\DLPIF-repo-update\src\baseline_results.pkl::all_scenarios[(""mice"", ""netblock30d"")]"
MICE,netblock30d,deterministic,2394,17748,2022-10-14,0.0,0.4560000127181411,1,"C:\Users\yasemin.bozkurt\Desktop\article\DLPIF-repo-update\src\baseline_results.pkl::all_scenarios[(""mice"", ""netblock30d"")]"
MICE,netblock30d,deterministic,2395,17750,2022-10-14,0.0,0.4560000127181411,1,"C:\Users\yasemin.bozkurt\Desktop\article\DLPIF-repo-update\src\baseline_results.pkl::all_scenarios[(""mice"", ""netblock30d"")]"
MICE,netblock30d,deterministic,2396,17155,2022-10-15,4.300000009685755,0.4560000127181411,1,"C:\Users\yasemin.bozkurt\Desktop\article\DLPIF-repo-update\src\baseline_results.pkl::all_scenarios[(""mice"", ""netblock30d"")]"
MICE,netblock30d,deterministic,2397,17704,2022-10-15,8.800000007450581,0.4560000127181411,1,"C:\Users\yasemin.bozkurt\Desktop\article\DLPIF-repo-update\src\baseline_results.pkl::all_scenarios[(""mice"", ""netblock30d"")]"
MICE,netblock30d,deterministic,2398,17748,2022-10-15,2.6000001110136512,0.4560000127181411,1,"C:\Users\yasemin.bozkurt\Desktop\article\DLPIF-repo-update\src\baseline_results.pkl::all_scenarios[(""mice"", ""netblock30d"")]"
MICE,netblock30d,deterministic,2399,17750,2022-10-15,6.400000150501729,0.4560000127181411,1,"C:\Users\yasemin.bozkurt\Desktop\article\DLPIF-repo-update\src\baseline_results.pkl::all_scenarios[(""mice"", ""netblock30d"")]"
MICE,netblock30d,deterministic,2400,17155,2022-10-16,2.2000000018626453,0.4560000127181411,1,"C:\Users\yasemin.bozkurt\Desktop\article\DLPIF-repo-update\src\baseline_results.pkl::all_scenarios[(""mice"", ""netblock30d"")]"
MICE,netblock30d,deterministic,2401,17704,2022-10-16,4.400000003725291,0.4560000127181411,1,"C:\Users\yasemin.bozkurt\Desktop\article\DLPIF-repo-update\src\baseline_results.pkl::all_scenarios[(""mice"", ""netblock30d"")]"
MICE,netblock30d,deterministic,2402,17748,2022-10-16,1.8000000257045032,0.4560000127181411,1,"C:\Users\yasemin.bozkurt\Desktop\article\DLPIF-repo-update\src\baseline_results.pkl::all_scenarios[(""mice"", ""netblock30d"")]"
MICE,netblock30d,deterministic,2403,17750,2022-10-16,5.800000186264516,0.4560000127181411,1,"C:\Users\yasemin.bozkurt\Desktop\article\DLPIF-repo-update\src\baseline_results.pkl::all_scenarios[(""mice"", ""netblock30d"")]"
MICE,netblock30d,deterministic,2404,17155,2022-10-17,6.700000132620335,0.4560000127181411,1,"C:\Users\yasemin.bozkurt\Desktop\article\DLPIF-repo-update\src\baseline_results.pkl::all_scenarios[(""mice"", ""netblock30d"")]"
MICE,netblock30d,deterministic,2405,17704,2022-10-17,0.8000000188127161,0.4560000127181411,1,"C:\Users\yasemin.bozkurt\Desktop\article\DLPIF-repo-update\src\baseline_results.pkl::all_scenarios[(""mice"", ""netblock30d"")]"
MICE,netblock30d,deterministic,2406,17748,2022-10-17,0.0,0.4560000127181411,1,"C:\Users\yasemin.bozkurt\Desktop\article\DLPIF-repo-update\src\baseline_results.pkl::all_scenarios[(""mice"", ""netblock30d"")]"
MICE,netblock30d,deterministic,2407,17750,2022-10-17,0.8000000188127161,0.4560000127181411,1,"C:\Users\yasemin.bozkurt\Desktop\article\DLPIF-repo-update\src\baseline_results.pkl::all_scenarios[(""mice"", ""netblock30d"")]"
MICE,netblock30d,deterministic,2408,17155,2022-10-18,0.10000000235158951,0.4560000127181411,1,"C:\Users\yasemin.bozkurt\Desktop\article\DLPIF-repo-update\src\baseline_results.pkl::all_scenarios[(""mice"", ""netblock30d"")]"
MICE,netblock30d,deterministic,2409,17704,2022-10-18,0.0,0.4560000127181411,1,"C:\Users\yasemin.bozkurt\Desktop\article\DLPIF-repo-update\src\baseline_results.pkl::all_scenarios[(""mice"", ""netblock30d"")]"
MICE,netblock30d,deterministic,2410,17748,2022-10-18,0.0,0.4560000127181411,1,"C:\Users\yasemin.bozkurt\Desktop\article\DLPIF-repo-update\src\baseline_results.pkl::all_scenarios[(""mice"", ""netblock30d"")]"
MICE,netblock30d,deterministic,2411,17750,2022-10-18,0.0,0.4560000127181411,1,"C:\Users\yasemin.bozkurt\Desktop\article\DLPIF-repo-update\src\baseline_results.pkl::all_scenarios[(""mice"", ""netblock30d"")]"
MICE,netblock30d,deterministic,2412,17155,2022-10-19,0.0,0.4560000127181411,1,"C:\Users\yasemin.bozkurt\Desktop\article\DLPIF-repo-update\src\baseline_results.pkl::all_scenarios[(""mice"", ""netblock30d"")]"
MICE,netblock30d,deterministic,2413,17704,2022-10-19,0.0,0.4560000127181411,1,"C:\Users\yasemin.bozkurt\Desktop\article\DLPIF-repo-update\src\baseline_results.pkl::all_scenarios[(""mice"", ""netblock30d"")]"
MICE,netblock30d,deterministic,2414,17748,2022-10-19,0.0,0.4560000127181411,1,"C:\Users\yasemin.bozkurt\Desktop\article\DLPIF-repo-update\src\baseline_results.pkl::all_scenarios[(""mice"", ""netblock30d"")]"
MICE,netblock30d,deterministic,2415,17750,2022-10-19,0.0,0.4560000127181411,1,"C:\Users\yasemin.bozkurt\Desktop\article\DLPIF-repo-update\src\baseline_results.pkl::all_scenarios[(""mice"", ""netblock30d"")]"
MICE,netblock30d,deterministic,2416,17155,2022-10-20,0.0,0.4560000127181411,1,"C:\Users\yasemin.bozkurt\Desktop\article\DLPIF-repo-update\src\baseline_results.pkl::all_scenarios[(""mice"", ""netblock30d"")]"
MICE,netblock30d,deterministic,2417,17704,2022-10-20,0.0,0.4560000127181411,1,"C:\Users\yasemin.bozkurt\Desktop\article\DLPIF-repo-update\src\baseline_results.pkl::all_scenarios[(""mice"", ""netblock30d"")]"
MICE,netblock30d,deterministic,2418,17748,2022-10-20,0.0,0.4560000127181411,1,"C:\Users\yasemin.bozkurt\Desktop\article\DLPIF-repo-update\src\baseline_results.pkl::all_scenarios[(""mice"", ""netblock30d"")]"
MICE,netblock30d,deterministic,2419,17750,2022-10-20,0.0,0.4560000127181411,1,"C:\Users\yasemin.bozkurt\Desktop\article\DLPIF-repo-update\src\baseline_results.pkl::all_scenarios[(""mice"", ""netblock30d"")]"
MICE,netblock30d,deterministic,2420,17155,2022-10-21,0.0,0.4560000127181411,1,"C:\Users\yasemin.bozkurt\Desktop\article\DLPIF-repo-update\src\baseline_results.pkl::all_scenarios[(""mice"", ""netblock30d"")]"
MICE,netblock30d,deterministic,2421,17704,2022-10-21,0.0,0.4560000127181411,1,"C:\Users\yasemin.bozkurt\Desktop\article\DLPIF-repo-update\src\baseline_results.pkl::all_scenarios[(""mice"", ""netblock30d"")]"
MICE,netblock30d,deterministic,2422,17748,2022-10-21,0.0,0.4560000127181411,1,"C:\Users\yasemin.bozkurt\Desktop\article\DLPIF-repo-update\src\baseline_results.pkl::all_scenarios[(""mice"", ""netblock30d"")]"
MICE,netblock30d,deterministic,2423,17750,2022-10-21,0.0,0.4560000127181411,1,"C:\Users\yasemin.bozkurt\Desktop\article\DLPIF-repo-update\src\baseline_results.pkl::all_scenarios[(""mice"", ""netblock30d"")]"
MICE,netblock30d,deterministic,2424,17155,2022-10-22,0.0,0.4560000127181411,1,"C:\Users\yasemin.bozkurt\Desktop\article\DLPIF-repo-update\src\baseline_results.pkl::all_scenarios[(""mice"", ""netblock30d"")]"
MICE,netblock30d,deterministic,2425,17704,2022-10-22,0.0,0.4560000127181411,1,"C:\Users\yasemin.bozkurt\Desktop\article\DLPIF-repo-update\src\baseline_results.pkl::all_scenarios[(""mice"", ""netblock30d"")]"
MICE,netblock30d,deterministic,2426,17748,2022-10-22,0.0,0.4560000127181411,1,"C:\Users\yasemin.bozkurt\Desktop\article\DLPIF-repo-update\src\baseline_results.pkl::all_scenarios[(""mice"", ""netblock30d"")]"
MICE,netblock30d,deterministic,2427,17750,2022-10-22,0.0,0.4560000127181411,1,"C:\Users\yasemin.bozkurt\Desktop\article\DLPIF-repo-update\src\baseline_results.pkl::all_scenarios[(""mice"", ""netblock30d"")]"
MICE,netblock30d,deterministic,2428,17155,2022-10-23,0.0,0.4560000127181411,1,"C:\Users\yasemin.bozkurt\Desktop\article\DLPIF-repo-update\src\baseline_results.pkl::all_scenarios[(""mice"", ""netblock30d"")]"
MICE,netblock30d,deterministic,2429,17704,2022-10-23,0.0,0.4560000127181411,1,"C:\Users\yasemin.bozkurt\Desktop\article\DLPIF-repo-update\src\baseline_results.pkl::all_scenarios[(""mice"", ""netblock30d"")]"
MICE,netblock30d,deterministic,2430,17748,2022-10-23,0.0,0.4560000127181411,1,"C:\Users\yasemin.bozkurt\Desktop\article\DLPIF-repo-update\src\baseline_results.pkl::all_scenarios[(""mice"", ""netblock30d"")]"
MICE,netblock30d,deterministic,2431,17750,2022-10-23,0.0,0.4560000127181411,1,"C:\Users\yasemin.bozkurt\Desktop\article\DLPIF-repo-update\src\baseline_results.pkl::all_scenarios[(""mice"", ""netblock30d"")]"
MICE,netblock30d,deterministic,2432,17155,2022-10-24,0.0,0.4560000127181411,1,"C:\Users\yasemin.bozkurt\Desktop\article\DLPIF-repo-update\src\baseline_results.pkl::all_scenarios[(""mice"", ""netblock30d"")]"
MICE,netblock30d,deterministic,2433,17704,2022-10-24,0.0,0.4560000127181411,1,"C:\Users\yasemin.bozkurt\Desktop\article\DLPIF-repo-update\src\baseline_results.pkl::all_scenarios[(""mice"", ""netblock30d"")]"
MICE,netblock30d,deterministic,2434,17748,2022-10-24,0.0,0.4560000127181411,1,"C:\Users\yasemin.bozkurt\Desktop\article\DLPIF-repo-update\src\baseline_results.pkl::all_scenarios[(""mice"", ""netblock30d"")]"
MICE,netblock30d,deterministic,2435,17750,2022-10-24,0.0,0.4560000127181411,1,"C:\Users\yasemin.bozkurt\Desktop\article\DLPIF-repo-update\src\baseline_results.pkl::all_scenarios[(""mice"", ""netblock30d"")]"
MICE,netblock30d,deterministic,2436,17155,2022-10-25,0.0,0.4560000127181411,1,"C:\Users\yasemin.bozkurt\Desktop\article\DLPIF-repo-update\src\baseline_results.pkl::all_scenarios[(""mice"", ""netblock30d"")]"
MICE,netblock30d,deterministic,2437,17704,2022-10-25,0.0,0.4560000127181411,1,"C:\Users\yasemin.bozkurt\Desktop\article\DLPIF-repo-update\src\baseline_results.pkl::all_scenarios[(""mice"", ""netblock30d"")]"
MICE,netblock30d,deterministic,2438,17748,2022-10-25,0.0,0.4560000127181411,1,"C:\Users\yasemin.bozkurt\Desktop\article\DLPIF-repo-update\src\baseline_results.pkl::all_scenarios[(""mice"", ""netblock30d"")]"
MICE,netblock30d,deterministic,2439,17750,2022-10-25,0.0,0.4560000127181411,1,"C:\Users\yasemin.bozkurt\Desktop\article\DLPIF-repo-update\src\baseline_results.pkl::all_scenarios[(""mice"", ""netblock30d"")]"
MICE,netblock30d,deterministic,2440,17155,2022-10-26,0.0,0.4560000127181411,1,"C:\Users\yasemin.bozkurt\Desktop\article\DLPIF-repo-update\src\baseline_results.pkl::all_scenarios[(""mice"", ""netblock30d"")]"
MICE,netblock30d,deterministic,2441,17704,2022-10-26,0.0,0.4560000127181411,1,"C:\Users\yasemin.bozkurt\Desktop\article\DLPIF-repo-update\src\baseline_results.pkl::all_scenarios[(""mice"", ""netblock30d"")]"
MICE,netblock30d,deterministic,2442,17748,2022-10-26,0.0,0.4560000127181411,1,"C:\Users\yasemin.bozkurt\Desktop\article\DLPIF-repo-update\src\baseline_results.pkl::all_scenarios[(""mice"", ""netblock30d"")]"
MICE,netblock30d,deterministic,2443,17750,2022-10-26,0.0,0.4560000127181411,1,"C:\Users\yasemin.bozkurt\Desktop\article\DLPIF-repo-update\src\baseline_results.pkl::all_scenarios[(""mice"", ""netblock30d"")]"
MICE,netblock30d,deterministic,2444,17155,2022-10-27,0.0,0.4560000127181411,1,"C:\Users\yasemin.bozkurt\Desktop\article\DLPIF-repo-update\src\baseline_results.pkl::all_scenarios[(""mice"", ""netblock30d"")]"
MICE,netblock30d,deterministic,2445,17704,2022-10-27,0.0,0.4560000127181411,1,"C:\Users\yasemin.bozkurt\Desktop\article\DLPIF-repo-update\src\baseline_results.pkl::all_scenarios[(""mice"", ""netblock30d"")]"
MICE,netblock30d,deterministic,2446,17748,2022-10-27,0.0,0.4560000127181411,1,"C:\Users\yasemin.bozkurt\Desktop\article\DLPIF-repo-update\src\baseline_results.pkl::all_scenarios[(""mice"", ""netblock30d"")]"
MICE,netblock30d,deterministic,2447,17750,2022-10-27,0.0,0.4560000127181411,1,"C:\Users\yasemin.bozkurt\Desktop\article\DLPIF-repo-update\src\baseline_results.pkl::all_scenarios[(""mice"", ""netblock30d"")]"
MICE,netblock30d,deterministic,2448,17155,2022-10-28,0.0,0.4560000127181411,1,"C:\Users\yasemin.bozkurt\Desktop\article\DLPIF-repo-update\src\baseline_results.pkl::all_scenarios[(""mice"", ""netblock30d"")]"
MICE,netblock30d,deterministic,2449,17704,2022-10-28,0.0,0.4560000127181411,1,"C:\Users\yasemin.bozkurt\Desktop\article\DLPIF-repo-update\src\baseline_results.pkl::all_scenarios[(""mice"", ""netblock30d"")]"
MICE,netblock30d,deterministic,2450,17748,2022-10-28,0.0,0.4560000127181411,1,"C:\Users\yasemin.bozkurt\Desktop\article\DLPIF-repo-update\src\baseline_results.pkl::all_scenarios[(""mice"", ""netblock30d"")]"
MICE,netblock30d,deterministic,2451,17750,2022-10-28,0.0,0.4560000127181411,1,"C:\Users\yasemin.bozkurt\Desktop\article\DLPIF-repo-update\src\baseline_results.pkl::all_scenarios[(""mice"", ""netblock30d"")]"
MICE,netblock30d,deterministic,2452,17155,2022-10-29,0.0,0.4560000127181411,1,"C:\Users\yasemin.bozkurt\Desktop\article\DLPIF-repo-update\src\baseline_results.pkl::all_scenarios[(""mice"", ""netblock30d"")]"
MICE,netblock30d,deterministic,2453,17704,2022-10-29,0.0,0.4560000127181411,1,"C:\Users\yasemin.bozkurt\Desktop\article\DLPIF-repo-update\src\baseline_results.pkl::all_scenarios[(""mice"", ""netblock30d"")]"
MICE,netblock30d,deterministic,2454,17748,2022-10-29,0.0,0.4560000127181411,1,"C:\Users\yasemin.bozkurt\Desktop\article\DLPIF-repo-update\src\baseline_results.pkl::all_scenarios[(""mice"", ""netblock30d"")]"
MICE,netblock30d,deterministic,2455,17750,2022-10-29,0.0,0.4560000127181411,1,"C:\Users\yasemin.bozkurt\Desktop\article\DLPIF-repo-update\src\baseline_results.pkl::all_scenarios[(""mice"", ""netblock30d"")]"
MICE,netblock30d,deterministic,2456,17155,2022-10-30,0.0,0.4560000127181411,1,"C:\Users\yasemin.bozkurt\Desktop\article\DLPIF-repo-update\src\baseline_results.pkl::all_scenarios[(""mice"", ""netblock30d"")]"
MICE,netblock30d,deterministic,2457,17704,2022-10-30,0.0,0.4560000127181411,1,"C:\Users\yasemin.bozkurt\Desktop\article\DLPIF-repo-update\src\baseline_results.pkl::all_scenarios[(""mice"", ""netblock30d"")]"
MICE,netblock30d,deterministic,2458,17748,2022-10-30,0.0,0.4560000127181411,1,"C:\Users\yasemin.bozkurt\Desktop\article\DLPIF-repo-update\src\baseline_results.pkl::all_scenarios[(""mice"", ""netblock30d"")]"
MICE,netblock30d,deterministic,2459,17750,2022-10-30,0.0,0.4560000127181411,1,"C:\Users\yasemin.bozkurt\Desktop\article\DLPIF-repo-update\src\baseline_results.pkl::all_scenarios[(""mice"", ""netblock30d"")]"
MICE,netblock30d,deterministic,2460,17155,2022-10-31,0.0,0.4560000127181411,1,"C:\Users\yasemin.bozkurt\Desktop\article\DLPIF-repo-update\src\baseline_results.pkl::all_scenarios[(""mice"", ""netblock30d"")]"
MICE,netblock30d,deterministic,2461,17704,2022-10-31,0.0,0.4560000127181411,1,"C:\Users\yasemin.bozkurt\Desktop\article\DLPIF-repo-update\src\baseline_results.pkl::all_scenarios[(""mice"", ""netblock30d"")]"
MICE,netblock30d,deterministic,2462,17748,2022-10-31,0.0,0.4560000127181411,1,"C:\Users\yasemin.bozkurt\Desktop\article\DLPIF-repo-update\src\baseline_results.pkl::all_scenarios[(""mice"", ""netblock30d"")]"
MICE,netblock30d,deterministic,2463,17750,2022-10-31,0.0,0.4560000127181411,1,"C:\Users\yasemin.bozkurt\Desktop\article\DLPIF-repo-update\src\baseline_results.pkl::all_scenarios[(""mice"", ""netblock30d"")]"
MICE,netblock30d,deterministic,2464,17155,2022-11-01,0.0,0.4560000127181411,1,"C:\Users\yasemin.bozkurt\Desktop\article\DLPIF-repo-update\src\baseline_results.pkl::all_scenarios[(""mice"", ""netblock30d"")]"
MICE,netblock30d,deterministic,2465,17704,2022-11-01,0.0,0.4560000127181411,1,"C:\Users\yasemin.bozkurt\Desktop\article\DLPIF-repo-update\src\baseline_results.pkl::all_scenarios[(""mice"", ""netblock30d"")]"
MICE,netblock30d,deterministic,2466,17748,2022-11-01,0.0,0.4560000127181411,1,"C:\Users\yasemin.bozkurt\Desktop\article\DLPIF-repo-update\src\baseline_results.pkl::all_scenarios[(""mice"", ""netblock30d"")]"
MICE,netblock30d,deterministic,2467,17750,2022-11-01,0.0,0.4560000127181411,1,"C:\Users\yasemin.bozkurt\Desktop\article\DLPIF-repo-update\src\baseline_results.pkl::all_scenarios[(""mice"", ""netblock30d"")]"
MICE,netblock30d,deterministic,2468,17155,2022-11-02,0.0,0.4560000127181411,1,"C:\Users\yasemin.bozkurt\Desktop\article\DLPIF-repo-update\src\baseline_results.pkl::all_scenarios[(""mice"", ""netblock30d"")]"
MICE,netblock30d,deterministic,2469,17704,2022-11-02,0.0,0.4560000127181411,1,"C:\Users\yasemin.bozkurt\Desktop\article\DLPIF-repo-update\src\baseline_results.pkl::all_scenarios[(""mice"", ""netblock30d"")]"
MICE,netblock30d,deterministic,2470,17748,2022-11-02,0.0,0.4560000127181411,1,"C:\Users\yasemin.bozkurt\Desktop\article\DLPIF-repo-update\src\baseline_results.pkl::all_scenarios[(""mice"", ""netblock30d"")]"
MICE,netblock30d,deterministic,2471,17750,2022-11-02,0.0,0.4560000127181411,1,"C:\Users\yasemin.bozkurt\Desktop\article\DLPIF-repo-update\src\baseline_results.pkl::all_scenarios[(""mice"", ""netblock30d"")]"
MICE,netblock30d,deterministic,2472,17155,2022-11-03,0.0,0.4560000127181411,1,"C:\Users\yasemin.bozkurt\Desktop\article\DLPIF-repo-update\src\baseline_results.pkl::all_scenarios[(""mice"", ""netblock30d"")]"
MICE,netblock30d,deterministic,2473,17704,2022-11-03,0.0,0.4560000127181411,1,"C:\Users\yasemin.bozkurt\Desktop\article\DLPIF-repo-update\src\baseline_results.pkl::all_scenarios[(""mice"", ""netblock30d"")]"
MICE,netblock30d,deterministic,2474,17748,2022-11-03,0.0,0.4560000127181411,1,"C:\Users\yasemin.bozkurt\Desktop\article\DLPIF-repo-update\src\baseline_results.pkl::all_scenarios[(""mice"", ""netblock30d"")]"
MICE,netblock30d,deterministic,2475,17750,2022-11-03,0.0,0.4560000127181411,1,"C:\Users\yasemin.bozkurt\Desktop\article\DLPIF-repo-update\src\baseline_results.pkl::all_scenarios[(""mice"", ""netblock30d"")]"
MICE,netblock30d,deterministic,2476,17155,2022-11-04,0.0,0.4560000127181411,1,"C:\Users\yasemin.bozkurt\Desktop\article\DLPIF-repo-update\src\baseline_results.pkl::all_scenarios[(""mice"", ""netblock30d"")]"
MICE,netblock30d,deterministic,2477,17704,2022-11-04,0.0,0.4560000127181411,1,"C:\Users\yasemin.bozkurt\Desktop\article\DLPIF-repo-update\src\baseline_results.pkl::all_scenarios[(""mice"", ""netblock30d"")]"
MICE,netblock30d,deterministic,2478,17748,2022-11-04,0.0,0.4560000127181411,1,"C:\Users\yasemin.bozkurt\Desktop\article\DLPIF-repo-update\src\baseline_results.pkl::all_scenarios[(""mice"", ""netblock30d"")]"
MICE,netblock30d,deterministic,2479,17750,2022-11-04,0.0,0.4560000127181411,1,"C:\Users\yasemin.bozkurt\Desktop\article\DLPIF-repo-update\src\baseline_results.pkl::all_scenarios[(""mice"", ""netblock30d"")]"
MICE,netblock30d,deterministic,2480,17155,2022-11-05,0.0,0.4560000127181411,1,"C:\Users\yasemin.bozkurt\Desktop\article\DLPIF-repo-update\src\baseline_results.pkl::all_scenarios[(""mice"", ""netblock30d"")]"
MICE,netblock30d,deterministic,2481,17704,2022-11-05,0.0,0.4560000127181411,1,"C:\Users\yasemin.bozkurt\Desktop\article\DLPIF-repo-update\src\baseline_results.pkl::all_scenarios[(""mice"", ""netblock30d"")]"
MICE,netblock30d,deterministic,2482,17748,2022-11-05,0.0,0.4560000127181411,1,"C:\Users\yasemin.bozkurt\Desktop\article\DLPIF-repo-update\src\baseline_results.pkl::all_scenarios[(""mice"", ""netblock30d"")]"
MICE,netblock30d,deterministic,2483,17750,2022-11-05,0.0,0.4560000127181411,1,"C:\Users\yasemin.bozkurt\Desktop\article\DLPIF-repo-update\src\baseline_results.pkl::all_scenarios[(""mice"", ""netblock30d"")]"
MICE,netblock30d,deterministic,2856,17155,2023-02-07,0.10000000235158951,0.4560000127181411,1,"C:\Users\yasemin.bozkurt\Desktop\article\DLPIF-repo-update\src\baseline_results.pkl::all_scenarios[(""mice"", ""netblock30d"")]"
MICE,netblock30d,deterministic,2857,17704,2023-02-07,0.0,0.4560000127181411,1,"C:\Users\yasemin.bozkurt\Desktop\article\DLPIF-repo-update\src\baseline_results.pkl::all_scenarios[(""mice"", ""netblock30d"")]"
MICE,netblock30d,deterministic,2858,17748,2023-02-07,0.20000000470317902,0.4560000127181411,1,"C:\Users\yasemin.bozkurt\Desktop\article\DLPIF-repo-update\src\baseline_results.pkl::all_scenarios[(""mice"", ""netblock30d"")]"
MICE,netblock30d,deterministic,2859,17750,2023-02-07,0.0,0.4560000127181411,1,"C:\Users\yasemin.bozkurt\Desktop\article\DLPIF-repo-update\src\baseline_results.pkl::all_scenarios[(""mice"", ""netblock30d"")]"
MICE,netblock30d,deterministic,2860,17155,2023-02-08,0.40000000940635805,0.4560000127181411,1,"C:\Users\yasemin.bozkurt\Desktop\article\DLPIF-repo-update\src\baseline_results.pkl::all_scenarios[(""mice"", ""netblock30d"")]"
MICE,netblock30d,deterministic,2861,17704,2023-02-08,0.0,0.4560000127181411,1,"C:\Users\yasemin.bozkurt\Desktop\article\DLPIF-repo-update\src\baseline_results.pkl::all_scenarios[(""mice"", ""netblock30d"")]"
MICE,netblock30d,deterministic,2862,17748,2023-02-08,0.0,0.4560000127181411,1,"C:\Users\yasemin.bozkurt\Desktop\article\DLPIF-repo-update\src\baseline_results.pkl::all_scenarios[(""mice"", ""netblock30d"")]"
MICE,netblock30d,deterministic,2863,17750,2023-02-08,0.0,0.4560000127181411,1,"C:\Users\yasemin.bozkurt\Desktop\article\DLPIF-repo-update\src\baseline_results.pkl::all_scenarios[(""mice"", ""netblock30d"")]"
MICE,netblock30d,deterministic,2864,17155,2023-02-09,0.10000000235158951,0.4560000127181411,1,"C:\Users\yasemin.bozkurt\Desktop\article\DLPIF-repo-update\src\baseline_results.pkl::all_scenarios[(""mice"", ""netblock30d"")]"
MICE,netblock30d,deterministic,2865,17704,2023-02-09,0.0,0.4560000127181411,1,"C:\Users\yasemin.bozkurt\Desktop\article\DLPIF-repo-update\src\baseline_results.pkl::all_scenarios[(""mice"", ""netblock30d"")]"
MICE,netblock30d,deterministic,2866,17748,2023-02-09,0.600000030733645,0.4560000127181411,1,"C:\Users\yasemin.bozkurt\Desktop\article\DLPIF-repo-update\src\baseline_results.pkl::all_scenarios[(""mice"", ""netblock30d"")]"
MICE,netblock30d,deterministic,2867,17750,2023-02-09,0.0,0.4560000127181411,1,"C:\Users\yasemin.bozkurt\Desktop\article\DLPIF-repo-update\src\baseline_results.pkl::all_scenarios[(""mice"", ""netblock30d"")]"
MICE,netblock30d,deterministic,2868,17155,2023-02-10,0.0,0.4560000127181411,1,"C:\Users\yasemin.bozkurt\Desktop\article\DLPIF-repo-update\src\baseline_results.pkl::all_scenarios[(""mice"", ""netblock30d"")]"
MICE,netblock30d,deterministic,2869,17704,2023-02-10,0.0,0.4560000127181411,1,"C:\Users\yasemin.bozkurt\Desktop\article\DLPIF-repo-update\src\baseline_results.pkl::all_scenarios[(""mice"", ""netblock30d"")]"
MICE,netblock30d,deterministic,2870,17748,2023-02-10,0.20000000470317902,0.4560000127181411,1,"C:\Users\yasemin.bozkurt\Desktop\article\DLPIF-repo-update\src\baseline_results.pkl::all_scenarios[(""mice"", ""netblock30d"")]"
MICE,netblock30d,deterministic,2871,17750,2023-02-10,0.0,0.4560000127181411,1,"C:\Users\yasemin.bozkurt\Desktop\article\DLPIF-repo-update\src\baseline_results.pkl::all_scenarios[(""mice"", ""netblock30d"")]"
MICE,netblock30d,deterministic,2872,17155,2023-02-11,0.0,0.4560000127181411,1,"C:\Users\yasemin.bozkurt\Desktop\article\DLPIF-repo-update\src\baseline_results.pkl::all_scenarios[(""mice"", ""netblock30d"")]"
MICE,netblock30d,deterministic,2873,17704,2023-02-11,0.0,0.4560000127181411,1,"C:\Users\yasemin.bozkurt\Desktop\article\DLPIF-repo-update\src\baseline_results.pkl::all_scenarios[(""mice"", ""netblock30d"")]"
MICE,netblock30d,deterministic,2874,17748,2023-02-11,0.0,0.4560000127181411,1,"C:\Users\yasemin.bozkurt\Desktop\article\DLPIF-repo-update\src\baseline_results.pkl::all_scenarios[(""mice"", ""netblock30d"")]"
MICE,netblock30d,deterministic,2875,17750,2023-02-11,0.0,0.4560000127181411,1,"C:\Users\yasemin.bozkurt\Desktop\article\DLPIF-repo-update\src\baseline_results.pkl::all_scenarios[(""mice"", ""netblock30d"")]"
MICE,netblock30d,deterministic,2876,17155,2023-02-12,0.0,0.4560000127181411,1,"C:\Users\yasemin.bozkurt\Desktop\article\DLPIF-repo-update\src\baseline_results.pkl::all_scenarios[(""mice"", ""netblock30d"")]"
MICE,netblock30d,deterministic,2877,17704,2023-02-12,0.0,0.4560000127181411,1,"C:\Users\yasemin.bozkurt\Desktop\article\DLPIF-repo-update\src\baseline_results.pkl::all_scenarios[(""mice"", ""netblock30d"")]"
MICE,netblock30d,deterministic,2878,17748,2023-02-12,0.0,0.4560000127181411,1,"C:\Users\yasemin.bozkurt\Desktop\article\DLPIF-repo-update\src\baseline_results.pkl::all_scenarios[(""mice"", ""netblock30d"")]"
MICE,netblock30d,deterministic,2879,17750,2023-02-12,0.0,0.4560000127181411,1,"C:\Users\yasemin.bozkurt\Desktop\article\DLPIF-repo-update\src\baseline_results.pkl::all_scenarios[(""mice"", ""netblock30d"")]"
MICE,netblock30d,deterministic,2880,17155,2023-02-13,0.0,0.4560000127181411,1,"C:\Users\yasemin.bozkurt\Desktop\article\DLPIF-repo-update\src\baseline_results.pkl::all_scenarios[(""mice"", ""netblock30d"")]"
MICE,netblock30d,deterministic,2881,17704,2023-02-13,0.0,0.4560000127181411,1,"C:\Users\yasemin.bozkurt\Desktop\article\DLPIF-repo-update\src\baseline_results.pkl::all_scenarios[(""mice"", ""netblock30d"")]"
MICE,netblock30d,deterministic,2882,17748,2023-02-13,0.0,0.4560000127181411,1,"C:\Users\yasemin.bozkurt\Desktop\article\DLPIF-repo-update\src\baseline_results.pkl::all_scenarios[(""mice"", ""netblock30d"")]"
MICE,netblock30d,deterministic,2883,17750,2023-02-13,0.0,0.4560000127181411,1,"C:\Users\yasemin.bozkurt\Desktop\article\DLPIF-repo-update\src\baseline_results.pkl::all_scenarios[(""mice"", ""netblock30d"")]"
MICE,netblock30d,deterministic,2884,17155,2023-02-14,0.0,0.4560000127181411,1,"C:\Users\yasemin.bozkurt\Desktop\article\DLPIF-repo-update\src\baseline_results.pkl::all_scenarios[(""mice"", ""netblock30d"")]"
MICE,netblock30d,deterministic,2885,17704,2023-02-14,0.0,0.4560000127181411,1,"C:\Users\yasemin.bozkurt\Desktop\article\DLPIF-repo-update\src\baseline_results.pkl::all_scenarios[(""mice"", ""netblock30d"")]"
MICE,netblock30d,deterministic,2886,17748,2023-02-14,0.0,0.4560000127181411,1,"C:\Users\yasemin.bozkurt\Desktop\article\DLPIF-repo-update\src\baseline_results.pkl::all_scenarios[(""mice"", ""netblock30d"")]"
MICE,netblock30d,deterministic,2887,17750,2023-02-14,0.0,0.4560000127181411,1,"C:\Users\yasemin.bozkurt\Desktop\article\DLPIF-repo-update\src\baseline_results.pkl::all_scenarios[(""mice"", ""netblock30d"")]"
MICE,netblock30d,deterministic,2888,17155,2023-02-15,0.0,0.4560000127181411,1,"C:\Users\yasemin.bozkurt\Desktop\article\DLPIF-repo-update\src\baseline_results.pkl::all_scenarios[(""mice"", ""netblock30d"")]"
MICE,netblock30d,deterministic,2889,17704,2023-02-15,0.0,0.4560000127181411,1,"C:\Users\yasemin.bozkurt\Desktop\article\DLPIF-repo-update\src\baseline_results.pkl::all_scenarios[(""mice"", ""netblock30d"")]"
MICE,netblock30d,deterministic,2890,17748,2023-02-15,0.0,0.4560000127181411,1,"C:\Users\yasemin.bozkurt\Desktop\article\DLPIF-repo-update\src\baseline_results.pkl::all_scenarios[(""mice"", ""netblock30d"")]"
MICE,netblock30d,deterministic,2891,17750,2023-02-15,0.0,0.4560000127181411,1,"C:\Users\yasemin.bozkurt\Desktop\article\DLPIF-repo-update\src\baseline_results.pkl::all_scenarios[(""mice"", ""netblock30d"")]"
MICE,netblock30d,deterministic,2892,17155,2023-02-16,0.0,0.4560000127181411,1,"C:\Users\yasemin.bozkurt\Desktop\article\DLPIF-repo-update\src\baseline_results.pkl::all_scenarios[(""mice"", ""netblock30d"")]"
MICE,netblock30d,deterministic,2893,17704,2023-02-16,0.0,0.4560000127181411,1,"C:\Users\yasemin.bozkurt\Desktop\article\DLPIF-repo-update\src\baseline_results.pkl::all_scenarios[(""mice"", ""netblock30d"")]"
MICE,netblock30d,deterministic,2894,17748,2023-02-16,0.0,0.4560000127181411,1,"C:\Users\yasemin.bozkurt\Desktop\article\DLPIF-repo-update\src\baseline_results.pkl::all_scenarios[(""mice"", ""netblock30d"")]"
MICE,netblock30d,deterministic,2895,17750,2023-02-16,0.0,0.4560000127181411,1,"C:\Users\yasemin.bozkurt\Desktop\article\DLPIF-repo-update\src\baseline_results.pkl::all_scenarios[(""mice"", ""netblock30d"")]"
MICE,netblock30d,deterministic,2896,17155,2023-02-17,0.0,0.4560000127181411,1,"C:\Users\yasemin.bozkurt\Desktop\article\DLPIF-repo-update\src\baseline_results.pkl::all_scenarios[(""mice"", ""netblock30d"")]"
MICE,netblock30d,deterministic,2897,17704,2023-02-17,0.0,0.4560000127181411,1,"C:\Users\yasemin.bozkurt\Desktop\article\DLPIF-repo-update\src\baseline_results.pkl::all_scenarios[(""mice"", ""netblock30d"")]"
MICE,netblock30d,deterministic,2898,17748,2023-02-17,0.0,0.4560000127181411,1,"C:\Users\yasemin.bozkurt\Desktop\article\DLPIF-repo-update\src\baseline_results.pkl::all_scenarios[(""mice"", ""netblock30d"")]"
MICE,netblock30d,deterministic,2899,17750,2023-02-17,0.0,0.4560000127181411,1,"C:\Users\yasemin.bozkurt\Desktop\article\DLPIF-repo-update\src\baseline_results.pkl::all_scenarios[(""mice"", ""netblock30d"")]"
MICE,netblock30d,deterministic,2900,17155,2023-02-18,0.0,0.4560000127181411,1,"C:\Users\yasemin.bozkurt\Desktop\article\DLPIF-repo-update\src\baseline_results.pkl::all_scenarios[(""mice"", ""netblock30d"")]"
MICE,netblock30d,deterministic,2901,17704,2023-02-18,0.0,0.4560000127181411,1,"C:\Users\yasemin.bozkurt\Desktop\article\DLPIF-repo-update\src\baseline_results.pkl::all_scenarios[(""mice"", ""netblock30d"")]"
MICE,netblock30d,deterministic,2902,17748,2023-02-18,0.0,0.4560000127181411,1,"C:\Users\yasemin.bozkurt\Desktop\article\DLPIF-repo-update\src\baseline_results.pkl::all_scenarios[(""mice"", ""netblock30d"")]"
MICE,netblock30d,deterministic,2903,17750,2023-02-18,0.0,0.4560000127181411,1,"C:\Users\yasemin.bozkurt\Desktop\article\DLPIF-repo-update\src\baseline_results.pkl::all_scenarios[(""mice"", ""netblock30d"")]"
MICE,netblock30d,deterministic,2904,17155,2023-02-19,0.0,0.4560000127181411,1,"C:\Users\yasemin.bozkurt\Desktop\article\DLPIF-repo-update\src\baseline_results.pkl::all_scenarios[(""mice"", ""netblock30d"")]"
MICE,netblock30d,deterministic,2905,17704,2023-02-19,0.0,0.4560000127181411,1,"C:\Users\yasemin.bozkurt\Desktop\article\DLPIF-repo-update\src\baseline_results.pkl::all_scenarios[(""mice"", ""netblock30d"")]"
MICE,netblock30d,deterministic,2906,17748,2023-02-19,0.0,0.4560000127181411,1,"C:\Users\yasemin.bozkurt\Desktop\article\DLPIF-repo-update\src\baseline_results.pkl::all_scenarios[(""mice"", ""netblock30d"")]"
MICE,netblock30d,deterministic,2907,17750,2023-02-19,0.0,0.4560000127181411,1,"C:\Users\yasemin.bozkurt\Desktop\article\DLPIF-repo-update\src\baseline_results.pkl::all_scenarios[(""mice"", ""netblock30d"")]"
MICE,netblock30d,deterministic,2908,17155,2023-02-20,0.0,0.4560000127181411,1,"C:\Users\yasemin.bozkurt\Desktop\article\DLPIF-repo-update\src\baseline_results.pkl::all_scenarios[(""mice"", ""netblock30d"")]"
MICE,netblock30d,deterministic,2909,17704,2023-02-20,0.0,0.4560000127181411,1,"C:\Users\yasemin.bozkurt\Desktop\article\DLPIF-repo-update\src\baseline_results.pkl::all_scenarios[(""mice"", ""netblock30d"")]"
MICE,netblock30d,deterministic,2910,17748,2023-02-20,0.0,0.4560000127181411,1,"C:\Users\yasemin.bozkurt\Desktop\article\DLPIF-repo-update\src\baseline_results.pkl::all_scenarios[(""mice"", ""netblock30d"")]"
MICE,netblock30d,deterministic,2911,17750,2023-02-20,0.0,0.4560000127181411,1,"C:\Users\yasemin.bozkurt\Desktop\article\DLPIF-repo-update\src\baseline_results.pkl::all_scenarios[(""mice"", ""netblock30d"")]"
MICE,netblock30d,deterministic,2912,17155,2023-02-21,2.40000012293458,0.4560000127181411,1,"C:\Users\yasemin.bozkurt\Desktop\article\DLPIF-repo-update\src\baseline_results.pkl::all_scenarios[(""mice"", ""netblock30d"")]"
MICE,netblock30d,deterministic,2913,17704,2023-02-21,0.20000000470317902,0.4560000127181411,1,"C:\Users\yasemin.bozkurt\Desktop\article\DLPIF-repo-update\src\baseline_results.pkl::all_scenarios[(""mice"", ""netblock30d"")]"
MICE,netblock30d,deterministic,2914,17748,2023-02-21,0.20000000470317902,0.4560000127181411,1,"C:\Users\yasemin.bozkurt\Desktop\article\DLPIF-repo-update\src\baseline_results.pkl::all_scenarios[(""mice"", ""netblock30d"")]"
MICE,netblock30d,deterministic,2915,17750,2023-02-21,0.0,0.4560000127181411,1,"C:\Users\yasemin.bozkurt\Desktop\article\DLPIF-repo-update\src\baseline_results.pkl::all_scenarios[(""mice"", ""netblock30d"")]"
MICE,netblock30d,deterministic,2916,17155,2023-02-22,0.0,0.4560000127181411,1,"C:\Users\yasemin.bozkurt\Desktop\article\DLPIF-repo-update\src\baseline_results.pkl::all_scenarios[(""mice"", ""netblock30d"")]"
MICE,netblock30d,deterministic,2917,17704,2023-02-22,0.0,0.4560000127181411,1,"C:\Users\yasemin.bozkurt\Desktop\article\DLPIF-repo-update\src\baseline_results.pkl::all_scenarios[(""mice"", ""netblock30d"")]"
MICE,netblock30d,deterministic,2918,17748,2023-02-22,0.20000000470317902,0.4560000127181411,1,"C:\Users\yasemin.bozkurt\Desktop\article\DLPIF-repo-update\src\baseline_results.pkl::all_scenarios[(""mice"", ""netblock30d"")]"
MICE,netblock30d,deterministic,2919,17750,2023-02-22,0.20000000470317902,0.4560000127181411,1,"C:\Users\yasemin.bozkurt\Desktop\article\DLPIF-repo-update\src\baseline_results.pkl::all_scenarios[(""mice"", ""netblock30d"")]"
MICE,netblock30d,deterministic,2920,17155,2023-02-23,0.0,0.4560000127181411,1,"C:\Users\yasemin.bozkurt\Desktop\article\DLPIF-repo-update\src\baseline_results.pkl::all_scenarios[(""mice"", ""netblock30d"")]"
MICE,netblock30d,deterministic,2921,17704,2023-02-23,0.0,0.4560000127181411,1,"C:\Users\yasemin.bozkurt\Desktop\article\DLPIF-repo-update\src\baseline_results.pkl::all_scenarios[(""mice"", ""netblock30d"")]"
MICE,netblock30d,deterministic,2922,17748,2023-02-23,0.0,0.4560000127181411,1,"C:\Users\yasemin.bozkurt\Desktop\article\DLPIF-repo-update\src\baseline_results.pkl::all_scenarios[(""mice"", ""netblock30d"")]"
MICE,netblock30d,deterministic,2923,17750,2023-02-23,0.0,0.4560000127181411,1,"C:\Users\yasemin.bozkurt\Desktop\article\DLPIF-repo-update\src\baseline_results.pkl::all_scenarios[(""mice"", ""netblock30d"")]"
MICE,netblock30d,deterministic,2924,17155,2023-02-24,0.0,0.4560000127181411,1,"C:\Users\yasemin.bozkurt\Desktop\article\DLPIF-repo-update\src\baseline_results.pkl::all_scenarios[(""mice"", ""netblock30d"")]"
MICE,netblock30d,deterministic,2925,17704,2023-02-24,0.0,0.4560000127181411,1,"C:\Users\yasemin.bozkurt\Desktop\article\DLPIF-repo-update\src\baseline_results.pkl::all_scenarios[(""mice"", ""netblock30d"")]"
MICE,netblock30d,deterministic,2926,17748,2023-02-24,0.0,0.4560000127181411,1,"C:\Users\yasemin.bozkurt\Desktop\article\DLPIF-repo-update\src\baseline_results.pkl::all_scenarios[(""mice"", ""netblock30d"")]"
MICE,netblock30d,deterministic,2927,17750,2023-02-24,0.0,0.4560000127181411,1,"C:\Users\yasemin.bozkurt\Desktop\article\DLPIF-repo-update\src\baseline_results.pkl::all_scenarios[(""mice"", ""netblock30d"")]"
MICE,netblock30d,deterministic,2928,17155,2023-02-25,0.0,0.4560000127181411,1,"C:\Users\yasemin.bozkurt\Desktop\article\DLPIF-repo-update\src\baseline_results.pkl::all_scenarios[(""mice"", ""netblock30d"")]"
MICE,netblock30d,deterministic,2929,17704,2023-02-25,0.0,0.4560000127181411,1,"C:\Users\yasemin.bozkurt\Desktop\article\DLPIF-repo-update\src\baseline_results.pkl::all_scenarios[(""mice"", ""netblock30d"")]"
MICE,netblock30d,deterministic,2930,17748,2023-02-25,0.0,0.4560000127181411,1,"C:\Users\yasemin.bozkurt\Desktop\article\DLPIF-repo-update\src\baseline_results.pkl::all_scenarios[(""mice"", ""netblock30d"")]"
MICE,netblock30d,deterministic,2931,17750,2023-02-25,0.0,0.4560000127181411,1,"C:\Users\yasemin.bozkurt\Desktop\article\DLPIF-repo-update\src\baseline_results.pkl::all_scenarios[(""mice"", ""netblock30d"")]"
MICE,netblock30d,deterministic,2932,17155,2023-02-26,0.0,0.4560000127181411,1,"C:\Users\yasemin.bozkurt\Desktop\article\DLPIF-repo-update\src\baseline_results.pkl::all_scenarios[(""mice"", ""netblock30d"")]"
MICE,netblock30d,deterministic,2933,17704,2023-02-26,0.0,0.4560000127181411,1,"C:\Users\yasemin.bozkurt\Desktop\article\DLPIF-repo-update\src\baseline_results.pkl::all_scenarios[(""mice"", ""netblock30d"")]"
MICE,netblock30d,deterministic,2934,17748,2023-02-26,0.0,0.4560000127181411,1,"C:\Users\yasemin.bozkurt\Desktop\article\DLPIF-repo-update\src\baseline_results.pkl::all_scenarios[(""mice"", ""netblock30d"")]"
MICE,netblock30d,deterministic,2935,17750,2023-02-26,0.0,0.4560000127181411,1,"C:\Users\yasemin.bozkurt\Desktop\article\DLPIF-repo-update\src\baseline_results.pkl::all_scenarios[(""mice"", ""netblock30d"")]"
MICE,netblock30d,deterministic,2936,17155,2023-02-27,0.0,0.4560000127181411,1,"C:\Users\yasemin.bozkurt\Desktop\article\DLPIF-repo-update\src\baseline_results.pkl::all_scenarios[(""mice"", ""netblock30d"")]"
MICE,netblock30d,deterministic,2937,17704,2023-02-27,0.0,0.4560000127181411,1,"C:\Users\yasemin.bozkurt\Desktop\article\DLPIF-repo-update\src\baseline_results.pkl::all_scenarios[(""mice"", ""netblock30d"")]"
MICE,netblock30d,deterministic,2938,17748,2023-02-27,0.0,0.4560000127181411,1,"C:\Users\yasemin.bozkurt\Desktop\article\DLPIF-repo-update\src\baseline_results.pkl::all_scenarios[(""mice"", ""netblock30d"")]"
MICE,netblock30d,deterministic,2939,17750,2023-02-27,0.0,0.4560000127181411,1,"C:\Users\yasemin.bozkurt\Desktop\article\DLPIF-repo-update\src\baseline_results.pkl::all_scenarios[(""mice"", ""netblock30d"")]"
MICE,netblock30d,deterministic,2940,17155,2023-02-28,0.0,0.4560000127181411,1,"C:\Users\yasemin.bozkurt\Desktop\article\DLPIF-repo-update\src\baseline_results.pkl::all_scenarios[(""mice"", ""netblock30d"")]"
MICE,netblock30d,deterministic,2941,17704,2023-02-28,0.0,0.4560000127181411,1,"C:\Users\yasemin.bozkurt\Desktop\article\DLPIF-repo-update\src\baseline_results.pkl::all_scenarios[(""mice"", ""netblock30d"")]"
MICE,netblock30d,deterministic,2942,17748,2023-02-28,0.0,0.4560000127181411,1,"C:\Users\yasemin.bozkurt\Desktop\article\DLPIF-repo-update\src\baseline_results.pkl::all_scenarios[(""mice"", ""netblock30d"")]"
MICE,netblock30d,deterministic,2943,17750,2023-02-28,0.0,0.4560000127181411,1,"C:\Users\yasemin.bozkurt\Desktop\article\DLPIF-repo-update\src\baseline_results.pkl::all_scenarios[(""mice"", ""netblock30d"")]"
MICE,netblock30d,deterministic,2944,17155,2023-03-01,0.0,0.4560000127181411,1,"C:\Users\yasemin.bozkurt\Desktop\article\DLPIF-repo-update\src\baseline_results.pkl::all_scenarios[(""mice"", ""netblock30d"")]"
MICE,netblock30d,deterministic,2945,17704,2023-03-01,0.0,0.4560000127181411,1,"C:\Users\yasemin.bozkurt\Desktop\article\DLPIF-repo-update\src\baseline_results.pkl::all_scenarios[(""mice"", ""netblock30d"")]"
MICE,netblock30d,deterministic,2946,17748,2023-03-01,0.0,0.4560000127181411,1,"C:\Users\yasemin.bozkurt\Desktop\article\DLPIF-repo-update\src\baseline_results.pkl::all_scenarios[(""mice"", ""netblock30d"")]"
MICE,netblock30d,deterministic,2947,17750,2023-03-01,0.0,0.4560000127181411,1,"C:\Users\yasemin.bozkurt\Desktop\article\DLPIF-repo-update\src\baseline_results.pkl::all_scenarios[(""mice"", ""netblock30d"")]"
MICE,netblock30d,deterministic,2948,17155,2023-03-02,0.0,0.4560000127181411,1,"C:\Users\yasemin.bozkurt\Desktop\article\DLPIF-repo-update\src\baseline_results.pkl::all_scenarios[(""mice"", ""netblock30d"")]"
MICE,netblock30d,deterministic,2949,17704,2023-03-02,0.0,0.4560000127181411,1,"C:\Users\yasemin.bozkurt\Desktop\article\DLPIF-repo-update\src\baseline_results.pkl::all_scenarios[(""mice"", ""netblock30d"")]"
MICE,netblock30d,deterministic,2950,17748,2023-03-02,0.0,0.4560000127181411,1,"C:\Users\yasemin.bozkurt\Desktop\article\DLPIF-repo-update\src\baseline_results.pkl::all_scenarios[(""mice"", ""netblock30d"")]"
MICE,netblock30d,deterministic,2951,17750,2023-03-02,0.0,0.4560000127181411,1,"C:\Users\yasemin.bozkurt\Desktop\article\DLPIF-repo-update\src\baseline_results.pkl::all_scenarios[(""mice"", ""netblock30d"")]"
MICE,netblock30d,deterministic,2952,17155,2023-03-03,0.0,0.4560000127181411,1,"C:\Users\yasemin.bozkurt\Desktop\article\DLPIF-repo-update\src\baseline_results.pkl::all_scenarios[(""mice"", ""netblock30d"")]"
MICE,netblock30d,deterministic,2953,17704,2023-03-03,0.20000000470317902,0.4560000127181411,1,"C:\Users\yasemin.bozkurt\Desktop\article\DLPIF-repo-update\src\baseline_results.pkl::all_scenarios[(""mice"", ""netblock30d"")]"
MICE,netblock30d,deterministic,2954,17748,2023-03-03,0.0,0.4560000127181411,1,"C:\Users\yasemin.bozkurt\Desktop\article\DLPIF-repo-update\src\baseline_results.pkl::all_scenarios[(""mice"", ""netblock30d"")]"
MICE,netblock30d,deterministic,2955,17750,2023-03-03,0.0,0.4560000127181411,1,"C:\Users\yasemin.bozkurt\Desktop\article\DLPIF-repo-update\src\baseline_results.pkl::all_scenarios[(""mice"", ""netblock30d"")]"
MICE,netblock30d,deterministic,2956,17155,2023-03-04,0.0,0.4560000127181411,1,"C:\Users\yasemin.bozkurt\Desktop\article\DLPIF-repo-update\src\baseline_results.pkl::all_scenarios[(""mice"", ""netblock30d"")]"
MICE,netblock30d,deterministic,2957,17704,2023-03-04,0.0,0.4560000127181411,1,"C:\Users\yasemin.bozkurt\Desktop\article\DLPIF-repo-update\src\baseline_results.pkl::all_scenarios[(""mice"", ""netblock30d"")]"
MICE,netblock30d,deterministic,2958,17748,2023-03-04,0.0,0.4560000127181411,1,"C:\Users\yasemin.bozkurt\Desktop\article\DLPIF-repo-update\src\baseline_results.pkl::all_scenarios[(""mice"", ""netblock30d"")]"
MICE,netblock30d,deterministic,2959,17750,2023-03-04,0.20000000470317902,0.4560000127181411,1,"C:\Users\yasemin.bozkurt\Desktop\article\DLPIF-repo-update\src\baseline_results.pkl::all_scenarios[(""mice"", ""netblock30d"")]"
MICE,netblock30d,deterministic,2960,17155,2023-03-05,2.6000001110136512,0.4560000127181411,1,"C:\Users\yasemin.bozkurt\Desktop\article\DLPIF-repo-update\src\baseline_results.pkl::all_scenarios[(""mice"", ""netblock30d"")]"
MICE,netblock30d,deterministic,2961,17704,2023-03-05,0.0,0.4560000127181411,1,"C:\Users\yasemin.bozkurt\Desktop\article\DLPIF-repo-update\src\baseline_results.pkl::all_scenarios[(""mice"", ""netblock30d"")]"
MICE,netblock30d,deterministic,2962,17748,2023-03-05,0.600000030733645,0.4560000127181411,1,"C:\Users\yasemin.bozkurt\Desktop\article\DLPIF-repo-update\src\baseline_results.pkl::all_scenarios[(""mice"", ""netblock30d"")]"
MICE,netblock30d,deterministic,2963,17750,2023-03-05,2.40000012293458,0.4560000127181411,1,"C:\Users\yasemin.bozkurt\Desktop\article\DLPIF-repo-update\src\baseline_results.pkl::all_scenarios[(""mice"", ""netblock30d"")]"
MICE,netblock30d,deterministic,2964,17155,2023-03-06,7.3000000968575485,0.4560000127181411,1,"C:\Users\yasemin.bozkurt\Desktop\article\DLPIF-repo-update\src\baseline_results.pkl::all_scenarios[(""mice"", ""netblock30d"")]"
MICE,netblock30d,deterministic,2965,17704,2023-03-06,0.0,0.4560000127181411,1,"C:\Users\yasemin.bozkurt\Desktop\article\DLPIF-repo-update\src\baseline_results.pkl::all_scenarios[(""mice"", ""netblock30d"")]"
MICE,netblock30d,deterministic,2966,17748,2023-03-06,10.800000420212747,0.4560000127181411,1,"C:\Users\yasemin.bozkurt\Desktop\article\DLPIF-repo-update\src\baseline_results.pkl::all_scenarios[(""mice"", ""netblock30d"")]"
MICE,netblock30d,deterministic,2967,17750,2023-03-06,15.800000122189523,0.4560000127181411,1,"C:\Users\yasemin.bozkurt\Desktop\article\DLPIF-repo-update\src\baseline_results.pkl::all_scenarios[(""mice"", ""netblock30d"")]"
MICE,netblock30d,deterministic,2968,17155,2023-03-07,0.10000000235158951,0.4560000127181411,1,"C:\Users\yasemin.bozkurt\Desktop\article\DLPIF-repo-update\src\baseline_results.pkl::all_scenarios[(""mice"", ""netblock30d"")]"
MICE,netblock30d,deterministic,2969,17704,2023-03-07,0.0,0.4560000127181411,1,"C:\Users\yasemin.bozkurt\Desktop\article\DLPIF-repo-update\src\baseline_results.pkl::all_scenarios[(""mice"", ""netblock30d"")]"
MICE,netblock30d,deterministic,2970,17748,2023-03-07,0.0,0.4560000127181411,1,"C:\Users\yasemin.bozkurt\Desktop\article\DLPIF-repo-update\src\baseline_results.pkl::all_scenarios[(""mice"", ""netblock30d"")]"
MICE,netblock30d,deterministic,2971,17750,2023-03-07,0.20000000470317902,0.4560000127181411,1,"C:\Users\yasemin.bozkurt\Desktop\article\DLPIF-repo-update\src\baseline_results.pkl::all_scenarios[(""mice"", ""netblock30d"")]"
MICE,netblock30d,deterministic,2972,17155,2023-03-08,0.0,0.4560000127181411,1,"C:\Users\yasemin.bozkurt\Desktop\article\DLPIF-repo-update\src\baseline_results.pkl::all_scenarios[(""mice"", ""netblock30d"")]"
MICE,netblock30d,deterministic,2973,17704,2023-03-08,0.0,0.4560000127181411,1,"C:\Users\yasemin.bozkurt\Desktop\article\DLPIF-repo-update\src\baseline_results.pkl::all_scenarios[(""mice"", ""netblock30d"")]"
MICE,netblock30d,deterministic,2974,17748,2023-03-08,0.0,0.4560000127181411,1,"C:\Users\yasemin.bozkurt\Desktop\article\DLPIF-repo-update\src\baseline_results.pkl::all_scenarios[(""mice"", ""netblock30d"")]"
MICE,netblock30d,deterministic,2975,17750,2023-03-08,0.0,0.4560000127181411,1,"C:\Users\yasemin.bozkurt\Desktop\article\DLPIF-repo-update\src\baseline_results.pkl::all_scenarios[(""mice"", ""netblock30d"")]"
MICE,netblock30d,deterministic,2996,17155,2023-03-14,0.0,0.4560000127181411,1,"C:\Users\yasemin.bozkurt\Desktop\article\DLPIF-repo-update\src\baseline_results.pkl::all_scenarios[(""mice"", ""netblock30d"")]"
MICE,netblock30d,deterministic,2997,17704,2023-03-14,0.0,0.4560000127181411,1,"C:\Users\yasemin.bozkurt\Desktop\article\DLPIF-repo-update\src\baseline_results.pkl::all_scenarios[(""mice"", ""netblock30d"")]"
MICE,netblock30d,deterministic,2998,17748,2023-03-14,0.0,0.4560000127181411,1,"C:\Users\yasemin.bozkurt\Desktop\article\DLPIF-repo-update\src\baseline_results.pkl::all_scenarios[(""mice"", ""netblock30d"")]"
MICE,netblock30d,deterministic,2999,17750,2023-03-14,0.0,0.4560000127181411,1,"C:\Users\yasemin.bozkurt\Desktop\article\DLPIF-repo-update\src\baseline_results.pkl::all_scenarios[(""mice"", ""netblock30d"")]"
MICE,netblock30d,deterministic,3000,17155,2023-03-15,0.0,0.4560000127181411,1,"C:\Users\yasemin.bozkurt\Desktop\article\DLPIF-repo-update\src\baseline_results.pkl::all_scenarios[(""mice"", ""netblock30d"")]"
MICE,netblock30d,deterministic,3001,17704,2023-03-15,0.0,0.4560000127181411,1,"C:\Users\yasemin.bozkurt\Desktop\article\DLPIF-repo-update\src\baseline_results.pkl::all_scenarios[(""mice"", ""netblock30d"")]"
MICE,netblock30d,deterministic,3002,17748,2023-03-15,0.0,0.4560000127181411,1,"C:\Users\yasemin.bozkurt\Desktop\article\DLPIF-repo-update\src\baseline_results.pkl::all_scenarios[(""mice"", ""netblock30d"")]"
MICE,netblock30d,deterministic,3003,17750,2023-03-15,0.20000000470317902,0.4560000127181411,1,"C:\Users\yasemin.bozkurt\Desktop\article\DLPIF-repo-update\src\baseline_results.pkl::all_scenarios[(""mice"", ""netblock30d"")]"
MICE,netblock30d,deterministic,3004,17155,2023-03-16,0.0,0.4560000127181411,1,"C:\Users\yasemin.bozkurt\Desktop\article\DLPIF-repo-update\src\baseline_results.pkl::all_scenarios[(""mice"", ""netblock30d"")]"
MICE,netblock30d,deterministic,3005,17704,2023-03-16,0.8000000188127161,0.4560000127181411,1,"C:\Users\yasemin.bozkurt\Desktop\article\DLPIF-repo-update\src\baseline_results.pkl::all_scenarios[(""mice"", ""netblock30d"")]"
MICE,netblock30d,deterministic,3006,17748,2023-03-16,0.8000000188127161,0.4560000127181411,1,"C:\Users\yasemin.bozkurt\Desktop\article\DLPIF-repo-update\src\baseline_results.pkl::all_scenarios[(""mice"", ""netblock30d"")]"
MICE,netblock30d,deterministic,3007,17750,2023-03-16,2.8000000990927223,0.4560000127181411,1,"C:\Users\yasemin.bozkurt\Desktop\article\DLPIF-repo-update\src\baseline_results.pkl::all_scenarios[(""mice"", ""netblock30d"")]"
MICE,netblock30d,deterministic,3008,17155,2023-03-17,13.700000247359277,0.4560000127181411,1,"C:\Users\yasemin.bozkurt\Desktop\article\DLPIF-repo-update\src\baseline_results.pkl::all_scenarios[(""mice"", ""netblock30d"")]"
MICE,netblock30d,deterministic,3009,17704,2023-03-17,2.6000001110136512,0.4560000127181411,1,"C:\Users\yasemin.bozkurt\Desktop\article\DLPIF-repo-update\src\baseline_results.pkl::all_scenarios[(""mice"", ""netblock30d"")]"
MICE,netblock30d,deterministic,3010,17748,2023-03-17,2.0000000137835743,0.4560000127181411,1,"C:\Users\yasemin.bozkurt\Desktop\article\DLPIF-repo-update\src\baseline_results.pkl::all_scenarios[(""mice"", ""netblock30d"")]"
MICE,netblock30d,deterministic,3011,17750,2023-03-17,5.0000002339482315,0.4560000127181411,1,"C:\Users\yasemin.bozkurt\Desktop\article\DLPIF-repo-update\src\baseline_results.pkl::all_scenarios[(""mice"", ""netblock30d"")]"
MICE,netblock30d,deterministic,3012,17155,2023-03-18,7.100000108778477,0.4560000127181411,1,"C:\Users\yasemin.bozkurt\Desktop\article\DLPIF-repo-update\src\baseline_results.pkl::all_scenarios[(""mice"", ""netblock30d"")]"
MICE,netblock30d,deterministic,3013,17704,2023-03-18,0.600000030733645,0.4560000127181411,1,"C:\Users\yasemin.bozkurt\Desktop\article\DLPIF-repo-update\src\baseline_results.pkl::all_scenarios[(""mice"", ""netblock30d"")]"
MICE,netblock30d,deterministic,3014,17748,2023-03-18,1.20000006146729,0.4560000127181411,1,"C:\Users\yasemin.bozkurt\Desktop\article\DLPIF-repo-update\src\baseline_results.pkl::all_scenarios[(""mice"", ""netblock30d"")]"
MICE,netblock30d,deterministic,3015,17750,2023-03-18,0.8000000188127161,0.4560000127181411,1,"C:\Users\yasemin.bozkurt\Desktop\article\DLPIF-repo-update\src\baseline_results.pkl::all_scenarios[(""mice"", ""netblock30d"")]"
MICE,netblock30d,deterministic,3016,17155,2023-03-19,0.0,0.4560000127181411,1,"C:\Users\yasemin.bozkurt\Desktop\article\DLPIF-repo-update\src\baseline_results.pkl::all_scenarios[(""mice"", ""netblock30d"")]"
MICE,netblock30d,deterministic,3017,17704,2023-03-19,0.0,0.4560000127181411,1,"C:\Users\yasemin.bozkurt\Desktop\article\DLPIF-repo-update\src\baseline_results.pkl::all_scenarios[(""mice"", ""netblock30d"")]"
MICE,netblock30d,deterministic,3018,17748,2023-03-19,0.0,0.4560000127181411,1,"C:\Users\yasemin.bozkurt\Desktop\article\DLPIF-repo-update\src\baseline_results.pkl::all_scenarios[(""mice"", ""netblock30d"")]"
MICE,netblock30d,deterministic,3019,17750,2023-03-19,0.20000000470317902,0.4560000127181411,1,"C:\Users\yasemin.bozkurt\Desktop\article\DLPIF-repo-update\src\baseline_results.pkl::all_scenarios[(""mice"", ""netblock30d"")]"
MICE,netblock30d,deterministic,3020,17155,2023-03-20,0.7000000247731806,0.4560000127181411,1,"C:\Users\yasemin.bozkurt\Desktop\article\DLPIF-repo-update\src\baseline_results.pkl::all_scenarios[(""mice"", ""netblock30d"")]"
MICE,netblock30d,deterministic,3021,17704,2023-03-20,0.20000000470317902,0.4560000127181411,1,"C:\Users\yasemin.bozkurt\Desktop\article\DLPIF-repo-update\src\baseline_results.pkl::all_scenarios[(""mice"", ""netblock30d"")]"
MICE,netblock30d,deterministic,3022,17748,2023-03-20,0.0,0.4560000127181411,1,"C:\Users\yasemin.bozkurt\Desktop\article\DLPIF-repo-update\src\baseline_results.pkl::all_scenarios[(""mice"", ""netblock30d"")]"
MICE,netblock30d,deterministic,3023,17750,2023-03-20,0.20000000470317902,0.4560000127181411,1,"C:\Users\yasemin.bozkurt\Desktop\article\DLPIF-repo-update\src\baseline_results.pkl::all_scenarios[(""mice"", ""netblock30d"")]"
MICE,netblock30d,deterministic,3024,17155,2023-03-21,0.0,0.4560000127181411,1,"C:\Users\yasemin.bozkurt\Desktop\article\DLPIF-repo-update\src\baseline_results.pkl::all_scenarios[(""mice"", ""netblock30d"")]"
MICE,netblock30d,deterministic,3025,17704,2023-03-21,0.0,0.4560000127181411,1,"C:\Users\yasemin.bozkurt\Desktop\article\DLPIF-repo-update\src\baseline_results.pkl::all_scenarios[(""mice"", ""netblock30d"")]"
MICE,netblock30d,deterministic,3026,17748,2023-03-21,0.0,0.4560000127181411,1,"C:\Users\yasemin.bozkurt\Desktop\article\DLPIF-repo-update\src\baseline_results.pkl::all_scenarios[(""mice"", ""netblock30d"")]"
MICE,netblock30d,deterministic,3027,17750,2023-03-21,0.0,0.4560000127181411,1,"C:\Users\yasemin.bozkurt\Desktop\article\DLPIF-repo-update\src\baseline_results.pkl::all_scenarios[(""mice"", ""netblock30d"")]"
MICE,netblock30d,deterministic,3028,17155,2023-03-22,0.0,0.4560000127181411,1,"C:\Users\yasemin.bozkurt\Desktop\article\DLPIF-repo-update\src\baseline_results.pkl::all_scenarios[(""mice"", ""netblock30d"")]"
MICE,netblock30d,deterministic,3029,17704,2023-03-22,0.0,0.4560000127181411,1,"C:\Users\yasemin.bozkurt\Desktop\article\DLPIF-repo-update\src\baseline_results.pkl::all_scenarios[(""mice"", ""netblock30d"")]"
MICE,netblock30d,deterministic,3030,17748,2023-03-22,0.0,0.4560000127181411,1,"C:\Users\yasemin.bozkurt\Desktop\article\DLPIF-repo-update\src\baseline_results.pkl::all_scenarios[(""mice"", ""netblock30d"")]"
MICE,netblock30d,deterministic,3031,17750,2023-03-22,0.0,0.4560000127181411,1,"C:\Users\yasemin.bozkurt\Desktop\article\DLPIF-repo-update\src\baseline_results.pkl::all_scenarios[(""mice"", ""netblock30d"")]"
MICE,netblock30d,deterministic,3032,17155,2023-03-23,7.100000108778477,0.4560000127181411,1,"C:\Users\yasemin.bozkurt\Desktop\article\DLPIF-repo-update\src\baseline_results.pkl::all_scenarios[(""mice"", ""netblock30d"")]"
MICE,netblock30d,deterministic,3033,17704,2023-03-23,17.20000003874302,0.4560000127181411,1,"C:\Users\yasemin.bozkurt\Desktop\article\DLPIF-repo-update\src\baseline_results.pkl::all_scenarios[(""mice"", ""netblock30d"")]"
MICE,netblock30d,deterministic,3034,17748,2023-03-23,6.000000174343587,0.4560000127181411,1,"C:\Users\yasemin.bozkurt\Desktop\article\DLPIF-repo-update\src\baseline_results.pkl::all_scenarios[(""mice"", ""netblock30d"")]"
MICE,netblock30d,deterministic,3035,17750,2023-03-23,6.6000001385808,0.4560000127181411,1,"C:\Users\yasemin.bozkurt\Desktop\article\DLPIF-repo-update\src\baseline_results.pkl::all_scenarios[(""mice"", ""netblock30d"")]"
MICE,netblock30d,deterministic,3036,17155,2023-03-24,0.40000000940635805,0.4560000127181411,1,"C:\Users\yasemin.bozkurt\Desktop\article\DLPIF-repo-update\src\baseline_results.pkl::all_scenarios[(""mice"", ""netblock30d"")]"
MICE,netblock30d,deterministic,3037,17704,2023-03-24,0.40000000940635805,0.4560000127181411,1,"C:\Users\yasemin.bozkurt\Desktop\article\DLPIF-repo-update\src\baseline_results.pkl::all_scenarios[(""mice"", ""netblock30d"")]"
MICE,netblock30d,deterministic,3038,17748,2023-03-24,0.0,0.4560000127181411,1,"C:\Users\yasemin.bozkurt\Desktop\article\DLPIF-repo-update\src\baseline_results.pkl::all_scenarios[(""mice"", ""netblock30d"")]"
MICE,netblock30d,deterministic,3039,17750,2023-03-24,0.0,0.4560000127181411,1,"C:\Users\yasemin.bozkurt\Desktop\article\DLPIF-repo-update\src\baseline_results.pkl::all_scenarios[(""mice"", ""netblock30d"")]"
MICE,netblock30d,deterministic,3040,17155,2023-03-25,0.0,0.4560000127181411,1,"C:\Users\yasemin.bozkurt\Desktop\article\DLPIF-repo-update\src\baseline_results.pkl::all_scenarios[(""mice"", ""netblock30d"")]"
MICE,netblock30d,deterministic,3041,17704,2023-03-25,0.0,0.4560000127181411,1,"C:\Users\yasemin.bozkurt\Desktop\article\DLPIF-repo-update\src\baseline_results.pkl::all_scenarios[(""mice"", ""netblock30d"")]"
MICE,netblock30d,deterministic,3042,17748,2023-03-25,0.20000000470317902,0.4560000127181411,1,"C:\Users\yasemin.bozkurt\Desktop\article\DLPIF-repo-update\src\baseline_results.pkl::all_scenarios[(""mice"", ""netblock30d"")]"
MICE,netblock30d,deterministic,3043,17750,2023-03-25,0.0,0.4560000127181411,1,"C:\Users\yasemin.bozkurt\Desktop\article\DLPIF-repo-update\src\baseline_results.pkl::all_scenarios[(""mice"", ""netblock30d"")]"
MICE,netblock30d,deterministic,3044,17155,2023-03-26,0.0,0.4560000127181411,1,"C:\Users\yasemin.bozkurt\Desktop\article\DLPIF-repo-update\src\baseline_results.pkl::all_scenarios[(""mice"", ""netblock30d"")]"
MICE,netblock30d,deterministic,3045,17704,2023-03-26,0.0,0.4560000127181411,1,"C:\Users\yasemin.bozkurt\Desktop\article\DLPIF-repo-update\src\baseline_results.pkl::all_scenarios[(""mice"", ""netblock30d"")]"
MICE,netblock30d,deterministic,3046,17748,2023-03-26,0.0,0.4560000127181411,1,"C:\Users\yasemin.bozkurt\Desktop\article\DLPIF-repo-update\src\baseline_results.pkl::all_scenarios[(""mice"", ""netblock30d"")]"
MICE,netblock30d,deterministic,3047,17750,2023-03-26,0.0,0.4560000127181411,1,"C:\Users\yasemin.bozkurt\Desktop\article\DLPIF-repo-update\src\baseline_results.pkl::all_scenarios[(""mice"", ""netblock30d"")]"
MICE,netblock30d,deterministic,3048,17155,2023-03-27,0.0,0.4560000127181411,1,"C:\Users\yasemin.bozkurt\Desktop\article\DLPIF-repo-update\src\baseline_results.pkl::all_scenarios[(""mice"", ""netblock30d"")]"
MICE,netblock30d,deterministic,3049,17704,2023-03-27,0.0,0.4560000127181411,1,"C:\Users\yasemin.bozkurt\Desktop\article\DLPIF-repo-update\src\baseline_results.pkl::all_scenarios[(""mice"", ""netblock30d"")]"
MICE,netblock30d,deterministic,3050,17748,2023-03-27,0.0,0.4560000127181411,1,"C:\Users\yasemin.bozkurt\Desktop\article\DLPIF-repo-update\src\baseline_results.pkl::all_scenarios[(""mice"", ""netblock30d"")]"
MICE,netblock30d,deterministic,3051,17750,2023-03-27,0.0,0.4560000127181411,1,"C:\Users\yasemin.bozkurt\Desktop\article\DLPIF-repo-update\src\baseline_results.pkl::all_scenarios[(""mice"", ""netblock30d"")]"
MICE,netblock30d,deterministic,3052,17155,2023-03-28,1.0000000068917871,0.4560000127181411,1,"C:\Users\yasemin.bozkurt\Desktop\article\DLPIF-repo-update\src\baseline_results.pkl::all_scenarios[(""mice"", ""netblock30d"")]"
MICE,netblock30d,deterministic,3053,17704,2023-03-28,1.4000000495463611,0.4560000127181411,1,"C:\Users\yasemin.bozkurt\Desktop\article\DLPIF-repo-update\src\baseline_results.pkl::all_scenarios[(""mice"", ""netblock30d"")]"
MICE,netblock30d,deterministic,3054,17748,2023-03-28,3.4000000633299354,0.4560000127181411,1,"C:\Users\yasemin.bozkurt\Desktop\article\DLPIF-repo-update\src\baseline_results.pkl::all_scenarios[(""mice"", ""netblock30d"")]"
MICE,netblock30d,deterministic,3055,17750,2023-03-28,0.600000030733645,0.4560000127181411,1,"C:\Users\yasemin.bozkurt\Desktop\article\DLPIF-repo-update\src\baseline_results.pkl::all_scenarios[(""mice"", ""netblock30d"")]"
MICE,netblock30d,deterministic,3056,17155,2023-03-29,13.100000283122064,0.4560000127181411,1,"C:\Users\yasemin.bozkurt\Desktop\article\DLPIF-repo-update\src\baseline_results.pkl::all_scenarios[(""mice"", ""netblock30d"")]"
MICE,netblock30d,deterministic,3057,17704,2023-03-29,16.400000086426736,0.4560000127181411,1,"C:\Users\yasemin.bozkurt\Desktop\article\DLPIF-repo-update\src\baseline_results.pkl::all_scenarios[(""mice"", ""netblock30d"")]"
MICE,netblock30d,deterministic,3058,17748,2023-03-29,10.000000467896463,0.4560000127181411,1,"C:\Users\yasemin.bozkurt\Desktop\article\DLPIF-repo-update\src\baseline_results.pkl::all_scenarios[(""mice"", ""netblock30d"")]"
MICE,netblock30d,deterministic,3059,17750,2023-03-29,20.200000923871997,0.4560000127181411,1,"C:\Users\yasemin.bozkurt\Desktop\article\DLPIF-repo-update\src\baseline_results.pkl::all_scenarios[(""mice"", ""netblock30d"")]"
MICE,netblock30d,deterministic,3060,17155,2023-03-30,1.6000000376254322,0.4560000127181411,1,"C:\Users\yasemin.bozkurt\Desktop\article\DLPIF-repo-update\src\baseline_results.pkl::all_scenarios[(""mice"", ""netblock30d"")]"
MICE,netblock30d,deterministic,3061,17704,2023-03-30,3.4000000633299354,0.4560000127181411,1,"C:\Users\yasemin.bozkurt\Desktop\article\DLPIF-repo-update\src\baseline_results.pkl::all_scenarios[(""mice"", ""netblock30d"")]"
MICE,netblock30d,deterministic,3062,17748,2023-03-30,0.600000030733645,0.4560000127181411,1,"C:\Users\yasemin.bozkurt\Desktop\article\DLPIF-repo-update\src\baseline_results.pkl::all_scenarios[(""mice"", ""netblock30d"")]"
MICE,netblock30d,deterministic,3063,17750,2023-03-30,0.40000000940635805,0.4560000127181411,1,"C:\Users\yasemin.bozkurt\Desktop\article\DLPIF-repo-update\src\baseline_results.pkl::all_scenarios[(""mice"", ""netblock30d"")]"
MICE,netblock30d,deterministic,3064,17155,2023-03-31,0.0,0.4560000127181411,1,"C:\Users\yasemin.bozkurt\Desktop\article\DLPIF-repo-update\src\baseline_results.pkl::all_scenarios[(""mice"", ""netblock30d"")]"
MICE,netblock30d,deterministic,3065,17704,2023-03-31,1.0000000068917871,0.4560000127181411,1,"C:\Users\yasemin.bozkurt\Desktop\article\DLPIF-repo-update\src\baseline_results.pkl::all_scenarios[(""mice"", ""netblock30d"")]"
MICE,netblock30d,deterministic,3066,17748,2023-03-31,0.0,0.4560000127181411,1,"C:\Users\yasemin.bozkurt\Desktop\article\DLPIF-repo-update\src\baseline_results.pkl::all_scenarios[(""mice"", ""netblock30d"")]"
MICE,netblock30d,deterministic,3067,17750,2023-03-31,0.20000000470317902,0.4560000127181411,1,"C:\Users\yasemin.bozkurt\Desktop\article\DLPIF-repo-update\src\baseline_results.pkl::all_scenarios[(""mice"", ""netblock30d"")]"
MICE,netblock30d,deterministic,3068,17155,2023-04-01,0.0,0.4560000127181411,1,"C:\Users\yasemin.bozkurt\Desktop\article\DLPIF-repo-update\src\baseline_results.pkl::all_scenarios[(""mice"", ""netblock30d"")]"
MICE,netblock30d,deterministic,3069,17704,2023-04-01,0.0,0.4560000127181411,1,"C:\Users\yasemin.bozkurt\Desktop\article\DLPIF-repo-update\src\baseline_results.pkl::all_scenarios[(""mice"", ""netblock30d"")]"
MICE,netblock30d,deterministic,3070,17748,2023-04-01,0.0,0.4560000127181411,1,"C:\Users\yasemin.bozkurt\Desktop\article\DLPIF-repo-update\src\baseline_results.pkl::all_scenarios[(""mice"", ""netblock30d"")]"
MICE,netblock30d,deterministic,3071,17750,2023-04-01,0.0,0.4560000127181411,1,"C:\Users\yasemin.bozkurt\Desktop\article\DLPIF-repo-update\src\baseline_results.pkl::all_scenarios[(""mice"", ""netblock30d"")]"
MICE,netblock30d,deterministic,3072,17155,2023-04-02,0.0,0.4560000127181411,1,"C:\Users\yasemin.bozkurt\Desktop\article\DLPIF-repo-update\src\baseline_results.pkl::all_scenarios[(""mice"", ""netblock30d"")]"
MICE,netblock30d,deterministic,3073,17704,2023-04-02,0.0,0.4560000127181411,1,"C:\Users\yasemin.bozkurt\Desktop\article\DLPIF-repo-update\src\baseline_results.pkl::all_scenarios[(""mice"", ""netblock30d"")]"
MICE,netblock30d,deterministic,3074,17748,2023-04-02,0.0,0.4560000127181411,1,"C:\Users\yasemin.bozkurt\Desktop\article\DLPIF-repo-update\src\baseline_results.pkl::all_scenarios[(""mice"", ""netblock30d"")]"
MICE,netblock30d,deterministic,3075,17750,2023-04-02,0.0,0.4560000127181411,1,"C:\Users\yasemin.bozkurt\Desktop\article\DLPIF-repo-update\src\baseline_results.pkl::all_scenarios[(""mice"", ""netblock30d"")]"
MICE,netblock30d,deterministic,3076,17155,2023-04-03,0.3000000153668225,0.4560000127181411,1,"C:\Users\yasemin.bozkurt\Desktop\article\DLPIF-repo-update\src\baseline_results.pkl::all_scenarios[(""mice"", ""netblock30d"")]"
MICE,netblock30d,deterministic,3077,17704,2023-04-03,1.4000000495463611,0.4560000127181411,1,"C:\Users\yasemin.bozkurt\Desktop\article\DLPIF-repo-update\src\baseline_results.pkl::all_scenarios[(""mice"", ""netblock30d"")]"
MICE,netblock30d,deterministic,3078,17748,2023-04-03,0.0,0.4560000127181411,1,"C:\Users\yasemin.bozkurt\Desktop\article\DLPIF-repo-update\src\baseline_results.pkl::all_scenarios[(""mice"", ""netblock30d"")]"
MICE,netblock30d,deterministic,3079,17750,2023-04-03,0.0,0.4560000127181411,1,"C:\Users\yasemin.bozkurt\Desktop\article\DLPIF-repo-update\src\baseline_results.pkl::all_scenarios[(""mice"", ""netblock30d"")]"
MICE,netblock30d,deterministic,3080,17155,2023-04-04,0.20000000470317902,0.4560000127181411,1,"C:\Users\yasemin.bozkurt\Desktop\article\DLPIF-repo-update\src\baseline_results.pkl::all_scenarios[(""mice"", ""netblock30d"")]"
MICE,netblock30d,deterministic,3081,17704,2023-04-04,1.20000006146729,0.4560000127181411,1,"C:\Users\yasemin.bozkurt\Desktop\article\DLPIF-repo-update\src\baseline_results.pkl::all_scenarios[(""mice"", ""netblock30d"")]"
MICE,netblock30d,deterministic,3082,17748,2023-04-04,0.0,0.4560000127181411,1,"C:\Users\yasemin.bozkurt\Desktop\article\DLPIF-repo-update\src\baseline_results.pkl::all_scenarios[(""mice"", ""netblock30d"")]"
MICE,netblock30d,deterministic,3083,17750,2023-04-04,0.0,0.4560000127181411,1,"C:\Users\yasemin.bozkurt\Desktop\article\DLPIF-repo-update\src\baseline_results.pkl::all_scenarios[(""mice"", ""netblock30d"")]"
MICE,netblock30d,deterministic,3084,17155,2023-04-05,9.700000485777856,0.4560000127181411,1,"C:\Users\yasemin.bozkurt\Desktop\article\DLPIF-repo-update\src\baseline_results.pkl::all_scenarios[(""mice"", ""netblock30d"")]"
MICE,netblock30d,deterministic,3085,17704,2023-04-05,5.600000198185445,0.4560000127181411,1,"C:\Users\yasemin.bozkurt\Desktop\article\DLPIF-repo-update\src\baseline_results.pkl::all_scenarios[(""mice"", ""netblock30d"")]"
MICE,netblock30d,deterministic,3086,17748,2023-04-05,5.0000002339482315,0.4560000127181411,1,"C:\Users\yasemin.bozkurt\Desktop\article\DLPIF-repo-update\src\baseline_results.pkl::all_scenarios[(""mice"", ""netblock30d"")]"
MICE,netblock30d,deterministic,3087,17750,2023-04-05,10.400000444054605,0.4560000127181411,1,"C:\Users\yasemin.bozkurt\Desktop\article\DLPIF-repo-update\src\baseline_results.pkl::all_scenarios[(""mice"", ""netblock30d"")]"
MICE,netblock30d,deterministic,3088,17155,2023-04-06,8.40000003129244,0.4560000127181411,1,"C:\Users\yasemin.bozkurt\Desktop\article\DLPIF-repo-update\src\baseline_results.pkl::all_scenarios[(""mice"", ""netblock30d"")]"
MICE,netblock30d,deterministic,3089,17704,2023-04-06,13.40000026524067,0.4560000127181411,1,"C:\Users\yasemin.bozkurt\Desktop\article\DLPIF-repo-update\src\baseline_results.pkl::all_scenarios[(""mice"", ""netblock30d"")]"
MICE,netblock30d,deterministic,3090,17748,2023-04-06,2.8000000990927223,0.4560000127181411,1,"C:\Users\yasemin.bozkurt\Desktop\article\DLPIF-repo-update\src\baseline_results.pkl::all_scenarios[(""mice"", ""netblock30d"")]"
MICE,netblock30d,deterministic,3091,17750,2023-04-06,13.600000253319742,0.4560000127181411,1,"C:\Users\yasemin.bozkurt\Desktop\article\DLPIF-repo-update\src\baseline_results.pkl::all_scenarios[(""mice"", ""netblock30d"")]"
MICE,netblock30d,deterministic,3092,17155,2023-04-07,6.100000168383122,0.4560000127181411,1,"C:\Users\yasemin.bozkurt\Desktop\article\DLPIF-repo-update\src\baseline_results.pkl::all_scenarios[(""mice"", ""netblock30d"")]"
MICE,netblock30d,deterministic,3093,17704,2023-04-07,7.800000067055226,0.4560000127181411,1,"C:\Users\yasemin.bozkurt\Desktop\article\DLPIF-repo-update\src\baseline_results.pkl::all_scenarios[(""mice"", ""netblock30d"")]"
MICE,netblock30d,deterministic,3094,17748,2023-04-07,3.0000000871717933,0.4560000127181411,1,"C:\Users\yasemin.bozkurt\Desktop\article\DLPIF-repo-update\src\baseline_results.pkl::all_scenarios[(""mice"", ""netblock30d"")]"
MICE,netblock30d,deterministic,3095,17750,2023-04-07,12.000000348687173,0.4560000127181411,1,"C:\Users\yasemin.bozkurt\Desktop\article\DLPIF-repo-update\src\baseline_results.pkl::all_scenarios[(""mice"", ""netblock30d"")]"
MICE,netblock30d,deterministic,3096,17155,2023-04-08,0.20000000470317902,0.4560000127181411,1,"C:\Users\yasemin.bozkurt\Desktop\article\DLPIF-repo-update\src\baseline_results.pkl::all_scenarios[(""mice"", ""netblock30d"")]"
MICE,netblock30d,deterministic,3097,17704,2023-04-08,1.8000000257045032,0.4560000127181411,1,"C:\Users\yasemin.bozkurt\Desktop\article\DLPIF-repo-update\src\baseline_results.pkl::all_scenarios[(""mice"", ""netblock30d"")]"
MICE,netblock30d,deterministic,3098,17748,2023-04-08,3.2000000752508644,0.4560000127181411,1,"C:\Users\yasemin.bozkurt\Desktop\article\DLPIF-repo-update\src\baseline_results.pkl::all_scenarios[(""mice"", ""netblock30d"")]"
MICE,netblock30d,deterministic,3099,17750,2023-04-08,7.000000114738942,0.4560000127181411,1,"C:\Users\yasemin.bozkurt\Desktop\article\DLPIF-repo-update\src\baseline_results.pkl::all_scenarios[(""mice"", ""netblock30d"")]"
MICE,netblock30d,deterministic,3100,17155,2023-04-09,0.0,0.4560000127181411,1,"C:\Users\yasemin.bozkurt\Desktop\article\DLPIF-repo-update\src\baseline_results.pkl::all_scenarios[(""mice"", ""netblock30d"")]"
MICE,netblock30d,deterministic,3101,17704,2023-04-09,0.0,0.4560000127181411,1,"C:\Users\yasemin.bozkurt\Desktop\article\DLPIF-repo-update\src\baseline_results.pkl::all_scenarios[(""mice"", ""netblock30d"")]"
MICE,netblock30d,deterministic,3102,17748,2023-04-09,1.0000000068917871,0.4560000127181411,1,"C:\Users\yasemin.bozkurt\Desktop\article\DLPIF-repo-update\src\baseline_results.pkl::all_scenarios[(""mice"", ""netblock30d"")]"
MICE,netblock30d,deterministic,3103,17750,2023-04-09,0.8000000188127161,0.4560000127181411,1,"C:\Users\yasemin.bozkurt\Desktop\article\DLPIF-repo-update\src\baseline_results.pkl::all_scenarios[(""mice"", ""netblock30d"")]"
MICE,netblock30d,deterministic,3104,17155,2023-04-10,0.20000000470317902,0.4560000127181411,1,"C:\Users\yasemin.bozkurt\Desktop\article\DLPIF-repo-update\src\baseline_results.pkl::all_scenarios[(""mice"", ""netblock30d"")]"
MICE,netblock30d,deterministic,3105,17704,2023-04-10,0.40000000940635805,0.4560000127181411,1,"C:\Users\yasemin.bozkurt\Desktop\article\DLPIF-repo-update\src\baseline_results.pkl::all_scenarios[(""mice"", ""netblock30d"")]"
MICE,netblock30d,deterministic,3106,17748,2023-04-10,0.8000000188127161,0.4560000127181411,1,"C:\Users\yasemin.bozkurt\Desktop\article\DLPIF-repo-update\src\baseline_results.pkl::all_scenarios[(""mice"", ""netblock30d"")]"
MICE,netblock30d,deterministic,3107,17750,2023-04-10,0.0,0.4560000127181411,1,"C:\Users\yasemin.bozkurt\Desktop\article\DLPIF-repo-update\src\baseline_results.pkl::all_scenarios[(""mice"", ""netblock30d"")]"
MICE,netblock30d,deterministic,3108,17155,2023-04-11,9.300000509619714,0.4560000127181411,1,"C:\Users\yasemin.bozkurt\Desktop\article\DLPIF-repo-update\src\baseline_results.pkl::all_scenarios[(""mice"", ""netblock30d"")]"
MICE,netblock30d,deterministic,3109,17704,2023-04-11,1.20000006146729,0.4560000127181411,1,"C:\Users\yasemin.bozkurt\Desktop\article\DLPIF-repo-update\src\baseline_results.pkl::all_scenarios[(""mice"", ""netblock30d"")]"
MICE,netblock30d,deterministic,3110,17748,2023-04-11,6.400000150501729,0.4560000127181411,1,"C:\Users\yasemin.bozkurt\Desktop\article\DLPIF-repo-update\src\baseline_results.pkl::all_scenarios[(""mice"", ""netblock30d"")]"
MICE,netblock30d,deterministic,3111,17750,2023-04-11,1.20000006146729,0.4560000127181411,1,"C:\Users\yasemin.bozkurt\Desktop\article\DLPIF-repo-update\src\baseline_results.pkl::all_scenarios[(""mice"", ""netblock30d"")]"
MICE,netblock30d,deterministic,3112,17155,2023-04-12,5.600000198185445,0.4560000127181411,1,"C:\Users\yasemin.bozkurt\Desktop\article\DLPIF-repo-update\src\baseline_results.pkl::all_scenarios[(""mice"", ""netblock30d"")]"
MICE,netblock30d,deterministic,3113,17704,2023-04-12,1.0000000068917871,0.4560000127181411,1,"C:\Users\yasemin.bozkurt\Desktop\article\DLPIF-repo-update\src\baseline_results.pkl::all_scenarios[(""mice"", ""netblock30d"")]"
MICE,netblock30d,deterministic,3114,17748,2023-04-12,4.000000027567149,0.4560000127181411,1,"C:\Users\yasemin.bozkurt\Desktop\article\DLPIF-repo-update\src\baseline_results.pkl::all_scenarios[(""mice"", ""netblock30d"")]"
MICE,netblock30d,deterministic,3115,17750,2023-04-12,2.0000000137835743,0.4560000127181411,1,"C:\Users\yasemin.bozkurt\Desktop\article\DLPIF-repo-update\src\baseline_results.pkl::all_scenarios[(""mice"", ""netblock30d"")]"
MICE,netblock30d,deterministic,3728,17155,2023-09-13,0.0,0.4560000127181411,1,"C:\Users\yasemin.bozkurt\Desktop\article\DLPIF-repo-update\src\baseline_results.pkl::all_scenarios[(""mice"", ""netblock30d"")]"
MICE,netblock30d,deterministic,3729,17704,2023-09-13,0.0,0.4560000127181411,1,"C:\Users\yasemin.bozkurt\Desktop\article\DLPIF-repo-update\src\baseline_results.pkl::all_scenarios[(""mice"", ""netblock30d"")]"
MICE,netblock30d,deterministic,3730,17748,2023-09-13,0.0,0.4560000127181411,1,"C:\Users\yasemin.bozkurt\Desktop\article\DLPIF-repo-update\src\baseline_results.pkl::all_scenarios[(""mice"", ""netblock30d"")]"
MICE,netblock30d,deterministic,3731,17750,2023-09-13,0.0,0.4560000127181411,1,"C:\Users\yasemin.bozkurt\Desktop\article\DLPIF-repo-update\src\baseline_results.pkl::all_scenarios[(""mice"", ""netblock30d"")]"
MICE,netblock30d,deterministic,3732,17155,2023-09-14,0.0,0.4560000127181411,1,"C:\Users\yasemin.bozkurt\Desktop\article\DLPIF-repo-update\src\baseline_results.pkl::all_scenarios[(""mice"", ""netblock30d"")]"
MICE,netblock30d,deterministic,3733,17704,2023-09-14,0.0,0.4560000127181411,1,"C:\Users\yasemin.bozkurt\Desktop\article\DLPIF-repo-update\src\baseline_results.pkl::all_scenarios[(""mice"", ""netblock30d"")]"
MICE,netblock30d,deterministic,3734,17748,2023-09-14,0.0,0.4560000127181411,1,"C:\Users\yasemin.bozkurt\Desktop\article\DLPIF-repo-update\src\baseline_results.pkl::all_scenarios[(""mice"", ""netblock30d"")]"
MICE,netblock30d,deterministic,3735,17750,2023-09-14,0.0,0.4560000127181411,1,"C:\Users\yasemin.bozkurt\Desktop\article\DLPIF-repo-update\src\baseline_results.pkl::all_scenarios[(""mice"", ""netblock30d"")]"
MICE,netblock30d,deterministic,3736,17155,2023-09-15,0.0,0.4560000127181411,1,"C:\Users\yasemin.bozkurt\Desktop\article\DLPIF-repo-update\src\baseline_results.pkl::all_scenarios[(""mice"", ""netblock30d"")]"
MICE,netblock30d,deterministic,3737,17704,2023-09-15,0.0,0.4560000127181411,1,"C:\Users\yasemin.bozkurt\Desktop\article\DLPIF-repo-update\src\baseline_results.pkl::all_scenarios[(""mice"", ""netblock30d"")]"
MICE,netblock30d,deterministic,3738,17748,2023-09-15,0.0,0.4560000127181411,1,"C:\Users\yasemin.bozkurt\Desktop\article\DLPIF-repo-update\src\baseline_results.pkl::all_scenarios[(""mice"", ""netblock30d"")]"
MICE,netblock30d,deterministic,3739,17750,2023-09-15,0.0,0.4560000127181411,1,"C:\Users\yasemin.bozkurt\Desktop\article\DLPIF-repo-update\src\baseline_results.pkl::all_scenarios[(""mice"", ""netblock30d"")]"
MICE,netblock30d,deterministic,3740,17155,2023-09-16,0.0,0.4560000127181411,1,"C:\Users\yasemin.bozkurt\Desktop\article\DLPIF-repo-update\src\baseline_results.pkl::all_scenarios[(""mice"", ""netblock30d"")]"
MICE,netblock30d,deterministic,3741,17704,2023-09-16,0.0,0.4560000127181411,1,"C:\Users\yasemin.bozkurt\Desktop\article\DLPIF-repo-update\src\baseline_results.pkl::all_scenarios[(""mice"", ""netblock30d"")]"
MICE,netblock30d,deterministic,3742,17748,2023-09-16,0.0,0.4560000127181411,1,"C:\Users\yasemin.bozkurt\Desktop\article\DLPIF-repo-update\src\baseline_results.pkl::all_scenarios[(""mice"", ""netblock30d"")]"
MICE,netblock30d,deterministic,3743,17750,2023-09-16,0.0,0.4560000127181411,1,"C:\Users\yasemin.bozkurt\Desktop\article\DLPIF-repo-update\src\baseline_results.pkl::all_scenarios[(""mice"", ""netblock30d"")]"
MICE,netblock30d,deterministic,3744,17155,2023-09-17,0.0,0.4560000127181411,1,"C:\Users\yasemin.bozkurt\Desktop\article\DLPIF-repo-update\src\baseline_results.pkl::all_scenarios[(""mice"", ""netblock30d"")]"
MICE,netblock30d,deterministic,3745,17704,2023-09-17,0.0,0.4560000127181411,1,"C:\Users\yasemin.bozkurt\Desktop\article\DLPIF-repo-update\src\baseline_results.pkl::all_scenarios[(""mice"", ""netblock30d"")]"
MICE,netblock30d,deterministic,3746,17748,2023-09-17,0.0,0.4560000127181411,1,"C:\Users\yasemin.bozkurt\Desktop\article\DLPIF-repo-update\src\baseline_results.pkl::all_scenarios[(""mice"", ""netblock30d"")]"
MICE,netblock30d,deterministic,3747,17750,2023-09-17,0.0,0.4560000127181411,1,"C:\Users\yasemin.bozkurt\Desktop\article\DLPIF-repo-update\src\baseline_results.pkl::all_scenarios[(""mice"", ""netblock30d"")]"
MICE,netblock30d,deterministic,3748,17155,2023-09-18,0.0,0.4560000127181411,1,"C:\Users\yasemin.bozkurt\Desktop\article\DLPIF-repo-update\src\baseline_results.pkl::all_scenarios[(""mice"", ""netblock30d"")]"
MICE,netblock30d,deterministic,3749,17704,2023-09-18,0.0,0.4560000127181411,1,"C:\Users\yasemin.bozkurt\Desktop\article\DLPIF-repo-update\src\baseline_results.pkl::all_scenarios[(""mice"", ""netblock30d"")]"
MICE,netblock30d,deterministic,3750,17748,2023-09-18,0.0,0.4560000127181411,1,"C:\Users\yasemin.bozkurt\Desktop\article\DLPIF-repo-update\src\baseline_results.pkl::all_scenarios[(""mice"", ""netblock30d"")]"
MICE,netblock30d,deterministic,3751,17750,2023-09-18,0.0,0.4560000127181411,1,"C:\Users\yasemin.bozkurt\Desktop\article\DLPIF-repo-update\src\baseline_results.pkl::all_scenarios[(""mice"", ""netblock30d"")]"
MICE,netblock30d,deterministic,3752,17155,2023-09-19,0.0,0.4560000127181411,1,"C:\Users\yasemin.bozkurt\Desktop\article\DLPIF-repo-update\src\baseline_results.pkl::all_scenarios[(""mice"", ""netblock30d"")]"
MICE,netblock30d,deterministic,3753,17704,2023-09-19,0.0,0.4560000127181411,1,"C:\Users\yasemin.bozkurt\Desktop\article\DLPIF-repo-update\src\baseline_results.pkl::all_scenarios[(""mice"", ""netblock30d"")]"
MICE,netblock30d,deterministic,3754,17748,2023-09-19,0.0,0.4560000127181411,1,"C:\Users\yasemin.bozkurt\Desktop\article\DLPIF-repo-update\src\baseline_results.pkl::all_scenarios[(""mice"", ""netblock30d"")]"
MICE,netblock30d,deterministic,3755,17750,2023-09-19,0.0,0.4560000127181411,1,"C:\Users\yasemin.bozkurt\Desktop\article\DLPIF-repo-update\src\baseline_results.pkl::all_scenarios[(""mice"", ""netblock30d"")]"
MICE,netblock30d,deterministic,3756,17155,2023-09-20,0.0,0.4560000127181411,1,"C:\Users\yasemin.bozkurt\Desktop\article\DLPIF-repo-update\src\baseline_results.pkl::all_scenarios[(""mice"", ""netblock30d"")]"
MICE,netblock30d,deterministic,3757,17704,2023-09-20,0.0,0.4560000127181411,1,"C:\Users\yasemin.bozkurt\Desktop\article\DLPIF-repo-update\src\baseline_results.pkl::all_scenarios[(""mice"", ""netblock30d"")]"
MICE,netblock30d,deterministic,3758,17748,2023-09-20,0.0,0.4560000127181411,1,"C:\Users\yasemin.bozkurt\Desktop\article\DLPIF-repo-update\src\baseline_results.pkl::all_scenarios[(""mice"", ""netblock30d"")]"
MICE,netblock30d,deterministic,3759,17750,2023-09-20,0.0,0.4560000127181411,1,"C:\Users\yasemin.bozkurt\Desktop\article\DLPIF-repo-update\src\baseline_results.pkl::all_scenarios[(""mice"", ""netblock30d"")]"
MICE,netblock30d,deterministic,3760,17155,2023-09-21,0.0,0.4560000127181411,1,"C:\Users\yasemin.bozkurt\Desktop\article\DLPIF-repo-update\src\baseline_results.pkl::all_scenarios[(""mice"", ""netblock30d"")]"
MICE,netblock30d,deterministic,3761,17704,2023-09-21,0.0,0.4560000127181411,1,"C:\Users\yasemin.bozkurt\Desktop\article\DLPIF-repo-update\src\baseline_results.pkl::all_scenarios[(""mice"", ""netblock30d"")]"
MICE,netblock30d,deterministic,3762,17748,2023-09-21,0.0,0.4560000127181411,1,"C:\Users\yasemin.bozkurt\Desktop\article\DLPIF-repo-update\src\baseline_results.pkl::all_scenarios[(""mice"", ""netblock30d"")]"
MICE,netblock30d,deterministic,3763,17750,2023-09-21,0.0,0.4560000127181411,1,"C:\Users\yasemin.bozkurt\Desktop\article\DLPIF-repo-update\src\baseline_results.pkl::all_scenarios[(""mice"", ""netblock30d"")]"
MICE,netblock30d,deterministic,3764,17155,2023-09-22,0.0,0.4560000127181411,1,"C:\Users\yasemin.bozkurt\Desktop\article\DLPIF-repo-update\src\baseline_results.pkl::all_scenarios[(""mice"", ""netblock30d"")]"
MICE,netblock30d,deterministic,3765,17704,2023-09-22,0.0,0.4560000127181411,1,"C:\Users\yasemin.bozkurt\Desktop\article\DLPIF-repo-update\src\baseline_results.pkl::all_scenarios[(""mice"", ""netblock30d"")]"
MICE,netblock30d,deterministic,3766,17748,2023-09-22,0.0,0.4560000127181411,1,"C:\Users\yasemin.bozkurt\Desktop\article\DLPIF-repo-update\src\baseline_results.pkl::all_scenarios[(""mice"", ""netblock30d"")]"
MICE,netblock30d,deterministic,3767,17750,2023-09-22,0.0,0.4560000127181411,1,"C:\Users\yasemin.bozkurt\Desktop\article\DLPIF-repo-update\src\baseline_results.pkl::all_scenarios[(""mice"", ""netblock30d"")]"
MICE,netblock30d,deterministic,3768,17155,2023-09-23,0.0,0.4560000127181411,1,"C:\Users\yasemin.bozkurt\Desktop\article\DLPIF-repo-update\src\baseline_results.pkl::all_scenarios[(""mice"", ""netblock30d"")]"
MICE,netblock30d,deterministic,3769,17704,2023-09-23,0.0,0.4560000127181411,1,"C:\Users\yasemin.bozkurt\Desktop\article\DLPIF-repo-update\src\baseline_results.pkl::all_scenarios[(""mice"", ""netblock30d"")]"
MICE,netblock30d,deterministic,3770,17748,2023-09-23,0.0,0.4560000127181411,1,"C:\Users\yasemin.bozkurt\Desktop\article\DLPIF-repo-update\src\baseline_results.pkl::all_scenarios[(""mice"", ""netblock30d"")]"
MICE,netblock30d,deterministic,3771,17750,2023-09-23,0.0,0.4560000127181411,1,"C:\Users\yasemin.bozkurt\Desktop\article\DLPIF-repo-update\src\baseline_results.pkl::all_scenarios[(""mice"", ""netblock30d"")]"
MICE,netblock30d,deterministic,3772,17155,2023-09-24,0.0,0.4560000127181411,1,"C:\Users\yasemin.bozkurt\Desktop\article\DLPIF-repo-update\src\baseline_results.pkl::all_scenarios[(""mice"", ""netblock30d"")]"
MICE,netblock30d,deterministic,3773,17704,2023-09-24,0.0,0.4560000127181411,1,"C:\Users\yasemin.bozkurt\Desktop\article\DLPIF-repo-update\src\baseline_results.pkl::all_scenarios[(""mice"", ""netblock30d"")]"
MICE,netblock30d,deterministic,3774,17748,2023-09-24,0.0,0.4560000127181411,1,"C:\Users\yasemin.bozkurt\Desktop\article\DLPIF-repo-update\src\baseline_results.pkl::all_scenarios[(""mice"", ""netblock30d"")]"
MICE,netblock30d,deterministic,3775,17750,2023-09-24,0.0,0.4560000127181411,1,"C:\Users\yasemin.bozkurt\Desktop\article\DLPIF-repo-update\src\baseline_results.pkl::all_scenarios[(""mice"", ""netblock30d"")]"
MICE,netblock30d,deterministic,3776,17155,2023-09-25,0.0,0.4560000127181411,1,"C:\Users\yasemin.bozkurt\Desktop\article\DLPIF-repo-update\src\baseline_results.pkl::all_scenarios[(""mice"", ""netblock30d"")]"
MICE,netblock30d,deterministic,3777,17704,2023-09-25,0.0,0.4560000127181411,1,"C:\Users\yasemin.bozkurt\Desktop\article\DLPIF-repo-update\src\baseline_results.pkl::all_scenarios[(""mice"", ""netblock30d"")]"
MICE,netblock30d,deterministic,3778,17748,2023-09-25,0.0,0.4560000127181411,1,"C:\Users\yasemin.bozkurt\Desktop\article\DLPIF-repo-update\src\baseline_results.pkl::all_scenarios[(""mice"", ""netblock30d"")]"
MICE,netblock30d,deterministic,3779,17750,2023-09-25,0.0,0.4560000127181411,1,"C:\Users\yasemin.bozkurt\Desktop\article\DLPIF-repo-update\src\baseline_results.pkl::all_scenarios[(""mice"", ""netblock30d"")]"
MICE,netblock30d,deterministic,3780,17155,2023-09-26,0.0,0.4560000127181411,1,"C:\Users\yasemin.bozkurt\Desktop\article\DLPIF-repo-update\src\baseline_results.pkl::all_scenarios[(""mice"", ""netblock30d"")]"
MICE,netblock30d,deterministic,3781,17704,2023-09-26,0.0,0.4560000127181411,1,"C:\Users\yasemin.bozkurt\Desktop\article\DLPIF-repo-update\src\baseline_results.pkl::all_scenarios[(""mice"", ""netblock30d"")]"
MICE,netblock30d,deterministic,3782,17748,2023-09-26,0.0,0.4560000127181411,1,"C:\Users\yasemin.bozkurt\Desktop\article\DLPIF-repo-update\src\baseline_results.pkl::all_scenarios[(""mice"", ""netblock30d"")]"
MICE,netblock30d,deterministic,3783,17750,2023-09-26,0.0,0.4560000127181411,1,"C:\Users\yasemin.bozkurt\Desktop\article\DLPIF-repo-update\src\baseline_results.pkl::all_scenarios[(""mice"", ""netblock30d"")]"
MICE,netblock30d,deterministic,3784,17155,2023-09-27,0.0,0.4560000127181411,1,"C:\Users\yasemin.bozkurt\Desktop\article\DLPIF-repo-update\src\baseline_results.pkl::all_scenarios[(""mice"", ""netblock30d"")]"
MICE,netblock30d,deterministic,3785,17704,2023-09-27,0.0,0.4560000127181411,1,"C:\Users\yasemin.bozkurt\Desktop\article\DLPIF-repo-update\src\baseline_results.pkl::all_scenarios[(""mice"", ""netblock30d"")]"
MICE,netblock30d,deterministic,3786,17748,2023-09-27,0.0,0.4560000127181411,1,"C:\Users\yasemin.bozkurt\Desktop\article\DLPIF-repo-update\src\baseline_results.pkl::all_scenarios[(""mice"", ""netblock30d"")]"
MICE,netblock30d,deterministic,3787,17750,2023-09-27,0.0,0.4560000127181411,1,"C:\Users\yasemin.bozkurt\Desktop\article\DLPIF-repo-update\src\baseline_results.pkl::all_scenarios[(""mice"", ""netblock30d"")]"
MICE,netblock30d,deterministic,3788,17155,2023-09-28,4.400000003725291,0.4560000127181411,1,"C:\Users\yasemin.bozkurt\Desktop\article\DLPIF-repo-update\src\baseline_results.pkl::all_scenarios[(""mice"", ""netblock30d"")]"
MICE,netblock30d,deterministic,3789,17704,2023-09-28,0.0,0.4560000127181411,1,"C:\Users\yasemin.bozkurt\Desktop\article\DLPIF-repo-update\src\baseline_results.pkl::all_scenarios[(""mice"", ""netblock30d"")]"
MICE,netblock30d,deterministic,3790,17748,2023-09-28,6.6000001385808,0.4560000127181411,1,"C:\Users\yasemin.bozkurt\Desktop\article\DLPIF-repo-update\src\baseline_results.pkl::all_scenarios[(""mice"", ""netblock30d"")]"
MICE,netblock30d,deterministic,3791,17750,2023-09-28,5.2000002220273025,0.4560000127181411,1,"C:\Users\yasemin.bozkurt\Desktop\article\DLPIF-repo-update\src\baseline_results.pkl::all_scenarios[(""mice"", ""netblock30d"")]"
MICE,netblock30d,deterministic,3792,17155,2023-09-29,4.100000021606684,0.4560000127181411,1,"C:\Users\yasemin.bozkurt\Desktop\article\DLPIF-repo-update\src\baseline_results.pkl::all_scenarios[(""mice"", ""netblock30d"")]"
MICE,netblock30d,deterministic,3793,17704,2023-09-29,0.20000000470317902,0.4560000127181411,1,"C:\Users\yasemin.bozkurt\Desktop\article\DLPIF-repo-update\src\baseline_results.pkl::all_scenarios[(""mice"", ""netblock30d"")]"
MICE,netblock30d,deterministic,3794,17748,2023-09-29,7.200000102818013,0.4560000127181411,1,"C:\Users\yasemin.bozkurt\Desktop\article\DLPIF-repo-update\src\baseline_results.pkl::all_scenarios[(""mice"", ""netblock30d"")]"
MICE,netblock30d,deterministic,3795,17750,2023-09-29,12.400000324845315,0.4560000127181411,1,"C:\Users\yasemin.bozkurt\Desktop\article\DLPIF-repo-update\src\baseline_results.pkl::all_scenarios[(""mice"", ""netblock30d"")]"
MICE,netblock30d,deterministic,3796,17155,2023-09-30,3.100000081211329,0.4560000127181411,1,"C:\Users\yasemin.bozkurt\Desktop\article\DLPIF-repo-update\src\baseline_results.pkl::all_scenarios[(""mice"", ""netblock30d"")]"
MICE,netblock30d,deterministic,3797,17704,2023-09-30,0.40000000940635805,0.4560000127181411,1,"C:\Users\yasemin.bozkurt\Desktop\article\DLPIF-repo-update\src\baseline_results.pkl::all_scenarios[(""mice"", ""netblock30d"")]"
MICE,netblock30d,deterministic,3798,17748,2023-09-30,0.20000000470317902,0.4560000127181411,1,"C:\Users\yasemin.bozkurt\Desktop\article\DLPIF-repo-update\src\baseline_results.pkl::all_scenarios[(""mice"", ""netblock30d"")]"
MICE,netblock30d,deterministic,3799,17750,2023-09-30,0.0,0.4560000127181411,1,"C:\Users\yasemin.bozkurt\Desktop\article\DLPIF-repo-update\src\baseline_results.pkl::all_scenarios[(""mice"", ""netblock30d"")]"
MICE,netblock30d,deterministic,3800,17155,2023-10-01,9.000000527501108,0.4560000127181411,1,"C:\Users\yasemin.bozkurt\Desktop\article\DLPIF-repo-update\src\baseline_results.pkl::all_scenarios[(""mice"", ""netblock30d"")]"
MICE,netblock30d,deterministic,3801,17704,2023-10-01,9.60000049173832,0.4560000127181411,1,"C:\Users\yasemin.bozkurt\Desktop\article\DLPIF-repo-update\src\baseline_results.pkl::all_scenarios[(""mice"", ""netblock30d"")]"
MICE,netblock30d,deterministic,3802,17748,2023-10-01,5.800000186264516,0.4560000127181411,1,"C:\Users\yasemin.bozkurt\Desktop\article\DLPIF-repo-update\src\baseline_results.pkl::all_scenarios[(""mice"", ""netblock30d"")]"
MICE,netblock30d,deterministic,3803,17750,2023-10-01,0.40000000940635805,0.4560000127181411,1,"C:\Users\yasemin.bozkurt\Desktop\article\DLPIF-repo-update\src\baseline_results.pkl::all_scenarios[(""mice"", ""netblock30d"")]"
MICE,netblock30d,deterministic,3804,17155,2023-10-02,11.800000360608102,0.4560000127181411,1,"C:\Users\yasemin.bozkurt\Desktop\article\DLPIF-repo-update\src\baseline_results.pkl::all_scenarios[(""mice"", ""netblock30d"")]"
MICE,netblock30d,deterministic,3805,17704,2023-10-02,17.40000002682209,0.4560000127181411,1,"C:\Users\yasemin.bozkurt\Desktop\article\DLPIF-repo-update\src\baseline_results.pkl::all_scenarios[(""mice"", ""netblock30d"")]"
MICE,netblock30d,deterministic,3806,17748,2023-10-02,4.400000003725291,0.4560000127181411,1,"C:\Users\yasemin.bozkurt\Desktop\article\DLPIF-repo-update\src\baseline_results.pkl::all_scenarios[(""mice"", ""netblock30d"")]"
MICE,netblock30d,deterministic,3807,17750,2023-10-02,8.800000007450581,0.4560000127181411,1,"C:\Users\yasemin.bozkurt\Desktop\article\DLPIF-repo-update\src\baseline_results.pkl::all_scenarios[(""mice"", ""netblock30d"")]"
MICE,netblock30d,deterministic,3808,17155,2023-10-03,5.4000002101063735,0.4560000127181411,1,"C:\Users\yasemin.bozkurt\Desktop\article\DLPIF-repo-update\src\baseline_results.pkl::all_scenarios[(""mice"", ""netblock30d"")]"
MICE,netblock30d,deterministic,3809,17704,2023-10-03,2.0000000137835743,0.4560000127181411,1,"C:\Users\yasemin.bozkurt\Desktop\article\DLPIF-repo-update\src\baseline_results.pkl::all_scenarios[(""mice"", ""netblock30d"")]"
MICE,netblock30d,deterministic,3810,17748,2023-10-03,0.20000000470317902,0.4560000127181411,1,"C:\Users\yasemin.bozkurt\Desktop\article\DLPIF-repo-update\src\baseline_results.pkl::all_scenarios[(""mice"", ""netblock30d"")]"
MICE,netblock30d,deterministic,3811,17750,2023-10-03,0.0,0.4560000127181411,1,"C:\Users\yasemin.bozkurt\Desktop\article\DLPIF-repo-update\src\baseline_results.pkl::all_scenarios[(""mice"", ""netblock30d"")]"
MICE,netblock30d,deterministic,3812,17155,2023-10-04,0.0,0.4560000127181411,1,"C:\Users\yasemin.bozkurt\Desktop\article\DLPIF-repo-update\src\baseline_results.pkl::all_scenarios[(""mice"", ""netblock30d"")]"
MICE,netblock30d,deterministic,3813,17704,2023-10-04,0.20000000470317902,0.4560000127181411,1,"C:\Users\yasemin.bozkurt\Desktop\article\DLPIF-repo-update\src\baseline_results.pkl::all_scenarios[(""mice"", ""netblock30d"")]"
MICE,netblock30d,deterministic,3814,17748,2023-10-04,0.0,0.4560000127181411,1,"C:\Users\yasemin.bozkurt\Desktop\article\DLPIF-repo-update\src\baseline_results.pkl::all_scenarios[(""mice"", ""netblock30d"")]"
MICE,netblock30d,deterministic,3815,17750,2023-10-04,0.0,0.4560000127181411,1,"C:\Users\yasemin.bozkurt\Desktop\article\DLPIF-repo-update\src\baseline_results.pkl::all_scenarios[(""mice"", ""netblock30d"")]"
MICE,netblock30d,deterministic,3816,17155,2023-10-05,0.0,0.4560000127181411,1,"C:\Users\yasemin.bozkurt\Desktop\article\DLPIF-repo-update\src\baseline_results.pkl::all_scenarios[(""mice"", ""netblock30d"")]"
MICE,netblock30d,deterministic,3817,17704,2023-10-05,0.0,0.4560000127181411,1,"C:\Users\yasemin.bozkurt\Desktop\article\DLPIF-repo-update\src\baseline_results.pkl::all_scenarios[(""mice"", ""netblock30d"")]"
MICE,netblock30d,deterministic,3818,17748,2023-10-05,0.0,0.4560000127181411,1,"C:\Users\yasemin.bozkurt\Desktop\article\DLPIF-repo-update\src\baseline_results.pkl::all_scenarios[(""mice"", ""netblock30d"")]"
MICE,netblock30d,deterministic,3819,17750,2023-10-05,0.0,0.4560000127181411,1,"C:\Users\yasemin.bozkurt\Desktop\article\DLPIF-repo-update\src\baseline_results.pkl::all_scenarios[(""mice"", ""netblock30d"")]"
MICE,netblock30d,deterministic,3820,17155,2023-10-06,0.0,0.4560000127181411,1,"C:\Users\yasemin.bozkurt\Desktop\article\DLPIF-repo-update\src\baseline_results.pkl::all_scenarios[(""mice"", ""netblock30d"")]"
MICE,netblock30d,deterministic,3821,17704,2023-10-06,0.0,0.4560000127181411,1,"C:\Users\yasemin.bozkurt\Desktop\article\DLPIF-repo-update\src\baseline_results.pkl::all_scenarios[(""mice"", ""netblock30d"")]"
MICE,netblock30d,deterministic,3822,17748,2023-10-06,0.0,0.4560000127181411,1,"C:\Users\yasemin.bozkurt\Desktop\article\DLPIF-repo-update\src\baseline_results.pkl::all_scenarios[(""mice"", ""netblock30d"")]"
MICE,netblock30d,deterministic,3823,17750,2023-10-06,0.0,0.4560000127181411,1,"C:\Users\yasemin.bozkurt\Desktop\article\DLPIF-repo-update\src\baseline_results.pkl::all_scenarios[(""mice"", ""netblock30d"")]"
MICE,netblock30d,deterministic,3824,17155,2023-10-07,0.0,0.4560000127181411,1,"C:\Users\yasemin.bozkurt\Desktop\article\DLPIF-repo-update\src\baseline_results.pkl::all_scenarios[(""mice"", ""netblock30d"")]"
MICE,netblock30d,deterministic,3825,17704,2023-10-07,0.0,0.4560000127181411,1,"C:\Users\yasemin.bozkurt\Desktop\article\DLPIF-repo-update\src\baseline_results.pkl::all_scenarios[(""mice"", ""netblock30d"")]"
MICE,netblock30d,deterministic,3826,17748,2023-10-07,0.0,0.4560000127181411,1,"C:\Users\yasemin.bozkurt\Desktop\article\DLPIF-repo-update\src\baseline_results.pkl::all_scenarios[(""mice"", ""netblock30d"")]"
MICE,netblock30d,deterministic,3827,17750,2023-10-07,0.0,0.4560000127181411,1,"C:\Users\yasemin.bozkurt\Desktop\article\DLPIF-repo-update\src\baseline_results.pkl::all_scenarios[(""mice"", ""netblock30d"")]"
MICE,netblock30d,deterministic,3828,17155,2023-10-08,0.0,0.4560000127181411,1,"C:\Users\yasemin.bozkurt\Desktop\article\DLPIF-repo-update\src\baseline_results.pkl::all_scenarios[(""mice"", ""netblock30d"")]"
MICE,netblock30d,deterministic,3829,17704,2023-10-08,0.0,0.4560000127181411,1,"C:\Users\yasemin.bozkurt\Desktop\article\DLPIF-repo-update\src\baseline_results.pkl::all_scenarios[(""mice"", ""netblock30d"")]"
MICE,netblock30d,deterministic,3830,17748,2023-10-08,0.0,0.4560000127181411,1,"C:\Users\yasemin.bozkurt\Desktop\article\DLPIF-repo-update\src\baseline_results.pkl::all_scenarios[(""mice"", ""netblock30d"")]"
MICE,netblock30d,deterministic,3831,17750,2023-10-08,0.0,0.4560000127181411,1,"C:\Users\yasemin.bozkurt\Desktop\article\DLPIF-repo-update\src\baseline_results.pkl::all_scenarios[(""mice"", ""netblock30d"")]"
MICE,netblock30d,deterministic,3832,17155,2023-10-09,0.0,0.4560000127181411,1,"C:\Users\yasemin.bozkurt\Desktop\article\DLPIF-repo-update\src\baseline_results.pkl::all_scenarios[(""mice"", ""netblock30d"")]"
MICE,netblock30d,deterministic,3833,17704,2023-10-09,0.0,0.4560000127181411,1,"C:\Users\yasemin.bozkurt\Desktop\article\DLPIF-repo-update\src\baseline_results.pkl::all_scenarios[(""mice"", ""netblock30d"")]"
MICE,netblock30d,deterministic,3834,17748,2023-10-09,0.0,0.4560000127181411,1,"C:\Users\yasemin.bozkurt\Desktop\article\DLPIF-repo-update\src\baseline_results.pkl::all_scenarios[(""mice"", ""netblock30d"")]"
MICE,netblock30d,deterministic,3835,17750,2023-10-09,0.0,0.4560000127181411,1,"C:\Users\yasemin.bozkurt\Desktop\article\DLPIF-repo-update\src\baseline_results.pkl::all_scenarios[(""mice"", ""netblock30d"")]"
MICE,netblock30d,deterministic,3836,17155,2023-10-10,0.0,0.4560000127181411,1,"C:\Users\yasemin.bozkurt\Desktop\article\DLPIF-repo-update\src\baseline_results.pkl::all_scenarios[(""mice"", ""netblock30d"")]"
MICE,netblock30d,deterministic,3837,17704,2023-10-10,0.0,0.4560000127181411,1,"C:\Users\yasemin.bozkurt\Desktop\article\DLPIF-repo-update\src\baseline_results.pkl::all_scenarios[(""mice"", ""netblock30d"")]"
MICE,netblock30d,deterministic,3838,17748,2023-10-10,0.0,0.4560000127181411,1,"C:\Users\yasemin.bozkurt\Desktop\article\DLPIF-repo-update\src\baseline_results.pkl::all_scenarios[(""mice"", ""netblock30d"")]"
MICE,netblock30d,deterministic,3839,17750,2023-10-10,0.0,0.4560000127181411,1,"C:\Users\yasemin.bozkurt\Desktop\article\DLPIF-repo-update\src\baseline_results.pkl::all_scenarios[(""mice"", ""netblock30d"")]"
MICE,netblock30d,deterministic,3840,17155,2023-10-11,0.0,0.4560000127181411,1,"C:\Users\yasemin.bozkurt\Desktop\article\DLPIF-repo-update\src\baseline_results.pkl::all_scenarios[(""mice"", ""netblock30d"")]"
MICE,netblock30d,deterministic,3841,17704,2023-10-11,0.0,0.4560000127181411,1,"C:\Users\yasemin.bozkurt\Desktop\article\DLPIF-repo-update\src\baseline_results.pkl::all_scenarios[(""mice"", ""netblock30d"")]"
MICE,netblock30d,deterministic,3842,17748,2023-10-11,0.0,0.4560000127181411,1,"C:\Users\yasemin.bozkurt\Desktop\article\DLPIF-repo-update\src\baseline_results.pkl::all_scenarios[(""mice"", ""netblock30d"")]"
MICE,netblock30d,deterministic,3843,17750,2023-10-11,0.0,0.4560000127181411,1,"C:\Users\yasemin.bozkurt\Desktop\article\DLPIF-repo-update\src\baseline_results.pkl::all_scenarios[(""mice"", ""netblock30d"")]"
MICE,netblock30d,deterministic,3844,17155,2023-10-12,0.0,0.4560000127181411,1,"C:\Users\yasemin.bozkurt\Desktop\article\DLPIF-repo-update\src\baseline_results.pkl::all_scenarios[(""mice"", ""netblock30d"")]"
MICE,netblock30d,deterministic,3845,17704,2023-10-12,0.0,0.4560000127181411,1,"C:\Users\yasemin.bozkurt\Desktop\article\DLPIF-repo-update\src\baseline_results.pkl::all_scenarios[(""mice"", ""netblock30d"")]"
MICE,netblock30d,deterministic,3846,17748,2023-10-12,0.0,0.4560000127181411,1,"C:\Users\yasemin.bozkurt\Desktop\article\DLPIF-repo-update\src\baseline_results.pkl::all_scenarios[(""mice"", ""netblock30d"")]"
MICE,netblock30d,deterministic,3847,17750,2023-10-12,0.0,0.4560000127181411,1,"C:\Users\yasemin.bozkurt\Desktop\article\DLPIF-repo-update\src\baseline_results.pkl::all_scenarios[(""mice"", ""netblock30d"")]"
MICE,netblock30d,deterministic,3872,17155,2023-10-19,0.3000000153668225,0.4560000127181411,1,"C:\Users\yasemin.bozkurt\Desktop\article\DLPIF-repo-update\src\baseline_results.pkl::all_scenarios[(""mice"", ""netblock30d"")]"
MICE,netblock30d,deterministic,3873,17704,2023-10-19,0.8000000188127161,0.4560000127181411,1,"C:\Users\yasemin.bozkurt\Desktop\article\DLPIF-repo-update\src\baseline_results.pkl::all_scenarios[(""mice"", ""netblock30d"")]"
MICE,netblock30d,deterministic,3874,17748,2023-10-19,1.8000000257045032,0.4560000127181411,1,"C:\Users\yasemin.bozkurt\Desktop\article\DLPIF-repo-update\src\baseline_results.pkl::all_scenarios[(""mice"", ""netblock30d"")]"
MICE,netblock30d,deterministic,3875,17750,2023-10-19,2.0000000137835743,0.4560000127181411,1,"C:\Users\yasemin.bozkurt\Desktop\article\DLPIF-repo-update\src\baseline_results.pkl::all_scenarios[(""mice"", ""netblock30d"")]"
MICE,netblock30d,deterministic,3876,17155,2023-10-20,0.20000000470317902,0.4560000127181411,1,"C:\Users\yasemin.bozkurt\Desktop\article\DLPIF-repo-update\src\baseline_results.pkl::all_scenarios[(""mice"", ""netblock30d"")]"
MICE,netblock30d,deterministic,3877,17704,2023-10-20,0.40000000940635805,0.4560000127181411,1,"C:\Users\yasemin.bozkurt\Desktop\article\DLPIF-repo-update\src\baseline_results.pkl::all_scenarios[(""mice"", ""netblock30d"")]"
MICE,netblock30d,deterministic,3878,17748,2023-10-20,0.8000000188127161,0.4560000127181411,1,"C:\Users\yasemin.bozkurt\Desktop\article\DLPIF-repo-update\src\baseline_results.pkl::all_scenarios[(""mice"", ""netblock30d"")]"
MICE,netblock30d,deterministic,3879,17750,2023-10-20,0.8000000188127161,0.4560000127181411,1,"C:\Users\yasemin.bozkurt\Desktop\article\DLPIF-repo-update\src\baseline_results.pkl::all_scenarios[(""mice"", ""netblock30d"")]"
MICE,netblock30d,deterministic,3880,17155,2023-10-21,0.0,0.4560000127181411,1,"C:\Users\yasemin.bozkurt\Desktop\article\DLPIF-repo-update\src\baseline_results.pkl::all_scenarios[(""mice"", ""netblock30d"")]"
MICE,netblock30d,deterministic,3881,17704,2023-10-21,0.0,0.4560000127181411,1,"C:\Users\yasemin.bozkurt\Desktop\article\DLPIF-repo-update\src\baseline_results.pkl::all_scenarios[(""mice"", ""netblock30d"")]"
MICE,netblock30d,deterministic,3882,17748,2023-10-21,0.0,0.4560000127181411,1,"C:\Users\yasemin.bozkurt\Desktop\article\DLPIF-repo-update\src\baseline_results.pkl::all_scenarios[(""mice"", ""netblock30d"")]"
MICE,netblock30d,deterministic,3883,17750,2023-10-21,0.0,0.4560000127181411,1,"C:\Users\yasemin.bozkurt\Desktop\article\DLPIF-repo-update\src\baseline_results.pkl::all_scenarios[(""mice"", ""netblock30d"")]"
MICE,netblock30d,deterministic,3884,17155,2023-10-22,0.0,0.4560000127181411,1,"C:\Users\yasemin.bozkurt\Desktop\article\DLPIF-repo-update\src\baseline_results.pkl::all_scenarios[(""mice"", ""netblock30d"")]"
MICE,netblock30d,deterministic,3885,17704,2023-10-22,0.0,0.4560000127181411,1,"C:\Users\yasemin.bozkurt\Desktop\article\DLPIF-repo-update\src\baseline_results.pkl::all_scenarios[(""mice"", ""netblock30d"")]"
MICE,netblock30d,deterministic,3886,17748,2023-10-22,0.0,0.4560000127181411,1,"C:\Users\yasemin.bozkurt\Desktop\article\DLPIF-repo-update\src\baseline_results.pkl::all_scenarios[(""mice"", ""netblock30d"")]"
MICE,netblock30d,deterministic,3887,17750,2023-10-22,0.0,0.4560000127181411,1,"C:\Users\yasemin.bozkurt\Desktop\article\DLPIF-repo-update\src\baseline_results.pkl::all_scenarios[(""mice"", ""netblock30d"")]"
MICE,netblock30d,deterministic,3888,17155,2023-10-23,0.0,0.4560000127181411,1,"C:\Users\yasemin.bozkurt\Desktop\article\DLPIF-repo-update\src\baseline_results.pkl::all_scenarios[(""mice"", ""netblock30d"")]"
MICE,netblock30d,deterministic,3889,17704,2023-10-23,0.0,0.4560000127181411,1,"C:\Users\yasemin.bozkurt\Desktop\article\DLPIF-repo-update\src\baseline_results.pkl::all_scenarios[(""mice"", ""netblock30d"")]"
MICE,netblock30d,deterministic,3890,17748,2023-10-23,0.0,0.4560000127181411,1,"C:\Users\yasemin.bozkurt\Desktop\article\DLPIF-repo-update\src\baseline_results.pkl::all_scenarios[(""mice"", ""netblock30d"")]"
MICE,netblock30d,deterministic,3891,17750,2023-10-23,0.0,0.4560000127181411,1,"C:\Users\yasemin.bozkurt\Desktop\article\DLPIF-repo-update\src\baseline_results.pkl::all_scenarios[(""mice"", ""netblock30d"")]"
MICE,netblock30d,deterministic,3892,17155,2023-10-24,0.0,0.4560000127181411,1,"C:\Users\yasemin.bozkurt\Desktop\article\DLPIF-repo-update\src\baseline_results.pkl::all_scenarios[(""mice"", ""netblock30d"")]"
MICE,netblock30d,deterministic,3893,17704,2023-10-24,0.0,0.4560000127181411,1,"C:\Users\yasemin.bozkurt\Desktop\article\DLPIF-repo-update\src\baseline_results.pkl::all_scenarios[(""mice"", ""netblock30d"")]"
MICE,netblock30d,deterministic,3894,17748,2023-10-24,0.0,0.4560000127181411,1,"C:\Users\yasemin.bozkurt\Desktop\article\DLPIF-repo-update\src\baseline_results.pkl::all_scenarios[(""mice"", ""netblock30d"")]"
MICE,netblock30d,deterministic,3895,17750,2023-10-24,0.0,0.4560000127181411,1,"C:\Users\yasemin.bozkurt\Desktop\article\DLPIF-repo-update\src\baseline_results.pkl::all_scenarios[(""mice"", ""netblock30d"")]"
MICE,netblock30d,deterministic,3896,17155,2023-10-25,0.0,0.4560000127181411,1,"C:\Users\yasemin.bozkurt\Desktop\article\DLPIF-repo-update\src\baseline_results.pkl::all_scenarios[(""mice"", ""netblock30d"")]"
MICE,netblock30d,deterministic,3897,17704,2023-10-25,0.0,0.4560000127181411,1,"C:\Users\yasemin.bozkurt\Desktop\article\DLPIF-repo-update\src\baseline_results.pkl::all_scenarios[(""mice"", ""netblock30d"")]"
MICE,netblock30d,deterministic,3898,17748,2023-10-25,0.0,0.4560000127181411,1,"C:\Users\yasemin.bozkurt\Desktop\article\DLPIF-repo-update\src\baseline_results.pkl::all_scenarios[(""mice"", ""netblock30d"")]"
MICE,netblock30d,deterministic,3899,17750,2023-10-25,0.0,0.4560000127181411,1,"C:\Users\yasemin.bozkurt\Desktop\article\DLPIF-repo-update\src\baseline_results.pkl::all_scenarios[(""mice"", ""netblock30d"")]"
MICE,netblock30d,deterministic,3900,17155,2023-10-26,0.0,0.4560000127181411,1,"C:\Users\yasemin.bozkurt\Desktop\article\DLPIF-repo-update\src\baseline_results.pkl::all_scenarios[(""mice"", ""netblock30d"")]"
MICE,netblock30d,deterministic,3901,17704,2023-10-26,0.0,0.4560000127181411,1,"C:\Users\yasemin.bozkurt\Desktop\article\DLPIF-repo-update\src\baseline_results.pkl::all_scenarios[(""mice"", ""netblock30d"")]"
MICE,netblock30d,deterministic,3902,17748,2023-10-26,0.0,0.4560000127181411,1,"C:\Users\yasemin.bozkurt\Desktop\article\DLPIF-repo-update\src\baseline_results.pkl::all_scenarios[(""mice"", ""netblock30d"")]"
MICE,netblock30d,deterministic,3903,17750,2023-10-26,0.0,0.4560000127181411,1,"C:\Users\yasemin.bozkurt\Desktop\article\DLPIF-repo-update\src\baseline_results.pkl::all_scenarios[(""mice"", ""netblock30d"")]"
MICE,netblock30d,deterministic,3904,17155,2023-10-27,0.0,0.4560000127181411,1,"C:\Users\yasemin.bozkurt\Desktop\article\DLPIF-repo-update\src\baseline_results.pkl::all_scenarios[(""mice"", ""netblock30d"")]"
MICE,netblock30d,deterministic,3905,17704,2023-10-27,0.20000000470317902,0.4560000127181411,1,"C:\Users\yasemin.bozkurt\Desktop\article\DLPIF-repo-update\src\baseline_results.pkl::all_scenarios[(""mice"", ""netblock30d"")]"
MICE,netblock30d,deterministic,3906,17748,2023-10-27,0.0,0.4560000127181411,1,"C:\Users\yasemin.bozkurt\Desktop\article\DLPIF-repo-update\src\baseline_results.pkl::all_scenarios[(""mice"", ""netblock30d"")]"
MICE,netblock30d,deterministic,3907,17750,2023-10-27,0.0,0.4560000127181411,1,"C:\Users\yasemin.bozkurt\Desktop\article\DLPIF-repo-update\src\baseline_results.pkl::all_scenarios[(""mice"", ""netblock30d"")]"
MICE,netblock30d,deterministic,3908,17155,2023-10-28,0.0,0.4560000127181411,1,"C:\Users\yasemin.bozkurt\Desktop\article\DLPIF-repo-update\src\baseline_results.pkl::all_scenarios[(""mice"", ""netblock30d"")]"
MICE,netblock30d,deterministic,3909,17704,2023-10-28,0.0,0.4560000127181411,1,"C:\Users\yasemin.bozkurt\Desktop\article\DLPIF-repo-update\src\baseline_results.pkl::all_scenarios[(""mice"", ""netblock30d"")]"
MICE,netblock30d,deterministic,3910,17748,2023-10-28,0.0,0.4560000127181411,1,"C:\Users\yasemin.bozkurt\Desktop\article\DLPIF-repo-update\src\baseline_results.pkl::all_scenarios[(""mice"", ""netblock30d"")]"
MICE,netblock30d,deterministic,3911,17750,2023-10-28,0.0,0.4560000127181411,1,"C:\Users\yasemin.bozkurt\Desktop\article\DLPIF-repo-update\src\baseline_results.pkl::all_scenarios[(""mice"", ""netblock30d"")]"
MICE,netblock30d,deterministic,3912,17155,2023-10-29,0.0,0.4560000127181411,1,"C:\Users\yasemin.bozkurt\Desktop\article\DLPIF-repo-update\src\baseline_results.pkl::all_scenarios[(""mice"", ""netblock30d"")]"
MICE,netblock30d,deterministic,3913,17704,2023-10-29,0.0,0.4560000127181411,1,"C:\Users\yasemin.bozkurt\Desktop\article\DLPIF-repo-update\src\baseline_results.pkl::all_scenarios[(""mice"", ""netblock30d"")]"
MICE,netblock30d,deterministic,3914,17748,2023-10-29,0.0,0.4560000127181411,1,"C:\Users\yasemin.bozkurt\Desktop\article\DLPIF-repo-update\src\baseline_results.pkl::all_scenarios[(""mice"", ""netblock30d"")]"
MICE,netblock30d,deterministic,3915,17750,2023-10-29,0.0,0.4560000127181411,1,"C:\Users\yasemin.bozkurt\Desktop\article\DLPIF-repo-update\src\baseline_results.pkl::all_scenarios[(""mice"", ""netblock30d"")]"
MICE,netblock30d,deterministic,3916,17155,2023-10-30,0.0,0.4560000127181411,1,"C:\Users\yasemin.bozkurt\Desktop\article\DLPIF-repo-update\src\baseline_results.pkl::all_scenarios[(""mice"", ""netblock30d"")]"
MICE,netblock30d,deterministic,3917,17704,2023-10-30,0.0,0.4560000127181411,1,"C:\Users\yasemin.bozkurt\Desktop\article\DLPIF-repo-update\src\baseline_results.pkl::all_scenarios[(""mice"", ""netblock30d"")]"
MICE,netblock30d,deterministic,3918,17748,2023-10-30,0.0,0.4560000127181411,1,"C:\Users\yasemin.bozkurt\Desktop\article\DLPIF-repo-update\src\baseline_results.pkl::all_scenarios[(""mice"", ""netblock30d"")]"
MICE,netblock30d,deterministic,3919,17750,2023-10-30,0.0,0.4560000127181411,1,"C:\Users\yasemin.bozkurt\Desktop\article\DLPIF-repo-update\src\baseline_results.pkl::all_scenarios[(""mice"", ""netblock30d"")]"
MICE,netblock30d,deterministic,3920,17155,2023-10-31,0.0,0.4560000127181411,1,"C:\Users\yasemin.bozkurt\Desktop\article\DLPIF-repo-update\src\baseline_results.pkl::all_scenarios[(""mice"", ""netblock30d"")]"
MICE,netblock30d,deterministic,3921,17704,2023-10-31,0.0,0.4560000127181411,1,"C:\Users\yasemin.bozkurt\Desktop\article\DLPIF-repo-update\src\baseline_results.pkl::all_scenarios[(""mice"", ""netblock30d"")]"
MICE,netblock30d,deterministic,3922,17748,2023-10-31,0.0,0.4560000127181411,1,"C:\Users\yasemin.bozkurt\Desktop\article\DLPIF-repo-update\src\baseline_results.pkl::all_scenarios[(""mice"", ""netblock30d"")]"
MICE,netblock30d,deterministic,3923,17750,2023-10-31,0.0,0.4560000127181411,1,"C:\Users\yasemin.bozkurt\Desktop\article\DLPIF-repo-update\src\baseline_results.pkl::all_scenarios[(""mice"", ""netblock30d"")]"
MICE,netblock30d,deterministic,3924,17155,2023-11-01,0.0,0.4560000127181411,1,"C:\Users\yasemin.bozkurt\Desktop\article\DLPIF-repo-update\src\baseline_results.pkl::all_scenarios[(""mice"", ""netblock30d"")]"
MICE,netblock30d,deterministic,3925,17704,2023-11-01,0.20000000470317902,0.4560000127181411,1,"C:\Users\yasemin.bozkurt\Desktop\article\DLPIF-repo-update\src\baseline_results.pkl::all_scenarios[(""mice"", ""netblock30d"")]"
MICE,netblock30d,deterministic,3926,17748,2023-11-01,0.0,0.4560000127181411,1,"C:\Users\yasemin.bozkurt\Desktop\article\DLPIF-repo-update\src\baseline_results.pkl::all_scenarios[(""mice"", ""netblock30d"")]"
MICE,netblock30d,deterministic,3927,17750,2023-11-01,3.2000000752508644,0.4560000127181411,1,"C:\Users\yasemin.bozkurt\Desktop\article\DLPIF-repo-update\src\baseline_results.pkl::all_scenarios[(""mice"", ""netblock30d"")]"
MICE,netblock30d,deterministic,3928,17155,2023-11-02,0.0,0.4560000127181411,1,"C:\Users\yasemin.bozkurt\Desktop\article\DLPIF-repo-update\src\baseline_results.pkl::all_scenarios[(""mice"", ""netblock30d"")]"
MICE,netblock30d,deterministic,3929,17704,2023-11-02,0.600000030733645,0.4560000127181411,1,"C:\Users\yasemin.bozkurt\Desktop\article\DLPIF-repo-update\src\baseline_results.pkl::all_scenarios[(""mice"", ""netblock30d"")]"
MICE,netblock30d,deterministic,3930,17748,2023-11-02,0.0,0.4560000127181411,1,"C:\Users\yasemin.bozkurt\Desktop\article\DLPIF-repo-update\src\baseline_results.pkl::all_scenarios[(""mice"", ""netblock30d"")]"
MICE,netblock30d,deterministic,3931,17750,2023-11-02,3.6000000514090065,0.4560000127181411,1,"C:\Users\yasemin.bozkurt\Desktop\article\DLPIF-repo-update\src\baseline_results.pkl::all_scenarios[(""mice"", ""netblock30d"")]"
MICE,netblock30d,deterministic,3932,17155,2023-11-03,5.800000186264516,0.4560000127181411,1,"C:\Users\yasemin.bozkurt\Desktop\article\DLPIF-repo-update\src\baseline_results.pkl::all_scenarios[(""mice"", ""netblock30d"")]"
MICE,netblock30d,deterministic,3933,17704,2023-11-03,6.800000126659871,0.4560000127181411,1,"C:\Users\yasemin.bozkurt\Desktop\article\DLPIF-repo-update\src\baseline_results.pkl::all_scenarios[(""mice"", ""netblock30d"")]"
MICE,netblock30d,deterministic,3934,17748,2023-11-03,2.40000012293458,0.4560000127181411,1,"C:\Users\yasemin.bozkurt\Desktop\article\DLPIF-repo-update\src\baseline_results.pkl::all_scenarios[(""mice"", ""netblock30d"")]"
MICE,netblock30d,deterministic,3935,17750,2023-11-03,3.2000000752508644,0.4560000127181411,1,"C:\Users\yasemin.bozkurt\Desktop\article\DLPIF-repo-update\src\baseline_results.pkl::all_scenarios[(""mice"", ""netblock30d"")]"
MICE,netblock30d,deterministic,3936,17155,2023-11-04,1.9000000197440388,0.4560000127181411,1,"C:\Users\yasemin.bozkurt\Desktop\article\DLPIF-repo-update\src\baseline_results.pkl::all_scenarios[(""mice"", ""netblock30d"")]"
MICE,netblock30d,deterministic,3937,17704,2023-11-04,1.8000000257045032,0.4560000127181411,1,"C:\Users\yasemin.bozkurt\Desktop\article\DLPIF-repo-update\src\baseline_results.pkl::all_scenarios[(""mice"", ""netblock30d"")]"
MICE,netblock30d,deterministic,3938,17748,2023-11-04,0.8000000188127161,0.4560000127181411,1,"C:\Users\yasemin.bozkurt\Desktop\article\DLPIF-repo-update\src\baseline_results.pkl::all_scenarios[(""mice"", ""netblock30d"")]"
MICE,netblock30d,deterministic,3939,17750,2023-11-04,0.600000030733645,0.4560000127181411,1,"C:\Users\yasemin.bozkurt\Desktop\article\DLPIF-repo-update\src\baseline_results.pkl::all_scenarios[(""mice"", ""netblock30d"")]"
MICE,netblock30d,deterministic,3940,17155,2023-11-05,4.20000001564622,0.4560000127181411,1,"C:\Users\yasemin.bozkurt\Desktop\article\DLPIF-repo-update\src\baseline_results.pkl::all_scenarios[(""mice"", ""netblock30d"")]"
MICE,netblock30d,deterministic,3941,17704,2023-11-05,1.0000000068917871,0.4560000127181411,1,"C:\Users\yasemin.bozkurt\Desktop\article\DLPIF-repo-update\src\baseline_results.pkl::all_scenarios[(""mice"", ""netblock30d"")]"
MICE,netblock30d,deterministic,3942,17748,2023-11-05,3.6000000514090065,0.4560000127181411,1,"C:\Users\yasemin.bozkurt\Desktop\article\DLPIF-repo-update\src\baseline_results.pkl::all_scenarios[(""mice"", ""netblock30d"")]"
MICE,netblock30d,deterministic,3943,17750,2023-11-05,9.40000050365925,0.4560000127181411,1,"C:\Users\yasemin.bozkurt\Desktop\article\DLPIF-repo-update\src\baseline_results.pkl::all_scenarios[(""mice"", ""netblock30d"")]"
MICE,netblock30d,deterministic,3944,17155,2023-11-06,1.1000000009313227,0.4560000127181411,1,"C:\Users\yasemin.bozkurt\Desktop\article\DLPIF-repo-update\src\baseline_results.pkl::all_scenarios[(""mice"", ""netblock30d"")]"
MICE,netblock30d,deterministic,3945,17704,2023-11-06,0.600000030733645,0.4560000127181411,1,"C:\Users\yasemin.bozkurt\Desktop\article\DLPIF-repo-update\src\baseline_results.pkl::all_scenarios[(""mice"", ""netblock30d"")]"
MICE,netblock30d,deterministic,3946,17748,2023-11-06,4.000000027567149,0.4560000127181411,1,"C:\Users\yasemin.bozkurt\Desktop\article\DLPIF-repo-update\src\baseline_results.pkl::all_scenarios[(""mice"", ""netblock30d"")]"
MICE,netblock30d,deterministic,3947,17750,2023-11-06,0.40000000940635805,0.4560000127181411,1,"C:\Users\yasemin.bozkurt\Desktop\article\DLPIF-repo-update\src\baseline_results.pkl::all_scenarios[(""mice"", ""netblock30d"")]"
MICE,netblock30d,deterministic,3948,17155,2023-11-07,0.0,0.4560000127181411,1,"C:\Users\yasemin.bozkurt\Desktop\article\DLPIF-repo-update\src\baseline_results.pkl::all_scenarios[(""mice"", ""netblock30d"")]"
MICE,netblock30d,deterministic,3949,17704,2023-11-07,0.0,0.4560000127181411,1,"C:\Users\yasemin.bozkurt\Desktop\article\DLPIF-repo-update\src\baseline_results.pkl::all_scenarios[(""mice"", ""netblock30d"")]"
MICE,netblock30d,deterministic,3950,17748,2023-11-07,0.0,0.4560000127181411,1,"C:\Users\yasemin.bozkurt\Desktop\article\DLPIF-repo-update\src\baseline_results.pkl::all_scenarios[(""mice"", ""netblock30d"")]"
MICE,netblock30d,deterministic,3951,17750,2023-11-07,0.0,0.4560000127181411,1,"C:\Users\yasemin.bozkurt\Desktop\article\DLPIF-repo-update\src\baseline_results.pkl::all_scenarios[(""mice"", ""netblock30d"")]"
MICE,netblock30d,deterministic,3952,17155,2023-11-08,0.0,0.4560000127181411,1,"C:\Users\yasemin.bozkurt\Desktop\article\DLPIF-repo-update\src\baseline_results.pkl::all_scenarios[(""mice"", ""netblock30d"")]"
MICE,netblock30d,deterministic,3953,17704,2023-11-08,0.0,0.4560000127181411,1,"C:\Users\yasemin.bozkurt\Desktop\article\DLPIF-repo-update\src\baseline_results.pkl::all_scenarios[(""mice"", ""netblock30d"")]"
MICE,netblock30d,deterministic,3954,17748,2023-11-08,0.0,0.4560000127181411,1,"C:\Users\yasemin.bozkurt\Desktop\article\DLPIF-repo-update\src\baseline_results.pkl::all_scenarios[(""mice"", ""netblock30d"")]"
MICE,netblock30d,deterministic,3955,17750,2023-11-08,0.0,0.4560000127181411,1,"C:\Users\yasemin.bozkurt\Desktop\article\DLPIF-repo-update\src\baseline_results.pkl::all_scenarios[(""mice"", ""netblock30d"")]"
MICE,netblock30d,deterministic,3956,17155,2023-11-09,0.0,0.4560000127181411,1,"C:\Users\yasemin.bozkurt\Desktop\article\DLPIF-repo-update\src\baseline_results.pkl::all_scenarios[(""mice"", ""netblock30d"")]"
MICE,netblock30d,deterministic,3957,17704,2023-11-09,0.0,0.4560000127181411,1,"C:\Users\yasemin.bozkurt\Desktop\article\DLPIF-repo-update\src\baseline_results.pkl::all_scenarios[(""mice"", ""netblock30d"")]"
MICE,netblock30d,deterministic,3958,17748,2023-11-09,0.0,0.4560000127181411,1,"C:\Users\yasemin.bozkurt\Desktop\article\DLPIF-repo-update\src\baseline_results.pkl::all_scenarios[(""mice"", ""netblock30d"")]"
MICE,netblock30d,deterministic,3959,17750,2023-11-09,0.0,0.4560000127181411,1,"C:\Users\yasemin.bozkurt\Desktop\article\DLPIF-repo-update\src\baseline_results.pkl::all_scenarios[(""mice"", ""netblock30d"")]"
MICE,netblock30d,deterministic,3960,17155,2023-11-10,0.20000000470317902,0.4560000127181411,1,"C:\Users\yasemin.bozkurt\Desktop\article\DLPIF-repo-update\src\baseline_results.pkl::all_scenarios[(""mice"", ""netblock30d"")]"
MICE,netblock30d,deterministic,3961,17704,2023-11-10,0.0,0.4560000127181411,1,"C:\Users\yasemin.bozkurt\Desktop\article\DLPIF-repo-update\src\baseline_results.pkl::all_scenarios[(""mice"", ""netblock30d"")]"
MICE,netblock30d,deterministic,3962,17748,2023-11-10,0.40000000940635805,0.4560000127181411,1,"C:\Users\yasemin.bozkurt\Desktop\article\DLPIF-repo-update\src\baseline_results.pkl::all_scenarios[(""mice"", ""netblock30d"")]"
MICE,netblock30d,deterministic,3963,17750,2023-11-10,1.0000000068917871,0.4560000127181411,1,"C:\Users\yasemin.bozkurt\Desktop\article\DLPIF-repo-update\src\baseline_results.pkl::all_scenarios[(""mice"", ""netblock30d"")]"
MICE,netblock30d,deterministic,3964,17155,2023-11-11,0.40000000940635805,0.4560000127181411,1,"C:\Users\yasemin.bozkurt\Desktop\article\DLPIF-repo-update\src\baseline_results.pkl::all_scenarios[(""mice"", ""netblock30d"")]"
MICE,netblock30d,deterministic,3965,17704,2023-11-11,0.0,0.4560000127181411,1,"C:\Users\yasemin.bozkurt\Desktop\article\DLPIF-repo-update\src\baseline_results.pkl::all_scenarios[(""mice"", ""netblock30d"")]"
MICE,netblock30d,deterministic,3966,17748,2023-11-11,0.40000000940635805,0.4560000127181411,1,"C:\Users\yasemin.bozkurt\Desktop\article\DLPIF-repo-update\src\baseline_results.pkl::all_scenarios[(""mice"", ""netblock30d"")]"
MICE,netblock30d,deterministic,3967,17750,2023-11-11,2.40000012293458,0.4560000127181411,1,"C:\Users\yasemin.bozkurt\Desktop\article\DLPIF-repo-update\src\baseline_results.pkl::all_scenarios[(""mice"", ""netblock30d"")]"
MICE,netblock30d,deterministic,3968,17155,2023-11-12,8.60000001937151,0.4560000127181411,1,"C:\Users\yasemin.bozkurt\Desktop\article\DLPIF-repo-update\src\baseline_results.pkl::all_scenarios[(""mice"", ""netblock30d"")]"
MICE,netblock30d,deterministic,3969,17704,2023-11-12,7.000000114738942,0.4560000127181411,1,"C:\Users\yasemin.bozkurt\Desktop\article\DLPIF-repo-update\src\baseline_results.pkl::all_scenarios[(""mice"", ""netblock30d"")]"
MICE,netblock30d,deterministic,3970,17748,2023-11-12,10.800000420212747,0.4560000127181411,1,"C:\Users\yasemin.bozkurt\Desktop\article\DLPIF-repo-update\src\baseline_results.pkl::all_scenarios[(""mice"", ""netblock30d"")]"
MICE,netblock30d,deterministic,3971,17750,2023-11-12,5.0000002339482315,0.4560000127181411,1,"C:\Users\yasemin.bozkurt\Desktop\article\DLPIF-repo-update\src\baseline_results.pkl::all_scenarios[(""mice"", ""netblock30d"")]"
MICE,netblock30d,deterministic,3972,17155,2023-11-13,11.300000390410425,0.4560000127181411,1,"C:\Users\yasemin.bozkurt\Desktop\article\DLPIF-repo-update\src\baseline_results.pkl::all_scenarios[(""mice"", ""netblock30d"")]"
MICE,netblock30d,deterministic,3973,17704,2023-11-13,10.000000467896463,0.4560000127181411,1,"C:\Users\yasemin.bozkurt\Desktop\article\DLPIF-repo-update\src\baseline_results.pkl::all_scenarios[(""mice"", ""netblock30d"")]"
MICE,netblock30d,deterministic,3974,17748,2023-11-13,12.200000336766244,0.4560000127181411,1,"C:\Users\yasemin.bozkurt\Desktop\article\DLPIF-repo-update\src\baseline_results.pkl::all_scenarios[(""mice"", ""netblock30d"")]"
MICE,netblock30d,deterministic,3975,17750,2023-11-13,7.200000102818013,0.4560000127181411,1,"C:\Users\yasemin.bozkurt\Desktop\article\DLPIF-repo-update\src\baseline_results.pkl::all_scenarios[(""mice"", ""netblock30d"")]"
MICE,netblock30d,deterministic,3976,17155,2023-11-14,7.100000108778477,0.4560000127181411,1,"C:\Users\yasemin.bozkurt\Desktop\article\DLPIF-repo-update\src\baseline_results.pkl::all_scenarios[(""mice"", ""netblock30d"")]"
MICE,netblock30d,deterministic,3977,17704,2023-11-14,5.800000186264516,0.4560000127181411,1,"C:\Users\yasemin.bozkurt\Desktop\article\DLPIF-repo-update\src\baseline_results.pkl::all_scenarios[(""mice"", ""netblock30d"")]"
MICE,netblock30d,deterministic,3978,17748,2023-11-14,17.600000014901163,0.4560000127181411,1,"C:\Users\yasemin.bozkurt\Desktop\article\DLPIF-repo-update\src\baseline_results.pkl::all_scenarios[(""mice"", ""netblock30d"")]"
MICE,netblock30d,deterministic,3979,17750,2023-11-14,11.000000408291818,0.4560000127181411,1,"C:\Users\yasemin.bozkurt\Desktop\article\DLPIF-repo-update\src\baseline_results.pkl::all_scenarios[(""mice"", ""netblock30d"")]"
MICE,netblock30d,deterministic,3980,17155,2023-11-15,2.40000012293458,0.4560000127181411,1,"C:\Users\yasemin.bozkurt\Desktop\article\DLPIF-repo-update\src\baseline_results.pkl::all_scenarios[(""mice"", ""netblock30d"")]"
MICE,netblock30d,deterministic,3981,17704,2023-11-15,5.0000002339482315,0.4560000127181411,1,"C:\Users\yasemin.bozkurt\Desktop\article\DLPIF-repo-update\src\baseline_results.pkl::all_scenarios[(""mice"", ""netblock30d"")]"
MICE,netblock30d,deterministic,3982,17748,2023-11-15,7.800000067055226,0.4560000127181411,1,"C:\Users\yasemin.bozkurt\Desktop\article\DLPIF-repo-update\src\baseline_results.pkl::all_scenarios[(""mice"", ""netblock30d"")]"
MICE,netblock30d,deterministic,3983,17750,2023-11-15,4.600000257790089,0.4560000127181411,1,"C:\Users\yasemin.bozkurt\Desktop\article\DLPIF-repo-update\src\baseline_results.pkl::all_scenarios[(""mice"", ""netblock30d"")]"
MICE,netblock30d,deterministic,3984,17155,2023-11-16,0.0,0.4560000127181411,1,"C:\Users\yasemin.bozkurt\Desktop\article\DLPIF-repo-update\src\baseline_results.pkl::all_scenarios[(""mice"", ""netblock30d"")]"
MICE,netblock30d,deterministic,3985,17704,2023-11-16,1.6000000376254322,0.4560000127181411,1,"C:\Users\yasemin.bozkurt\Desktop\article\DLPIF-repo-update\src\baseline_results.pkl::all_scenarios[(""mice"", ""netblock30d"")]"
MICE,netblock30d,deterministic,3986,17748,2023-11-16,0.20000000470317902,0.4560000127181411,1,"C:\Users\yasemin.bozkurt\Desktop\article\DLPIF-repo-update\src\baseline_results.pkl::all_scenarios[(""mice"", ""netblock30d"")]"
MICE,netblock30d,deterministic,3987,17750,2023-11-16,0.0,0.4560000127181411,1,"C:\Users\yasemin.bozkurt\Desktop\article\DLPIF-repo-update\src\baseline_results.pkl::all_scenarios[(""mice"", ""netblock30d"")]"
MICE,netblock30d,deterministic,3988,17155,2023-11-17,5.900000180304051,0.4560000127181411,1,"C:\Users\yasemin.bozkurt\Desktop\article\DLPIF-repo-update\src\baseline_results.pkl::all_scenarios[(""mice"", ""netblock30d"")]"
MICE,netblock30d,deterministic,3989,17704,2023-11-17,3.6000000514090065,0.4560000127181411,1,"C:\Users\yasemin.bozkurt\Desktop\article\DLPIF-repo-update\src\baseline_results.pkl::all_scenarios[(""mice"", ""netblock30d"")]"
MICE,netblock30d,deterministic,3990,17748,2023-11-17,2.40000012293458,0.4560000127181411,1,"C:\Users\yasemin.bozkurt\Desktop\article\DLPIF-repo-update\src\baseline_results.pkl::all_scenarios[(""mice"", ""netblock30d"")]"
MICE,netblock30d,deterministic,3991,17750,2023-11-17,3.4000000633299354,0.4560000127181411,1,"C:\Users\yasemin.bozkurt\Desktop\article\DLPIF-repo-update\src\baseline_results.pkl::all_scenarios[(""mice"", ""netblock30d"")]"
